frame,job,model,statepoint,rep,step,n_atoms
0,bulk_t3_k30__2000K_1.0gcc__s1,bulk_t3_k30,2000K_1.0gcc,1,0,64
1,bulk_t3_k30__2000K_1.0gcc__s1,bulk_t3_k30,2000K_1.0gcc,1,500,64
2,bulk_t3_k30__2000K_1.0gcc__s1,bulk_t3_k30,2000K_1.0gcc,1,1000,64
3,bulk_t3_k30__2000K_1.0gcc__s1,bulk_t3_k30,2000K_1.0gcc,1,1500,64
4,bulk_t3_k30__2000K_1.0gcc__s1,bulk_t3_k30,2000K_1.0gcc,1,2000,64
5,bulk_t3_k30__2000K_1.0gcc__s1,bulk_t3_k30,2000K_1.0gcc,1,2500,64
6,bulk_t3_k30__2000K_1.0gcc__s1,bulk_t3_k30,2000K_1.0gcc,1,3000,64
7,bulk_t3_k30__2000K_1.0gcc__s1,bulk_t3_k30,2000K_1.0gcc,1,3500,64
8,bulk_t3_k30__2000K_1.0gcc__s1,bulk_t3_k30,2000K_1.0gcc,1,4000,64
9,bulk_t3_k30__2000K_1.0gcc__s1,bulk_t3_k30,2000K_1.0gcc,1,4500,64
10,bulk_t3_k30__2000K_1.0gcc__s1,bulk_t3_k30,2000K_1.0gcc,1,5000,64
11,bulk_t3_k30__2000K_1.0gcc__s1,bulk_t3_k30,2000K_1.0gcc,1,5500,64
12,bulk_t3_k30__2000K_1.0gcc__s1,bulk_t3_k30,2000K_1.0gcc,1,6000,64
13,bulk_t3_k30__2000K_1.0gcc__s1,bulk_t3_k30,2000K_1.0gcc,1,6500,64
14,bulk_t3_k30__2000K_1.0gcc__s1,bulk_t3_k30,2000K_1.0gcc,1,7000,64
15,bulk_t3_k30__2000K_1.0gcc__s1,bulk_t3_k30,2000K_1.0gcc,1,7500,64
16,bulk_t3_k30__2000K_1.0gcc__s1,bulk_t3_k30,2000K_1.0gcc,1,8000,64
17,bulk_t3_k30__2000K_1.0gcc__s1,bulk_t3_k30,2000K_1.0gcc,1,8500,64
18,bulk_t3_k30__2000K_1.0gcc__s1,bulk_t3_k30,2000K_1.0gcc,1,9000,64
19,bulk_t3_k30__2000K_1.0gcc__s1,bulk_t3_k30,2000K_1.0gcc,1,9500,64
20,bulk_t3_k30__2000K_1.0gcc__s1,bulk_t3_k30,2000K_1.0gcc,1,10000,64
21,bulk_t3_k30__2000K_1.0gcc__s1,bulk_t3_k30,2000K_1.0gcc,1,10500,64
22,bulk_t3_k30__2000K_1.0gcc__s1,bulk_t3_k30,2000K_1.0gcc,1,11000,64
23,bulk_t3_k30__2000K_1.0gcc__s1,bulk_t3_k30,2000K_1.0gcc,1,11500,64
24,bulk_t3_k30__2000K_1.0gcc__s1,bulk_t3_k30,2000K_1.0gcc,1,12000,64
25,bulk_t3_k30__2000K_1.0gcc__s1,bulk_t3_k30,2000K_1.0gcc,1,12500,64
26,bulk_t3_k30__2000K_1.0gcc__s1,bulk_t3_k30,2000K_1.0gcc,1,13000,64
27,bulk_t3_k30__2000K_1.0gcc__s1,bulk_t3_k30,2000K_1.0gcc,1,13500,64
28,bulk_t3_k30__2000K_1.0gcc__s1,bulk_t3_k30,2000K_1.0gcc,1,14000,64
29,bulk_t3_k30__2000K_1.0gcc__s1,bulk_t3_k30,2000K_1.0gcc,1,14500,64
30,bulk_t3_k30__2000K_1.0gcc__s1,bulk_t3_k30,2000K_1.0gcc,1,15000,64
31,bulk_t3_k30__2000K_1.0gcc__s1,bulk_t3_k30,2000K_1.0gcc,1,15500,64
32,bulk_t3_k30__2000K_1.0gcc__s1,bulk_t3_k30,2000K_1.0gcc,1,16000,64
33,bulk_t3_k30__2000K_1.0gcc__s1,bulk_t3_k30,2000K_1.0gcc,1,16500,64
34,bulk_t3_k30__2000K_1.0gcc__s1,bulk_t3_k30,2000K_1.0gcc,1,17000,64
35,bulk_t3_k30__2000K_1.0gcc__s1,bulk_t3_k30,2000K_1.0gcc,1,17500,64
36,bulk_t3_k30__2000K_1.0gcc__s1,bulk_t3_k30,2000K_1.0gcc,1,18000,64
37,bulk_t3_k30__2000K_1.0gcc__s1,bulk_t3_k30,2000K_1.0gcc,1,18500,64
38,bulk_t3_k30__2000K_1.0gcc__s1,bulk_t3_k30,2000K_1.0gcc,1,19000,64
39,bulk_t3_k30__2000K_1.0gcc__s1,bulk_t3_k30,2000K_1.0gcc,1,19500,64
40,bulk_t3_k30__2000K_1.0gcc__s1,bulk_t3_k30,2000K_1.0gcc,1,20000,64
41,bulk_t3_k30__2000K_1.0gcc__s1,bulk_t3_k30,2000K_1.0gcc,1,20500,64
42,bulk_t3_k30__2000K_1.0gcc__s1,bulk_t3_k30,2000K_1.0gcc,1,21000,64
43,bulk_t3_k30__2000K_1.0gcc__s1,bulk_t3_k30,2000K_1.0gcc,1,21500,64
44,bulk_t3_k30__2000K_1.0gcc__s1,bulk_t3_k30,2000K_1.0gcc,1,22000,64
45,bulk_t3_k30__2000K_1.0gcc__s1,bulk_t3_k30,2000K_1.0gcc,1,22500,64
46,bulk_t3_k30__2000K_1.0gcc__s1,bulk_t3_k30,2000K_1.0gcc,1,23000,64
47,bulk_t3_k30__2000K_1.0gcc__s1,bulk_t3_k30,2000K_1.0gcc,1,23500,64
48,bulk_t3_k30__2000K_1.0gcc__s1,bulk_t3_k30,2000K_1.0gcc,1,24000,64
49,bulk_t3_k30__2000K_1.0gcc__s1,bulk_t3_k30,2000K_1.0gcc,1,24500,64
50,bulk_t3_k30__2000K_1.0gcc__s1,bulk_t3_k30,2000K_1.0gcc,1,25000,64
51,bulk_t3_k30__2000K_1.0gcc__s1,bulk_t3_k30,2000K_1.0gcc,1,25500,64
52,bulk_t3_k30__2000K_1.0gcc__s1,bulk_t3_k30,2000K_1.0gcc,1,26000,64
53,bulk_t3_k30__2000K_1.0gcc__s1,bulk_t3_k30,2000K_1.0gcc,1,26500,64
54,bulk_t3_k30__2000K_1.0gcc__s1,bulk_t3_k30,2000K_1.0gcc,1,27000,64
55,bulk_t3_k30__2000K_1.0gcc__s1,bulk_t3_k30,2000K_1.0gcc,1,27500,64
56,bulk_t3_k30__2000K_1.0gcc__s1,bulk_t3_k30,2000K_1.0gcc,1,28000,64
57,bulk_t3_k30__2000K_1.0gcc__s1,bulk_t3_k30,2000K_1.0gcc,1,28500,64
58,bulk_t3_k30__2000K_1.0gcc__s1,bulk_t3_k30,2000K_1.0gcc,1,29000,64
59,bulk_t3_k30__2000K_1.0gcc__s1,bulk_t3_k30,2000K_1.0gcc,1,29500,64
60,bulk_t3_k30__2000K_1.0gcc__s1,bulk_t3_k30,2000K_1.0gcc,1,30000,64
61,bulk_t3_k30__2000K_1.0gcc__s1,bulk_t3_k30,2000K_1.0gcc,1,30500,64
62,bulk_t3_k30__2000K_1.0gcc__s1,bulk_t3_k30,2000K_1.0gcc,1,31000,64
63,bulk_t3_k30__2000K_1.0gcc__s1,bulk_t3_k30,2000K_1.0gcc,1,31500,64
64,bulk_t3_k30__2000K_1.0gcc__s1,bulk_t3_k30,2000K_1.0gcc,1,32000,64
65,bulk_t3_k30__2000K_1.0gcc__s1,bulk_t3_k30,2000K_1.0gcc,1,32500,64
66,bulk_t3_k30__2000K_1.0gcc__s1,bulk_t3_k30,2000K_1.0gcc,1,33000,64
67,bulk_t3_k30__2000K_1.0gcc__s1,bulk_t3_k30,2000K_1.0gcc,1,33500,64
68,bulk_t3_k30__2000K_1.0gcc__s1,bulk_t3_k30,2000K_1.0gcc,1,34000,64
69,bulk_t3_k30__2000K_1.0gcc__s1,bulk_t3_k30,2000K_1.0gcc,1,34500,64
70,bulk_t3_k30__2000K_1.0gcc__s1,bulk_t3_k30,2000K_1.0gcc,1,35000,64
71,bulk_t3_k30__2000K_1.0gcc__s1,bulk_t3_k30,2000K_1.0gcc,1,35500,64
72,bulk_t3_k30__2000K_1.0gcc__s1,bulk_t3_k30,2000K_1.0gcc,1,36000,64
73,bulk_t3_k30__2000K_1.0gcc__s1,bulk_t3_k30,2000K_1.0gcc,1,36500,64
74,bulk_t3_k30__2000K_1.0gcc__s1,bulk_t3_k30,2000K_1.0gcc,1,37000,64
75,bulk_t3_k30__2000K_1.0gcc__s1,bulk_t3_k30,2000K_1.0gcc,1,37500,64
76,bulk_t3_k30__2000K_1.0gcc__s1,bulk_t3_k30,2000K_1.0gcc,1,38000,64
77,bulk_t3_k30__2000K_1.0gcc__s1,bulk_t3_k30,2000K_1.0gcc,1,38500,64
78,bulk_t3_k30__2000K_1.0gcc__s1,bulk_t3_k30,2000K_1.0gcc,1,39000,64
79,bulk_t3_k30__2000K_1.0gcc__s1,bulk_t3_k30,2000K_1.0gcc,1,39500,64
80,bulk_t3_k30__2000K_1.0gcc__s1,bulk_t3_k30,2000K_1.0gcc,1,40000,64
81,bulk_t3_k30__2000K_1.0gcc__s1,bulk_t3_k30,2000K_1.0gcc,1,40500,64
82,bulk_t3_k30__2000K_1.0gcc__s1,bulk_t3_k30,2000K_1.0gcc,1,41000,64
83,bulk_t3_k30__2000K_1.0gcc__s1,bulk_t3_k30,2000K_1.0gcc,1,41500,64
84,bulk_t3_k30__2000K_1.0gcc__s1,bulk_t3_k30,2000K_1.0gcc,1,42000,64
85,bulk_t3_k30__2000K_1.0gcc__s1,bulk_t3_k30,2000K_1.0gcc,1,42500,64
86,bulk_t3_k30__2000K_1.0gcc__s1,bulk_t3_k30,2000K_1.0gcc,1,43000,64
87,bulk_t3_k30__2000K_1.0gcc__s1,bulk_t3_k30,2000K_1.0gcc,1,43500,64
88,bulk_t3_k30__2000K_1.0gcc__s1,bulk_t3_k30,2000K_1.0gcc,1,44000,64
89,bulk_t3_k30__2000K_1.0gcc__s1,bulk_t3_k30,2000K_1.0gcc,1,44500,64
90,bulk_t3_k30__2000K_1.0gcc__s1,bulk_t3_k30,2000K_1.0gcc,1,45000,64
91,bulk_t3_k30__2000K_1.0gcc__s1,bulk_t3_k30,2000K_1.0gcc,1,45500,64
92,bulk_t3_k30__2000K_1.0gcc__s1,bulk_t3_k30,2000K_1.0gcc,1,46000,64
93,bulk_t3_k30__2000K_1.0gcc__s1,bulk_t3_k30,2000K_1.0gcc,1,46500,64
94,bulk_t3_k30__2000K_1.0gcc__s1,bulk_t3_k30,2000K_1.0gcc,1,47000,64
95,bulk_t3_k30__2000K_1.0gcc__s1,bulk_t3_k30,2000K_1.0gcc,1,47500,64
96,bulk_t3_k30__2000K_1.0gcc__s1,bulk_t3_k30,2000K_1.0gcc,1,48000,64
97,bulk_t3_k30__2000K_1.0gcc__s1,bulk_t3_k30,2000K_1.0gcc,1,48500,64
98,bulk_t3_k30__2000K_1.0gcc__s1,bulk_t3_k30,2000K_1.0gcc,1,49000,64
99,bulk_t3_k30__2000K_1.0gcc__s1,bulk_t3_k30,2000K_1.0gcc,1,49500,64
100,bulk_t3_k30__2000K_1.0gcc__s1,bulk_t3_k30,2000K_1.0gcc,1,50000,64
101,bulk_t3_k30__2000K_1.0gcc__s2,bulk_t3_k30,2000K_1.0gcc,2,0,64
102,bulk_t3_k30__2000K_1.0gcc__s2,bulk_t3_k30,2000K_1.0gcc,2,500,64
103,bulk_t3_k30__2000K_1.0gcc__s2,bulk_t3_k30,2000K_1.0gcc,2,1000,64
104,bulk_t3_k30__2000K_1.0gcc__s2,bulk_t3_k30,2000K_1.0gcc,2,1500,64
105,bulk_t3_k30__2000K_1.0gcc__s2,bulk_t3_k30,2000K_1.0gcc,2,2000,64
106,bulk_t3_k30__2000K_1.0gcc__s2,bulk_t3_k30,2000K_1.0gcc,2,2500,64
107,bulk_t3_k30__2000K_1.0gcc__s2,bulk_t3_k30,2000K_1.0gcc,2,3000,64
108,bulk_t3_k30__2000K_1.0gcc__s2,bulk_t3_k30,2000K_1.0gcc,2,3500,64
109,bulk_t3_k30__2000K_1.0gcc__s2,bulk_t3_k30,2000K_1.0gcc,2,4000,64
110,bulk_t3_k30__2000K_1.0gcc__s2,bulk_t3_k30,2000K_1.0gcc,2,4500,64
111,bulk_t3_k30__2000K_1.0gcc__s2,bulk_t3_k30,2000K_1.0gcc,2,5000,64
112,bulk_t3_k30__2000K_1.0gcc__s2,bulk_t3_k30,2000K_1.0gcc,2,5500,64
113,bulk_t3_k30__2000K_1.0gcc__s2,bulk_t3_k30,2000K_1.0gcc,2,6000,64
114,bulk_t3_k30__2000K_1.0gcc__s2,bulk_t3_k30,2000K_1.0gcc,2,6500,64
115,bulk_t3_k30__2000K_1.0gcc__s2,bulk_t3_k30,2000K_1.0gcc,2,7000,64
116,bulk_t3_k30__2000K_1.0gcc__s2,bulk_t3_k30,2000K_1.0gcc,2,7500,64
117,bulk_t3_k30__2000K_1.0gcc__s2,bulk_t3_k30,2000K_1.0gcc,2,8000,64
118,bulk_t3_k30__2000K_1.0gcc__s2,bulk_t3_k30,2000K_1.0gcc,2,8500,64
119,bulk_t3_k30__2000K_1.0gcc__s2,bulk_t3_k30,2000K_1.0gcc,2,9000,64
120,bulk_t3_k30__2000K_1.0gcc__s2,bulk_t3_k30,2000K_1.0gcc,2,9500,64
121,bulk_t3_k30__2000K_1.0gcc__s2,bulk_t3_k30,2000K_1.0gcc,2,10000,64
122,bulk_t3_k30__2000K_1.0gcc__s2,bulk_t3_k30,2000K_1.0gcc,2,10500,64
123,bulk_t3_k30__2000K_1.0gcc__s2,bulk_t3_k30,2000K_1.0gcc,2,11000,64
124,bulk_t3_k30__2000K_1.0gcc__s2,bulk_t3_k30,2000K_1.0gcc,2,11500,64
125,bulk_t3_k30__2000K_1.0gcc__s2,bulk_t3_k30,2000K_1.0gcc,2,12000,64
126,bulk_t3_k30__2000K_1.0gcc__s2,bulk_t3_k30,2000K_1.0gcc,2,12500,64
127,bulk_t3_k30__2000K_1.0gcc__s2,bulk_t3_k30,2000K_1.0gcc,2,13000,64
128,bulk_t3_k30__2000K_1.0gcc__s2,bulk_t3_k30,2000K_1.0gcc,2,13500,64
129,bulk_t3_k30__2000K_1.0gcc__s2,bulk_t3_k30,2000K_1.0gcc,2,14000,64
130,bulk_t3_k30__2000K_1.0gcc__s2,bulk_t3_k30,2000K_1.0gcc,2,14500,64
131,bulk_t3_k30__2000K_1.0gcc__s2,bulk_t3_k30,2000K_1.0gcc,2,15000,64
132,bulk_t3_k30__2000K_1.0gcc__s2,bulk_t3_k30,2000K_1.0gcc,2,15500,64
133,bulk_t3_k30__2000K_1.0gcc__s2,bulk_t3_k30,2000K_1.0gcc,2,16000,64
134,bulk_t3_k30__2000K_1.0gcc__s2,bulk_t3_k30,2000K_1.0gcc,2,16500,64
135,bulk_t3_k30__2000K_1.0gcc__s2,bulk_t3_k30,2000K_1.0gcc,2,17000,64
136,bulk_t3_k30__2000K_1.0gcc__s2,bulk_t3_k30,2000K_1.0gcc,2,17500,64
137,bulk_t3_k30__2000K_1.0gcc__s2,bulk_t3_k30,2000K_1.0gcc,2,18000,64
138,bulk_t3_k30__2000K_1.0gcc__s2,bulk_t3_k30,2000K_1.0gcc,2,18500,64
139,bulk_t3_k30__2000K_1.0gcc__s2,bulk_t3_k30,2000K_1.0gcc,2,19000,64
140,bulk_t3_k30__2000K_1.0gcc__s2,bulk_t3_k30,2000K_1.0gcc,2,19500,64
141,bulk_t3_k30__2000K_1.0gcc__s2,bulk_t3_k30,2000K_1.0gcc,2,20000,64
142,bulk_t3_k30__2000K_1.0gcc__s2,bulk_t3_k30,2000K_1.0gcc,2,20500,64
143,bulk_t3_k30__2000K_1.0gcc__s2,bulk_t3_k30,2000K_1.0gcc,2,21000,64
144,bulk_t3_k30__2000K_1.0gcc__s2,bulk_t3_k30,2000K_1.0gcc,2,21500,64
145,bulk_t3_k30__2000K_1.0gcc__s2,bulk_t3_k30,2000K_1.0gcc,2,22000,64
146,bulk_t3_k30__2000K_1.0gcc__s2,bulk_t3_k30,2000K_1.0gcc,2,22500,64
147,bulk_t3_k30__2000K_1.0gcc__s2,bulk_t3_k30,2000K_1.0gcc,2,23000,64
148,bulk_t3_k30__2000K_1.0gcc__s2,bulk_t3_k30,2000K_1.0gcc,2,23500,64
149,bulk_t3_k30__2000K_1.0gcc__s2,bulk_t3_k30,2000K_1.0gcc,2,24000,64
150,bulk_t3_k30__2000K_1.0gcc__s2,bulk_t3_k30,2000K_1.0gcc,2,24500,64
151,bulk_t3_k30__2000K_1.0gcc__s2,bulk_t3_k30,2000K_1.0gcc,2,25000,64
152,bulk_t3_k30__2000K_1.0gcc__s2,bulk_t3_k30,2000K_1.0gcc,2,25500,64
153,bulk_t3_k30__2000K_1.0gcc__s2,bulk_t3_k30,2000K_1.0gcc,2,26000,64
154,bulk_t3_k30__2000K_1.0gcc__s2,bulk_t3_k30,2000K_1.0gcc,2,26500,64
155,bulk_t3_k30__2000K_1.0gcc__s2,bulk_t3_k30,2000K_1.0gcc,2,27000,64
156,bulk_t3_k30__2000K_1.0gcc__s2,bulk_t3_k30,2000K_1.0gcc,2,27500,64
157,bulk_t3_k30__2000K_1.0gcc__s2,bulk_t3_k30,2000K_1.0gcc,2,28000,64
158,bulk_t3_k30__2000K_1.0gcc__s2,bulk_t3_k30,2000K_1.0gcc,2,28500,64
159,bulk_t3_k30__2000K_1.0gcc__s2,bulk_t3_k30,2000K_1.0gcc,2,29000,64
160,bulk_t3_k30__2000K_1.0gcc__s2,bulk_t3_k30,2000K_1.0gcc,2,29500,64
161,bulk_t3_k30__2000K_1.0gcc__s2,bulk_t3_k30,2000K_1.0gcc,2,30000,64
162,bulk_t3_k30__2000K_1.0gcc__s2,bulk_t3_k30,2000K_1.0gcc,2,30500,64
163,bulk_t3_k30__2000K_1.0gcc__s2,bulk_t3_k30,2000K_1.0gcc,2,31000,64
164,bulk_t3_k30__2000K_1.0gcc__s2,bulk_t3_k30,2000K_1.0gcc,2,31500,64
165,bulk_t3_k30__2000K_1.0gcc__s2,bulk_t3_k30,2000K_1.0gcc,2,32000,64
166,bulk_t3_k30__2000K_1.0gcc__s2,bulk_t3_k30,2000K_1.0gcc,2,32500,64
167,bulk_t3_k30__2000K_1.0gcc__s2,bulk_t3_k30,2000K_1.0gcc,2,33000,64
168,bulk_t3_k30__2000K_1.0gcc__s2,bulk_t3_k30,2000K_1.0gcc,2,33500,64
169,bulk_t3_k30__2000K_1.0gcc__s2,bulk_t3_k30,2000K_1.0gcc,2,34000,64
170,bulk_t3_k30__2000K_1.0gcc__s2,bulk_t3_k30,2000K_1.0gcc,2,34500,64
171,bulk_t3_k30__2000K_1.0gcc__s2,bulk_t3_k30,2000K_1.0gcc,2,35000,64
172,bulk_t3_k30__2000K_1.0gcc__s2,bulk_t3_k30,2000K_1.0gcc,2,35500,64
173,bulk_t3_k30__2000K_1.0gcc__s2,bulk_t3_k30,2000K_1.0gcc,2,36000,64
174,bulk_t3_k30__2000K_1.0gcc__s2,bulk_t3_k30,2000K_1.0gcc,2,36500,64
175,bulk_t3_k30__2000K_1.0gcc__s2,bulk_t3_k30,2000K_1.0gcc,2,37000,64
176,bulk_t3_k30__2000K_1.0gcc__s2,bulk_t3_k30,2000K_1.0gcc,2,37500,64
177,bulk_t3_k30__2000K_1.0gcc__s2,bulk_t3_k30,2000K_1.0gcc,2,38000,64
178,bulk_t3_k30__2000K_1.0gcc__s2,bulk_t3_k30,2000K_1.0gcc,2,38500,64
179,bulk_t3_k30__2000K_1.0gcc__s2,bulk_t3_k30,2000K_1.0gcc,2,39000,64
180,bulk_t3_k30__2000K_1.0gcc__s2,bulk_t3_k30,2000K_1.0gcc,2,39500,64
181,bulk_t3_k30__2000K_1.0gcc__s2,bulk_t3_k30,2000K_1.0gcc,2,40000,64
182,bulk_t3_k30__2000K_1.0gcc__s2,bulk_t3_k30,2000K_1.0gcc,2,40500,64
183,bulk_t3_k30__2000K_1.0gcc__s2,bulk_t3_k30,2000K_1.0gcc,2,41000,64
184,bulk_t3_k30__2000K_1.0gcc__s2,bulk_t3_k30,2000K_1.0gcc,2,41500,64
185,bulk_t3_k30__2000K_1.0gcc__s2,bulk_t3_k30,2000K_1.0gcc,2,42000,64
186,bulk_t3_k30__2000K_1.0gcc__s2,bulk_t3_k30,2000K_1.0gcc,2,42500,64
187,bulk_t3_k30__2000K_1.0gcc__s2,bulk_t3_k30,2000K_1.0gcc,2,43000,64
188,bulk_t3_k30__2000K_1.0gcc__s2,bulk_t3_k30,2000K_1.0gcc,2,43500,64
189,bulk_t3_k30__2000K_1.0gcc__s2,bulk_t3_k30,2000K_1.0gcc,2,44000,64
190,bulk_t3_k30__2000K_1.0gcc__s2,bulk_t3_k30,2000K_1.0gcc,2,44500,64
191,bulk_t3_k30__2000K_1.0gcc__s2,bulk_t3_k30,2000K_1.0gcc,2,45000,64
192,bulk_t3_k30__2000K_1.0gcc__s2,bulk_t3_k30,2000K_1.0gcc,2,45500,64
193,bulk_t3_k30__2000K_1.0gcc__s2,bulk_t3_k30,2000K_1.0gcc,2,46000,64
194,bulk_t3_k30__2000K_1.0gcc__s2,bulk_t3_k30,2000K_1.0gcc,2,46500,64
195,bulk_t3_k30__2000K_1.0gcc__s2,bulk_t3_k30,2000K_1.0gcc,2,47000,64
196,bulk_t3_k30__2000K_1.0gcc__s2,bulk_t3_k30,2000K_1.0gcc,2,47500,64
197,bulk_t3_k30__2000K_1.0gcc__s2,bulk_t3_k30,2000K_1.0gcc,2,48000,64
198,bulk_t3_k30__2000K_1.0gcc__s2,bulk_t3_k30,2000K_1.0gcc,2,48500,64
199,bulk_t3_k30__2000K_1.0gcc__s2,bulk_t3_k30,2000K_1.0gcc,2,49000,64
200,bulk_t3_k30__2000K_1.0gcc__s2,bulk_t3_k30,2000K_1.0gcc,2,49500,64
201,bulk_t3_k30__2000K_1.0gcc__s2,bulk_t3_k30,2000K_1.0gcc,2,50000,64
202,bulk_t3_k30__2000K_1.0gcc__s3,bulk_t3_k30,2000K_1.0gcc,3,0,64
203,bulk_t3_k30__2000K_1.0gcc__s3,bulk_t3_k30,2000K_1.0gcc,3,500,64
204,bulk_t3_k30__2000K_1.0gcc__s3,bulk_t3_k30,2000K_1.0gcc,3,1000,64
205,bulk_t3_k30__2000K_1.0gcc__s3,bulk_t3_k30,2000K_1.0gcc,3,1500,64
206,bulk_t3_k30__2000K_1.0gcc__s3,bulk_t3_k30,2000K_1.0gcc,3,2000,64
207,bulk_t3_k30__2000K_1.0gcc__s3,bulk_t3_k30,2000K_1.0gcc,3,2500,64
208,bulk_t3_k30__2000K_1.0gcc__s3,bulk_t3_k30,2000K_1.0gcc,3,3000,64
209,bulk_t3_k30__2000K_1.0gcc__s3,bulk_t3_k30,2000K_1.0gcc,3,3500,64
210,bulk_t3_k30__2000K_1.0gcc__s3,bulk_t3_k30,2000K_1.0gcc,3,4000,64
211,bulk_t3_k30__2000K_1.0gcc__s3,bulk_t3_k30,2000K_1.0gcc,3,4500,64
212,bulk_t3_k30__2000K_1.0gcc__s3,bulk_t3_k30,2000K_1.0gcc,3,5000,64
213,bulk_t3_k30__2000K_1.0gcc__s3,bulk_t3_k30,2000K_1.0gcc,3,5500,64
214,bulk_t3_k30__2000K_1.0gcc__s3,bulk_t3_k30,2000K_1.0gcc,3,6000,64
215,bulk_t3_k30__2000K_1.0gcc__s3,bulk_t3_k30,2000K_1.0gcc,3,6500,64
216,bulk_t3_k30__2000K_1.0gcc__s3,bulk_t3_k30,2000K_1.0gcc,3,7000,64
217,bulk_t3_k30__2000K_1.0gcc__s3,bulk_t3_k30,2000K_1.0gcc,3,7500,64
218,bulk_t3_k30__2000K_1.0gcc__s3,bulk_t3_k30,2000K_1.0gcc,3,8000,64
219,bulk_t3_k30__2000K_1.0gcc__s3,bulk_t3_k30,2000K_1.0gcc,3,8500,64
220,bulk_t3_k30__2000K_1.0gcc__s3,bulk_t3_k30,2000K_1.0gcc,3,9000,64
221,bulk_t3_k30__2000K_1.0gcc__s3,bulk_t3_k30,2000K_1.0gcc,3,9500,64
222,bulk_t3_k30__2000K_1.0gcc__s3,bulk_t3_k30,2000K_1.0gcc,3,10000,64
223,bulk_t3_k30__2000K_1.0gcc__s3,bulk_t3_k30,2000K_1.0gcc,3,10500,64
224,bulk_t3_k30__2000K_1.0gcc__s3,bulk_t3_k30,2000K_1.0gcc,3,11000,64
225,bulk_t3_k30__2000K_1.0gcc__s3,bulk_t3_k30,2000K_1.0gcc,3,11500,64
226,bulk_t3_k30__2000K_1.0gcc__s3,bulk_t3_k30,2000K_1.0gcc,3,12000,64
227,bulk_t3_k30__2000K_1.0gcc__s3,bulk_t3_k30,2000K_1.0gcc,3,12500,64
228,bulk_t3_k30__2000K_1.0gcc__s3,bulk_t3_k30,2000K_1.0gcc,3,13000,64
229,bulk_t3_k30__2000K_1.0gcc__s3,bulk_t3_k30,2000K_1.0gcc,3,13500,64
230,bulk_t3_k30__2000K_1.0gcc__s3,bulk_t3_k30,2000K_1.0gcc,3,14000,64
231,bulk_t3_k30__2000K_1.0gcc__s3,bulk_t3_k30,2000K_1.0gcc,3,14500,64
232,bulk_t3_k30__2000K_1.0gcc__s3,bulk_t3_k30,2000K_1.0gcc,3,15000,64
233,bulk_t3_k30__2000K_1.0gcc__s3,bulk_t3_k30,2000K_1.0gcc,3,15500,64
234,bulk_t3_k30__2000K_1.0gcc__s3,bulk_t3_k30,2000K_1.0gcc,3,16000,64
235,bulk_t3_k30__2000K_1.0gcc__s3,bulk_t3_k30,2000K_1.0gcc,3,16500,64
236,bulk_t3_k30__2000K_1.0gcc__s3,bulk_t3_k30,2000K_1.0gcc,3,17000,64
237,bulk_t3_k30__2000K_1.0gcc__s3,bulk_t3_k30,2000K_1.0gcc,3,17500,64
238,bulk_t3_k30__2000K_1.0gcc__s3,bulk_t3_k30,2000K_1.0gcc,3,18000,64
239,bulk_t3_k30__2000K_1.0gcc__s3,bulk_t3_k30,2000K_1.0gcc,3,18500,64
240,bulk_t3_k30__2000K_1.0gcc__s3,bulk_t3_k30,2000K_1.0gcc,3,19000,64
241,bulk_t3_k30__2000K_1.0gcc__s3,bulk_t3_k30,2000K_1.0gcc,3,19500,64
242,bulk_t3_k30__2000K_1.0gcc__s3,bulk_t3_k30,2000K_1.0gcc,3,20000,64
243,bulk_t3_k30__2000K_1.0gcc__s3,bulk_t3_k30,2000K_1.0gcc,3,20500,64
244,bulk_t3_k30__2000K_1.0gcc__s3,bulk_t3_k30,2000K_1.0gcc,3,21000,64
245,bulk_t3_k30__2000K_1.0gcc__s3,bulk_t3_k30,2000K_1.0gcc,3,21500,64
246,bulk_t3_k30__2000K_1.0gcc__s3,bulk_t3_k30,2000K_1.0gcc,3,22000,64
247,bulk_t3_k30__2000K_1.0gcc__s3,bulk_t3_k30,2000K_1.0gcc,3,22500,64
248,bulk_t3_k30__2000K_1.0gcc__s3,bulk_t3_k30,2000K_1.0gcc,3,23000,64
249,bulk_t3_k30__2000K_1.0gcc__s3,bulk_t3_k30,2000K_1.0gcc,3,23500,64
250,bulk_t3_k30__2000K_1.0gcc__s3,bulk_t3_k30,2000K_1.0gcc,3,24000,64
251,bulk_t3_k30__2000K_1.0gcc__s3,bulk_t3_k30,2000K_1.0gcc,3,24500,64
252,bulk_t3_k30__2000K_1.0gcc__s3,bulk_t3_k30,2000K_1.0gcc,3,25000,64
253,bulk_t3_k30__2000K_1.0gcc__s3,bulk_t3_k30,2000K_1.0gcc,3,25500,64
254,bulk_t3_k30__2000K_1.0gcc__s3,bulk_t3_k30,2000K_1.0gcc,3,26000,64
255,bulk_t3_k30__2000K_1.0gcc__s3,bulk_t3_k30,2000K_1.0gcc,3,26500,64
256,bulk_t3_k30__2000K_1.0gcc__s3,bulk_t3_k30,2000K_1.0gcc,3,27000,64
257,bulk_t3_k30__2000K_1.0gcc__s3,bulk_t3_k30,2000K_1.0gcc,3,27500,64
258,bulk_t3_k30__2000K_1.0gcc__s3,bulk_t3_k30,2000K_1.0gcc,3,28000,64
259,bulk_t3_k30__2000K_1.0gcc__s3,bulk_t3_k30,2000K_1.0gcc,3,28500,64
260,bulk_t3_k30__2000K_1.0gcc__s3,bulk_t3_k30,2000K_1.0gcc,3,29000,64
261,bulk_t3_k30__2000K_1.0gcc__s3,bulk_t3_k30,2000K_1.0gcc,3,29500,64
262,bulk_t3_k30__2000K_1.0gcc__s3,bulk_t3_k30,2000K_1.0gcc,3,30000,64
263,bulk_t3_k30__2000K_1.0gcc__s3,bulk_t3_k30,2000K_1.0gcc,3,30500,64
264,bulk_t3_k30__2000K_1.0gcc__s3,bulk_t3_k30,2000K_1.0gcc,3,31000,64
265,bulk_t3_k30__2000K_1.0gcc__s3,bulk_t3_k30,2000K_1.0gcc,3,31500,64
266,bulk_t3_k30__2000K_1.0gcc__s3,bulk_t3_k30,2000K_1.0gcc,3,32000,64
267,bulk_t3_k30__2000K_1.0gcc__s3,bulk_t3_k30,2000K_1.0gcc,3,32500,64
268,bulk_t3_k30__2000K_1.0gcc__s3,bulk_t3_k30,2000K_1.0gcc,3,33000,64
269,bulk_t3_k30__2000K_1.0gcc__s3,bulk_t3_k30,2000K_1.0gcc,3,33500,64
270,bulk_t3_k30__2000K_1.0gcc__s3,bulk_t3_k30,2000K_1.0gcc,3,34000,64
271,bulk_t3_k30__2000K_1.0gcc__s3,bulk_t3_k30,2000K_1.0gcc,3,34500,64
272,bulk_t3_k30__2000K_1.0gcc__s3,bulk_t3_k30,2000K_1.0gcc,3,35000,64
273,bulk_t3_k30__2000K_1.0gcc__s3,bulk_t3_k30,2000K_1.0gcc,3,35500,64
274,bulk_t3_k30__2000K_1.0gcc__s3,bulk_t3_k30,2000K_1.0gcc,3,36000,64
275,bulk_t3_k30__2000K_1.0gcc__s3,bulk_t3_k30,2000K_1.0gcc,3,36500,64
276,bulk_t3_k30__2000K_1.0gcc__s3,bulk_t3_k30,2000K_1.0gcc,3,37000,64
277,bulk_t3_k30__2000K_1.0gcc__s3,bulk_t3_k30,2000K_1.0gcc,3,37500,64
278,bulk_t3_k30__2000K_1.0gcc__s3,bulk_t3_k30,2000K_1.0gcc,3,38000,64
279,bulk_t3_k30__2000K_1.0gcc__s3,bulk_t3_k30,2000K_1.0gcc,3,38500,64
280,bulk_t3_k30__2000K_1.0gcc__s3,bulk_t3_k30,2000K_1.0gcc,3,39000,64
281,bulk_t3_k30__2000K_1.0gcc__s3,bulk_t3_k30,2000K_1.0gcc,3,39500,64
282,bulk_t3_k30__2000K_1.0gcc__s3,bulk_t3_k30,2000K_1.0gcc,3,40000,64
283,bulk_t3_k30__2000K_1.0gcc__s3,bulk_t3_k30,2000K_1.0gcc,3,40500,64
284,bulk_t3_k30__2000K_1.0gcc__s3,bulk_t3_k30,2000K_1.0gcc,3,41000,64
285,bulk_t3_k30__2000K_1.0gcc__s3,bulk_t3_k30,2000K_1.0gcc,3,41500,64
286,bulk_t3_k30__2000K_1.0gcc__s3,bulk_t3_k30,2000K_1.0gcc,3,42000,64
287,bulk_t3_k30__2000K_1.0gcc__s3,bulk_t3_k30,2000K_1.0gcc,3,42500,64
288,bulk_t3_k30__2000K_1.0gcc__s3,bulk_t3_k30,2000K_1.0gcc,3,43000,64
289,bulk_t3_k30__2000K_1.0gcc__s3,bulk_t3_k30,2000K_1.0gcc,3,43500,64
290,bulk_t3_k30__2000K_1.0gcc__s3,bulk_t3_k30,2000K_1.0gcc,3,44000,64
291,bulk_t3_k30__2000K_1.0gcc__s3,bulk_t3_k30,2000K_1.0gcc,3,44500,64
292,bulk_t3_k30__2000K_1.0gcc__s3,bulk_t3_k30,2000K_1.0gcc,3,45000,64
293,bulk_t3_k30__2000K_1.0gcc__s3,bulk_t3_k30,2000K_1.0gcc,3,45500,64
294,bulk_t3_k30__2000K_1.0gcc__s3,bulk_t3_k30,2000K_1.0gcc,3,46000,64
295,bulk_t3_k30__2000K_1.0gcc__s3,bulk_t3_k30,2000K_1.0gcc,3,46500,64
296,bulk_t3_k30__2000K_1.0gcc__s3,bulk_t3_k30,2000K_1.0gcc,3,47000,64
297,bulk_t3_k30__2000K_1.0gcc__s3,bulk_t3_k30,2000K_1.0gcc,3,47500,64
298,bulk_t3_k30__2000K_1.0gcc__s3,bulk_t3_k30,2000K_1.0gcc,3,48000,64
299,bulk_t3_k30__2000K_1.0gcc__s3,bulk_t3_k30,2000K_1.0gcc,3,48500,64
300,bulk_t3_k30__2000K_1.0gcc__s3,bulk_t3_k30,2000K_1.0gcc,3,49000,64
301,bulk_t3_k30__2000K_1.0gcc__s3,bulk_t3_k30,2000K_1.0gcc,3,49500,64
302,bulk_t3_k30__2000K_1.0gcc__s3,bulk_t3_k30,2000K_1.0gcc,3,50000,64
303,bulk_t3_k30__300K_1.0gcc__s1,bulk_t3_k30,300K_1.0gcc,1,0,64
304,bulk_t3_k30__300K_1.0gcc__s1,bulk_t3_k30,300K_1.0gcc,1,500,64
305,bulk_t3_k30__300K_1.0gcc__s1,bulk_t3_k30,300K_1.0gcc,1,1000,64
306,bulk_t3_k30__300K_1.0gcc__s1,bulk_t3_k30,300K_1.0gcc,1,1500,64
307,bulk_t3_k30__300K_1.0gcc__s1,bulk_t3_k30,300K_1.0gcc,1,2000,64
308,bulk_t3_k30__300K_1.0gcc__s1,bulk_t3_k30,300K_1.0gcc,1,2500,64
309,bulk_t3_k30__300K_1.0gcc__s1,bulk_t3_k30,300K_1.0gcc,1,3000,64
310,bulk_t3_k30__300K_1.0gcc__s1,bulk_t3_k30,300K_1.0gcc,1,3500,64
311,bulk_t3_k30__300K_1.0gcc__s1,bulk_t3_k30,300K_1.0gcc,1,4000,64
312,bulk_t3_k30__300K_1.0gcc__s1,bulk_t3_k30,300K_1.0gcc,1,4500,64
313,bulk_t3_k30__300K_1.0gcc__s1,bulk_t3_k30,300K_1.0gcc,1,5000,64
314,bulk_t3_k30__300K_1.0gcc__s1,bulk_t3_k30,300K_1.0gcc,1,5500,64
315,bulk_t3_k30__300K_1.0gcc__s1,bulk_t3_k30,300K_1.0gcc,1,6000,64
316,bulk_t3_k30__300K_1.0gcc__s1,bulk_t3_k30,300K_1.0gcc,1,6500,64
317,bulk_t3_k30__300K_1.0gcc__s1,bulk_t3_k30,300K_1.0gcc,1,7000,64
318,bulk_t3_k30__300K_1.0gcc__s1,bulk_t3_k30,300K_1.0gcc,1,7500,64
319,bulk_t3_k30__300K_1.0gcc__s1,bulk_t3_k30,300K_1.0gcc,1,8000,64
320,bulk_t3_k30__300K_1.0gcc__s1,bulk_t3_k30,300K_1.0gcc,1,8500,64
321,bulk_t3_k30__300K_1.0gcc__s1,bulk_t3_k30,300K_1.0gcc,1,9000,64
322,bulk_t3_k30__300K_1.0gcc__s1,bulk_t3_k30,300K_1.0gcc,1,9500,64
323,bulk_t3_k30__300K_1.0gcc__s1,bulk_t3_k30,300K_1.0gcc,1,10000,64
324,bulk_t3_k30__300K_1.0gcc__s1,bulk_t3_k30,300K_1.0gcc,1,10500,64
325,bulk_t3_k30__300K_1.0gcc__s1,bulk_t3_k30,300K_1.0gcc,1,11000,64
326,bulk_t3_k30__300K_1.0gcc__s1,bulk_t3_k30,300K_1.0gcc,1,11500,64
327,bulk_t3_k30__300K_1.0gcc__s1,bulk_t3_k30,300K_1.0gcc,1,12000,64
328,bulk_t3_k30__300K_1.0gcc__s1,bulk_t3_k30,300K_1.0gcc,1,12500,64
329,bulk_t3_k30__300K_1.0gcc__s1,bulk_t3_k30,300K_1.0gcc,1,13000,64
330,bulk_t3_k30__300K_1.0gcc__s1,bulk_t3_k30,300K_1.0gcc,1,13500,64
331,bulk_t3_k30__300K_1.0gcc__s1,bulk_t3_k30,300K_1.0gcc,1,14000,64
332,bulk_t3_k30__300K_1.0gcc__s1,bulk_t3_k30,300K_1.0gcc,1,14500,64
333,bulk_t3_k30__300K_1.0gcc__s1,bulk_t3_k30,300K_1.0gcc,1,15000,64
334,bulk_t3_k30__300K_1.0gcc__s1,bulk_t3_k30,300K_1.0gcc,1,15500,64
335,bulk_t3_k30__300K_1.0gcc__s1,bulk_t3_k30,300K_1.0gcc,1,16000,64
336,bulk_t3_k30__300K_1.0gcc__s1,bulk_t3_k30,300K_1.0gcc,1,16500,64
337,bulk_t3_k30__300K_1.0gcc__s1,bulk_t3_k30,300K_1.0gcc,1,17000,64
338,bulk_t3_k30__300K_1.0gcc__s1,bulk_t3_k30,300K_1.0gcc,1,17500,64
339,bulk_t3_k30__300K_1.0gcc__s1,bulk_t3_k30,300K_1.0gcc,1,18000,64
340,bulk_t3_k30__300K_1.0gcc__s1,bulk_t3_k30,300K_1.0gcc,1,18500,64
341,bulk_t3_k30__300K_1.0gcc__s1,bulk_t3_k30,300K_1.0gcc,1,19000,64
342,bulk_t3_k30__300K_1.0gcc__s1,bulk_t3_k30,300K_1.0gcc,1,19500,64
343,bulk_t3_k30__300K_1.0gcc__s1,bulk_t3_k30,300K_1.0gcc,1,20000,64
344,bulk_t3_k30__300K_1.0gcc__s1,bulk_t3_k30,300K_1.0gcc,1,20500,64
345,bulk_t3_k30__300K_1.0gcc__s1,bulk_t3_k30,300K_1.0gcc,1,21000,64
346,bulk_t3_k30__300K_1.0gcc__s1,bulk_t3_k30,300K_1.0gcc,1,21500,64
347,bulk_t3_k30__300K_1.0gcc__s1,bulk_t3_k30,300K_1.0gcc,1,22000,64
348,bulk_t3_k30__300K_1.0gcc__s1,bulk_t3_k30,300K_1.0gcc,1,22500,64
349,bulk_t3_k30__300K_1.0gcc__s1,bulk_t3_k30,300K_1.0gcc,1,23000,64
350,bulk_t3_k30__300K_1.0gcc__s1,bulk_t3_k30,300K_1.0gcc,1,23500,64
351,bulk_t3_k30__300K_1.0gcc__s1,bulk_t3_k30,300K_1.0gcc,1,24000,64
352,bulk_t3_k30__300K_1.0gcc__s1,bulk_t3_k30,300K_1.0gcc,1,24500,64
353,bulk_t3_k30__300K_1.0gcc__s1,bulk_t3_k30,300K_1.0gcc,1,25000,64
354,bulk_t3_k30__300K_1.0gcc__s1,bulk_t3_k30,300K_1.0gcc,1,25500,64
355,bulk_t3_k30__300K_1.0gcc__s1,bulk_t3_k30,300K_1.0gcc,1,26000,64
356,bulk_t3_k30__300K_1.0gcc__s1,bulk_t3_k30,300K_1.0gcc,1,26500,64
357,bulk_t3_k30__300K_1.0gcc__s1,bulk_t3_k30,300K_1.0gcc,1,27000,64
358,bulk_t3_k30__300K_1.0gcc__s1,bulk_t3_k30,300K_1.0gcc,1,27500,64
359,bulk_t3_k30__300K_1.0gcc__s1,bulk_t3_k30,300K_1.0gcc,1,28000,64
360,bulk_t3_k30__300K_1.0gcc__s1,bulk_t3_k30,300K_1.0gcc,1,28500,64
361,bulk_t3_k30__300K_1.0gcc__s1,bulk_t3_k30,300K_1.0gcc,1,29000,64
362,bulk_t3_k30__300K_1.0gcc__s1,bulk_t3_k30,300K_1.0gcc,1,29500,64
363,bulk_t3_k30__300K_1.0gcc__s1,bulk_t3_k30,300K_1.0gcc,1,30000,64
364,bulk_t3_k30__300K_1.0gcc__s1,bulk_t3_k30,300K_1.0gcc,1,30500,64
365,bulk_t3_k30__300K_1.0gcc__s1,bulk_t3_k30,300K_1.0gcc,1,31000,64
366,bulk_t3_k30__300K_1.0gcc__s1,bulk_t3_k30,300K_1.0gcc,1,31500,64
367,bulk_t3_k30__300K_1.0gcc__s1,bulk_t3_k30,300K_1.0gcc,1,32000,64
368,bulk_t3_k30__300K_1.0gcc__s1,bulk_t3_k30,300K_1.0gcc,1,32500,64
369,bulk_t3_k30__300K_1.0gcc__s1,bulk_t3_k30,300K_1.0gcc,1,33000,64
370,bulk_t3_k30__300K_1.0gcc__s1,bulk_t3_k30,300K_1.0gcc,1,33500,64
371,bulk_t3_k30__300K_1.0gcc__s1,bulk_t3_k30,300K_1.0gcc,1,34000,64
372,bulk_t3_k30__300K_1.0gcc__s1,bulk_t3_k30,300K_1.0gcc,1,34500,64
373,bulk_t3_k30__300K_1.0gcc__s1,bulk_t3_k30,300K_1.0gcc,1,35000,64
374,bulk_t3_k30__300K_1.0gcc__s1,bulk_t3_k30,300K_1.0gcc,1,35500,64
375,bulk_t3_k30__300K_1.0gcc__s1,bulk_t3_k30,300K_1.0gcc,1,36000,64
376,bulk_t3_k30__300K_1.0gcc__s1,bulk_t3_k30,300K_1.0gcc,1,36500,64
377,bulk_t3_k30__300K_1.0gcc__s1,bulk_t3_k30,300K_1.0gcc,1,37000,64
378,bulk_t3_k30__300K_1.0gcc__s1,bulk_t3_k30,300K_1.0gcc,1,37500,64
379,bulk_t3_k30__300K_1.0gcc__s1,bulk_t3_k30,300K_1.0gcc,1,38000,64
380,bulk_t3_k30__300K_1.0gcc__s1,bulk_t3_k30,300K_1.0gcc,1,38500,64
381,bulk_t3_k30__300K_1.0gcc__s1,bulk_t3_k30,300K_1.0gcc,1,39000,64
382,bulk_t3_k30__300K_1.0gcc__s1,bulk_t3_k30,300K_1.0gcc,1,39500,64
383,bulk_t3_k30__300K_1.0gcc__s1,bulk_t3_k30,300K_1.0gcc,1,40000,64
384,bulk_t3_k30__300K_1.0gcc__s1,bulk_t3_k30,300K_1.0gcc,1,40500,64
385,bulk_t3_k30__300K_1.0gcc__s1,bulk_t3_k30,300K_1.0gcc,1,41000,64
386,bulk_t3_k30__300K_1.0gcc__s1,bulk_t3_k30,300K_1.0gcc,1,41500,64
387,bulk_t3_k30__300K_1.0gcc__s1,bulk_t3_k30,300K_1.0gcc,1,42000,64
388,bulk_t3_k30__300K_1.0gcc__s1,bulk_t3_k30,300K_1.0gcc,1,42500,64
389,bulk_t3_k30__300K_1.0gcc__s1,bulk_t3_k30,300K_1.0gcc,1,43000,64
390,bulk_t3_k30__300K_1.0gcc__s1,bulk_t3_k30,300K_1.0gcc,1,43500,64
391,bulk_t3_k30__300K_1.0gcc__s1,bulk_t3_k30,300K_1.0gcc,1,44000,64
392,bulk_t3_k30__300K_1.0gcc__s1,bulk_t3_k30,300K_1.0gcc,1,44500,64
393,bulk_t3_k30__300K_1.0gcc__s1,bulk_t3_k30,300K_1.0gcc,1,45000,64
394,bulk_t3_k30__300K_1.0gcc__s1,bulk_t3_k30,300K_1.0gcc,1,45500,64
395,bulk_t3_k30__300K_1.0gcc__s1,bulk_t3_k30,300K_1.0gcc,1,46000,64
396,bulk_t3_k30__300K_1.0gcc__s1,bulk_t3_k30,300K_1.0gcc,1,46500,64
397,bulk_t3_k30__300K_1.0gcc__s1,bulk_t3_k30,300K_1.0gcc,1,47000,64
398,bulk_t3_k30__300K_1.0gcc__s1,bulk_t3_k30,300K_1.0gcc,1,47500,64
399,bulk_t3_k30__300K_1.0gcc__s1,bulk_t3_k30,300K_1.0gcc,1,48000,64
400,bulk_t3_k30__300K_1.0gcc__s1,bulk_t3_k30,300K_1.0gcc,1,48500,64
401,bulk_t3_k30__300K_1.0gcc__s1,bulk_t3_k30,300K_1.0gcc,1,49000,64
402,bulk_t3_k30__300K_1.0gcc__s1,bulk_t3_k30,300K_1.0gcc,1,49500,64
403,bulk_t3_k30__300K_1.0gcc__s1,bulk_t3_k30,300K_1.0gcc,1,50000,64
404,bulk_t3_k30__300K_1.0gcc__s2,bulk_t3_k30,300K_1.0gcc,2,0,64
405,bulk_t3_k30__300K_1.0gcc__s2,bulk_t3_k30,300K_1.0gcc,2,500,64
406,bulk_t3_k30__300K_1.0gcc__s2,bulk_t3_k30,300K_1.0gcc,2,1000,64
407,bulk_t3_k30__300K_1.0gcc__s2,bulk_t3_k30,300K_1.0gcc,2,1500,64
408,bulk_t3_k30__300K_1.0gcc__s2,bulk_t3_k30,300K_1.0gcc,2,2000,64
409,bulk_t3_k30__300K_1.0gcc__s2,bulk_t3_k30,300K_1.0gcc,2,2500,64
410,bulk_t3_k30__300K_1.0gcc__s2,bulk_t3_k30,300K_1.0gcc,2,3000,64
411,bulk_t3_k30__300K_1.0gcc__s2,bulk_t3_k30,300K_1.0gcc,2,3500,64
412,bulk_t3_k30__300K_1.0gcc__s2,bulk_t3_k30,300K_1.0gcc,2,4000,64
413,bulk_t3_k30__300K_1.0gcc__s2,bulk_t3_k30,300K_1.0gcc,2,4500,64
414,bulk_t3_k30__300K_1.0gcc__s2,bulk_t3_k30,300K_1.0gcc,2,5000,64
415,bulk_t3_k30__300K_1.0gcc__s2,bulk_t3_k30,300K_1.0gcc,2,5500,64
416,bulk_t3_k30__300K_1.0gcc__s2,bulk_t3_k30,300K_1.0gcc,2,6000,64
417,bulk_t3_k30__300K_1.0gcc__s2,bulk_t3_k30,300K_1.0gcc,2,6500,64
418,bulk_t3_k30__300K_1.0gcc__s2,bulk_t3_k30,300K_1.0gcc,2,7000,64
419,bulk_t3_k30__300K_1.0gcc__s2,bulk_t3_k30,300K_1.0gcc,2,7500,64
420,bulk_t3_k30__300K_1.0gcc__s2,bulk_t3_k30,300K_1.0gcc,2,8000,64
421,bulk_t3_k30__300K_1.0gcc__s2,bulk_t3_k30,300K_1.0gcc,2,8500,64
422,bulk_t3_k30__300K_1.0gcc__s2,bulk_t3_k30,300K_1.0gcc,2,9000,64
423,bulk_t3_k30__300K_1.0gcc__s2,bulk_t3_k30,300K_1.0gcc,2,9500,64
424,bulk_t3_k30__300K_1.0gcc__s2,bulk_t3_k30,300K_1.0gcc,2,10000,64
425,bulk_t3_k30__300K_1.0gcc__s2,bulk_t3_k30,300K_1.0gcc,2,10500,64
426,bulk_t3_k30__300K_1.0gcc__s2,bulk_t3_k30,300K_1.0gcc,2,11000,64
427,bulk_t3_k30__300K_1.0gcc__s2,bulk_t3_k30,300K_1.0gcc,2,11500,64
428,bulk_t3_k30__300K_1.0gcc__s2,bulk_t3_k30,300K_1.0gcc,2,12000,64
429,bulk_t3_k30__300K_1.0gcc__s2,bulk_t3_k30,300K_1.0gcc,2,12500,64
430,bulk_t3_k30__300K_1.0gcc__s2,bulk_t3_k30,300K_1.0gcc,2,13000,64
431,bulk_t3_k30__300K_1.0gcc__s2,bulk_t3_k30,300K_1.0gcc,2,13500,64
432,bulk_t3_k30__300K_1.0gcc__s2,bulk_t3_k30,300K_1.0gcc,2,14000,64
433,bulk_t3_k30__300K_1.0gcc__s2,bulk_t3_k30,300K_1.0gcc,2,14500,64
434,bulk_t3_k30__300K_1.0gcc__s2,bulk_t3_k30,300K_1.0gcc,2,15000,64
435,bulk_t3_k30__300K_1.0gcc__s2,bulk_t3_k30,300K_1.0gcc,2,15500,64
436,bulk_t3_k30__300K_1.0gcc__s2,bulk_t3_k30,300K_1.0gcc,2,16000,64
437,bulk_t3_k30__300K_1.0gcc__s2,bulk_t3_k30,300K_1.0gcc,2,16500,64
438,bulk_t3_k30__300K_1.0gcc__s2,bulk_t3_k30,300K_1.0gcc,2,17000,64
439,bulk_t3_k30__300K_1.0gcc__s2,bulk_t3_k30,300K_1.0gcc,2,17500,64
440,bulk_t3_k30__300K_1.0gcc__s2,bulk_t3_k30,300K_1.0gcc,2,18000,64
441,bulk_t3_k30__300K_1.0gcc__s2,bulk_t3_k30,300K_1.0gcc,2,18500,64
442,bulk_t3_k30__300K_1.0gcc__s2,bulk_t3_k30,300K_1.0gcc,2,19000,64
443,bulk_t3_k30__300K_1.0gcc__s2,bulk_t3_k30,300K_1.0gcc,2,19500,64
444,bulk_t3_k30__300K_1.0gcc__s2,bulk_t3_k30,300K_1.0gcc,2,20000,64
445,bulk_t3_k30__300K_1.0gcc__s2,bulk_t3_k30,300K_1.0gcc,2,20500,64
446,bulk_t3_k30__300K_1.0gcc__s2,bulk_t3_k30,300K_1.0gcc,2,21000,64
447,bulk_t3_k30__300K_1.0gcc__s2,bulk_t3_k30,300K_1.0gcc,2,21500,64
448,bulk_t3_k30__300K_1.0gcc__s2,bulk_t3_k30,300K_1.0gcc,2,22000,64
449,bulk_t3_k30__300K_1.0gcc__s2,bulk_t3_k30,300K_1.0gcc,2,22500,64
450,bulk_t3_k30__300K_1.0gcc__s2,bulk_t3_k30,300K_1.0gcc,2,23000,64
451,bulk_t3_k30__300K_1.0gcc__s2,bulk_t3_k30,300K_1.0gcc,2,23500,64
452,bulk_t3_k30__300K_1.0gcc__s2,bulk_t3_k30,300K_1.0gcc,2,24000,64
453,bulk_t3_k30__300K_1.0gcc__s2,bulk_t3_k30,300K_1.0gcc,2,24500,64
454,bulk_t3_k30__300K_1.0gcc__s2,bulk_t3_k30,300K_1.0gcc,2,25000,64
455,bulk_t3_k30__300K_1.0gcc__s2,bulk_t3_k30,300K_1.0gcc,2,25500,64
456,bulk_t3_k30__300K_1.0gcc__s2,bulk_t3_k30,300K_1.0gcc,2,26000,64
457,bulk_t3_k30__300K_1.0gcc__s2,bulk_t3_k30,300K_1.0gcc,2,26500,64
458,bulk_t3_k30__300K_1.0gcc__s2,bulk_t3_k30,300K_1.0gcc,2,27000,64
459,bulk_t3_k30__300K_1.0gcc__s2,bulk_t3_k30,300K_1.0gcc,2,27500,64
460,bulk_t3_k30__300K_1.0gcc__s2,bulk_t3_k30,300K_1.0gcc,2,28000,64
461,bulk_t3_k30__300K_1.0gcc__s2,bulk_t3_k30,300K_1.0gcc,2,28500,64
462,bulk_t3_k30__300K_1.0gcc__s2,bulk_t3_k30,300K_1.0gcc,2,29000,64
463,bulk_t3_k30__300K_1.0gcc__s2,bulk_t3_k30,300K_1.0gcc,2,29500,64
464,bulk_t3_k30__300K_1.0gcc__s2,bulk_t3_k30,300K_1.0gcc,2,30000,64
465,bulk_t3_k30__300K_1.0gcc__s2,bulk_t3_k30,300K_1.0gcc,2,30500,64
466,bulk_t3_k30__300K_1.0gcc__s2,bulk_t3_k30,300K_1.0gcc,2,31000,64
467,bulk_t3_k30__300K_1.0gcc__s2,bulk_t3_k30,300K_1.0gcc,2,31500,64
468,bulk_t3_k30__300K_1.0gcc__s2,bulk_t3_k30,300K_1.0gcc,2,32000,64
469,bulk_t3_k30__300K_1.0gcc__s2,bulk_t3_k30,300K_1.0gcc,2,32500,64
470,bulk_t3_k30__300K_1.0gcc__s2,bulk_t3_k30,300K_1.0gcc,2,33000,64
471,bulk_t3_k30__300K_1.0gcc__s2,bulk_t3_k30,300K_1.0gcc,2,33500,64
472,bulk_t3_k30__300K_1.0gcc__s2,bulk_t3_k30,300K_1.0gcc,2,34000,64
473,bulk_t3_k30__300K_1.0gcc__s2,bulk_t3_k30,300K_1.0gcc,2,34500,64
474,bulk_t3_k30__300K_1.0gcc__s2,bulk_t3_k30,300K_1.0gcc,2,35000,64
475,bulk_t3_k30__300K_1.0gcc__s2,bulk_t3_k30,300K_1.0gcc,2,35500,64
476,bulk_t3_k30__300K_1.0gcc__s2,bulk_t3_k30,300K_1.0gcc,2,36000,64
477,bulk_t3_k30__300K_1.0gcc__s2,bulk_t3_k30,300K_1.0gcc,2,36500,64
478,bulk_t3_k30__300K_1.0gcc__s2,bulk_t3_k30,300K_1.0gcc,2,37000,64
479,bulk_t3_k30__300K_1.0gcc__s2,bulk_t3_k30,300K_1.0gcc,2,37500,64
480,bulk_t3_k30__300K_1.0gcc__s2,bulk_t3_k30,300K_1.0gcc,2,38000,64
481,bulk_t3_k30__300K_1.0gcc__s2,bulk_t3_k30,300K_1.0gcc,2,38500,64
482,bulk_t3_k30__300K_1.0gcc__s2,bulk_t3_k30,300K_1.0gcc,2,39000,64
483,bulk_t3_k30__300K_1.0gcc__s2,bulk_t3_k30,300K_1.0gcc,2,39500,64
484,bulk_t3_k30__300K_1.0gcc__s2,bulk_t3_k30,300K_1.0gcc,2,40000,64
485,bulk_t3_k30__300K_1.0gcc__s2,bulk_t3_k30,300K_1.0gcc,2,40500,64
486,bulk_t3_k30__300K_1.0gcc__s2,bulk_t3_k30,300K_1.0gcc,2,41000,64
487,bulk_t3_k30__300K_1.0gcc__s2,bulk_t3_k30,300K_1.0gcc,2,41500,64
488,bulk_t3_k30__300K_1.0gcc__s2,bulk_t3_k30,300K_1.0gcc,2,42000,64
489,bulk_t3_k30__300K_1.0gcc__s2,bulk_t3_k30,300K_1.0gcc,2,42500,64
490,bulk_t3_k30__300K_1.0gcc__s2,bulk_t3_k30,300K_1.0gcc,2,43000,64
491,bulk_t3_k30__300K_1.0gcc__s2,bulk_t3_k30,300K_1.0gcc,2,43500,64
492,bulk_t3_k30__300K_1.0gcc__s2,bulk_t3_k30,300K_1.0gcc,2,44000,64
493,bulk_t3_k30__300K_1.0gcc__s2,bulk_t3_k30,300K_1.0gcc,2,44500,64
494,bulk_t3_k30__300K_1.0gcc__s2,bulk_t3_k30,300K_1.0gcc,2,45000,64
495,bulk_t3_k30__300K_1.0gcc__s2,bulk_t3_k30,300K_1.0gcc,2,45500,64
496,bulk_t3_k30__300K_1.0gcc__s2,bulk_t3_k30,300K_1.0gcc,2,46000,64
497,bulk_t3_k30__300K_1.0gcc__s2,bulk_t3_k30,300K_1.0gcc,2,46500,64
498,bulk_t3_k30__300K_1.0gcc__s2,bulk_t3_k30,300K_1.0gcc,2,47000,64
499,bulk_t3_k30__300K_1.0gcc__s2,bulk_t3_k30,300K_1.0gcc,2,47500,64
500,bulk_t3_k30__300K_1.0gcc__s2,bulk_t3_k30,300K_1.0gcc,2,48000,64
501,bulk_t3_k30__300K_1.0gcc__s2,bulk_t3_k30,300K_1.0gcc,2,48500,64
502,bulk_t3_k30__300K_1.0gcc__s2,bulk_t3_k30,300K_1.0gcc,2,49000,64
503,bulk_t3_k30__300K_1.0gcc__s2,bulk_t3_k30,300K_1.0gcc,2,49500,64
504,bulk_t3_k30__300K_1.0gcc__s2,bulk_t3_k30,300K_1.0gcc,2,50000,64
505,bulk_t3_k30__300K_1.0gcc__s3,bulk_t3_k30,300K_1.0gcc,3,0,64
506,bulk_t3_k30__300K_1.0gcc__s3,bulk_t3_k30,300K_1.0gcc,3,500,64
507,bulk_t3_k30__300K_1.0gcc__s3,bulk_t3_k30,300K_1.0gcc,3,1000,64
508,bulk_t3_k30__300K_1.0gcc__s3,bulk_t3_k30,300K_1.0gcc,3,1500,64
509,bulk_t3_k30__300K_1.0gcc__s3,bulk_t3_k30,300K_1.0gcc,3,2000,64
510,bulk_t3_k30__300K_1.0gcc__s3,bulk_t3_k30,300K_1.0gcc,3,2500,64
511,bulk_t3_k30__300K_1.0gcc__s3,bulk_t3_k30,300K_1.0gcc,3,3000,64
512,bulk_t3_k30__300K_1.0gcc__s3,bulk_t3_k30,300K_1.0gcc,3,3500,64
513,bulk_t3_k30__300K_1.0gcc__s3,bulk_t3_k30,300K_1.0gcc,3,4000,64
514,bulk_t3_k30__300K_1.0gcc__s3,bulk_t3_k30,300K_1.0gcc,3,4500,64
515,bulk_t3_k30__300K_1.0gcc__s3,bulk_t3_k30,300K_1.0gcc,3,5000,64
516,bulk_t3_k30__300K_1.0gcc__s3,bulk_t3_k30,300K_1.0gcc,3,5500,64
517,bulk_t3_k30__300K_1.0gcc__s3,bulk_t3_k30,300K_1.0gcc,3,6000,64
518,bulk_t3_k30__300K_1.0gcc__s3,bulk_t3_k30,300K_1.0gcc,3,6500,64
519,bulk_t3_k30__300K_1.0gcc__s3,bulk_t3_k30,300K_1.0gcc,3,7000,64
520,bulk_t3_k30__300K_1.0gcc__s3,bulk_t3_k30,300K_1.0gcc,3,7500,64
521,bulk_t3_k30__300K_1.0gcc__s3,bulk_t3_k30,300K_1.0gcc,3,8000,64
522,bulk_t3_k30__300K_1.0gcc__s3,bulk_t3_k30,300K_1.0gcc,3,8500,64
523,bulk_t3_k30__300K_1.0gcc__s3,bulk_t3_k30,300K_1.0gcc,3,9000,64
524,bulk_t3_k30__300K_1.0gcc__s3,bulk_t3_k30,300K_1.0gcc,3,9500,64
525,bulk_t3_k30__300K_1.0gcc__s3,bulk_t3_k30,300K_1.0gcc,3,10000,64
526,bulk_t3_k30__300K_1.0gcc__s3,bulk_t3_k30,300K_1.0gcc,3,10500,64
527,bulk_t3_k30__300K_1.0gcc__s3,bulk_t3_k30,300K_1.0gcc,3,11000,64
528,bulk_t3_k30__300K_1.0gcc__s3,bulk_t3_k30,300K_1.0gcc,3,11500,64
529,bulk_t3_k30__300K_1.0gcc__s3,bulk_t3_k30,300K_1.0gcc,3,12000,64
530,bulk_t3_k30__300K_1.0gcc__s3,bulk_t3_k30,300K_1.0gcc,3,12500,64
531,bulk_t3_k30__300K_1.0gcc__s3,bulk_t3_k30,300K_1.0gcc,3,13000,64
532,bulk_t3_k30__300K_1.0gcc__s3,bulk_t3_k30,300K_1.0gcc,3,13500,64
533,bulk_t3_k30__300K_1.0gcc__s3,bulk_t3_k30,300K_1.0gcc,3,14000,64
534,bulk_t3_k30__300K_1.0gcc__s3,bulk_t3_k30,300K_1.0gcc,3,14500,64
535,bulk_t3_k30__300K_1.0gcc__s3,bulk_t3_k30,300K_1.0gcc,3,15000,64
536,bulk_t3_k30__300K_1.0gcc__s3,bulk_t3_k30,300K_1.0gcc,3,15500,64
537,bulk_t3_k30__300K_1.0gcc__s3,bulk_t3_k30,300K_1.0gcc,3,16000,64
538,bulk_t3_k30__300K_1.0gcc__s3,bulk_t3_k30,300K_1.0gcc,3,16500,64
539,bulk_t3_k30__300K_1.0gcc__s3,bulk_t3_k30,300K_1.0gcc,3,17000,64
540,bulk_t3_k30__300K_1.0gcc__s3,bulk_t3_k30,300K_1.0gcc,3,17500,64
541,bulk_t3_k30__300K_1.0gcc__s3,bulk_t3_k30,300K_1.0gcc,3,18000,64
542,bulk_t3_k30__300K_1.0gcc__s3,bulk_t3_k30,300K_1.0gcc,3,18500,64
543,bulk_t3_k30__300K_1.0gcc__s3,bulk_t3_k30,300K_1.0gcc,3,19000,64
544,bulk_t3_k30__300K_1.0gcc__s3,bulk_t3_k30,300K_1.0gcc,3,19500,64
545,bulk_t3_k30__300K_1.0gcc__s3,bulk_t3_k30,300K_1.0gcc,3,20000,64
546,bulk_t3_k30__300K_1.0gcc__s3,bulk_t3_k30,300K_1.0gcc,3,20500,64
547,bulk_t3_k30__300K_1.0gcc__s3,bulk_t3_k30,300K_1.0gcc,3,21000,64
548,bulk_t3_k30__300K_1.0gcc__s3,bulk_t3_k30,300K_1.0gcc,3,21500,64
549,bulk_t3_k30__300K_1.0gcc__s3,bulk_t3_k30,300K_1.0gcc,3,22000,64
550,bulk_t3_k30__300K_1.0gcc__s3,bulk_t3_k30,300K_1.0gcc,3,22500,64
551,bulk_t3_k30__300K_1.0gcc__s3,bulk_t3_k30,300K_1.0gcc,3,23000,64
552,bulk_t3_k30__300K_1.0gcc__s3,bulk_t3_k30,300K_1.0gcc,3,23500,64
553,bulk_t3_k30__300K_1.0gcc__s3,bulk_t3_k30,300K_1.0gcc,3,24000,64
554,bulk_t3_k30__300K_1.0gcc__s3,bulk_t3_k30,300K_1.0gcc,3,24500,64
555,bulk_t3_k30__300K_1.0gcc__s3,bulk_t3_k30,300K_1.0gcc,3,25000,64
556,bulk_t3_k30__300K_1.0gcc__s3,bulk_t3_k30,300K_1.0gcc,3,25500,64
557,bulk_t3_k30__300K_1.0gcc__s3,bulk_t3_k30,300K_1.0gcc,3,26000,64
558,bulk_t3_k30__300K_1.0gcc__s3,bulk_t3_k30,300K_1.0gcc,3,26500,64
559,bulk_t3_k30__300K_1.0gcc__s3,bulk_t3_k30,300K_1.0gcc,3,27000,64
560,bulk_t3_k30__300K_1.0gcc__s3,bulk_t3_k30,300K_1.0gcc,3,27500,64
561,bulk_t3_k30__300K_1.0gcc__s3,bulk_t3_k30,300K_1.0gcc,3,28000,64
562,bulk_t3_k30__300K_1.0gcc__s3,bulk_t3_k30,300K_1.0gcc,3,28500,64
563,bulk_t3_k30__300K_1.0gcc__s3,bulk_t3_k30,300K_1.0gcc,3,29000,64
564,bulk_t3_k30__300K_1.0gcc__s3,bulk_t3_k30,300K_1.0gcc,3,29500,64
565,bulk_t3_k30__300K_1.0gcc__s3,bulk_t3_k30,300K_1.0gcc,3,30000,64
566,bulk_t3_k30__300K_1.0gcc__s3,bulk_t3_k30,300K_1.0gcc,3,30500,64
567,bulk_t3_k30__300K_1.0gcc__s3,bulk_t3_k30,300K_1.0gcc,3,31000,64
568,bulk_t3_k30__300K_1.0gcc__s3,bulk_t3_k30,300K_1.0gcc,3,31500,64
569,bulk_t3_k30__300K_1.0gcc__s3,bulk_t3_k30,300K_1.0gcc,3,32000,64
570,bulk_t3_k30__300K_1.0gcc__s3,bulk_t3_k30,300K_1.0gcc,3,32500,64
571,bulk_t3_k30__300K_1.0gcc__s3,bulk_t3_k30,300K_1.0gcc,3,33000,64
572,bulk_t3_k30__300K_1.0gcc__s3,bulk_t3_k30,300K_1.0gcc,3,33500,64
573,bulk_t3_k30__300K_1.0gcc__s3,bulk_t3_k30,300K_1.0gcc,3,34000,64
574,bulk_t3_k30__300K_1.0gcc__s3,bulk_t3_k30,300K_1.0gcc,3,34500,64
575,bulk_t3_k30__300K_1.0gcc__s3,bulk_t3_k30,300K_1.0gcc,3,35000,64
576,bulk_t3_k30__300K_1.0gcc__s3,bulk_t3_k30,300K_1.0gcc,3,35500,64
577,bulk_t3_k30__300K_1.0gcc__s3,bulk_t3_k30,300K_1.0gcc,3,36000,64
578,bulk_t3_k30__300K_1.0gcc__s3,bulk_t3_k30,300K_1.0gcc,3,36500,64
579,bulk_t3_k30__300K_1.0gcc__s3,bulk_t3_k30,300K_1.0gcc,3,37000,64
580,bulk_t3_k30__300K_1.0gcc__s3,bulk_t3_k30,300K_1.0gcc,3,37500,64
581,bulk_t3_k30__300K_1.0gcc__s3,bulk_t3_k30,300K_1.0gcc,3,38000,64
582,bulk_t3_k30__300K_1.0gcc__s3,bulk_t3_k30,300K_1.0gcc,3,38500,64
583,bulk_t3_k30__300K_1.0gcc__s3,bulk_t3_k30,300K_1.0gcc,3,39000,64
584,bulk_t3_k30__300K_1.0gcc__s3,bulk_t3_k30,300K_1.0gcc,3,39500,64
585,bulk_t3_k30__300K_1.0gcc__s3,bulk_t3_k30,300K_1.0gcc,3,40000,64
586,bulk_t3_k30__300K_1.0gcc__s3,bulk_t3_k30,300K_1.0gcc,3,40500,64
587,bulk_t3_k30__300K_1.0gcc__s3,bulk_t3_k30,300K_1.0gcc,3,41000,64
588,bulk_t3_k30__300K_1.0gcc__s3,bulk_t3_k30,300K_1.0gcc,3,41500,64
589,bulk_t3_k30__300K_1.0gcc__s3,bulk_t3_k30,300K_1.0gcc,3,42000,64
590,bulk_t3_k30__300K_1.0gcc__s3,bulk_t3_k30,300K_1.0gcc,3,42500,64
591,bulk_t3_k30__300K_1.0gcc__s3,bulk_t3_k30,300K_1.0gcc,3,43000,64
592,bulk_t3_k30__300K_1.0gcc__s3,bulk_t3_k30,300K_1.0gcc,3,43500,64
593,bulk_t3_k30__300K_1.0gcc__s3,bulk_t3_k30,300K_1.0gcc,3,44000,64
594,bulk_t3_k30__300K_1.0gcc__s3,bulk_t3_k30,300K_1.0gcc,3,44500,64
595,bulk_t3_k30__300K_1.0gcc__s3,bulk_t3_k30,300K_1.0gcc,3,45000,64
596,bulk_t3_k30__300K_1.0gcc__s3,bulk_t3_k30,300K_1.0gcc,3,45500,64
597,bulk_t3_k30__300K_1.0gcc__s3,bulk_t3_k30,300K_1.0gcc,3,46000,64
598,bulk_t3_k30__300K_1.0gcc__s3,bulk_t3_k30,300K_1.0gcc,3,46500,64
599,bulk_t3_k30__300K_1.0gcc__s3,bulk_t3_k30,300K_1.0gcc,3,47000,64
600,bulk_t3_k30__300K_1.0gcc__s3,bulk_t3_k30,300K_1.0gcc,3,47500,64
601,bulk_t3_k30__300K_1.0gcc__s3,bulk_t3_k30,300K_1.0gcc,3,48000,64
602,bulk_t3_k30__300K_1.0gcc__s3,bulk_t3_k30,300K_1.0gcc,3,48500,64
603,bulk_t3_k30__300K_1.0gcc__s3,bulk_t3_k30,300K_1.0gcc,3,49000,64
604,bulk_t3_k30__300K_1.0gcc__s3,bulk_t3_k30,300K_1.0gcc,3,49500,64
605,bulk_t3_k30__300K_1.0gcc__s3,bulk_t3_k30,300K_1.0gcc,3,50000,64
606,cluster_t3_k30__2000K_1.0gcc__s1,cluster_t3_k30,2000K_1.0gcc,1,0,64
607,cluster_t3_k30__2000K_1.0gcc__s1,cluster_t3_k30,2000K_1.0gcc,1,500,64
608,cluster_t3_k30__2000K_1.0gcc__s1,cluster_t3_k30,2000K_1.0gcc,1,1000,64
609,cluster_t3_k30__2000K_1.0gcc__s1,cluster_t3_k30,2000K_1.0gcc,1,1500,64
610,cluster_t3_k30__2000K_1.0gcc__s1,cluster_t3_k30,2000K_1.0gcc,1,2000,64
611,cluster_t3_k30__2000K_1.0gcc__s1,cluster_t3_k30,2000K_1.0gcc,1,2500,64
612,cluster_t3_k30__2000K_1.0gcc__s1,cluster_t3_k30,2000K_1.0gcc,1,3000,64
613,cluster_t3_k30__2000K_1.0gcc__s1,cluster_t3_k30,2000K_1.0gcc,1,3500,64
614,cluster_t3_k30__2000K_1.0gcc__s1,cluster_t3_k30,2000K_1.0gcc,1,4000,64
615,cluster_t3_k30__2000K_1.0gcc__s1,cluster_t3_k30,2000K_1.0gcc,1,4500,64
616,cluster_t3_k30__2000K_1.0gcc__s1,cluster_t3_k30,2000K_1.0gcc,1,5000,64
617,cluster_t3_k30__2000K_1.0gcc__s1,cluster_t3_k30,2000K_1.0gcc,1,5500,64
618,cluster_t3_k30__2000K_1.0gcc__s1,cluster_t3_k30,2000K_1.0gcc,1,6000,64
619,cluster_t3_k30__2000K_1.0gcc__s1,cluster_t3_k30,2000K_1.0gcc,1,6500,64
620,cluster_t3_k30__2000K_1.0gcc__s1,cluster_t3_k30,2000K_1.0gcc,1,7000,64
621,cluster_t3_k30__2000K_1.0gcc__s1,cluster_t3_k30,2000K_1.0gcc,1,7500,64
622,cluster_t3_k30__2000K_1.0gcc__s1,cluster_t3_k30,2000K_1.0gcc,1,8000,64
623,cluster_t3_k30__2000K_1.0gcc__s1,cluster_t3_k30,2000K_1.0gcc,1,8500,64
624,cluster_t3_k30__2000K_1.0gcc__s1,cluster_t3_k30,2000K_1.0gcc,1,9000,64
625,cluster_t3_k30__2000K_1.0gcc__s1,cluster_t3_k30,2000K_1.0gcc,1,9500,64
626,cluster_t3_k30__2000K_1.0gcc__s1,cluster_t3_k30,2000K_1.0gcc,1,10000,64
627,cluster_t3_k30__2000K_1.0gcc__s1,cluster_t3_k30,2000K_1.0gcc,1,10500,64
628,cluster_t3_k30__2000K_1.0gcc__s1,cluster_t3_k30,2000K_1.0gcc,1,11000,64
629,cluster_t3_k30__2000K_1.0gcc__s1,cluster_t3_k30,2000K_1.0gcc,1,11500,64
630,cluster_t3_k30__2000K_1.0gcc__s1,cluster_t3_k30,2000K_1.0gcc,1,12000,64
631,cluster_t3_k30__2000K_1.0gcc__s1,cluster_t3_k30,2000K_1.0gcc,1,12500,64
632,cluster_t3_k30__2000K_1.0gcc__s1,cluster_t3_k30,2000K_1.0gcc,1,13000,64
633,cluster_t3_k30__2000K_1.0gcc__s1,cluster_t3_k30,2000K_1.0gcc,1,13500,64
634,cluster_t3_k30__2000K_1.0gcc__s1,cluster_t3_k30,2000K_1.0gcc,1,14000,64
635,cluster_t3_k30__2000K_1.0gcc__s1,cluster_t3_k30,2000K_1.0gcc,1,14500,64
636,cluster_t3_k30__2000K_1.0gcc__s1,cluster_t3_k30,2000K_1.0gcc,1,15000,64
637,cluster_t3_k30__2000K_1.0gcc__s1,cluster_t3_k30,2000K_1.0gcc,1,15500,64
638,cluster_t3_k30__2000K_1.0gcc__s1,cluster_t3_k30,2000K_1.0gcc,1,16000,64
639,cluster_t3_k30__2000K_1.0gcc__s1,cluster_t3_k30,2000K_1.0gcc,1,16500,64
640,cluster_t3_k30__2000K_1.0gcc__s1,cluster_t3_k30,2000K_1.0gcc,1,17000,64
641,cluster_t3_k30__2000K_1.0gcc__s1,cluster_t3_k30,2000K_1.0gcc,1,17500,64
642,cluster_t3_k30__2000K_1.0gcc__s1,cluster_t3_k30,2000K_1.0gcc,1,18000,64
643,cluster_t3_k30__2000K_1.0gcc__s1,cluster_t3_k30,2000K_1.0gcc,1,18500,64
644,cluster_t3_k30__2000K_1.0gcc__s1,cluster_t3_k30,2000K_1.0gcc,1,19000,64
645,cluster_t3_k30__2000K_1.0gcc__s1,cluster_t3_k30,2000K_1.0gcc,1,19500,64
646,cluster_t3_k30__2000K_1.0gcc__s1,cluster_t3_k30,2000K_1.0gcc,1,20000,64
647,cluster_t3_k30__2000K_1.0gcc__s1,cluster_t3_k30,2000K_1.0gcc,1,20500,64
648,cluster_t3_k30__2000K_1.0gcc__s1,cluster_t3_k30,2000K_1.0gcc,1,21000,64
649,cluster_t3_k30__2000K_1.0gcc__s1,cluster_t3_k30,2000K_1.0gcc,1,21500,64
650,cluster_t3_k30__2000K_1.0gcc__s1,cluster_t3_k30,2000K_1.0gcc,1,22000,64
651,cluster_t3_k30__2000K_1.0gcc__s1,cluster_t3_k30,2000K_1.0gcc,1,22500,64
652,cluster_t3_k30__2000K_1.0gcc__s1,cluster_t3_k30,2000K_1.0gcc,1,23000,64
653,cluster_t3_k30__2000K_1.0gcc__s1,cluster_t3_k30,2000K_1.0gcc,1,23500,64
654,cluster_t3_k30__2000K_1.0gcc__s1,cluster_t3_k30,2000K_1.0gcc,1,24000,64
655,cluster_t3_k30__2000K_1.0gcc__s1,cluster_t3_k30,2000K_1.0gcc,1,24500,64
656,cluster_t3_k30__2000K_1.0gcc__s1,cluster_t3_k30,2000K_1.0gcc,1,25000,64
657,cluster_t3_k30__2000K_1.0gcc__s1,cluster_t3_k30,2000K_1.0gcc,1,25500,64
658,cluster_t3_k30__2000K_1.0gcc__s1,cluster_t3_k30,2000K_1.0gcc,1,26000,64
659,cluster_t3_k30__2000K_1.0gcc__s1,cluster_t3_k30,2000K_1.0gcc,1,26500,64
660,cluster_t3_k30__2000K_1.0gcc__s1,cluster_t3_k30,2000K_1.0gcc,1,27000,64
661,cluster_t3_k30__2000K_1.0gcc__s1,cluster_t3_k30,2000K_1.0gcc,1,27500,64
662,cluster_t3_k30__2000K_1.0gcc__s1,cluster_t3_k30,2000K_1.0gcc,1,28000,64
663,cluster_t3_k30__2000K_1.0gcc__s1,cluster_t3_k30,2000K_1.0gcc,1,28500,64
664,cluster_t3_k30__2000K_1.0gcc__s1,cluster_t3_k30,2000K_1.0gcc,1,29000,64
665,cluster_t3_k30__2000K_1.0gcc__s1,cluster_t3_k30,2000K_1.0gcc,1,29500,64
666,cluster_t3_k30__2000K_1.0gcc__s1,cluster_t3_k30,2000K_1.0gcc,1,30000,64
667,cluster_t3_k30__2000K_1.0gcc__s1,cluster_t3_k30,2000K_1.0gcc,1,30500,64
668,cluster_t3_k30__2000K_1.0gcc__s1,cluster_t3_k30,2000K_1.0gcc,1,31000,64
669,cluster_t3_k30__2000K_1.0gcc__s1,cluster_t3_k30,2000K_1.0gcc,1,31500,64
670,cluster_t3_k30__2000K_1.0gcc__s1,cluster_t3_k30,2000K_1.0gcc,1,32000,64
671,cluster_t3_k30__2000K_1.0gcc__s1,cluster_t3_k30,2000K_1.0gcc,1,32500,64
672,cluster_t3_k30__2000K_1.0gcc__s1,cluster_t3_k30,2000K_1.0gcc,1,33000,64
673,cluster_t3_k30__2000K_1.0gcc__s1,cluster_t3_k30,2000K_1.0gcc,1,33500,64
674,cluster_t3_k30__2000K_1.0gcc__s1,cluster_t3_k30,2000K_1.0gcc,1,34000,64
675,cluster_t3_k30__2000K_1.0gcc__s1,cluster_t3_k30,2000K_1.0gcc,1,34500,64
676,cluster_t3_k30__2000K_1.0gcc__s1,cluster_t3_k30,2000K_1.0gcc,1,35000,64
677,cluster_t3_k30__2000K_1.0gcc__s1,cluster_t3_k30,2000K_1.0gcc,1,35500,64
678,cluster_t3_k30__2000K_1.0gcc__s1,cluster_t3_k30,2000K_1.0gcc,1,36000,64
679,cluster_t3_k30__2000K_1.0gcc__s1,cluster_t3_k30,2000K_1.0gcc,1,36500,64
680,cluster_t3_k30__2000K_1.0gcc__s1,cluster_t3_k30,2000K_1.0gcc,1,37000,64
681,cluster_t3_k30__2000K_1.0gcc__s1,cluster_t3_k30,2000K_1.0gcc,1,37500,64
682,cluster_t3_k30__2000K_1.0gcc__s1,cluster_t3_k30,2000K_1.0gcc,1,38000,64
683,cluster_t3_k30__2000K_1.0gcc__s1,cluster_t3_k30,2000K_1.0gcc,1,38500,64
684,cluster_t3_k30__2000K_1.0gcc__s1,cluster_t3_k30,2000K_1.0gcc,1,39000,64
685,cluster_t3_k30__2000K_1.0gcc__s1,cluster_t3_k30,2000K_1.0gcc,1,39500,64
686,cluster_t3_k30__2000K_1.0gcc__s1,cluster_t3_k30,2000K_1.0gcc,1,40000,64
687,cluster_t3_k30__2000K_1.0gcc__s1,cluster_t3_k30,2000K_1.0gcc,1,40500,64
688,cluster_t3_k30__2000K_1.0gcc__s1,cluster_t3_k30,2000K_1.0gcc,1,41000,64
689,cluster_t3_k30__2000K_1.0gcc__s1,cluster_t3_k30,2000K_1.0gcc,1,41500,64
690,cluster_t3_k30__2000K_1.0gcc__s1,cluster_t3_k30,2000K_1.0gcc,1,42000,64
691,cluster_t3_k30__2000K_1.0gcc__s1,cluster_t3_k30,2000K_1.0gcc,1,42500,64
692,cluster_t3_k30__2000K_1.0gcc__s1,cluster_t3_k30,2000K_1.0gcc,1,43000,64
693,cluster_t3_k30__2000K_1.0gcc__s1,cluster_t3_k30,2000K_1.0gcc,1,43500,64
694,cluster_t3_k30__2000K_1.0gcc__s1,cluster_t3_k30,2000K_1.0gcc,1,44000,64
695,cluster_t3_k30__2000K_1.0gcc__s1,cluster_t3_k30,2000K_1.0gcc,1,44500,64
696,cluster_t3_k30__2000K_1.0gcc__s1,cluster_t3_k30,2000K_1.0gcc,1,45000,64
697,cluster_t3_k30__2000K_1.0gcc__s1,cluster_t3_k30,2000K_1.0gcc,1,45500,64
698,cluster_t3_k30__2000K_1.0gcc__s1,cluster_t3_k30,2000K_1.0gcc,1,46000,64
699,cluster_t3_k30__2000K_1.0gcc__s1,cluster_t3_k30,2000K_1.0gcc,1,46500,64
700,cluster_t3_k30__2000K_1.0gcc__s1,cluster_t3_k30,2000K_1.0gcc,1,47000,64
701,cluster_t3_k30__2000K_1.0gcc__s1,cluster_t3_k30,2000K_1.0gcc,1,47500,64
702,cluster_t3_k30__2000K_1.0gcc__s1,cluster_t3_k30,2000K_1.0gcc,1,48000,64
703,cluster_t3_k30__2000K_1.0gcc__s1,cluster_t3_k30,2000K_1.0gcc,1,48500,64
704,cluster_t3_k30__2000K_1.0gcc__s1,cluster_t3_k30,2000K_1.0gcc,1,49000,64
705,cluster_t3_k30__2000K_1.0gcc__s1,cluster_t3_k30,2000K_1.0gcc,1,49500,64
706,cluster_t3_k30__2000K_1.0gcc__s1,cluster_t3_k30,2000K_1.0gcc,1,50000,64
707,cluster_t3_k30__2000K_1.0gcc__s2,cluster_t3_k30,2000K_1.0gcc,2,0,64
708,cluster_t3_k30__2000K_1.0gcc__s2,cluster_t3_k30,2000K_1.0gcc,2,500,64
709,cluster_t3_k30__2000K_1.0gcc__s2,cluster_t3_k30,2000K_1.0gcc,2,1000,64
710,cluster_t3_k30__2000K_1.0gcc__s2,cluster_t3_k30,2000K_1.0gcc,2,1500,64
711,cluster_t3_k30__2000K_1.0gcc__s2,cluster_t3_k30,2000K_1.0gcc,2,2000,64
712,cluster_t3_k30__2000K_1.0gcc__s2,cluster_t3_k30,2000K_1.0gcc,2,2500,64
713,cluster_t3_k30__2000K_1.0gcc__s2,cluster_t3_k30,2000K_1.0gcc,2,3000,64
714,cluster_t3_k30__2000K_1.0gcc__s2,cluster_t3_k30,2000K_1.0gcc,2,3500,64
715,cluster_t3_k30__2000K_1.0gcc__s2,cluster_t3_k30,2000K_1.0gcc,2,4000,64
716,cluster_t3_k30__2000K_1.0gcc__s2,cluster_t3_k30,2000K_1.0gcc,2,4500,64
717,cluster_t3_k30__2000K_1.0gcc__s2,cluster_t3_k30,2000K_1.0gcc,2,5000,64
718,cluster_t3_k30__2000K_1.0gcc__s2,cluster_t3_k30,2000K_1.0gcc,2,5500,64
719,cluster_t3_k30__2000K_1.0gcc__s2,cluster_t3_k30,2000K_1.0gcc,2,6000,64
720,cluster_t3_k30__2000K_1.0gcc__s2,cluster_t3_k30,2000K_1.0gcc,2,6500,64
721,cluster_t3_k30__2000K_1.0gcc__s2,cluster_t3_k30,2000K_1.0gcc,2,7000,64
722,cluster_t3_k30__2000K_1.0gcc__s2,cluster_t3_k30,2000K_1.0gcc,2,7500,64
723,cluster_t3_k30__2000K_1.0gcc__s2,cluster_t3_k30,2000K_1.0gcc,2,8000,64
724,cluster_t3_k30__2000K_1.0gcc__s2,cluster_t3_k30,2000K_1.0gcc,2,8500,64
725,cluster_t3_k30__2000K_1.0gcc__s2,cluster_t3_k30,2000K_1.0gcc,2,9000,64
726,cluster_t3_k30__2000K_1.0gcc__s2,cluster_t3_k30,2000K_1.0gcc,2,9500,64
727,cluster_t3_k30__2000K_1.0gcc__s2,cluster_t3_k30,2000K_1.0gcc,2,10000,64
728,cluster_t3_k30__2000K_1.0gcc__s2,cluster_t3_k30,2000K_1.0gcc,2,10500,64
729,cluster_t3_k30__2000K_1.0gcc__s2,cluster_t3_k30,2000K_1.0gcc,2,11000,64
730,cluster_t3_k30__2000K_1.0gcc__s2,cluster_t3_k30,2000K_1.0gcc,2,11500,64
731,cluster_t3_k30__2000K_1.0gcc__s2,cluster_t3_k30,2000K_1.0gcc,2,12000,64
732,cluster_t3_k30__2000K_1.0gcc__s2,cluster_t3_k30,2000K_1.0gcc,2,12500,64
733,cluster_t3_k30__2000K_1.0gcc__s2,cluster_t3_k30,2000K_1.0gcc,2,13000,64
734,cluster_t3_k30__2000K_1.0gcc__s2,cluster_t3_k30,2000K_1.0gcc,2,13500,64
735,cluster_t3_k30__2000K_1.0gcc__s2,cluster_t3_k30,2000K_1.0gcc,2,14000,64
736,cluster_t3_k30__2000K_1.0gcc__s2,cluster_t3_k30,2000K_1.0gcc,2,14500,64
737,cluster_t3_k30__2000K_1.0gcc__s2,cluster_t3_k30,2000K_1.0gcc,2,15000,64
738,cluster_t3_k30__2000K_1.0gcc__s2,cluster_t3_k30,2000K_1.0gcc,2,15500,64
739,cluster_t3_k30__2000K_1.0gcc__s2,cluster_t3_k30,2000K_1.0gcc,2,16000,64
740,cluster_t3_k30__2000K_1.0gcc__s2,cluster_t3_k30,2000K_1.0gcc,2,16500,64
741,cluster_t3_k30__2000K_1.0gcc__s2,cluster_t3_k30,2000K_1.0gcc,2,17000,64
742,cluster_t3_k30__2000K_1.0gcc__s2,cluster_t3_k30,2000K_1.0gcc,2,17500,64
743,cluster_t3_k30__2000K_1.0gcc__s2,cluster_t3_k30,2000K_1.0gcc,2,18000,64
744,cluster_t3_k30__2000K_1.0gcc__s2,cluster_t3_k30,2000K_1.0gcc,2,18500,64
745,cluster_t3_k30__2000K_1.0gcc__s2,cluster_t3_k30,2000K_1.0gcc,2,19000,64
746,cluster_t3_k30__2000K_1.0gcc__s2,cluster_t3_k30,2000K_1.0gcc,2,19500,64
747,cluster_t3_k30__2000K_1.0gcc__s2,cluster_t3_k30,2000K_1.0gcc,2,20000,64
748,cluster_t3_k30__2000K_1.0gcc__s2,cluster_t3_k30,2000K_1.0gcc,2,20500,64
749,cluster_t3_k30__2000K_1.0gcc__s2,cluster_t3_k30,2000K_1.0gcc,2,21000,64
750,cluster_t3_k30__2000K_1.0gcc__s2,cluster_t3_k30,2000K_1.0gcc,2,21500,64
751,cluster_t3_k30__2000K_1.0gcc__s2,cluster_t3_k30,2000K_1.0gcc,2,22000,64
752,cluster_t3_k30__2000K_1.0gcc__s2,cluster_t3_k30,2000K_1.0gcc,2,22500,64
753,cluster_t3_k30__2000K_1.0gcc__s2,cluster_t3_k30,2000K_1.0gcc,2,23000,64
754,cluster_t3_k30__2000K_1.0gcc__s2,cluster_t3_k30,2000K_1.0gcc,2,23500,64
755,cluster_t3_k30__2000K_1.0gcc__s2,cluster_t3_k30,2000K_1.0gcc,2,24000,64
756,cluster_t3_k30__2000K_1.0gcc__s2,cluster_t3_k30,2000K_1.0gcc,2,24500,64
757,cluster_t3_k30__2000K_1.0gcc__s2,cluster_t3_k30,2000K_1.0gcc,2,25000,64
758,cluster_t3_k30__2000K_1.0gcc__s2,cluster_t3_k30,2000K_1.0gcc,2,25500,64
759,cluster_t3_k30__2000K_1.0gcc__s2,cluster_t3_k30,2000K_1.0gcc,2,26000,64
760,cluster_t3_k30__2000K_1.0gcc__s2,cluster_t3_k30,2000K_1.0gcc,2,26500,64
761,cluster_t3_k30__2000K_1.0gcc__s2,cluster_t3_k30,2000K_1.0gcc,2,27000,64
762,cluster_t3_k30__2000K_1.0gcc__s2,cluster_t3_k30,2000K_1.0gcc,2,27500,64
763,cluster_t3_k30__2000K_1.0gcc__s2,cluster_t3_k30,2000K_1.0gcc,2,28000,64
764,cluster_t3_k30__2000K_1.0gcc__s2,cluster_t3_k30,2000K_1.0gcc,2,28500,64
765,cluster_t3_k30__2000K_1.0gcc__s2,cluster_t3_k30,2000K_1.0gcc,2,29000,64
766,cluster_t3_k30__2000K_1.0gcc__s2,cluster_t3_k30,2000K_1.0gcc,2,29500,64
767,cluster_t3_k30__2000K_1.0gcc__s2,cluster_t3_k30,2000K_1.0gcc,2,30000,64
768,cluster_t3_k30__2000K_1.0gcc__s2,cluster_t3_k30,2000K_1.0gcc,2,30500,64
769,cluster_t3_k30__2000K_1.0gcc__s2,cluster_t3_k30,2000K_1.0gcc,2,31000,64
770,cluster_t3_k30__2000K_1.0gcc__s2,cluster_t3_k30,2000K_1.0gcc,2,31500,64
771,cluster_t3_k30__2000K_1.0gcc__s2,cluster_t3_k30,2000K_1.0gcc,2,32000,64
772,cluster_t3_k30__2000K_1.0gcc__s2,cluster_t3_k30,2000K_1.0gcc,2,32500,64
773,cluster_t3_k30__2000K_1.0gcc__s2,cluster_t3_k30,2000K_1.0gcc,2,33000,64
774,cluster_t3_k30__2000K_1.0gcc__s2,cluster_t3_k30,2000K_1.0gcc,2,33500,64
775,cluster_t3_k30__2000K_1.0gcc__s2,cluster_t3_k30,2000K_1.0gcc,2,34000,64
776,cluster_t3_k30__2000K_1.0gcc__s2,cluster_t3_k30,2000K_1.0gcc,2,34500,64
777,cluster_t3_k30__2000K_1.0gcc__s2,cluster_t3_k30,2000K_1.0gcc,2,35000,64
778,cluster_t3_k30__2000K_1.0gcc__s2,cluster_t3_k30,2000K_1.0gcc,2,35500,64
779,cluster_t3_k30__2000K_1.0gcc__s2,cluster_t3_k30,2000K_1.0gcc,2,36000,64
780,cluster_t3_k30__2000K_1.0gcc__s2,cluster_t3_k30,2000K_1.0gcc,2,36500,64
781,cluster_t3_k30__2000K_1.0gcc__s2,cluster_t3_k30,2000K_1.0gcc,2,37000,64
782,cluster_t3_k30__2000K_1.0gcc__s2,cluster_t3_k30,2000K_1.0gcc,2,37500,64
783,cluster_t3_k30__2000K_1.0gcc__s2,cluster_t3_k30,2000K_1.0gcc,2,38000,64
784,cluster_t3_k30__2000K_1.0gcc__s2,cluster_t3_k30,2000K_1.0gcc,2,38500,64
785,cluster_t3_k30__2000K_1.0gcc__s2,cluster_t3_k30,2000K_1.0gcc,2,39000,64
786,cluster_t3_k30__2000K_1.0gcc__s2,cluster_t3_k30,2000K_1.0gcc,2,39500,64
787,cluster_t3_k30__2000K_1.0gcc__s2,cluster_t3_k30,2000K_1.0gcc,2,40000,64
788,cluster_t3_k30__2000K_1.0gcc__s2,cluster_t3_k30,2000K_1.0gcc,2,40500,64
789,cluster_t3_k30__2000K_1.0gcc__s2,cluster_t3_k30,2000K_1.0gcc,2,41000,64
790,cluster_t3_k30__2000K_1.0gcc__s2,cluster_t3_k30,2000K_1.0gcc,2,41500,64
791,cluster_t3_k30__2000K_1.0gcc__s2,cluster_t3_k30,2000K_1.0gcc,2,42000,64
792,cluster_t3_k30__2000K_1.0gcc__s2,cluster_t3_k30,2000K_1.0gcc,2,42500,64
793,cluster_t3_k30__2000K_1.0gcc__s2,cluster_t3_k30,2000K_1.0gcc,2,43000,64
794,cluster_t3_k30__2000K_1.0gcc__s2,cluster_t3_k30,2000K_1.0gcc,2,43500,64
795,cluster_t3_k30__2000K_1.0gcc__s2,cluster_t3_k30,2000K_1.0gcc,2,44000,64
796,cluster_t3_k30__2000K_1.0gcc__s2,cluster_t3_k30,2000K_1.0gcc,2,44500,64
797,cluster_t3_k30__2000K_1.0gcc__s2,cluster_t3_k30,2000K_1.0gcc,2,45000,64
798,cluster_t3_k30__2000K_1.0gcc__s2,cluster_t3_k30,2000K_1.0gcc,2,45500,64
799,cluster_t3_k30__2000K_1.0gcc__s2,cluster_t3_k30,2000K_1.0gcc,2,46000,64
800,cluster_t3_k30__2000K_1.0gcc__s2,cluster_t3_k30,2000K_1.0gcc,2,46500,64
801,cluster_t3_k30__2000K_1.0gcc__s2,cluster_t3_k30,2000K_1.0gcc,2,47000,64
802,cluster_t3_k30__2000K_1.0gcc__s2,cluster_t3_k30,2000K_1.0gcc,2,47500,64
803,cluster_t3_k30__2000K_1.0gcc__s2,cluster_t3_k30,2000K_1.0gcc,2,48000,64
804,cluster_t3_k30__2000K_1.0gcc__s2,cluster_t3_k30,2000K_1.0gcc,2,48500,64
805,cluster_t3_k30__2000K_1.0gcc__s2,cluster_t3_k30,2000K_1.0gcc,2,49000,64
806,cluster_t3_k30__2000K_1.0gcc__s2,cluster_t3_k30,2000K_1.0gcc,2,49500,64
807,cluster_t3_k30__2000K_1.0gcc__s2,cluster_t3_k30,2000K_1.0gcc,2,50000,64
808,cluster_t3_k30__2000K_1.0gcc__s3,cluster_t3_k30,2000K_1.0gcc,3,0,64
809,cluster_t3_k30__2000K_1.0gcc__s3,cluster_t3_k30,2000K_1.0gcc,3,500,64
810,cluster_t3_k30__2000K_1.0gcc__s3,cluster_t3_k30,2000K_1.0gcc,3,1000,64
811,cluster_t3_k30__2000K_1.0gcc__s3,cluster_t3_k30,2000K_1.0gcc,3,1500,64
812,cluster_t3_k30__2000K_1.0gcc__s3,cluster_t3_k30,2000K_1.0gcc,3,2000,64
813,cluster_t3_k30__2000K_1.0gcc__s3,cluster_t3_k30,2000K_1.0gcc,3,2500,64
814,cluster_t3_k30__2000K_1.0gcc__s3,cluster_t3_k30,2000K_1.0gcc,3,3000,64
815,cluster_t3_k30__2000K_1.0gcc__s3,cluster_t3_k30,2000K_1.0gcc,3,3500,64
816,cluster_t3_k30__2000K_1.0gcc__s3,cluster_t3_k30,2000K_1.0gcc,3,4000,64
817,cluster_t3_k30__2000K_1.0gcc__s3,cluster_t3_k30,2000K_1.0gcc,3,4500,64
818,cluster_t3_k30__2000K_1.0gcc__s3,cluster_t3_k30,2000K_1.0gcc,3,5000,64
819,cluster_t3_k30__2000K_1.0gcc__s3,cluster_t3_k30,2000K_1.0gcc,3,5500,64
820,cluster_t3_k30__2000K_1.0gcc__s3,cluster_t3_k30,2000K_1.0gcc,3,6000,64
821,cluster_t3_k30__2000K_1.0gcc__s3,cluster_t3_k30,2000K_1.0gcc,3,6500,64
822,cluster_t3_k30__2000K_1.0gcc__s3,cluster_t3_k30,2000K_1.0gcc,3,7000,64
823,cluster_t3_k30__2000K_1.0gcc__s3,cluster_t3_k30,2000K_1.0gcc,3,7500,64
824,cluster_t3_k30__2000K_1.0gcc__s3,cluster_t3_k30,2000K_1.0gcc,3,8000,64
825,cluster_t3_k30__2000K_1.0gcc__s3,cluster_t3_k30,2000K_1.0gcc,3,8500,64
826,cluster_t3_k30__2000K_1.0gcc__s3,cluster_t3_k30,2000K_1.0gcc,3,9000,64
827,cluster_t3_k30__2000K_1.0gcc__s3,cluster_t3_k30,2000K_1.0gcc,3,9500,64
828,cluster_t3_k30__2000K_1.0gcc__s3,cluster_t3_k30,2000K_1.0gcc,3,10000,64
829,cluster_t3_k30__2000K_1.0gcc__s3,cluster_t3_k30,2000K_1.0gcc,3,10500,64
830,cluster_t3_k30__2000K_1.0gcc__s3,cluster_t3_k30,2000K_1.0gcc,3,11000,64
831,cluster_t3_k30__2000K_1.0gcc__s3,cluster_t3_k30,2000K_1.0gcc,3,11500,64
832,cluster_t3_k30__2000K_1.0gcc__s3,cluster_t3_k30,2000K_1.0gcc,3,12000,64
833,cluster_t3_k30__2000K_1.0gcc__s3,cluster_t3_k30,2000K_1.0gcc,3,12500,64
834,cluster_t3_k30__2000K_1.0gcc__s3,cluster_t3_k30,2000K_1.0gcc,3,13000,64
835,cluster_t3_k30__2000K_1.0gcc__s3,cluster_t3_k30,2000K_1.0gcc,3,13500,64
836,cluster_t3_k30__2000K_1.0gcc__s3,cluster_t3_k30,2000K_1.0gcc,3,14000,64
837,cluster_t3_k30__2000K_1.0gcc__s3,cluster_t3_k30,2000K_1.0gcc,3,14500,64
838,cluster_t3_k30__2000K_1.0gcc__s3,cluster_t3_k30,2000K_1.0gcc,3,15000,64
839,cluster_t3_k30__2000K_1.0gcc__s3,cluster_t3_k30,2000K_1.0gcc,3,15500,64
840,cluster_t3_k30__2000K_1.0gcc__s3,cluster_t3_k30,2000K_1.0gcc,3,16000,64
841,cluster_t3_k30__2000K_1.0gcc__s3,cluster_t3_k30,2000K_1.0gcc,3,16500,64
842,cluster_t3_k30__2000K_1.0gcc__s3,cluster_t3_k30,2000K_1.0gcc,3,17000,64
843,cluster_t3_k30__2000K_1.0gcc__s3,cluster_t3_k30,2000K_1.0gcc,3,17500,64
844,cluster_t3_k30__2000K_1.0gcc__s3,cluster_t3_k30,2000K_1.0gcc,3,18000,64
845,cluster_t3_k30__2000K_1.0gcc__s3,cluster_t3_k30,2000K_1.0gcc,3,18500,64
846,cluster_t3_k30__2000K_1.0gcc__s3,cluster_t3_k30,2000K_1.0gcc,3,19000,64
847,cluster_t3_k30__2000K_1.0gcc__s3,cluster_t3_k30,2000K_1.0gcc,3,19500,64
848,cluster_t3_k30__2000K_1.0gcc__s3,cluster_t3_k30,2000K_1.0gcc,3,20000,64
849,cluster_t3_k30__2000K_1.0gcc__s3,cluster_t3_k30,2000K_1.0gcc,3,20500,64
850,cluster_t3_k30__2000K_1.0gcc__s3,cluster_t3_k30,2000K_1.0gcc,3,21000,64
851,cluster_t3_k30__2000K_1.0gcc__s3,cluster_t3_k30,2000K_1.0gcc,3,21500,64
852,cluster_t3_k30__2000K_1.0gcc__s3,cluster_t3_k30,2000K_1.0gcc,3,22000,64
853,cluster_t3_k30__2000K_1.0gcc__s3,cluster_t3_k30,2000K_1.0gcc,3,22500,64
854,cluster_t3_k30__2000K_1.0gcc__s3,cluster_t3_k30,2000K_1.0gcc,3,23000,64
855,cluster_t3_k30__2000K_1.0gcc__s3,cluster_t3_k30,2000K_1.0gcc,3,23500,64
856,cluster_t3_k30__2000K_1.0gcc__s3,cluster_t3_k30,2000K_1.0gcc,3,24000,64
857,cluster_t3_k30__2000K_1.0gcc__s3,cluster_t3_k30,2000K_1.0gcc,3,24500,64
858,cluster_t3_k30__2000K_1.0gcc__s3,cluster_t3_k30,2000K_1.0gcc,3,25000,64
859,cluster_t3_k30__2000K_1.0gcc__s3,cluster_t3_k30,2000K_1.0gcc,3,25500,64
860,cluster_t3_k30__2000K_1.0gcc__s3,cluster_t3_k30,2000K_1.0gcc,3,26000,64
861,cluster_t3_k30__2000K_1.0gcc__s3,cluster_t3_k30,2000K_1.0gcc,3,26500,64
862,cluster_t3_k30__2000K_1.0gcc__s3,cluster_t3_k30,2000K_1.0gcc,3,27000,64
863,cluster_t3_k30__2000K_1.0gcc__s3,cluster_t3_k30,2000K_1.0gcc,3,27500,64
864,cluster_t3_k30__2000K_1.0gcc__s3,cluster_t3_k30,2000K_1.0gcc,3,28000,64
865,cluster_t3_k30__2000K_1.0gcc__s3,cluster_t3_k30,2000K_1.0gcc,3,28500,64
866,cluster_t3_k30__2000K_1.0gcc__s3,cluster_t3_k30,2000K_1.0gcc,3,29000,64
867,cluster_t3_k30__2000K_1.0gcc__s3,cluster_t3_k30,2000K_1.0gcc,3,29500,64
868,cluster_t3_k30__2000K_1.0gcc__s3,cluster_t3_k30,2000K_1.0gcc,3,30000,64
869,cluster_t3_k30__2000K_1.0gcc__s3,cluster_t3_k30,2000K_1.0gcc,3,30500,64
870,cluster_t3_k30__2000K_1.0gcc__s3,cluster_t3_k30,2000K_1.0gcc,3,31000,64
871,cluster_t3_k30__2000K_1.0gcc__s3,cluster_t3_k30,2000K_1.0gcc,3,31500,64
872,cluster_t3_k30__2000K_1.0gcc__s3,cluster_t3_k30,2000K_1.0gcc,3,32000,64
873,cluster_t3_k30__2000K_1.0gcc__s3,cluster_t3_k30,2000K_1.0gcc,3,32500,64
874,cluster_t3_k30__2000K_1.0gcc__s3,cluster_t3_k30,2000K_1.0gcc,3,33000,64
875,cluster_t3_k30__2000K_1.0gcc__s3,cluster_t3_k30,2000K_1.0gcc,3,33500,64
876,cluster_t3_k30__2000K_1.0gcc__s3,cluster_t3_k30,2000K_1.0gcc,3,34000,64
877,cluster_t3_k30__2000K_1.0gcc__s3,cluster_t3_k30,2000K_1.0gcc,3,34500,64
878,cluster_t3_k30__2000K_1.0gcc__s3,cluster_t3_k30,2000K_1.0gcc,3,35000,64
879,cluster_t3_k30__2000K_1.0gcc__s3,cluster_t3_k30,2000K_1.0gcc,3,35500,64
880,cluster_t3_k30__2000K_1.0gcc__s3,cluster_t3_k30,2000K_1.0gcc,3,36000,64
881,cluster_t3_k30__2000K_1.0gcc__s3,cluster_t3_k30,2000K_1.0gcc,3,36500,64
882,cluster_t3_k30__2000K_1.0gcc__s3,cluster_t3_k30,2000K_1.0gcc,3,37000,64
883,cluster_t3_k30__2000K_1.0gcc__s3,cluster_t3_k30,2000K_1.0gcc,3,37500,64
884,cluster_t3_k30__2000K_1.0gcc__s3,cluster_t3_k30,2000K_1.0gcc,3,38000,64
885,cluster_t3_k30__2000K_1.0gcc__s3,cluster_t3_k30,2000K_1.0gcc,3,38500,64
886,cluster_t3_k30__2000K_1.0gcc__s3,cluster_t3_k30,2000K_1.0gcc,3,39000,64
887,cluster_t3_k30__2000K_1.0gcc__s3,cluster_t3_k30,2000K_1.0gcc,3,39500,64
888,cluster_t3_k30__2000K_1.0gcc__s3,cluster_t3_k30,2000K_1.0gcc,3,40000,64
889,cluster_t3_k30__2000K_1.0gcc__s3,cluster_t3_k30,2000K_1.0gcc,3,40500,64
890,cluster_t3_k30__2000K_1.0gcc__s3,cluster_t3_k30,2000K_1.0gcc,3,41000,64
891,cluster_t3_k30__2000K_1.0gcc__s3,cluster_t3_k30,2000K_1.0gcc,3,41500,64
892,cluster_t3_k30__2000K_1.0gcc__s3,cluster_t3_k30,2000K_1.0gcc,3,42000,64
893,cluster_t3_k30__2000K_1.0gcc__s3,cluster_t3_k30,2000K_1.0gcc,3,42500,64
894,cluster_t3_k30__2000K_1.0gcc__s3,cluster_t3_k30,2000K_1.0gcc,3,43000,64
895,cluster_t3_k30__2000K_1.0gcc__s3,cluster_t3_k30,2000K_1.0gcc,3,43500,64
896,cluster_t3_k30__2000K_1.0gcc__s3,cluster_t3_k30,2000K_1.0gcc,3,44000,64
897,cluster_t3_k30__2000K_1.0gcc__s3,cluster_t3_k30,2000K_1.0gcc,3,44500,64
898,cluster_t3_k30__2000K_1.0gcc__s3,cluster_t3_k30,2000K_1.0gcc,3,45000,64
899,cluster_t3_k30__2000K_1.0gcc__s3,cluster_t3_k30,2000K_1.0gcc,3,45500,64
900,cluster_t3_k30__2000K_1.0gcc__s3,cluster_t3_k30,2000K_1.0gcc,3,46000,64
901,cluster_t3_k30__2000K_1.0gcc__s3,cluster_t3_k30,2000K_1.0gcc,3,46500,64
902,cluster_t3_k30__2000K_1.0gcc__s3,cluster_t3_k30,2000K_1.0gcc,3,47000,64
903,cluster_t3_k30__2000K_1.0gcc__s3,cluster_t3_k30,2000K_1.0gcc,3,47500,64
904,cluster_t3_k30__2000K_1.0gcc__s3,cluster_t3_k30,2000K_1.0gcc,3,48000,64
905,cluster_t3_k30__2000K_1.0gcc__s3,cluster_t3_k30,2000K_1.0gcc,3,48500,64
906,cluster_t3_k30__2000K_1.0gcc__s3,cluster_t3_k30,2000K_1.0gcc,3,49000,64
907,cluster_t3_k30__2000K_1.0gcc__s3,cluster_t3_k30,2000K_1.0gcc,3,49500,64
908,cluster_t3_k30__2000K_1.0gcc__s3,cluster_t3_k30,2000K_1.0gcc,3,50000,64
909,cluster_t3_k30__300K_1.0gcc__s1,cluster_t3_k30,300K_1.0gcc,1,0,64
910,cluster_t3_k30__300K_1.0gcc__s1,cluster_t3_k30,300K_1.0gcc,1,500,64
911,cluster_t3_k30__300K_1.0gcc__s1,cluster_t3_k30,300K_1.0gcc,1,1000,64
912,cluster_t3_k30__300K_1.0gcc__s1,cluster_t3_k30,300K_1.0gcc,1,1500,64
913,cluster_t3_k30__300K_1.0gcc__s1,cluster_t3_k30,300K_1.0gcc,1,2000,64
914,cluster_t3_k30__300K_1.0gcc__s1,cluster_t3_k30,300K_1.0gcc,1,2500,64
915,cluster_t3_k30__300K_1.0gcc__s1,cluster_t3_k30,300K_1.0gcc,1,3000,64
916,cluster_t3_k30__300K_1.0gcc__s1,cluster_t3_k30,300K_1.0gcc,1,3500,64
917,cluster_t3_k30__300K_1.0gcc__s1,cluster_t3_k30,300K_1.0gcc,1,4000,64
918,cluster_t3_k30__300K_1.0gcc__s1,cluster_t3_k30,300K_1.0gcc,1,4500,64
919,cluster_t3_k30__300K_1.0gcc__s1,cluster_t3_k30,300K_1.0gcc,1,5000,64
920,cluster_t3_k30__300K_1.0gcc__s1,cluster_t3_k30,300K_1.0gcc,1,5500,64
921,cluster_t3_k30__300K_1.0gcc__s1,cluster_t3_k30,300K_1.0gcc,1,6000,64
922,cluster_t3_k30__300K_1.0gcc__s1,cluster_t3_k30,300K_1.0gcc,1,6500,64
923,cluster_t3_k30__300K_1.0gcc__s1,cluster_t3_k30,300K_1.0gcc,1,7000,64
924,cluster_t3_k30__300K_1.0gcc__s1,cluster_t3_k30,300K_1.0gcc,1,7500,64
925,cluster_t3_k30__300K_1.0gcc__s1,cluster_t3_k30,300K_1.0gcc,1,8000,64
926,cluster_t3_k30__300K_1.0gcc__s1,cluster_t3_k30,300K_1.0gcc,1,8500,64
927,cluster_t3_k30__300K_1.0gcc__s1,cluster_t3_k30,300K_1.0gcc,1,9000,64
928,cluster_t3_k30__300K_1.0gcc__s1,cluster_t3_k30,300K_1.0gcc,1,9500,64
929,cluster_t3_k30__300K_1.0gcc__s1,cluster_t3_k30,300K_1.0gcc,1,10000,64
930,cluster_t3_k30__300K_1.0gcc__s1,cluster_t3_k30,300K_1.0gcc,1,10500,64
931,cluster_t3_k30__300K_1.0gcc__s1,cluster_t3_k30,300K_1.0gcc,1,11000,64
932,cluster_t3_k30__300K_1.0gcc__s1,cluster_t3_k30,300K_1.0gcc,1,11500,64
933,cluster_t3_k30__300K_1.0gcc__s1,cluster_t3_k30,300K_1.0gcc,1,12000,64
934,cluster_t3_k30__300K_1.0gcc__s1,cluster_t3_k30,300K_1.0gcc,1,12500,64
935,cluster_t3_k30__300K_1.0gcc__s1,cluster_t3_k30,300K_1.0gcc,1,13000,64
936,cluster_t3_k30__300K_1.0gcc__s1,cluster_t3_k30,300K_1.0gcc,1,13500,64
937,cluster_t3_k30__300K_1.0gcc__s1,cluster_t3_k30,300K_1.0gcc,1,14000,64
938,cluster_t3_k30__300K_1.0gcc__s1,cluster_t3_k30,300K_1.0gcc,1,14500,64
939,cluster_t3_k30__300K_1.0gcc__s1,cluster_t3_k30,300K_1.0gcc,1,15000,64
940,cluster_t3_k30__300K_1.0gcc__s1,cluster_t3_k30,300K_1.0gcc,1,15500,64
941,cluster_t3_k30__300K_1.0gcc__s1,cluster_t3_k30,300K_1.0gcc,1,16000,64
942,cluster_t3_k30__300K_1.0gcc__s1,cluster_t3_k30,300K_1.0gcc,1,16500,64
943,cluster_t3_k30__300K_1.0gcc__s1,cluster_t3_k30,300K_1.0gcc,1,17000,64
944,cluster_t3_k30__300K_1.0gcc__s1,cluster_t3_k30,300K_1.0gcc,1,17500,64
945,cluster_t3_k30__300K_1.0gcc__s1,cluster_t3_k30,300K_1.0gcc,1,18000,64
946,cluster_t3_k30__300K_1.0gcc__s1,cluster_t3_k30,300K_1.0gcc,1,18500,64
947,cluster_t3_k30__300K_1.0gcc__s1,cluster_t3_k30,300K_1.0gcc,1,19000,64
948,cluster_t3_k30__300K_1.0gcc__s1,cluster_t3_k30,300K_1.0gcc,1,19500,64
949,cluster_t3_k30__300K_1.0gcc__s1,cluster_t3_k30,300K_1.0gcc,1,20000,64
950,cluster_t3_k30__300K_1.0gcc__s1,cluster_t3_k30,300K_1.0gcc,1,20500,64
951,cluster_t3_k30__300K_1.0gcc__s1,cluster_t3_k30,300K_1.0gcc,1,21000,64
952,cluster_t3_k30__300K_1.0gcc__s1,cluster_t3_k30,300K_1.0gcc,1,21500,64
953,cluster_t3_k30__300K_1.0gcc__s1,cluster_t3_k30,300K_1.0gcc,1,22000,64
954,cluster_t3_k30__300K_1.0gcc__s1,cluster_t3_k30,300K_1.0gcc,1,22500,64
955,cluster_t3_k30__300K_1.0gcc__s1,cluster_t3_k30,300K_1.0gcc,1,23000,64
956,cluster_t3_k30__300K_1.0gcc__s1,cluster_t3_k30,300K_1.0gcc,1,23500,64
957,cluster_t3_k30__300K_1.0gcc__s1,cluster_t3_k30,300K_1.0gcc,1,24000,64
958,cluster_t3_k30__300K_1.0gcc__s1,cluster_t3_k30,300K_1.0gcc,1,24500,64
959,cluster_t3_k30__300K_1.0gcc__s1,cluster_t3_k30,300K_1.0gcc,1,25000,64
960,cluster_t3_k30__300K_1.0gcc__s1,cluster_t3_k30,300K_1.0gcc,1,25500,64
961,cluster_t3_k30__300K_1.0gcc__s1,cluster_t3_k30,300K_1.0gcc,1,26000,64
962,cluster_t3_k30__300K_1.0gcc__s1,cluster_t3_k30,300K_1.0gcc,1,26500,64
963,cluster_t3_k30__300K_1.0gcc__s1,cluster_t3_k30,300K_1.0gcc,1,27000,64
964,cluster_t3_k30__300K_1.0gcc__s1,cluster_t3_k30,300K_1.0gcc,1,27500,64
965,cluster_t3_k30__300K_1.0gcc__s1,cluster_t3_k30,300K_1.0gcc,1,28000,64
966,cluster_t3_k30__300K_1.0gcc__s1,cluster_t3_k30,300K_1.0gcc,1,28500,64
967,cluster_t3_k30__300K_1.0gcc__s1,cluster_t3_k30,300K_1.0gcc,1,29000,64
968,cluster_t3_k30__300K_1.0gcc__s1,cluster_t3_k30,300K_1.0gcc,1,29500,64
969,cluster_t3_k30__300K_1.0gcc__s1,cluster_t3_k30,300K_1.0gcc,1,30000,64
970,cluster_t3_k30__300K_1.0gcc__s1,cluster_t3_k30,300K_1.0gcc,1,30500,64
971,cluster_t3_k30__300K_1.0gcc__s1,cluster_t3_k30,300K_1.0gcc,1,31000,64
972,cluster_t3_k30__300K_1.0gcc__s1,cluster_t3_k30,300K_1.0gcc,1,31500,64
973,cluster_t3_k30__300K_1.0gcc__s1,cluster_t3_k30,300K_1.0gcc,1,32000,64
974,cluster_t3_k30__300K_1.0gcc__s1,cluster_t3_k30,300K_1.0gcc,1,32500,64
975,cluster_t3_k30__300K_1.0gcc__s1,cluster_t3_k30,300K_1.0gcc,1,33000,64
976,cluster_t3_k30__300K_1.0gcc__s1,cluster_t3_k30,300K_1.0gcc,1,33500,64
977,cluster_t3_k30__300K_1.0gcc__s1,cluster_t3_k30,300K_1.0gcc,1,34000,64
978,cluster_t3_k30__300K_1.0gcc__s1,cluster_t3_k30,300K_1.0gcc,1,34500,64
979,cluster_t3_k30__300K_1.0gcc__s1,cluster_t3_k30,300K_1.0gcc,1,35000,64
980,cluster_t3_k30__300K_1.0gcc__s1,cluster_t3_k30,300K_1.0gcc,1,35500,64
981,cluster_t3_k30__300K_1.0gcc__s1,cluster_t3_k30,300K_1.0gcc,1,36000,64
982,cluster_t3_k30__300K_1.0gcc__s1,cluster_t3_k30,300K_1.0gcc,1,36500,64
983,cluster_t3_k30__300K_1.0gcc__s1,cluster_t3_k30,300K_1.0gcc,1,37000,64
984,cluster_t3_k30__300K_1.0gcc__s1,cluster_t3_k30,300K_1.0gcc,1,37500,64
985,cluster_t3_k30__300K_1.0gcc__s1,cluster_t3_k30,300K_1.0gcc,1,38000,64
986,cluster_t3_k30__300K_1.0gcc__s1,cluster_t3_k30,300K_1.0gcc,1,38500,64
987,cluster_t3_k30__300K_1.0gcc__s1,cluster_t3_k30,300K_1.0gcc,1,39000,64
988,cluster_t3_k30__300K_1.0gcc__s1,cluster_t3_k30,300K_1.0gcc,1,39500,64
989,cluster_t3_k30__300K_1.0gcc__s1,cluster_t3_k30,300K_1.0gcc,1,40000,64
990,cluster_t3_k30__300K_1.0gcc__s1,cluster_t3_k30,300K_1.0gcc,1,40500,64
991,cluster_t3_k30__300K_1.0gcc__s1,cluster_t3_k30,300K_1.0gcc,1,41000,64
992,cluster_t3_k30__300K_1.0gcc__s1,cluster_t3_k30,300K_1.0gcc,1,41500,64
993,cluster_t3_k30__300K_1.0gcc__s1,cluster_t3_k30,300K_1.0gcc,1,42000,64
994,cluster_t3_k30__300K_1.0gcc__s1,cluster_t3_k30,300K_1.0gcc,1,42500,64
995,cluster_t3_k30__300K_1.0gcc__s1,cluster_t3_k30,300K_1.0gcc,1,43000,64
996,cluster_t3_k30__300K_1.0gcc__s1,cluster_t3_k30,300K_1.0gcc,1,43500,64
997,cluster_t3_k30__300K_1.0gcc__s1,cluster_t3_k30,300K_1.0gcc,1,44000,64
998,cluster_t3_k30__300K_1.0gcc__s1,cluster_t3_k30,300K_1.0gcc,1,44500,64
999,cluster_t3_k30__300K_1.0gcc__s1,cluster_t3_k30,300K_1.0gcc,1,45000,64
1000,cluster_t3_k30__300K_1.0gcc__s1,cluster_t3_k30,300K_1.0gcc,1,45500,64
1001,cluster_t3_k30__300K_1.0gcc__s1,cluster_t3_k30,300K_1.0gcc,1,46000,64
1002,cluster_t3_k30__300K_1.0gcc__s1,cluster_t3_k30,300K_1.0gcc,1,46500,64
1003,cluster_t3_k30__300K_1.0gcc__s1,cluster_t3_k30,300K_1.0gcc,1,47000,64
1004,cluster_t3_k30__300K_1.0gcc__s1,cluster_t3_k30,300K_1.0gcc,1,47500,64
1005,cluster_t3_k30__300K_1.0gcc__s1,cluster_t3_k30,300K_1.0gcc,1,48000,64
1006,cluster_t3_k30__300K_1.0gcc__s1,cluster_t3_k30,300K_1.0gcc,1,48500,64
1007,cluster_t3_k30__300K_1.0gcc__s1,cluster_t3_k30,300K_1.0gcc,1,49000,64
1008,cluster_t3_k30__300K_1.0gcc__s1,cluster_t3_k30,300K_1.0gcc,1,49500,64
1009,cluster_t3_k30__300K_1.0gcc__s1,cluster_t3_k30,300K_1.0gcc,1,50000,64
1010,cluster_t3_k30__300K_1.0gcc__s2,cluster_t3_k30,300K_1.0gcc,2,0,64
1011,cluster_t3_k30__300K_1.0gcc__s2,cluster_t3_k30,300K_1.0gcc,2,500,64
1012,cluster_t3_k30__300K_1.0gcc__s2,cluster_t3_k30,300K_1.0gcc,2,1000,64
1013,cluster_t3_k30__300K_1.0gcc__s2,cluster_t3_k30,300K_1.0gcc,2,1500,64
1014,cluster_t3_k30__300K_1.0gcc__s2,cluster_t3_k30,300K_1.0gcc,2,2000,64
1015,cluster_t3_k30__300K_1.0gcc__s2,cluster_t3_k30,300K_1.0gcc,2,2500,64
1016,cluster_t3_k30__300K_1.0gcc__s2,cluster_t3_k30,300K_1.0gcc,2,3000,64
1017,cluster_t3_k30__300K_1.0gcc__s2,cluster_t3_k30,300K_1.0gcc,2,3500,64
1018,cluster_t3_k30__300K_1.0gcc__s2,cluster_t3_k30,300K_1.0gcc,2,4000,64
1019,cluster_t3_k30__300K_1.0gcc__s2,cluster_t3_k30,300K_1.0gcc,2,4500,64
1020,cluster_t3_k30__300K_1.0gcc__s2,cluster_t3_k30,300K_1.0gcc,2,5000,64
1021,cluster_t3_k30__300K_1.0gcc__s2,cluster_t3_k30,300K_1.0gcc,2,5500,64
1022,cluster_t3_k30__300K_1.0gcc__s2,cluster_t3_k30,300K_1.0gcc,2,6000,64
1023,cluster_t3_k30__300K_1.0gcc__s2,cluster_t3_k30,300K_1.0gcc,2,6500,64
1024,cluster_t3_k30__300K_1.0gcc__s2,cluster_t3_k30,300K_1.0gcc,2,7000,64
1025,cluster_t3_k30__300K_1.0gcc__s2,cluster_t3_k30,300K_1.0gcc,2,7500,64
1026,cluster_t3_k30__300K_1.0gcc__s2,cluster_t3_k30,300K_1.0gcc,2,8000,64
1027,cluster_t3_k30__300K_1.0gcc__s2,cluster_t3_k30,300K_1.0gcc,2,8500,64
1028,cluster_t3_k30__300K_1.0gcc__s2,cluster_t3_k30,300K_1.0gcc,2,9000,64
1029,cluster_t3_k30__300K_1.0gcc__s2,cluster_t3_k30,300K_1.0gcc,2,9500,64
1030,cluster_t3_k30__300K_1.0gcc__s2,cluster_t3_k30,300K_1.0gcc,2,10000,64
1031,cluster_t3_k30__300K_1.0gcc__s2,cluster_t3_k30,300K_1.0gcc,2,10500,64
1032,cluster_t3_k30__300K_1.0gcc__s2,cluster_t3_k30,300K_1.0gcc,2,11000,64
1033,cluster_t3_k30__300K_1.0gcc__s2,cluster_t3_k30,300K_1.0gcc,2,11500,64
1034,cluster_t3_k30__300K_1.0gcc__s2,cluster_t3_k30,300K_1.0gcc,2,12000,64
1035,cluster_t3_k30__300K_1.0gcc__s2,cluster_t3_k30,300K_1.0gcc,2,12500,64
1036,cluster_t3_k30__300K_1.0gcc__s2,cluster_t3_k30,300K_1.0gcc,2,13000,64
1037,cluster_t3_k30__300K_1.0gcc__s2,cluster_t3_k30,300K_1.0gcc,2,13500,64
1038,cluster_t3_k30__300K_1.0gcc__s2,cluster_t3_k30,300K_1.0gcc,2,14000,64
1039,cluster_t3_k30__300K_1.0gcc__s2,cluster_t3_k30,300K_1.0gcc,2,14500,64
1040,cluster_t3_k30__300K_1.0gcc__s2,cluster_t3_k30,300K_1.0gcc,2,15000,64
1041,cluster_t3_k30__300K_1.0gcc__s2,cluster_t3_k30,300K_1.0gcc,2,15500,64
1042,cluster_t3_k30__300K_1.0gcc__s2,cluster_t3_k30,300K_1.0gcc,2,16000,64
1043,cluster_t3_k30__300K_1.0gcc__s2,cluster_t3_k30,300K_1.0gcc,2,16500,64
1044,cluster_t3_k30__300K_1.0gcc__s2,cluster_t3_k30,300K_1.0gcc,2,17000,64
1045,cluster_t3_k30__300K_1.0gcc__s2,cluster_t3_k30,300K_1.0gcc,2,17500,64
1046,cluster_t3_k30__300K_1.0gcc__s2,cluster_t3_k30,300K_1.0gcc,2,18000,64
1047,cluster_t3_k30__300K_1.0gcc__s2,cluster_t3_k30,300K_1.0gcc,2,18500,64
1048,cluster_t3_k30__300K_1.0gcc__s2,cluster_t3_k30,300K_1.0gcc,2,19000,64
1049,cluster_t3_k30__300K_1.0gcc__s2,cluster_t3_k30,300K_1.0gcc,2,19500,64
1050,cluster_t3_k30__300K_1.0gcc__s2,cluster_t3_k30,300K_1.0gcc,2,20000,64
1051,cluster_t3_k30__300K_1.0gcc__s2,cluster_t3_k30,300K_1.0gcc,2,20500,64
1052,cluster_t3_k30__300K_1.0gcc__s2,cluster_t3_k30,300K_1.0gcc,2,21000,64
1053,cluster_t3_k30__300K_1.0gcc__s2,cluster_t3_k30,300K_1.0gcc,2,21500,64
1054,cluster_t3_k30__300K_1.0gcc__s2,cluster_t3_k30,300K_1.0gcc,2,22000,64
1055,cluster_t3_k30__300K_1.0gcc__s2,cluster_t3_k30,300K_1.0gcc,2,22500,64
1056,cluster_t3_k30__300K_1.0gcc__s2,cluster_t3_k30,300K_1.0gcc,2,23000,64
1057,cluster_t3_k30__300K_1.0gcc__s2,cluster_t3_k30,300K_1.0gcc,2,23500,64
1058,cluster_t3_k30__300K_1.0gcc__s2,cluster_t3_k30,300K_1.0gcc,2,24000,64
1059,cluster_t3_k30__300K_1.0gcc__s2,cluster_t3_k30,300K_1.0gcc,2,24500,64
1060,cluster_t3_k30__300K_1.0gcc__s2,cluster_t3_k30,300K_1.0gcc,2,25000,64
1061,cluster_t3_k30__300K_1.0gcc__s2,cluster_t3_k30,300K_1.0gcc,2,25500,64
1062,cluster_t3_k30__300K_1.0gcc__s2,cluster_t3_k30,300K_1.0gcc,2,26000,64
1063,cluster_t3_k30__300K_1.0gcc__s2,cluster_t3_k30,300K_1.0gcc,2,26500,64
1064,cluster_t3_k30__300K_1.0gcc__s2,cluster_t3_k30,300K_1.0gcc,2,27000,64
1065,cluster_t3_k30__300K_1.0gcc__s2,cluster_t3_k30,300K_1.0gcc,2,27500,64
1066,cluster_t3_k30__300K_1.0gcc__s2,cluster_t3_k30,300K_1.0gcc,2,28000,64
1067,cluster_t3_k30__300K_1.0gcc__s2,cluster_t3_k30,300K_1.0gcc,2,28500,64
1068,cluster_t3_k30__300K_1.0gcc__s2,cluster_t3_k30,300K_1.0gcc,2,29000,64
1069,cluster_t3_k30__300K_1.0gcc__s2,cluster_t3_k30,300K_1.0gcc,2,29500,64
1070,cluster_t3_k30__300K_1.0gcc__s2,cluster_t3_k30,300K_1.0gcc,2,30000,64
1071,cluster_t3_k30__300K_1.0gcc__s2,cluster_t3_k30,300K_1.0gcc,2,30500,64
1072,cluster_t3_k30__300K_1.0gcc__s2,cluster_t3_k30,300K_1.0gcc,2,31000,64
1073,cluster_t3_k30__300K_1.0gcc__s2,cluster_t3_k30,300K_1.0gcc,2,31500,64
1074,cluster_t3_k30__300K_1.0gcc__s2,cluster_t3_k30,300K_1.0gcc,2,32000,64
1075,cluster_t3_k30__300K_1.0gcc__s2,cluster_t3_k30,300K_1.0gcc,2,32500,64
1076,cluster_t3_k30__300K_1.0gcc__s2,cluster_t3_k30,300K_1.0gcc,2,33000,64
1077,cluster_t3_k30__300K_1.0gcc__s2,cluster_t3_k30,300K_1.0gcc,2,33500,64
1078,cluster_t3_k30__300K_1.0gcc__s2,cluster_t3_k30,300K_1.0gcc,2,34000,64
1079,cluster_t3_k30__300K_1.0gcc__s2,cluster_t3_k30,300K_1.0gcc,2,34500,64
1080,cluster_t3_k30__300K_1.0gcc__s2,cluster_t3_k30,300K_1.0gcc,2,35000,64
1081,cluster_t3_k30__300K_1.0gcc__s2,cluster_t3_k30,300K_1.0gcc,2,35500,64
1082,cluster_t3_k30__300K_1.0gcc__s2,cluster_t3_k30,300K_1.0gcc,2,36000,64
1083,cluster_t3_k30__300K_1.0gcc__s2,cluster_t3_k30,300K_1.0gcc,2,36500,64
1084,cluster_t3_k30__300K_1.0gcc__s2,cluster_t3_k30,300K_1.0gcc,2,37000,64
1085,cluster_t3_k30__300K_1.0gcc__s2,cluster_t3_k30,300K_1.0gcc,2,37500,64
1086,cluster_t3_k30__300K_1.0gcc__s2,cluster_t3_k30,300K_1.0gcc,2,38000,64
1087,cluster_t3_k30__300K_1.0gcc__s2,cluster_t3_k30,300K_1.0gcc,2,38500,64
1088,cluster_t3_k30__300K_1.0gcc__s2,cluster_t3_k30,300K_1.0gcc,2,39000,64
1089,cluster_t3_k30__300K_1.0gcc__s2,cluster_t3_k30,300K_1.0gcc,2,39500,64
1090,cluster_t3_k30__300K_1.0gcc__s2,cluster_t3_k30,300K_1.0gcc,2,40000,64
1091,cluster_t3_k30__300K_1.0gcc__s2,cluster_t3_k30,300K_1.0gcc,2,40500,64
1092,cluster_t3_k30__300K_1.0gcc__s2,cluster_t3_k30,300K_1.0gcc,2,41000,64
1093,cluster_t3_k30__300K_1.0gcc__s2,cluster_t3_k30,300K_1.0gcc,2,41500,64
1094,cluster_t3_k30__300K_1.0gcc__s2,cluster_t3_k30,300K_1.0gcc,2,42000,64
1095,cluster_t3_k30__300K_1.0gcc__s2,cluster_t3_k30,300K_1.0gcc,2,42500,64
1096,cluster_t3_k30__300K_1.0gcc__s2,cluster_t3_k30,300K_1.0gcc,2,43000,64
1097,cluster_t3_k30__300K_1.0gcc__s2,cluster_t3_k30,300K_1.0gcc,2,43500,64
1098,cluster_t3_k30__300K_1.0gcc__s2,cluster_t3_k30,300K_1.0gcc,2,44000,64
1099,cluster_t3_k30__300K_1.0gcc__s2,cluster_t3_k30,300K_1.0gcc,2,44500,64
1100,cluster_t3_k30__300K_1.0gcc__s2,cluster_t3_k30,300K_1.0gcc,2,45000,64
1101,cluster_t3_k30__300K_1.0gcc__s2,cluster_t3_k30,300K_1.0gcc,2,45500,64
1102,cluster_t3_k30__300K_1.0gcc__s2,cluster_t3_k30,300K_1.0gcc,2,46000,64
1103,cluster_t3_k30__300K_1.0gcc__s2,cluster_t3_k30,300K_1.0gcc,2,46500,64
1104,cluster_t3_k30__300K_1.0gcc__s2,cluster_t3_k30,300K_1.0gcc,2,47000,64
1105,cluster_t3_k30__300K_1.0gcc__s2,cluster_t3_k30,300K_1.0gcc,2,47500,64
1106,cluster_t3_k30__300K_1.0gcc__s2,cluster_t3_k30,300K_1.0gcc,2,48000,64
1107,cluster_t3_k30__300K_1.0gcc__s2,cluster_t3_k30,300K_1.0gcc,2,48500,64
1108,cluster_t3_k30__300K_1.0gcc__s2,cluster_t3_k30,300K_1.0gcc,2,49000,64
1109,cluster_t3_k30__300K_1.0gcc__s2,cluster_t3_k30,300K_1.0gcc,2,49500,64
1110,cluster_t3_k30__300K_1.0gcc__s2,cluster_t3_k30,300K_1.0gcc,2,50000,64
1111,cluster_t3_k30__300K_1.0gcc__s3,cluster_t3_k30,300K_1.0gcc,3,0,64
1112,cluster_t3_k30__300K_1.0gcc__s3,cluster_t3_k30,300K_1.0gcc,3,500,64
1113,cluster_t3_k30__300K_1.0gcc__s3,cluster_t3_k30,300K_1.0gcc,3,1000,64
1114,cluster_t3_k30__300K_1.0gcc__s3,cluster_t3_k30,300K_1.0gcc,3,1500,64
1115,cluster_t3_k30__300K_1.0gcc__s3,cluster_t3_k30,300K_1.0gcc,3,2000,64
1116,cluster_t3_k30__300K_1.0gcc__s3,cluster_t3_k30,300K_1.0gcc,3,2500,64
1117,cluster_t3_k30__300K_1.0gcc__s3,cluster_t3_k30,300K_1.0gcc,3,3000,64
1118,cluster_t3_k30__300K_1.0gcc__s3,cluster_t3_k30,300K_1.0gcc,3,3500,64
1119,cluster_t3_k30__300K_1.0gcc__s3,cluster_t3_k30,300K_1.0gcc,3,4000,64
1120,cluster_t3_k30__300K_1.0gcc__s3,cluster_t3_k30,300K_1.0gcc,3,4500,64
1121,cluster_t3_k30__300K_1.0gcc__s3,cluster_t3_k30,300K_1.0gcc,3,5000,64
1122,cluster_t3_k30__300K_1.0gcc__s3,cluster_t3_k30,300K_1.0gcc,3,5500,64
1123,cluster_t3_k30__300K_1.0gcc__s3,cluster_t3_k30,300K_1.0gcc,3,6000,64
1124,cluster_t3_k30__300K_1.0gcc__s3,cluster_t3_k30,300K_1.0gcc,3,6500,64
1125,cluster_t3_k30__300K_1.0gcc__s3,cluster_t3_k30,300K_1.0gcc,3,7000,64
1126,cluster_t3_k30__300K_1.0gcc__s3,cluster_t3_k30,300K_1.0gcc,3,7500,64
1127,cluster_t3_k30__300K_1.0gcc__s3,cluster_t3_k30,300K_1.0gcc,3,8000,64
1128,cluster_t3_k30__300K_1.0gcc__s3,cluster_t3_k30,300K_1.0gcc,3,8500,64
1129,cluster_t3_k30__300K_1.0gcc__s3,cluster_t3_k30,300K_1.0gcc,3,9000,64
1130,cluster_t3_k30__300K_1.0gcc__s3,cluster_t3_k30,300K_1.0gcc,3,9500,64
1131,cluster_t3_k30__300K_1.0gcc__s3,cluster_t3_k30,300K_1.0gcc,3,10000,64
1132,cluster_t3_k30__300K_1.0gcc__s3,cluster_t3_k30,300K_1.0gcc,3,10500,64
1133,cluster_t3_k30__300K_1.0gcc__s3,cluster_t3_k30,300K_1.0gcc,3,11000,64
1134,cluster_t3_k30__300K_1.0gcc__s3,cluster_t3_k30,300K_1.0gcc,3,11500,64
1135,cluster_t3_k30__300K_1.0gcc__s3,cluster_t3_k30,300K_1.0gcc,3,12000,64
1136,cluster_t3_k30__300K_1.0gcc__s3,cluster_t3_k30,300K_1.0gcc,3,12500,64
1137,cluster_t3_k30__300K_1.0gcc__s3,cluster_t3_k30,300K_1.0gcc,3,13000,64
1138,cluster_t3_k30__300K_1.0gcc__s3,cluster_t3_k30,300K_1.0gcc,3,13500,64
1139,cluster_t3_k30__300K_1.0gcc__s3,cluster_t3_k30,300K_1.0gcc,3,14000,64
1140,cluster_t3_k30__300K_1.0gcc__s3,cluster_t3_k30,300K_1.0gcc,3,14500,64
1141,cluster_t3_k30__300K_1.0gcc__s3,cluster_t3_k30,300K_1.0gcc,3,15000,64
1142,cluster_t3_k30__300K_1.0gcc__s3,cluster_t3_k30,300K_1.0gcc,3,15500,64
1143,cluster_t3_k30__300K_1.0gcc__s3,cluster_t3_k30,300K_1.0gcc,3,16000,64
1144,cluster_t3_k30__300K_1.0gcc__s3,cluster_t3_k30,300K_1.0gcc,3,16500,64
1145,cluster_t3_k30__300K_1.0gcc__s3,cluster_t3_k30,300K_1.0gcc,3,17000,64
1146,cluster_t3_k30__300K_1.0gcc__s3,cluster_t3_k30,300K_1.0gcc,3,17500,64
1147,cluster_t3_k30__300K_1.0gcc__s3,cluster_t3_k30,300K_1.0gcc,3,18000,64
1148,cluster_t3_k30__300K_1.0gcc__s3,cluster_t3_k30,300K_1.0gcc,3,18500,64
1149,cluster_t3_k30__300K_1.0gcc__s3,cluster_t3_k30,300K_1.0gcc,3,19000,64
1150,cluster_t3_k30__300K_1.0gcc__s3,cluster_t3_k30,300K_1.0gcc,3,19500,64
1151,cluster_t3_k30__300K_1.0gcc__s3,cluster_t3_k30,300K_1.0gcc,3,20000,64
1152,cluster_t3_k30__300K_1.0gcc__s3,cluster_t3_k30,300K_1.0gcc,3,20500,64
1153,cluster_t3_k30__300K_1.0gcc__s3,cluster_t3_k30,300K_1.0gcc,3,21000,64
1154,cluster_t3_k30__300K_1.0gcc__s3,cluster_t3_k30,300K_1.0gcc,3,21500,64
1155,cluster_t3_k30__300K_1.0gcc__s3,cluster_t3_k30,300K_1.0gcc,3,22000,64
1156,cluster_t3_k30__300K_1.0gcc__s3,cluster_t3_k30,300K_1.0gcc,3,22500,64
1157,cluster_t3_k30__300K_1.0gcc__s3,cluster_t3_k30,300K_1.0gcc,3,23000,64
1158,cluster_t3_k30__300K_1.0gcc__s3,cluster_t3_k30,300K_1.0gcc,3,23500,64
1159,cluster_t3_k30__300K_1.0gcc__s3,cluster_t3_k30,300K_1.0gcc,3,24000,64
1160,cluster_t3_k30__300K_1.0gcc__s3,cluster_t3_k30,300K_1.0gcc,3,24500,64
1161,cluster_t3_k30__300K_1.0gcc__s3,cluster_t3_k30,300K_1.0gcc,3,25000,64
1162,cluster_t3_k30__300K_1.0gcc__s3,cluster_t3_k30,300K_1.0gcc,3,25500,64
1163,cluster_t3_k30__300K_1.0gcc__s3,cluster_t3_k30,300K_1.0gcc,3,26000,64
1164,cluster_t3_k30__300K_1.0gcc__s3,cluster_t3_k30,300K_1.0gcc,3,26500,64
1165,cluster_t3_k30__300K_1.0gcc__s3,cluster_t3_k30,300K_1.0gcc,3,27000,64
1166,cluster_t3_k30__300K_1.0gcc__s3,cluster_t3_k30,300K_1.0gcc,3,27500,64
1167,cluster_t3_k30__300K_1.0gcc__s3,cluster_t3_k30,300K_1.0gcc,3,28000,64
1168,cluster_t3_k30__300K_1.0gcc__s3,cluster_t3_k30,300K_1.0gcc,3,28500,64
1169,cluster_t3_k30__300K_1.0gcc__s3,cluster_t3_k30,300K_1.0gcc,3,29000,64
1170,cluster_t3_k30__300K_1.0gcc__s3,cluster_t3_k30,300K_1.0gcc,3,29500,64
1171,cluster_t3_k30__300K_1.0gcc__s3,cluster_t3_k30,300K_1.0gcc,3,30000,64
1172,cluster_t3_k30__300K_1.0gcc__s3,cluster_t3_k30,300K_1.0gcc,3,30500,64
1173,cluster_t3_k30__300K_1.0gcc__s3,cluster_t3_k30,300K_1.0gcc,3,31000,64
1174,cluster_t3_k30__300K_1.0gcc__s3,cluster_t3_k30,300K_1.0gcc,3,31500,64
1175,cluster_t3_k30__300K_1.0gcc__s3,cluster_t3_k30,300K_1.0gcc,3,32000,64
1176,cluster_t3_k30__300K_1.0gcc__s3,cluster_t3_k30,300K_1.0gcc,3,32500,64
1177,cluster_t3_k30__300K_1.0gcc__s3,cluster_t3_k30,300K_1.0gcc,3,33000,64
1178,cluster_t3_k30__300K_1.0gcc__s3,cluster_t3_k30,300K_1.0gcc,3,33500,64
1179,cluster_t3_k30__300K_1.0gcc__s3,cluster_t3_k30,300K_1.0gcc,3,34000,64
1180,cluster_t3_k30__300K_1.0gcc__s3,cluster_t3_k30,300K_1.0gcc,3,34500,64
1181,cluster_t3_k30__300K_1.0gcc__s3,cluster_t3_k30,300K_1.0gcc,3,35000,64
1182,cluster_t3_k30__300K_1.0gcc__s3,cluster_t3_k30,300K_1.0gcc,3,35500,64
1183,cluster_t3_k30__300K_1.0gcc__s3,cluster_t3_k30,300K_1.0gcc,3,36000,64
1184,cluster_t3_k30__300K_1.0gcc__s3,cluster_t3_k30,300K_1.0gcc,3,36500,64
1185,cluster_t3_k30__300K_1.0gcc__s3,cluster_t3_k30,300K_1.0gcc,3,37000,64
1186,cluster_t3_k30__300K_1.0gcc__s3,cluster_t3_k30,300K_1.0gcc,3,37500,64
1187,cluster_t3_k30__300K_1.0gcc__s3,cluster_t3_k30,300K_1.0gcc,3,38000,64
1188,cluster_t3_k30__300K_1.0gcc__s3,cluster_t3_k30,300K_1.0gcc,3,38500,64
1189,cluster_t3_k30__300K_1.0gcc__s3,cluster_t3_k30,300K_1.0gcc,3,39000,64
1190,cluster_t3_k30__300K_1.0gcc__s3,cluster_t3_k30,300K_1.0gcc,3,39500,64
1191,cluster_t3_k30__300K_1.0gcc__s3,cluster_t3_k30,300K_1.0gcc,3,40000,64
1192,cluster_t3_k30__300K_1.0gcc__s3,cluster_t3_k30,300K_1.0gcc,3,40500,64
1193,cluster_t3_k30__300K_1.0gcc__s3,cluster_t3_k30,300K_1.0gcc,3,41000,64
1194,cluster_t3_k30__300K_1.0gcc__s3,cluster_t3_k30,300K_1.0gcc,3,41500,64
1195,cluster_t3_k30__300K_1.0gcc__s3,cluster_t3_k30,300K_1.0gcc,3,42000,64
1196,cluster_t3_k30__300K_1.0gcc__s3,cluster_t3_k30,300K_1.0gcc,3,42500,64
1197,cluster_t3_k30__300K_1.0gcc__s3,cluster_t3_k30,300K_1.0gcc,3,43000,64
1198,cluster_t3_k30__300K_1.0gcc__s3,cluster_t3_k30,300K_1.0gcc,3,43500,64
1199,cluster_t3_k30__300K_1.0gcc__s3,cluster_t3_k30,300K_1.0gcc,3,44000,64
1200,cluster_t3_k30__300K_1.0gcc__s3,cluster_t3_k30,300K_1.0gcc,3,44500,64
1201,cluster_t3_k30__300K_1.0gcc__s3,cluster_t3_k30,300K_1.0gcc,3,45000,64
1202,cluster_t3_k30__300K_1.0gcc__s3,cluster_t3_k30,300K_1.0gcc,3,45500,64
1203,cluster_t3_k30__300K_1.0gcc__s3,cluster_t3_k30,300K_1.0gcc,3,46000,64
1204,cluster_t3_k30__300K_1.0gcc__s3,cluster_t3_k30,300K_1.0gcc,3,46500,64
1205,cluster_t3_k30__300K_1.0gcc__s3,cluster_t3_k30,300K_1.0gcc,3,47000,64
1206,cluster_t3_k30__300K_1.0gcc__s3,cluster_t3_k30,300K_1.0gcc,3,47500,64
1207,cluster_t3_k30__300K_1.0gcc__s3,cluster_t3_k30,300K_1.0gcc,3,48000,64
1208,cluster_t3_k30__300K_1.0gcc__s3,cluster_t3_k30,300K_1.0gcc,3,48500,64
1209,cluster_t3_k30__300K_1.0gcc__s3,cluster_t3_k30,300K_1.0gcc,3,49000,64
1210,cluster_t3_k30__300K_1.0gcc__s3,cluster_t3_k30,300K_1.0gcc,3,49500,64
1211,cluster_t3_k30__300K_1.0gcc__s3,cluster_t3_k30,300K_1.0gcc,3,50000,64
1212,random_t3_k30__2000K_1.0gcc__s1,random_t3_k30,2000K_1.0gcc,1,0,64
1213,random_t3_k30__2000K_1.0gcc__s1,random_t3_k30,2000K_1.0gcc,1,500,64
1214,random_t3_k30__2000K_1.0gcc__s1,random_t3_k30,2000K_1.0gcc,1,1000,64
1215,random_t3_k30__2000K_1.0gcc__s1,random_t3_k30,2000K_1.0gcc,1,1500,64
1216,random_t3_k30__2000K_1.0gcc__s1,random_t3_k30,2000K_1.0gcc,1,2000,64
1217,random_t3_k30__2000K_1.0gcc__s1,random_t3_k30,2000K_1.0gcc,1,2500,64
1218,random_t3_k30__2000K_1.0gcc__s1,random_t3_k30,2000K_1.0gcc,1,3000,64
1219,random_t3_k30__2000K_1.0gcc__s1,random_t3_k30,2000K_1.0gcc,1,3500,64
1220,random_t3_k30__2000K_1.0gcc__s1,random_t3_k30,2000K_1.0gcc,1,4000,64
1221,random_t3_k30__2000K_1.0gcc__s1,random_t3_k30,2000K_1.0gcc,1,4500,64
1222,random_t3_k30__2000K_1.0gcc__s1,random_t3_k30,2000K_1.0gcc,1,5000,64
1223,random_t3_k30__2000K_1.0gcc__s1,random_t3_k30,2000K_1.0gcc,1,5500,64
1224,random_t3_k30__2000K_1.0gcc__s1,random_t3_k30,2000K_1.0gcc,1,6000,64
1225,random_t3_k30__2000K_1.0gcc__s1,random_t3_k30,2000K_1.0gcc,1,6500,64
1226,random_t3_k30__2000K_1.0gcc__s1,random_t3_k30,2000K_1.0gcc,1,7000,64
1227,random_t3_k30__2000K_1.0gcc__s1,random_t3_k30,2000K_1.0gcc,1,7500,64
1228,random_t3_k30__2000K_1.0gcc__s1,random_t3_k30,2000K_1.0gcc,1,8000,64
1229,random_t3_k30__2000K_1.0gcc__s1,random_t3_k30,2000K_1.0gcc,1,8500,64
1230,random_t3_k30__2000K_1.0gcc__s1,random_t3_k30,2000K_1.0gcc,1,9000,64
1231,random_t3_k30__2000K_1.0gcc__s1,random_t3_k30,2000K_1.0gcc,1,9500,64
1232,random_t3_k30__2000K_1.0gcc__s1,random_t3_k30,2000K_1.0gcc,1,10000,64
1233,random_t3_k30__2000K_1.0gcc__s1,random_t3_k30,2000K_1.0gcc,1,10500,64
1234,random_t3_k30__2000K_1.0gcc__s1,random_t3_k30,2000K_1.0gcc,1,11000,64
1235,random_t3_k30__2000K_1.0gcc__s1,random_t3_k30,2000K_1.0gcc,1,11500,64
1236,random_t3_k30__2000K_1.0gcc__s1,random_t3_k30,2000K_1.0gcc,1,12000,64
1237,random_t3_k30__2000K_1.0gcc__s1,random_t3_k30,2000K_1.0gcc,1,12500,64
1238,random_t3_k30__2000K_1.0gcc__s1,random_t3_k30,2000K_1.0gcc,1,13000,64
1239,random_t3_k30__2000K_1.0gcc__s1,random_t3_k30,2000K_1.0gcc,1,13500,64
1240,random_t3_k30__2000K_1.0gcc__s1,random_t3_k30,2000K_1.0gcc,1,14000,64
1241,random_t3_k30__2000K_1.0gcc__s1,random_t3_k30,2000K_1.0gcc,1,14500,64
1242,random_t3_k30__2000K_1.0gcc__s1,random_t3_k30,2000K_1.0gcc,1,15000,64
1243,random_t3_k30__2000K_1.0gcc__s1,random_t3_k30,2000K_1.0gcc,1,15500,64
1244,random_t3_k30__2000K_1.0gcc__s1,random_t3_k30,2000K_1.0gcc,1,16000,64
1245,random_t3_k30__2000K_1.0gcc__s1,random_t3_k30,2000K_1.0gcc,1,16500,64
1246,random_t3_k30__2000K_1.0gcc__s1,random_t3_k30,2000K_1.0gcc,1,17000,64
1247,random_t3_k30__2000K_1.0gcc__s1,random_t3_k30,2000K_1.0gcc,1,17500,64
1248,random_t3_k30__2000K_1.0gcc__s1,random_t3_k30,2000K_1.0gcc,1,18000,64
1249,random_t3_k30__2000K_1.0gcc__s1,random_t3_k30,2000K_1.0gcc,1,18500,64
1250,random_t3_k30__2000K_1.0gcc__s1,random_t3_k30,2000K_1.0gcc,1,19000,64
1251,random_t3_k30__2000K_1.0gcc__s1,random_t3_k30,2000K_1.0gcc,1,19500,64
1252,random_t3_k30__2000K_1.0gcc__s1,random_t3_k30,2000K_1.0gcc,1,20000,64
1253,random_t3_k30__2000K_1.0gcc__s1,random_t3_k30,2000K_1.0gcc,1,20500,64
1254,random_t3_k30__2000K_1.0gcc__s1,random_t3_k30,2000K_1.0gcc,1,21000,64
1255,random_t3_k30__2000K_1.0gcc__s1,random_t3_k30,2000K_1.0gcc,1,21500,64
1256,random_t3_k30__2000K_1.0gcc__s1,random_t3_k30,2000K_1.0gcc,1,22000,64
1257,random_t3_k30__2000K_1.0gcc__s1,random_t3_k30,2000K_1.0gcc,1,22500,64
1258,random_t3_k30__2000K_1.0gcc__s1,random_t3_k30,2000K_1.0gcc,1,23000,64
1259,random_t3_k30__2000K_1.0gcc__s1,random_t3_k30,2000K_1.0gcc,1,23500,64
1260,random_t3_k30__2000K_1.0gcc__s1,random_t3_k30,2000K_1.0gcc,1,24000,64
1261,random_t3_k30__2000K_1.0gcc__s1,random_t3_k30,2000K_1.0gcc,1,24500,64
1262,random_t3_k30__2000K_1.0gcc__s1,random_t3_k30,2000K_1.0gcc,1,25000,64
1263,random_t3_k30__2000K_1.0gcc__s1,random_t3_k30,2000K_1.0gcc,1,25500,64
1264,random_t3_k30__2000K_1.0gcc__s1,random_t3_k30,2000K_1.0gcc,1,26000,64
1265,random_t3_k30__2000K_1.0gcc__s1,random_t3_k30,2000K_1.0gcc,1,26500,64
1266,random_t3_k30__2000K_1.0gcc__s1,random_t3_k30,2000K_1.0gcc,1,27000,64
1267,random_t3_k30__2000K_1.0gcc__s1,random_t3_k30,2000K_1.0gcc,1,27500,64
1268,random_t3_k30__2000K_1.0gcc__s1,random_t3_k30,2000K_1.0gcc,1,28000,64
1269,random_t3_k30__2000K_1.0gcc__s1,random_t3_k30,2000K_1.0gcc,1,28500,64
1270,random_t3_k30__2000K_1.0gcc__s1,random_t3_k30,2000K_1.0gcc,1,29000,64
1271,random_t3_k30__2000K_1.0gcc__s1,random_t3_k30,2000K_1.0gcc,1,29500,64
1272,random_t3_k30__2000K_1.0gcc__s1,random_t3_k30,2000K_1.0gcc,1,30000,64
1273,random_t3_k30__2000K_1.0gcc__s1,random_t3_k30,2000K_1.0gcc,1,30500,64
1274,random_t3_k30__2000K_1.0gcc__s1,random_t3_k30,2000K_1.0gcc,1,31000,64
1275,random_t3_k30__2000K_1.0gcc__s1,random_t3_k30,2000K_1.0gcc,1,31500,64
1276,random_t3_k30__2000K_1.0gcc__s1,random_t3_k30,2000K_1.0gcc,1,32000,64
1277,random_t3_k30__2000K_1.0gcc__s1,random_t3_k30,2000K_1.0gcc,1,32500,64
1278,random_t3_k30__2000K_1.0gcc__s1,random_t3_k30,2000K_1.0gcc,1,33000,64
1279,random_t3_k30__2000K_1.0gcc__s1,random_t3_k30,2000K_1.0gcc,1,33500,64
1280,random_t3_k30__2000K_1.0gcc__s1,random_t3_k30,2000K_1.0gcc,1,34000,64
1281,random_t3_k30__2000K_1.0gcc__s1,random_t3_k30,2000K_1.0gcc,1,34500,64
1282,random_t3_k30__2000K_1.0gcc__s1,random_t3_k30,2000K_1.0gcc,1,35000,64
1283,random_t3_k30__2000K_1.0gcc__s1,random_t3_k30,2000K_1.0gcc,1,35500,64
1284,random_t3_k30__2000K_1.0gcc__s1,random_t3_k30,2000K_1.0gcc,1,36000,64
1285,random_t3_k30__2000K_1.0gcc__s1,random_t3_k30,2000K_1.0gcc,1,36500,64
1286,random_t3_k30__2000K_1.0gcc__s1,random_t3_k30,2000K_1.0gcc,1,37000,64
1287,random_t3_k30__2000K_1.0gcc__s1,random_t3_k30,2000K_1.0gcc,1,37500,64
1288,random_t3_k30__2000K_1.0gcc__s1,random_t3_k30,2000K_1.0gcc,1,38000,64
1289,random_t3_k30__2000K_1.0gcc__s1,random_t3_k30,2000K_1.0gcc,1,38500,64
1290,random_t3_k30__2000K_1.0gcc__s1,random_t3_k30,2000K_1.0gcc,1,39000,64
1291,random_t3_k30__2000K_1.0gcc__s1,random_t3_k30,2000K_1.0gcc,1,39500,64
1292,random_t3_k30__2000K_1.0gcc__s1,random_t3_k30,2000K_1.0gcc,1,40000,64
1293,random_t3_k30__2000K_1.0gcc__s1,random_t3_k30,2000K_1.0gcc,1,40500,64
1294,random_t3_k30__2000K_1.0gcc__s1,random_t3_k30,2000K_1.0gcc,1,41000,64
1295,random_t3_k30__2000K_1.0gcc__s1,random_t3_k30,2000K_1.0gcc,1,41500,64
1296,random_t3_k30__2000K_1.0gcc__s1,random_t3_k30,2000K_1.0gcc,1,42000,64
1297,random_t3_k30__2000K_1.0gcc__s1,random_t3_k30,2000K_1.0gcc,1,42500,64
1298,random_t3_k30__2000K_1.0gcc__s1,random_t3_k30,2000K_1.0gcc,1,43000,64
1299,random_t3_k30__2000K_1.0gcc__s1,random_t3_k30,2000K_1.0gcc,1,43500,64
1300,random_t3_k30__2000K_1.0gcc__s1,random_t3_k30,2000K_1.0gcc,1,44000,64
1301,random_t3_k30__2000K_1.0gcc__s1,random_t3_k30,2000K_1.0gcc,1,44500,64
1302,random_t3_k30__2000K_1.0gcc__s1,random_t3_k30,2000K_1.0gcc,1,45000,64
1303,random_t3_k30__2000K_1.0gcc__s1,random_t3_k30,2000K_1.0gcc,1,45500,64
1304,random_t3_k30__2000K_1.0gcc__s1,random_t3_k30,2000K_1.0gcc,1,46000,64
1305,random_t3_k30__2000K_1.0gcc__s1,random_t3_k30,2000K_1.0gcc,1,46500,64
1306,random_t3_k30__2000K_1.0gcc__s1,random_t3_k30,2000K_1.0gcc,1,47000,64
1307,random_t3_k30__2000K_1.0gcc__s1,random_t3_k30,2000K_1.0gcc,1,47500,64
1308,random_t3_k30__2000K_1.0gcc__s1,random_t3_k30,2000K_1.0gcc,1,48000,64
1309,random_t3_k30__2000K_1.0gcc__s1,random_t3_k30,2000K_1.0gcc,1,48500,64
1310,random_t3_k30__2000K_1.0gcc__s1,random_t3_k30,2000K_1.0gcc,1,49000,64
1311,random_t3_k30__2000K_1.0gcc__s1,random_t3_k30,2000K_1.0gcc,1,49500,64
1312,random_t3_k30__2000K_1.0gcc__s1,random_t3_k30,2000K_1.0gcc,1,50000,64
1313,random_t3_k30__2000K_1.0gcc__s2,random_t3_k30,2000K_1.0gcc,2,0,64
1314,random_t3_k30__2000K_1.0gcc__s2,random_t3_k30,2000K_1.0gcc,2,500,64
1315,random_t3_k30__2000K_1.0gcc__s2,random_t3_k30,2000K_1.0gcc,2,1000,64
1316,random_t3_k30__2000K_1.0gcc__s2,random_t3_k30,2000K_1.0gcc,2,1500,64
1317,random_t3_k30__2000K_1.0gcc__s2,random_t3_k30,2000K_1.0gcc,2,2000,64
1318,random_t3_k30__2000K_1.0gcc__s2,random_t3_k30,2000K_1.0gcc,2,2500,64
1319,random_t3_k30__2000K_1.0gcc__s2,random_t3_k30,2000K_1.0gcc,2,3000,64
1320,random_t3_k30__2000K_1.0gcc__s2,random_t3_k30,2000K_1.0gcc,2,3500,64
1321,random_t3_k30__2000K_1.0gcc__s2,random_t3_k30,2000K_1.0gcc,2,4000,64
1322,random_t3_k30__2000K_1.0gcc__s2,random_t3_k30,2000K_1.0gcc,2,4500,64
1323,random_t3_k30__2000K_1.0gcc__s2,random_t3_k30,2000K_1.0gcc,2,5000,64
1324,random_t3_k30__2000K_1.0gcc__s2,random_t3_k30,2000K_1.0gcc,2,5500,64
1325,random_t3_k30__2000K_1.0gcc__s2,random_t3_k30,2000K_1.0gcc,2,6000,64
1326,random_t3_k30__2000K_1.0gcc__s2,random_t3_k30,2000K_1.0gcc,2,6500,64
1327,random_t3_k30__2000K_1.0gcc__s2,random_t3_k30,2000K_1.0gcc,2,7000,64
1328,random_t3_k30__2000K_1.0gcc__s2,random_t3_k30,2000K_1.0gcc,2,7500,64
1329,random_t3_k30__2000K_1.0gcc__s2,random_t3_k30,2000K_1.0gcc,2,8000,64
1330,random_t3_k30__2000K_1.0gcc__s2,random_t3_k30,2000K_1.0gcc,2,8500,64
1331,random_t3_k30__2000K_1.0gcc__s2,random_t3_k30,2000K_1.0gcc,2,9000,64
1332,random_t3_k30__2000K_1.0gcc__s2,random_t3_k30,2000K_1.0gcc,2,9500,64
1333,random_t3_k30__2000K_1.0gcc__s2,random_t3_k30,2000K_1.0gcc,2,10000,64
1334,random_t3_k30__2000K_1.0gcc__s2,random_t3_k30,2000K_1.0gcc,2,10500,64
1335,random_t3_k30__2000K_1.0gcc__s2,random_t3_k30,2000K_1.0gcc,2,11000,64
1336,random_t3_k30__2000K_1.0gcc__s2,random_t3_k30,2000K_1.0gcc,2,11500,64
1337,random_t3_k30__2000K_1.0gcc__s2,random_t3_k30,2000K_1.0gcc,2,12000,64
1338,random_t3_k30__2000K_1.0gcc__s2,random_t3_k30,2000K_1.0gcc,2,12500,64
1339,random_t3_k30__2000K_1.0gcc__s2,random_t3_k30,2000K_1.0gcc,2,13000,64
1340,random_t3_k30__2000K_1.0gcc__s2,random_t3_k30,2000K_1.0gcc,2,13500,64
1341,random_t3_k30__2000K_1.0gcc__s2,random_t3_k30,2000K_1.0gcc,2,14000,64
1342,random_t3_k30__2000K_1.0gcc__s2,random_t3_k30,2000K_1.0gcc,2,14500,64
1343,random_t3_k30__2000K_1.0gcc__s2,random_t3_k30,2000K_1.0gcc,2,15000,64
1344,random_t3_k30__2000K_1.0gcc__s2,random_t3_k30,2000K_1.0gcc,2,15500,64
1345,random_t3_k30__2000K_1.0gcc__s2,random_t3_k30,2000K_1.0gcc,2,16000,64
1346,random_t3_k30__2000K_1.0gcc__s2,random_t3_k30,2000K_1.0gcc,2,16500,64
1347,random_t3_k30__2000K_1.0gcc__s2,random_t3_k30,2000K_1.0gcc,2,17000,64
1348,random_t3_k30__2000K_1.0gcc__s2,random_t3_k30,2000K_1.0gcc,2,17500,64
1349,random_t3_k30__2000K_1.0gcc__s2,random_t3_k30,2000K_1.0gcc,2,18000,64
1350,random_t3_k30__2000K_1.0gcc__s2,random_t3_k30,2000K_1.0gcc,2,18500,64
1351,random_t3_k30__2000K_1.0gcc__s2,random_t3_k30,2000K_1.0gcc,2,19000,64
1352,random_t3_k30__2000K_1.0gcc__s2,random_t3_k30,2000K_1.0gcc,2,19500,64
1353,random_t3_k30__2000K_1.0gcc__s2,random_t3_k30,2000K_1.0gcc,2,20000,64
1354,random_t3_k30__2000K_1.0gcc__s2,random_t3_k30,2000K_1.0gcc,2,20500,64
1355,random_t3_k30__2000K_1.0gcc__s2,random_t3_k30,2000K_1.0gcc,2,21000,64
1356,random_t3_k30__2000K_1.0gcc__s2,random_t3_k30,2000K_1.0gcc,2,21500,64
1357,random_t3_k30__2000K_1.0gcc__s2,random_t3_k30,2000K_1.0gcc,2,22000,64
1358,random_t3_k30__2000K_1.0gcc__s2,random_t3_k30,2000K_1.0gcc,2,22500,64
1359,random_t3_k30__2000K_1.0gcc__s2,random_t3_k30,2000K_1.0gcc,2,23000,64
1360,random_t3_k30__2000K_1.0gcc__s2,random_t3_k30,2000K_1.0gcc,2,23500,64
1361,random_t3_k30__2000K_1.0gcc__s2,random_t3_k30,2000K_1.0gcc,2,24000,64
1362,random_t3_k30__2000K_1.0gcc__s2,random_t3_k30,2000K_1.0gcc,2,24500,64
1363,random_t3_k30__2000K_1.0gcc__s2,random_t3_k30,2000K_1.0gcc,2,25000,64
1364,random_t3_k30__2000K_1.0gcc__s2,random_t3_k30,2000K_1.0gcc,2,25500,64
1365,random_t3_k30__2000K_1.0gcc__s2,random_t3_k30,2000K_1.0gcc,2,26000,64
1366,random_t3_k30__2000K_1.0gcc__s2,random_t3_k30,2000K_1.0gcc,2,26500,64
1367,random_t3_k30__2000K_1.0gcc__s2,random_t3_k30,2000K_1.0gcc,2,27000,64
1368,random_t3_k30__2000K_1.0gcc__s2,random_t3_k30,2000K_1.0gcc,2,27500,64
1369,random_t3_k30__2000K_1.0gcc__s2,random_t3_k30,2000K_1.0gcc,2,28000,64
1370,random_t3_k30__2000K_1.0gcc__s2,random_t3_k30,2000K_1.0gcc,2,28500,64
1371,random_t3_k30__2000K_1.0gcc__s2,random_t3_k30,2000K_1.0gcc,2,29000,64
1372,random_t3_k30__2000K_1.0gcc__s2,random_t3_k30,2000K_1.0gcc,2,29500,64
1373,random_t3_k30__2000K_1.0gcc__s2,random_t3_k30,2000K_1.0gcc,2,30000,64
1374,random_t3_k30__2000K_1.0gcc__s2,random_t3_k30,2000K_1.0gcc,2,30500,64
1375,random_t3_k30__2000K_1.0gcc__s2,random_t3_k30,2000K_1.0gcc,2,31000,64
1376,random_t3_k30__2000K_1.0gcc__s2,random_t3_k30,2000K_1.0gcc,2,31500,64
1377,random_t3_k30__2000K_1.0gcc__s2,random_t3_k30,2000K_1.0gcc,2,32000,64
1378,random_t3_k30__2000K_1.0gcc__s2,random_t3_k30,2000K_1.0gcc,2,32500,64
1379,random_t3_k30__2000K_1.0gcc__s2,random_t3_k30,2000K_1.0gcc,2,33000,64
1380,random_t3_k30__2000K_1.0gcc__s2,random_t3_k30,2000K_1.0gcc,2,33500,64
1381,random_t3_k30__2000K_1.0gcc__s2,random_t3_k30,2000K_1.0gcc,2,34000,64
1382,random_t3_k30__2000K_1.0gcc__s2,random_t3_k30,2000K_1.0gcc,2,34500,64
1383,random_t3_k30__2000K_1.0gcc__s2,random_t3_k30,2000K_1.0gcc,2,35000,64
1384,random_t3_k30__2000K_1.0gcc__s2,random_t3_k30,2000K_1.0gcc,2,35500,64
1385,random_t3_k30__2000K_1.0gcc__s2,random_t3_k30,2000K_1.0gcc,2,36000,64
1386,random_t3_k30__2000K_1.0gcc__s2,random_t3_k30,2000K_1.0gcc,2,36500,64
1387,random_t3_k30__2000K_1.0gcc__s2,random_t3_k30,2000K_1.0gcc,2,37000,64
1388,random_t3_k30__2000K_1.0gcc__s2,random_t3_k30,2000K_1.0gcc,2,37500,64
1389,random_t3_k30__2000K_1.0gcc__s2,random_t3_k30,2000K_1.0gcc,2,38000,64
1390,random_t3_k30__2000K_1.0gcc__s2,random_t3_k30,2000K_1.0gcc,2,38500,64
1391,random_t3_k30__2000K_1.0gcc__s2,random_t3_k30,2000K_1.0gcc,2,39000,64
1392,random_t3_k30__2000K_1.0gcc__s2,random_t3_k30,2000K_1.0gcc,2,39500,64
1393,random_t3_k30__2000K_1.0gcc__s2,random_t3_k30,2000K_1.0gcc,2,40000,64
1394,random_t3_k30__2000K_1.0gcc__s2,random_t3_k30,2000K_1.0gcc,2,40500,64
1395,random_t3_k30__2000K_1.0gcc__s2,random_t3_k30,2000K_1.0gcc,2,41000,64
1396,random_t3_k30__2000K_1.0gcc__s2,random_t3_k30,2000K_1.0gcc,2,41500,64
1397,random_t3_k30__2000K_1.0gcc__s2,random_t3_k30,2000K_1.0gcc,2,42000,64
1398,random_t3_k30__2000K_1.0gcc__s2,random_t3_k30,2000K_1.0gcc,2,42500,64
1399,random_t3_k30__2000K_1.0gcc__s2,random_t3_k30,2000K_1.0gcc,2,43000,64
1400,random_t3_k30__2000K_1.0gcc__s2,random_t3_k30,2000K_1.0gcc,2,43500,64
1401,random_t3_k30__2000K_1.0gcc__s2,random_t3_k30,2000K_1.0gcc,2,44000,64
1402,random_t3_k30__2000K_1.0gcc__s2,random_t3_k30,2000K_1.0gcc,2,44500,64
1403,random_t3_k30__2000K_1.0gcc__s2,random_t3_k30,2000K_1.0gcc,2,45000,64
1404,random_t3_k30__2000K_1.0gcc__s2,random_t3_k30,2000K_1.0gcc,2,45500,64
1405,random_t3_k30__2000K_1.0gcc__s2,random_t3_k30,2000K_1.0gcc,2,46000,64
1406,random_t3_k30__2000K_1.0gcc__s2,random_t3_k30,2000K_1.0gcc,2,46500,64
1407,random_t3_k30__2000K_1.0gcc__s2,random_t3_k30,2000K_1.0gcc,2,47000,64
1408,random_t3_k30__2000K_1.0gcc__s2,random_t3_k30,2000K_1.0gcc,2,47500,64
1409,random_t3_k30__2000K_1.0gcc__s2,random_t3_k30,2000K_1.0gcc,2,48000,64
1410,random_t3_k30__2000K_1.0gcc__s2,random_t3_k30,2000K_1.0gcc,2,48500,64
1411,random_t3_k30__2000K_1.0gcc__s2,random_t3_k30,2000K_1.0gcc,2,49000,64
1412,random_t3_k30__2000K_1.0gcc__s2,random_t3_k30,2000K_1.0gcc,2,49500,64
1413,random_t3_k30__2000K_1.0gcc__s2,random_t3_k30,2000K_1.0gcc,2,50000,64
1414,random_t3_k30__2000K_1.0gcc__s3,random_t3_k30,2000K_1.0gcc,3,0,64
1415,random_t3_k30__2000K_1.0gcc__s3,random_t3_k30,2000K_1.0gcc,3,500,64
1416,random_t3_k30__2000K_1.0gcc__s3,random_t3_k30,2000K_1.0gcc,3,1000,64
1417,random_t3_k30__2000K_1.0gcc__s3,random_t3_k30,2000K_1.0gcc,3,1500,64
1418,random_t3_k30__2000K_1.0gcc__s3,random_t3_k30,2000K_1.0gcc,3,2000,64
1419,random_t3_k30__2000K_1.0gcc__s3,random_t3_k30,2000K_1.0gcc,3,2500,64
1420,random_t3_k30__2000K_1.0gcc__s3,random_t3_k30,2000K_1.0gcc,3,3000,64
1421,random_t3_k30__2000K_1.0gcc__s3,random_t3_k30,2000K_1.0gcc,3,3500,64
1422,random_t3_k30__2000K_1.0gcc__s3,random_t3_k30,2000K_1.0gcc,3,4000,64
1423,random_t3_k30__2000K_1.0gcc__s3,random_t3_k30,2000K_1.0gcc,3,4500,64
1424,random_t3_k30__2000K_1.0gcc__s3,random_t3_k30,2000K_1.0gcc,3,5000,64
1425,random_t3_k30__2000K_1.0gcc__s3,random_t3_k30,2000K_1.0gcc,3,5500,64
1426,random_t3_k30__2000K_1.0gcc__s3,random_t3_k30,2000K_1.0gcc,3,6000,64
1427,random_t3_k30__2000K_1.0gcc__s3,random_t3_k30,2000K_1.0gcc,3,6500,64
1428,random_t3_k30__2000K_1.0gcc__s3,random_t3_k30,2000K_1.0gcc,3,7000,64
1429,random_t3_k30__2000K_1.0gcc__s3,random_t3_k30,2000K_1.0gcc,3,7500,64
1430,random_t3_k30__2000K_1.0gcc__s3,random_t3_k30,2000K_1.0gcc,3,8000,64
1431,random_t3_k30__2000K_1.0gcc__s3,random_t3_k30,2000K_1.0gcc,3,8500,64
1432,random_t3_k30__2000K_1.0gcc__s3,random_t3_k30,2000K_1.0gcc,3,9000,64
1433,random_t3_k30__2000K_1.0gcc__s3,random_t3_k30,2000K_1.0gcc,3,9500,64
1434,random_t3_k30__2000K_1.0gcc__s3,random_t3_k30,2000K_1.0gcc,3,10000,64
1435,random_t3_k30__2000K_1.0gcc__s3,random_t3_k30,2000K_1.0gcc,3,10500,64
1436,random_t3_k30__2000K_1.0gcc__s3,random_t3_k30,2000K_1.0gcc,3,11000,64
1437,random_t3_k30__2000K_1.0gcc__s3,random_t3_k30,2000K_1.0gcc,3,11500,64
1438,random_t3_k30__2000K_1.0gcc__s3,random_t3_k30,2000K_1.0gcc,3,12000,64
1439,random_t3_k30__2000K_1.0gcc__s3,random_t3_k30,2000K_1.0gcc,3,12500,64
1440,random_t3_k30__2000K_1.0gcc__s3,random_t3_k30,2000K_1.0gcc,3,13000,64
1441,random_t3_k30__2000K_1.0gcc__s3,random_t3_k30,2000K_1.0gcc,3,13500,64
1442,random_t3_k30__2000K_1.0gcc__s3,random_t3_k30,2000K_1.0gcc,3,14000,64
1443,random_t3_k30__2000K_1.0gcc__s3,random_t3_k30,2000K_1.0gcc,3,14500,64
1444,random_t3_k30__2000K_1.0gcc__s3,random_t3_k30,2000K_1.0gcc,3,15000,64
1445,random_t3_k30__2000K_1.0gcc__s3,random_t3_k30,2000K_1.0gcc,3,15500,64
1446,random_t3_k30__2000K_1.0gcc__s3,random_t3_k30,2000K_1.0gcc,3,16000,64
1447,random_t3_k30__2000K_1.0gcc__s3,random_t3_k30,2000K_1.0gcc,3,16500,64
1448,random_t3_k30__2000K_1.0gcc__s3,random_t3_k30,2000K_1.0gcc,3,17000,64
1449,random_t3_k30__2000K_1.0gcc__s3,random_t3_k30,2000K_1.0gcc,3,17500,64
1450,random_t3_k30__2000K_1.0gcc__s3,random_t3_k30,2000K_1.0gcc,3,18000,64
1451,random_t3_k30__2000K_1.0gcc__s3,random_t3_k30,2000K_1.0gcc,3,18500,64
1452,random_t3_k30__2000K_1.0gcc__s3,random_t3_k30,2000K_1.0gcc,3,19000,64
1453,random_t3_k30__2000K_1.0gcc__s3,random_t3_k30,2000K_1.0gcc,3,19500,64
1454,random_t3_k30__2000K_1.0gcc__s3,random_t3_k30,2000K_1.0gcc,3,20000,64
1455,random_t3_k30__2000K_1.0gcc__s3,random_t3_k30,2000K_1.0gcc,3,20500,64
1456,random_t3_k30__2000K_1.0gcc__s3,random_t3_k30,2000K_1.0gcc,3,21000,64
1457,random_t3_k30__2000K_1.0gcc__s3,random_t3_k30,2000K_1.0gcc,3,21500,64
1458,random_t3_k30__2000K_1.0gcc__s3,random_t3_k30,2000K_1.0gcc,3,22000,64
1459,random_t3_k30__2000K_1.0gcc__s3,random_t3_k30,2000K_1.0gcc,3,22500,64
1460,random_t3_k30__2000K_1.0gcc__s3,random_t3_k30,2000K_1.0gcc,3,23000,64
1461,random_t3_k30__2000K_1.0gcc__s3,random_t3_k30,2000K_1.0gcc,3,23500,64
1462,random_t3_k30__2000K_1.0gcc__s3,random_t3_k30,2000K_1.0gcc,3,24000,64
1463,random_t3_k30__2000K_1.0gcc__s3,random_t3_k30,2000K_1.0gcc,3,24500,64
1464,random_t3_k30__2000K_1.0gcc__s3,random_t3_k30,2000K_1.0gcc,3,25000,64
1465,random_t3_k30__2000K_1.0gcc__s3,random_t3_k30,2000K_1.0gcc,3,25500,64
1466,random_t3_k30__2000K_1.0gcc__s3,random_t3_k30,2000K_1.0gcc,3,26000,64
1467,random_t3_k30__2000K_1.0gcc__s3,random_t3_k30,2000K_1.0gcc,3,26500,64
1468,random_t3_k30__2000K_1.0gcc__s3,random_t3_k30,2000K_1.0gcc,3,27000,64
1469,random_t3_k30__2000K_1.0gcc__s3,random_t3_k30,2000K_1.0gcc,3,27500,64
1470,random_t3_k30__2000K_1.0gcc__s3,random_t3_k30,2000K_1.0gcc,3,28000,64
1471,random_t3_k30__2000K_1.0gcc__s3,random_t3_k30,2000K_1.0gcc,3,28500,64
1472,random_t3_k30__2000K_1.0gcc__s3,random_t3_k30,2000K_1.0gcc,3,29000,64
1473,random_t3_k30__2000K_1.0gcc__s3,random_t3_k30,2000K_1.0gcc,3,29500,64
1474,random_t3_k30__2000K_1.0gcc__s3,random_t3_k30,2000K_1.0gcc,3,30000,64
1475,random_t3_k30__2000K_1.0gcc__s3,random_t3_k30,2000K_1.0gcc,3,30500,64
1476,random_t3_k30__2000K_1.0gcc__s3,random_t3_k30,2000K_1.0gcc,3,31000,64
1477,random_t3_k30__2000K_1.0gcc__s3,random_t3_k30,2000K_1.0gcc,3,31500,64
1478,random_t3_k30__2000K_1.0gcc__s3,random_t3_k30,2000K_1.0gcc,3,32000,64
1479,random_t3_k30__2000K_1.0gcc__s3,random_t3_k30,2000K_1.0gcc,3,32500,64
1480,random_t3_k30__2000K_1.0gcc__s3,random_t3_k30,2000K_1.0gcc,3,33000,64
1481,random_t3_k30__2000K_1.0gcc__s3,random_t3_k30,2000K_1.0gcc,3,33500,64
1482,random_t3_k30__2000K_1.0gcc__s3,random_t3_k30,2000K_1.0gcc,3,34000,64
1483,random_t3_k30__2000K_1.0gcc__s3,random_t3_k30,2000K_1.0gcc,3,34500,64
1484,random_t3_k30__2000K_1.0gcc__s3,random_t3_k30,2000K_1.0gcc,3,35000,64
1485,random_t3_k30__2000K_1.0gcc__s3,random_t3_k30,2000K_1.0gcc,3,35500,64
1486,random_t3_k30__2000K_1.0gcc__s3,random_t3_k30,2000K_1.0gcc,3,36000,64
1487,random_t3_k30__2000K_1.0gcc__s3,random_t3_k30,2000K_1.0gcc,3,36500,64
1488,random_t3_k30__2000K_1.0gcc__s3,random_t3_k30,2000K_1.0gcc,3,37000,64
1489,random_t3_k30__2000K_1.0gcc__s3,random_t3_k30,2000K_1.0gcc,3,37500,64
1490,random_t3_k30__2000K_1.0gcc__s3,random_t3_k30,2000K_1.0gcc,3,38000,64
1491,random_t3_k30__2000K_1.0gcc__s3,random_t3_k30,2000K_1.0gcc,3,38500,64
1492,random_t3_k30__2000K_1.0gcc__s3,random_t3_k30,2000K_1.0gcc,3,39000,64
1493,random_t3_k30__2000K_1.0gcc__s3,random_t3_k30,2000K_1.0gcc,3,39500,64
1494,random_t3_k30__2000K_1.0gcc__s3,random_t3_k30,2000K_1.0gcc,3,40000,64
1495,random_t3_k30__2000K_1.0gcc__s3,random_t3_k30,2000K_1.0gcc,3,40500,64
1496,random_t3_k30__2000K_1.0gcc__s3,random_t3_k30,2000K_1.0gcc,3,41000,64
1497,random_t3_k30__2000K_1.0gcc__s3,random_t3_k30,2000K_1.0gcc,3,41500,64
1498,random_t3_k30__2000K_1.0gcc__s3,random_t3_k30,2000K_1.0gcc,3,42000,64
1499,random_t3_k30__2000K_1.0gcc__s3,random_t3_k30,2000K_1.0gcc,3,42500,64
1500,random_t3_k30__2000K_1.0gcc__s3,random_t3_k30,2000K_1.0gcc,3,43000,64
1501,random_t3_k30__2000K_1.0gcc__s3,random_t3_k30,2000K_1.0gcc,3,43500,64
1502,random_t3_k30__2000K_1.0gcc__s3,random_t3_k30,2000K_1.0gcc,3,44000,64
1503,random_t3_k30__2000K_1.0gcc__s3,random_t3_k30,2000K_1.0gcc,3,44500,64
1504,random_t3_k30__2000K_1.0gcc__s3,random_t3_k30,2000K_1.0gcc,3,45000,64
1505,random_t3_k30__2000K_1.0gcc__s3,random_t3_k30,2000K_1.0gcc,3,45500,64
1506,random_t3_k30__2000K_1.0gcc__s3,random_t3_k30,2000K_1.0gcc,3,46000,64
1507,random_t3_k30__2000K_1.0gcc__s3,random_t3_k30,2000K_1.0gcc,3,46500,64
1508,random_t3_k30__2000K_1.0gcc__s3,random_t3_k30,2000K_1.0gcc,3,47000,64
1509,random_t3_k30__2000K_1.0gcc__s3,random_t3_k30,2000K_1.0gcc,3,47500,64
1510,random_t3_k30__2000K_1.0gcc__s3,random_t3_k30,2000K_1.0gcc,3,48000,64
1511,random_t3_k30__2000K_1.0gcc__s3,random_t3_k30,2000K_1.0gcc,3,48500,64
1512,random_t3_k30__2000K_1.0gcc__s3,random_t3_k30,2000K_1.0gcc,3,49000,64
1513,random_t3_k30__2000K_1.0gcc__s3,random_t3_k30,2000K_1.0gcc,3,49500,64
1514,random_t3_k30__2000K_1.0gcc__s3,random_t3_k30,2000K_1.0gcc,3,50000,64
1515,random_t3_k30__300K_1.0gcc__s1,random_t3_k30,300K_1.0gcc,1,0,64
1516,random_t3_k30__300K_1.0gcc__s1,random_t3_k30,300K_1.0gcc,1,500,64
1517,random_t3_k30__300K_1.0gcc__s1,random_t3_k30,300K_1.0gcc,1,1000,64
1518,random_t3_k30__300K_1.0gcc__s1,random_t3_k30,300K_1.0gcc,1,1500,64
1519,random_t3_k30__300K_1.0gcc__s1,random_t3_k30,300K_1.0gcc,1,2000,64
1520,random_t3_k30__300K_1.0gcc__s1,random_t3_k30,300K_1.0gcc,1,2500,64
1521,random_t3_k30__300K_1.0gcc__s1,random_t3_k30,300K_1.0gcc,1,3000,64
1522,random_t3_k30__300K_1.0gcc__s1,random_t3_k30,300K_1.0gcc,1,3500,64
1523,random_t3_k30__300K_1.0gcc__s1,random_t3_k30,300K_1.0gcc,1,4000,64
1524,random_t3_k30__300K_1.0gcc__s1,random_t3_k30,300K_1.0gcc,1,4500,64
1525,random_t3_k30__300K_1.0gcc__s1,random_t3_k30,300K_1.0gcc,1,5000,64
1526,random_t3_k30__300K_1.0gcc__s1,random_t3_k30,300K_1.0gcc,1,5500,64
1527,random_t3_k30__300K_1.0gcc__s1,random_t3_k30,300K_1.0gcc,1,6000,64
1528,random_t3_k30__300K_1.0gcc__s1,random_t3_k30,300K_1.0gcc,1,6500,64
1529,random_t3_k30__300K_1.0gcc__s1,random_t3_k30,300K_1.0gcc,1,7000,64
1530,random_t3_k30__300K_1.0gcc__s1,random_t3_k30,300K_1.0gcc,1,7500,64
1531,random_t3_k30__300K_1.0gcc__s1,random_t3_k30,300K_1.0gcc,1,8000,64
1532,random_t3_k30__300K_1.0gcc__s1,random_t3_k30,300K_1.0gcc,1,8500,64
1533,random_t3_k30__300K_1.0gcc__s1,random_t3_k30,300K_1.0gcc,1,9000,64
1534,random_t3_k30__300K_1.0gcc__s1,random_t3_k30,300K_1.0gcc,1,9500,64
1535,random_t3_k30__300K_1.0gcc__s1,random_t3_k30,300K_1.0gcc,1,10000,64
1536,random_t3_k30__300K_1.0gcc__s1,random_t3_k30,300K_1.0gcc,1,10500,64
1537,random_t3_k30__300K_1.0gcc__s1,random_t3_k30,300K_1.0gcc,1,11000,64
1538,random_t3_k30__300K_1.0gcc__s1,random_t3_k30,300K_1.0gcc,1,11500,64
1539,random_t3_k30__300K_1.0gcc__s1,random_t3_k30,300K_1.0gcc,1,12000,64
1540,random_t3_k30__300K_1.0gcc__s1,random_t3_k30,300K_1.0gcc,1,12500,64
1541,random_t3_k30__300K_1.0gcc__s1,random_t3_k30,300K_1.0gcc,1,13000,64
1542,random_t3_k30__300K_1.0gcc__s1,random_t3_k30,300K_1.0gcc,1,13500,64
1543,random_t3_k30__300K_1.0gcc__s1,random_t3_k30,300K_1.0gcc,1,14000,64
1544,random_t3_k30__300K_1.0gcc__s1,random_t3_k30,300K_1.0gcc,1,14500,64
1545,random_t3_k30__300K_1.0gcc__s1,random_t3_k30,300K_1.0gcc,1,15000,64
1546,random_t3_k30__300K_1.0gcc__s1,random_t3_k30,300K_1.0gcc,1,15500,64
1547,random_t3_k30__300K_1.0gcc__s1,random_t3_k30,300K_1.0gcc,1,16000,64
1548,random_t3_k30__300K_1.0gcc__s1,random_t3_k30,300K_1.0gcc,1,16500,64
1549,random_t3_k30__300K_1.0gcc__s1,random_t3_k30,300K_1.0gcc,1,17000,64
1550,random_t3_k30__300K_1.0gcc__s1,random_t3_k30,300K_1.0gcc,1,17500,64
1551,random_t3_k30__300K_1.0gcc__s1,random_t3_k30,300K_1.0gcc,1,18000,64
1552,random_t3_k30__300K_1.0gcc__s1,random_t3_k30,300K_1.0gcc,1,18500,64
1553,random_t3_k30__300K_1.0gcc__s1,random_t3_k30,300K_1.0gcc,1,19000,64
1554,random_t3_k30__300K_1.0gcc__s1,random_t3_k30,300K_1.0gcc,1,19500,64
1555,random_t3_k30__300K_1.0gcc__s1,random_t3_k30,300K_1.0gcc,1,20000,64
1556,random_t3_k30__300K_1.0gcc__s1,random_t3_k30,300K_1.0gcc,1,20500,64
1557,random_t3_k30__300K_1.0gcc__s1,random_t3_k30,300K_1.0gcc,1,21000,64
1558,random_t3_k30__300K_1.0gcc__s1,random_t3_k30,300K_1.0gcc,1,21500,64
1559,random_t3_k30__300K_1.0gcc__s1,random_t3_k30,300K_1.0gcc,1,22000,64
1560,random_t3_k30__300K_1.0gcc__s1,random_t3_k30,300K_1.0gcc,1,22500,64
1561,random_t3_k30__300K_1.0gcc__s1,random_t3_k30,300K_1.0gcc,1,23000,64
1562,random_t3_k30__300K_1.0gcc__s1,random_t3_k30,300K_1.0gcc,1,23500,64
1563,random_t3_k30__300K_1.0gcc__s1,random_t3_k30,300K_1.0gcc,1,24000,64
1564,random_t3_k30__300K_1.0gcc__s1,random_t3_k30,300K_1.0gcc,1,24500,64
1565,random_t3_k30__300K_1.0gcc__s1,random_t3_k30,300K_1.0gcc,1,25000,64
1566,random_t3_k30__300K_1.0gcc__s1,random_t3_k30,300K_1.0gcc,1,25500,64
1567,random_t3_k30__300K_1.0gcc__s1,random_t3_k30,300K_1.0gcc,1,26000,64
1568,random_t3_k30__300K_1.0gcc__s1,random_t3_k30,300K_1.0gcc,1,26500,64
1569,random_t3_k30__300K_1.0gcc__s1,random_t3_k30,300K_1.0gcc,1,27000,64
1570,random_t3_k30__300K_1.0gcc__s1,random_t3_k30,300K_1.0gcc,1,27500,64
1571,random_t3_k30__300K_1.0gcc__s1,random_t3_k30,300K_1.0gcc,1,28000,64
1572,random_t3_k30__300K_1.0gcc__s1,random_t3_k30,300K_1.0gcc,1,28500,64
1573,random_t3_k30__300K_1.0gcc__s1,random_t3_k30,300K_1.0gcc,1,29000,64
1574,random_t3_k30__300K_1.0gcc__s1,random_t3_k30,300K_1.0gcc,1,29500,64
1575,random_t3_k30__300K_1.0gcc__s1,random_t3_k30,300K_1.0gcc,1,30000,64
1576,random_t3_k30__300K_1.0gcc__s1,random_t3_k30,300K_1.0gcc,1,30500,64
1577,random_t3_k30__300K_1.0gcc__s1,random_t3_k30,300K_1.0gcc,1,31000,64
1578,random_t3_k30__300K_1.0gcc__s1,random_t3_k30,300K_1.0gcc,1,31500,64
1579,random_t3_k30__300K_1.0gcc__s1,random_t3_k30,300K_1.0gcc,1,32000,64
1580,random_t3_k30__300K_1.0gcc__s1,random_t3_k30,300K_1.0gcc,1,32500,64
1581,random_t3_k30__300K_1.0gcc__s1,random_t3_k30,300K_1.0gcc,1,33000,64
1582,random_t3_k30__300K_1.0gcc__s1,random_t3_k30,300K_1.0gcc,1,33500,64
1583,random_t3_k30__300K_1.0gcc__s1,random_t3_k30,300K_1.0gcc,1,34000,64
1584,random_t3_k30__300K_1.0gcc__s1,random_t3_k30,300K_1.0gcc,1,34500,64
1585,random_t3_k30__300K_1.0gcc__s1,random_t3_k30,300K_1.0gcc,1,35000,64
1586,random_t3_k30__300K_1.0gcc__s1,random_t3_k30,300K_1.0gcc,1,35500,64
1587,random_t3_k30__300K_1.0gcc__s1,random_t3_k30,300K_1.0gcc,1,36000,64
1588,random_t3_k30__300K_1.0gcc__s1,random_t3_k30,300K_1.0gcc,1,36500,64
1589,random_t3_k30__300K_1.0gcc__s1,random_t3_k30,300K_1.0gcc,1,37000,64
1590,random_t3_k30__300K_1.0gcc__s1,random_t3_k30,300K_1.0gcc,1,37500,64
1591,random_t3_k30__300K_1.0gcc__s1,random_t3_k30,300K_1.0gcc,1,38000,64
1592,random_t3_k30__300K_1.0gcc__s1,random_t3_k30,300K_1.0gcc,1,38500,64
1593,random_t3_k30__300K_1.0gcc__s1,random_t3_k30,300K_1.0gcc,1,39000,64
1594,random_t3_k30__300K_1.0gcc__s1,random_t3_k30,300K_1.0gcc,1,39500,64
1595,random_t3_k30__300K_1.0gcc__s1,random_t3_k30,300K_1.0gcc,1,40000,64
1596,random_t3_k30__300K_1.0gcc__s1,random_t3_k30,300K_1.0gcc,1,40500,64
1597,random_t3_k30__300K_1.0gcc__s1,random_t3_k30,300K_1.0gcc,1,41000,64
1598,random_t3_k30__300K_1.0gcc__s1,random_t3_k30,300K_1.0gcc,1,41500,64
1599,random_t3_k30__300K_1.0gcc__s1,random_t3_k30,300K_1.0gcc,1,42000,64
1600,random_t3_k30__300K_1.0gcc__s1,random_t3_k30,300K_1.0gcc,1,42500,64
1601,random_t3_k30__300K_1.0gcc__s1,random_t3_k30,300K_1.0gcc,1,43000,64
1602,random_t3_k30__300K_1.0gcc__s1,random_t3_k30,300K_1.0gcc,1,43500,64
1603,random_t3_k30__300K_1.0gcc__s1,random_t3_k30,300K_1.0gcc,1,44000,64
1604,random_t3_k30__300K_1.0gcc__s1,random_t3_k30,300K_1.0gcc,1,44500,64
1605,random_t3_k30__300K_1.0gcc__s1,random_t3_k30,300K_1.0gcc,1,45000,64
1606,random_t3_k30__300K_1.0gcc__s1,random_t3_k30,300K_1.0gcc,1,45500,64
1607,random_t3_k30__300K_1.0gcc__s1,random_t3_k30,300K_1.0gcc,1,46000,64
1608,random_t3_k30__300K_1.0gcc__s1,random_t3_k30,300K_1.0gcc,1,46500,64
1609,random_t3_k30__300K_1.0gcc__s1,random_t3_k30,300K_1.0gcc,1,47000,64
1610,random_t3_k30__300K_1.0gcc__s1,random_t3_k30,300K_1.0gcc,1,47500,64
1611,random_t3_k30__300K_1.0gcc__s1,random_t3_k30,300K_1.0gcc,1,48000,64
1612,random_t3_k30__300K_1.0gcc__s1,random_t3_k30,300K_1.0gcc,1,48500,64
1613,random_t3_k30__300K_1.0gcc__s1,random_t3_k30,300K_1.0gcc,1,49000,64
1614,random_t3_k30__300K_1.0gcc__s1,random_t3_k30,300K_1.0gcc,1,49500,64
1615,random_t3_k30__300K_1.0gcc__s1,random_t3_k30,300K_1.0gcc,1,50000,64
1616,random_t3_k30__300K_1.0gcc__s2,random_t3_k30,300K_1.0gcc,2,0,64
1617,random_t3_k30__300K_1.0gcc__s2,random_t3_k30,300K_1.0gcc,2,500,64
1618,random_t3_k30__300K_1.0gcc__s2,random_t3_k30,300K_1.0gcc,2,1000,64
1619,random_t3_k30__300K_1.0gcc__s2,random_t3_k30,300K_1.0gcc,2,1500,64
1620,random_t3_k30__300K_1.0gcc__s2,random_t3_k30,300K_1.0gcc,2,2000,64
1621,random_t3_k30__300K_1.0gcc__s2,random_t3_k30,300K_1.0gcc,2,2500,64
1622,random_t3_k30__300K_1.0gcc__s2,random_t3_k30,300K_1.0gcc,2,3000,64
1623,random_t3_k30__300K_1.0gcc__s2,random_t3_k30,300K_1.0gcc,2,3500,64
1624,random_t3_k30__300K_1.0gcc__s2,random_t3_k30,300K_1.0gcc,2,4000,64
1625,random_t3_k30__300K_1.0gcc__s2,random_t3_k30,300K_1.0gcc,2,4500,64
1626,random_t3_k30__300K_1.0gcc__s2,random_t3_k30,300K_1.0gcc,2,5000,64
1627,random_t3_k30__300K_1.0gcc__s2,random_t3_k30,300K_1.0gcc,2,5500,64
1628,random_t3_k30__300K_1.0gcc__s2,random_t3_k30,300K_1.0gcc,2,6000,64
1629,random_t3_k30__300K_1.0gcc__s2,random_t3_k30,300K_1.0gcc,2,6500,64
1630,random_t3_k30__300K_1.0gcc__s2,random_t3_k30,300K_1.0gcc,2,7000,64
1631,random_t3_k30__300K_1.0gcc__s2,random_t3_k30,300K_1.0gcc,2,7500,64
1632,random_t3_k30__300K_1.0gcc__s2,random_t3_k30,300K_1.0gcc,2,8000,64
1633,random_t3_k30__300K_1.0gcc__s2,random_t3_k30,300K_1.0gcc,2,8500,64
1634,random_t3_k30__300K_1.0gcc__s2,random_t3_k30,300K_1.0gcc,2,9000,64
1635,random_t3_k30__300K_1.0gcc__s2,random_t3_k30,300K_1.0gcc,2,9500,64
1636,random_t3_k30__300K_1.0gcc__s2,random_t3_k30,300K_1.0gcc,2,10000,64
1637,random_t3_k30__300K_1.0gcc__s2,random_t3_k30,300K_1.0gcc,2,10500,64
1638,random_t3_k30__300K_1.0gcc__s2,random_t3_k30,300K_1.0gcc,2,11000,64
1639,random_t3_k30__300K_1.0gcc__s2,random_t3_k30,300K_1.0gcc,2,11500,64
1640,random_t3_k30__300K_1.0gcc__s2,random_t3_k30,300K_1.0gcc,2,12000,64
1641,random_t3_k30__300K_1.0gcc__s2,random_t3_k30,300K_1.0gcc,2,12500,64
1642,random_t3_k30__300K_1.0gcc__s2,random_t3_k30,300K_1.0gcc,2,13000,64
1643,random_t3_k30__300K_1.0gcc__s2,random_t3_k30,300K_1.0gcc,2,13500,64
1644,random_t3_k30__300K_1.0gcc__s2,random_t3_k30,300K_1.0gcc,2,14000,64
1645,random_t3_k30__300K_1.0gcc__s2,random_t3_k30,300K_1.0gcc,2,14500,64
1646,random_t3_k30__300K_1.0gcc__s2,random_t3_k30,300K_1.0gcc,2,15000,64
1647,random_t3_k30__300K_1.0gcc__s2,random_t3_k30,300K_1.0gcc,2,15500,64
1648,random_t3_k30__300K_1.0gcc__s2,random_t3_k30,300K_1.0gcc,2,16000,64
1649,random_t3_k30__300K_1.0gcc__s2,random_t3_k30,300K_1.0gcc,2,16500,64
1650,random_t3_k30__300K_1.0gcc__s2,random_t3_k30,300K_1.0gcc,2,17000,64
1651,random_t3_k30__300K_1.0gcc__s2,random_t3_k30,300K_1.0gcc,2,17500,64
1652,random_t3_k30__300K_1.0gcc__s2,random_t3_k30,300K_1.0gcc,2,18000,64
1653,random_t3_k30__300K_1.0gcc__s2,random_t3_k30,300K_1.0gcc,2,18500,64
1654,random_t3_k30__300K_1.0gcc__s2,random_t3_k30,300K_1.0gcc,2,19000,64
1655,random_t3_k30__300K_1.0gcc__s2,random_t3_k30,300K_1.0gcc,2,19500,64
1656,random_t3_k30__300K_1.0gcc__s2,random_t3_k30,300K_1.0gcc,2,20000,64
1657,random_t3_k30__300K_1.0gcc__s2,random_t3_k30,300K_1.0gcc,2,20500,64
1658,random_t3_k30__300K_1.0gcc__s2,random_t3_k30,300K_1.0gcc,2,21000,64
1659,random_t3_k30__300K_1.0gcc__s2,random_t3_k30,300K_1.0gcc,2,21500,64
1660,random_t3_k30__300K_1.0gcc__s2,random_t3_k30,300K_1.0gcc,2,22000,64
1661,random_t3_k30__300K_1.0gcc__s2,random_t3_k30,300K_1.0gcc,2,22500,64
1662,random_t3_k30__300K_1.0gcc__s2,random_t3_k30,300K_1.0gcc,2,23000,64
1663,random_t3_k30__300K_1.0gcc__s2,random_t3_k30,300K_1.0gcc,2,23500,64
1664,random_t3_k30__300K_1.0gcc__s2,random_t3_k30,300K_1.0gcc,2,24000,64
1665,random_t3_k30__300K_1.0gcc__s2,random_t3_k30,300K_1.0gcc,2,24500,64
1666,random_t3_k30__300K_1.0gcc__s2,random_t3_k30,300K_1.0gcc,2,25000,64
1667,random_t3_k30__300K_1.0gcc__s2,random_t3_k30,300K_1.0gcc,2,25500,64
1668,random_t3_k30__300K_1.0gcc__s2,random_t3_k30,300K_1.0gcc,2,26000,64
1669,random_t3_k30__300K_1.0gcc__s2,random_t3_k30,300K_1.0gcc,2,26500,64
1670,random_t3_k30__300K_1.0gcc__s2,random_t3_k30,300K_1.0gcc,2,27000,64
1671,random_t3_k30__300K_1.0gcc__s2,random_t3_k30,300K_1.0gcc,2,27500,64
1672,random_t3_k30__300K_1.0gcc__s2,random_t3_k30,300K_1.0gcc,2,28000,64
1673,random_t3_k30__300K_1.0gcc__s2,random_t3_k30,300K_1.0gcc,2,28500,64
1674,random_t3_k30__300K_1.0gcc__s2,random_t3_k30,300K_1.0gcc,2,29000,64
1675,random_t3_k30__300K_1.0gcc__s2,random_t3_k30,300K_1.0gcc,2,29500,64
1676,random_t3_k30__300K_1.0gcc__s2,random_t3_k30,300K_1.0gcc,2,30000,64
1677,random_t3_k30__300K_1.0gcc__s2,random_t3_k30,300K_1.0gcc,2,30500,64
1678,random_t3_k30__300K_1.0gcc__s2,random_t3_k30,300K_1.0gcc,2,31000,64
1679,random_t3_k30__300K_1.0gcc__s2,random_t3_k30,300K_1.0gcc,2,31500,64
1680,random_t3_k30__300K_1.0gcc__s2,random_t3_k30,300K_1.0gcc,2,32000,64
1681,random_t3_k30__300K_1.0gcc__s2,random_t3_k30,300K_1.0gcc,2,32500,64
1682,random_t3_k30__300K_1.0gcc__s2,random_t3_k30,300K_1.0gcc,2,33000,64
1683,random_t3_k30__300K_1.0gcc__s2,random_t3_k30,300K_1.0gcc,2,33500,64
1684,random_t3_k30__300K_1.0gcc__s2,random_t3_k30,300K_1.0gcc,2,34000,64
1685,random_t3_k30__300K_1.0gcc__s2,random_t3_k30,300K_1.0gcc,2,34500,64
1686,random_t3_k30__300K_1.0gcc__s2,random_t3_k30,300K_1.0gcc,2,35000,64
1687,random_t3_k30__300K_1.0gcc__s2,random_t3_k30,300K_1.0gcc,2,35500,64
1688,random_t3_k30__300K_1.0gcc__s2,random_t3_k30,300K_1.0gcc,2,36000,64
1689,random_t3_k30__300K_1.0gcc__s2,random_t3_k30,300K_1.0gcc,2,36500,64
1690,random_t3_k30__300K_1.0gcc__s2,random_t3_k30,300K_1.0gcc,2,37000,64
1691,random_t3_k30__300K_1.0gcc__s2,random_t3_k30,300K_1.0gcc,2,37500,64
1692,random_t3_k30__300K_1.0gcc__s2,random_t3_k30,300K_1.0gcc,2,38000,64
1693,random_t3_k30__300K_1.0gcc__s2,random_t3_k30,300K_1.0gcc,2,38500,64
1694,random_t3_k30__300K_1.0gcc__s2,random_t3_k30,300K_1.0gcc,2,39000,64
1695,random_t3_k30__300K_1.0gcc__s2,random_t3_k30,300K_1.0gcc,2,39500,64
1696,random_t3_k30__300K_1.0gcc__s2,random_t3_k30,300K_1.0gcc,2,40000,64
1697,random_t3_k30__300K_1.0gcc__s2,random_t3_k30,300K_1.0gcc,2,40500,64
1698,random_t3_k30__300K_1.0gcc__s2,random_t3_k30,300K_1.0gcc,2,41000,64
1699,random_t3_k30__300K_1.0gcc__s2,random_t3_k30,300K_1.0gcc,2,41500,64
1700,random_t3_k30__300K_1.0gcc__s2,random_t3_k30,300K_1.0gcc,2,42000,64
1701,random_t3_k30__300K_1.0gcc__s2,random_t3_k30,300K_1.0gcc,2,42500,64
1702,random_t3_k30__300K_1.0gcc__s2,random_t3_k30,300K_1.0gcc,2,43000,64
1703,random_t3_k30__300K_1.0gcc__s2,random_t3_k30,300K_1.0gcc,2,43500,64
1704,random_t3_k30__300K_1.0gcc__s2,random_t3_k30,300K_1.0gcc,2,44000,64
1705,random_t3_k30__300K_1.0gcc__s2,random_t3_k30,300K_1.0gcc,2,44500,64
1706,random_t3_k30__300K_1.0gcc__s2,random_t3_k30,300K_1.0gcc,2,45000,64
1707,random_t3_k30__300K_1.0gcc__s2,random_t3_k30,300K_1.0gcc,2,45500,64
1708,random_t3_k30__300K_1.0gcc__s2,random_t3_k30,300K_1.0gcc,2,46000,64
1709,random_t3_k30__300K_1.0gcc__s2,random_t3_k30,300K_1.0gcc,2,46500,64
1710,random_t3_k30__300K_1.0gcc__s2,random_t3_k30,300K_1.0gcc,2,47000,64
1711,random_t3_k30__300K_1.0gcc__s2,random_t3_k30,300K_1.0gcc,2,47500,64
1712,random_t3_k30__300K_1.0gcc__s2,random_t3_k30,300K_1.0gcc,2,48000,64
1713,random_t3_k30__300K_1.0gcc__s2,random_t3_k30,300K_1.0gcc,2,48500,64
1714,random_t3_k30__300K_1.0gcc__s2,random_t3_k30,300K_1.0gcc,2,49000,64
1715,random_t3_k30__300K_1.0gcc__s2,random_t3_k30,300K_1.0gcc,2,49500,64
1716,random_t3_k30__300K_1.0gcc__s2,random_t3_k30,300K_1.0gcc,2,50000,64
1717,random_t3_k30__300K_1.0gcc__s3,random_t3_k30,300K_1.0gcc,3,0,64
1718,random_t3_k30__300K_1.0gcc__s3,random_t3_k30,300K_1.0gcc,3,500,64
1719,random_t3_k30__300K_1.0gcc__s3,random_t3_k30,300K_1.0gcc,3,1000,64
1720,random_t3_k30__300K_1.0gcc__s3,random_t3_k30,300K_1.0gcc,3,1500,64
1721,random_t3_k30__300K_1.0gcc__s3,random_t3_k30,300K_1.0gcc,3,2000,64
1722,random_t3_k30__300K_1.0gcc__s3,random_t3_k30,300K_1.0gcc,3,2500,64
1723,random_t3_k30__300K_1.0gcc__s3,random_t3_k30,300K_1.0gcc,3,3000,64
1724,random_t3_k30__300K_1.0gcc__s3,random_t3_k30,300K_1.0gcc,3,3500,64
1725,random_t3_k30__300K_1.0gcc__s3,random_t3_k30,300K_1.0gcc,3,4000,64
1726,random_t3_k30__300K_1.0gcc__s3,random_t3_k30,300K_1.0gcc,3,4500,64
1727,random_t3_k30__300K_1.0gcc__s3,random_t3_k30,300K_1.0gcc,3,5000,64
1728,random_t3_k30__300K_1.0gcc__s3,random_t3_k30,300K_1.0gcc,3,5500,64
1729,random_t3_k30__300K_1.0gcc__s3,random_t3_k30,300K_1.0gcc,3,6000,64
1730,random_t3_k30__300K_1.0gcc__s3,random_t3_k30,300K_1.0gcc,3,6500,64
1731,random_t3_k30__300K_1.0gcc__s3,random_t3_k30,300K_1.0gcc,3,7000,64
1732,random_t3_k30__300K_1.0gcc__s3,random_t3_k30,300K_1.0gcc,3,7500,64
1733,random_t3_k30__300K_1.0gcc__s3,random_t3_k30,300K_1.0gcc,3,8000,64
1734,random_t3_k30__300K_1.0gcc__s3,random_t3_k30,300K_1.0gcc,3,8500,64
1735,random_t3_k30__300K_1.0gcc__s3,random_t3_k30,300K_1.0gcc,3,9000,64
1736,random_t3_k30__300K_1.0gcc__s3,random_t3_k30,300K_1.0gcc,3,9500,64
1737,random_t3_k30__300K_1.0gcc__s3,random_t3_k30,300K_1.0gcc,3,10000,64
1738,random_t3_k30__300K_1.0gcc__s3,random_t3_k30,300K_1.0gcc,3,10500,64
1739,random_t3_k30__300K_1.0gcc__s3,random_t3_k30,300K_1.0gcc,3,11000,64
1740,random_t3_k30__300K_1.0gcc__s3,random_t3_k30,300K_1.0gcc,3,11500,64
1741,random_t3_k30__300K_1.0gcc__s3,random_t3_k30,300K_1.0gcc,3,12000,64
1742,random_t3_k30__300K_1.0gcc__s3,random_t3_k30,300K_1.0gcc,3,12500,64
1743,random_t3_k30__300K_1.0gcc__s3,random_t3_k30,300K_1.0gcc,3,13000,64
1744,random_t3_k30__300K_1.0gcc__s3,random_t3_k30,300K_1.0gcc,3,13500,64
1745,random_t3_k30__300K_1.0gcc__s3,random_t3_k30,300K_1.0gcc,3,14000,64
1746,random_t3_k30__300K_1.0gcc__s3,random_t3_k30,300K_1.0gcc,3,14500,64
1747,random_t3_k30__300K_1.0gcc__s3,random_t3_k30,300K_1.0gcc,3,15000,64
1748,random_t3_k30__300K_1.0gcc__s3,random_t3_k30,300K_1.0gcc,3,15500,64
1749,random_t3_k30__300K_1.0gcc__s3,random_t3_k30,300K_1.0gcc,3,16000,64
1750,random_t3_k30__300K_1.0gcc__s3,random_t3_k30,300K_1.0gcc,3,16500,64
1751,random_t3_k30__300K_1.0gcc__s3,random_t3_k30,300K_1.0gcc,3,17000,64
1752,random_t3_k30__300K_1.0gcc__s3,random_t3_k30,300K_1.0gcc,3,17500,64
1753,random_t3_k30__300K_1.0gcc__s3,random_t3_k30,300K_1.0gcc,3,18000,64
1754,random_t3_k30__300K_1.0gcc__s3,random_t3_k30,300K_1.0gcc,3,18500,64
1755,random_t3_k30__300K_1.0gcc__s3,random_t3_k30,300K_1.0gcc,3,19000,64
1756,random_t3_k30__300K_1.0gcc__s3,random_t3_k30,300K_1.0gcc,3,19500,64
1757,random_t3_k30__300K_1.0gcc__s3,random_t3_k30,300K_1.0gcc,3,20000,64
1758,random_t3_k30__300K_1.0gcc__s3,random_t3_k30,300K_1.0gcc,3,20500,64
1759,random_t3_k30__300K_1.0gcc__s3,random_t3_k30,300K_1.0gcc,3,21000,64
1760,random_t3_k30__300K_1.0gcc__s3,random_t3_k30,300K_1.0gcc,3,21500,64
1761,random_t3_k30__300K_1.0gcc__s3,random_t3_k30,300K_1.0gcc,3,22000,64
1762,random_t3_k30__300K_1.0gcc__s3,random_t3_k30,300K_1.0gcc,3,22500,64
1763,random_t3_k30__300K_1.0gcc__s3,random_t3_k30,300K_1.0gcc,3,23000,64
1764,random_t3_k30__300K_1.0gcc__s3,random_t3_k30,300K_1.0gcc,3,23500,64
1765,random_t3_k30__300K_1.0gcc__s3,random_t3_k30,300K_1.0gcc,3,24000,64
1766,random_t3_k30__300K_1.0gcc__s3,random_t3_k30,300K_1.0gcc,3,24500,64
1767,random_t3_k30__300K_1.0gcc__s3,random_t3_k30,300K_1.0gcc,3,25000,64
1768,random_t3_k30__300K_1.0gcc__s3,random_t3_k30,300K_1.0gcc,3,25500,64
1769,random_t3_k30__300K_1.0gcc__s3,random_t3_k30,300K_1.0gcc,3,26000,64
1770,random_t3_k30__300K_1.0gcc__s3,random_t3_k30,300K_1.0gcc,3,26500,64
1771,random_t3_k30__300K_1.0gcc__s3,random_t3_k30,300K_1.0gcc,3,27000,64
1772,random_t3_k30__300K_1.0gcc__s3,random_t3_k30,300K_1.0gcc,3,27500,64
1773,random_t3_k30__300K_1.0gcc__s3,random_t3_k30,300K_1.0gcc,3,28000,64
1774,random_t3_k30__300K_1.0gcc__s3,random_t3_k30,300K_1.0gcc,3,28500,64
1775,random_t3_k30__300K_1.0gcc__s3,random_t3_k30,300K_1.0gcc,3,29000,64
1776,random_t3_k30__300K_1.0gcc__s3,random_t3_k30,300K_1.0gcc,3,29500,64
1777,random_t3_k30__300K_1.0gcc__s3,random_t3_k30,300K_1.0gcc,3,30000,64
1778,random_t3_k30__300K_1.0gcc__s3,random_t3_k30,300K_1.0gcc,3,30500,64
1779,random_t3_k30__300K_1.0gcc__s3,random_t3_k30,300K_1.0gcc,3,31000,64
1780,random_t3_k30__300K_1.0gcc__s3,random_t3_k30,300K_1.0gcc,3,31500,64
1781,random_t3_k30__300K_1.0gcc__s3,random_t3_k30,300K_1.0gcc,3,32000,64
1782,random_t3_k30__300K_1.0gcc__s3,random_t3_k30,300K_1.0gcc,3,32500,64
1783,random_t3_k30__300K_1.0gcc__s3,random_t3_k30,300K_1.0gcc,3,33000,64
1784,random_t3_k30__300K_1.0gcc__s3,random_t3_k30,300K_1.0gcc,3,33500,64
1785,random_t3_k30__300K_1.0gcc__s3,random_t3_k30,300K_1.0gcc,3,34000,64
1786,random_t3_k30__300K_1.0gcc__s3,random_t3_k30,300K_1.0gcc,3,34500,64
1787,random_t3_k30__300K_1.0gcc__s3,random_t3_k30,300K_1.0gcc,3,35000,64
1788,random_t3_k30__300K_1.0gcc__s3,random_t3_k30,300K_1.0gcc,3,35500,64
1789,random_t3_k30__300K_1.0gcc__s3,random_t3_k30,300K_1.0gcc,3,36000,64
1790,random_t3_k30__300K_1.0gcc__s3,random_t3_k30,300K_1.0gcc,3,36500,64
1791,random_t3_k30__300K_1.0gcc__s3,random_t3_k30,300K_1.0gcc,3,37000,64
1792,random_t3_k30__300K_1.0gcc__s3,random_t3_k30,300K_1.0gcc,3,37500,64
1793,random_t3_k30__300K_1.0gcc__s3,random_t3_k30,300K_1.0gcc,3,38000,64
1794,random_t3_k30__300K_1.0gcc__s3,random_t3_k30,300K_1.0gcc,3,38500,64
1795,random_t3_k30__300K_1.0gcc__s3,random_t3_k30,300K_1.0gcc,3,39000,64
1796,random_t3_k30__300K_1.0gcc__s3,random_t3_k30,300K_1.0gcc,3,39500,64
1797,random_t3_k30__300K_1.0gcc__s3,random_t3_k30,300K_1.0gcc,3,40000,64
1798,random_t3_k30__300K_1.0gcc__s3,random_t3_k30,300K_1.0gcc,3,40500,64
1799,random_t3_k30__300K_1.0gcc__s3,random_t3_k30,300K_1.0gcc,3,41000,64
1800,random_t3_k30__300K_1.0gcc__s3,random_t3_k30,300K_1.0gcc,3,41500,64
1801,random_t3_k30__300K_1.0gcc__s3,random_t3_k30,300K_1.0gcc,3,42000,64
1802,random_t3_k30__300K_1.0gcc__s3,random_t3_k30,300K_1.0gcc,3,42500,64
1803,random_t3_k30__300K_1.0gcc__s3,random_t3_k30,300K_1.0gcc,3,43000,64
1804,random_t3_k30__300K_1.0gcc__s3,random_t3_k30,300K_1.0gcc,3,43500,64
1805,random_t3_k30__300K_1.0gcc__s3,random_t3_k30,300K_1.0gcc,3,44000,64
1806,random_t3_k30__300K_1.0gcc__s3,random_t3_k30,300K_1.0gcc,3,44500,64
1807,random_t3_k30__300K_1.0gcc__s3,random_t3_k30,300K_1.0gcc,3,45000,64
1808,random_t3_k30__300K_1.0gcc__s3,random_t3_k30,300K_1.0gcc,3,45500,64
1809,random_t3_k30__300K_1.0gcc__s3,random_t3_k30,300K_1.0gcc,3,46000,64
1810,random_t3_k30__300K_1.0gcc__s3,random_t3_k30,300K_1.0gcc,3,46500,64
1811,random_t3_k30__300K_1.0gcc__s3,random_t3_k30,300K_1.0gcc,3,47000,64
1812,random_t3_k30__300K_1.0gcc__s3,random_t3_k30,300K_1.0gcc,3,47500,64
1813,random_t3_k30__300K_1.0gcc__s3,random_t3_k30,300K_1.0gcc,3,48000,64
1814,random_t3_k30__300K_1.0gcc__s3,random_t3_k30,300K_1.0gcc,3,48500,64
1815,random_t3_k30__300K_1.0gcc__s3,random_t3_k30,300K_1.0gcc,3,49000,64
1816,random_t3_k30__300K_1.0gcc__s3,random_t3_k30,300K_1.0gcc,3,49500,64
1817,random_t3_k30__300K_1.0gcc__s3,random_t3_k30,300K_1.0gcc,3,50000,64
1818,shared_t0_dft_train__2000K_1.0gcc__s1,shared_t0_dft_train,2000K_1.0gcc,1,0,64
1819,shared_t0_dft_train__2000K_1.0gcc__s1,shared_t0_dft_train,2000K_1.0gcc,1,500,64
1820,shared_t0_dft_train__2000K_1.0gcc__s1,shared_t0_dft_train,2000K_1.0gcc,1,1000,64
1821,shared_t0_dft_train__2000K_1.0gcc__s1,shared_t0_dft_train,2000K_1.0gcc,1,1500,64
1822,shared_t0_dft_train__2000K_1.0gcc__s1,shared_t0_dft_train,2000K_1.0gcc,1,2000,64
1823,shared_t0_dft_train__2000K_1.0gcc__s1,shared_t0_dft_train,2000K_1.0gcc,1,2500,64
1824,shared_t0_dft_train__2000K_1.0gcc__s1,shared_t0_dft_train,2000K_1.0gcc,1,3000,64
1825,shared_t0_dft_train__2000K_1.0gcc__s1,shared_t0_dft_train,2000K_1.0gcc,1,3500,64
1826,shared_t0_dft_train__2000K_1.0gcc__s1,shared_t0_dft_train,2000K_1.0gcc,1,4000,64
1827,shared_t0_dft_train__2000K_1.0gcc__s1,shared_t0_dft_train,2000K_1.0gcc,1,4500,64
1828,shared_t0_dft_train__2000K_1.0gcc__s1,shared_t0_dft_train,2000K_1.0gcc,1,5000,64
1829,shared_t0_dft_train__2000K_1.0gcc__s1,shared_t0_dft_train,2000K_1.0gcc,1,5500,64
1830,shared_t0_dft_train__2000K_1.0gcc__s1,shared_t0_dft_train,2000K_1.0gcc,1,6000,64
1831,shared_t0_dft_train__2000K_1.0gcc__s1,shared_t0_dft_train,2000K_1.0gcc,1,6500,64
1832,shared_t0_dft_train__2000K_1.0gcc__s1,shared_t0_dft_train,2000K_1.0gcc,1,7000,64
1833,shared_t0_dft_train__2000K_1.0gcc__s1,shared_t0_dft_train,2000K_1.0gcc,1,7500,64
1834,shared_t0_dft_train__2000K_1.0gcc__s1,shared_t0_dft_train,2000K_1.0gcc,1,8000,64
1835,shared_t0_dft_train__2000K_1.0gcc__s1,shared_t0_dft_train,2000K_1.0gcc,1,8500,64
1836,shared_t0_dft_train__2000K_1.0gcc__s1,shared_t0_dft_train,2000K_1.0gcc,1,9000,64
1837,shared_t0_dft_train__2000K_1.0gcc__s1,shared_t0_dft_train,2000K_1.0gcc,1,9500,64
1838,shared_t0_dft_train__2000K_1.0gcc__s1,shared_t0_dft_train,2000K_1.0gcc,1,10000,64
1839,shared_t0_dft_train__2000K_1.0gcc__s1,shared_t0_dft_train,2000K_1.0gcc,1,10500,64
1840,shared_t0_dft_train__2000K_1.0gcc__s1,shared_t0_dft_train,2000K_1.0gcc,1,11000,64
1841,shared_t0_dft_train__2000K_1.0gcc__s1,shared_t0_dft_train,2000K_1.0gcc,1,11500,64
1842,shared_t0_dft_train__2000K_1.0gcc__s1,shared_t0_dft_train,2000K_1.0gcc,1,12000,64
1843,shared_t0_dft_train__2000K_1.0gcc__s1,shared_t0_dft_train,2000K_1.0gcc,1,12500,64
1844,shared_t0_dft_train__2000K_1.0gcc__s1,shared_t0_dft_train,2000K_1.0gcc,1,13000,64
1845,shared_t0_dft_train__2000K_1.0gcc__s1,shared_t0_dft_train,2000K_1.0gcc,1,13500,64
1846,shared_t0_dft_train__2000K_1.0gcc__s1,shared_t0_dft_train,2000K_1.0gcc,1,14000,64
1847,shared_t0_dft_train__2000K_1.0gcc__s1,shared_t0_dft_train,2000K_1.0gcc,1,14500,64
1848,shared_t0_dft_train__2000K_1.0gcc__s1,shared_t0_dft_train,2000K_1.0gcc,1,15000,64
1849,shared_t0_dft_train__2000K_1.0gcc__s1,shared_t0_dft_train,2000K_1.0gcc,1,15500,64
1850,shared_t0_dft_train__2000K_1.0gcc__s1,shared_t0_dft_train,2000K_1.0gcc,1,16000,64
1851,shared_t0_dft_train__2000K_1.0gcc__s1,shared_t0_dft_train,2000K_1.0gcc,1,16500,64
1852,shared_t0_dft_train__2000K_1.0gcc__s1,shared_t0_dft_train,2000K_1.0gcc,1,17000,64
1853,shared_t0_dft_train__2000K_1.0gcc__s1,shared_t0_dft_train,2000K_1.0gcc,1,17500,64
1854,shared_t0_dft_train__2000K_1.0gcc__s1,shared_t0_dft_train,2000K_1.0gcc,1,18000,64
1855,shared_t0_dft_train__2000K_1.0gcc__s1,shared_t0_dft_train,2000K_1.0gcc,1,18500,64
1856,shared_t0_dft_train__2000K_1.0gcc__s1,shared_t0_dft_train,2000K_1.0gcc,1,19000,64
1857,shared_t0_dft_train__2000K_1.0gcc__s1,shared_t0_dft_train,2000K_1.0gcc,1,19500,64
1858,shared_t0_dft_train__2000K_1.0gcc__s1,shared_t0_dft_train,2000K_1.0gcc,1,20000,64
1859,shared_t0_dft_train__2000K_1.0gcc__s1,shared_t0_dft_train,2000K_1.0gcc,1,20500,64
1860,shared_t0_dft_train__2000K_1.0gcc__s1,shared_t0_dft_train,2000K_1.0gcc,1,21000,64
1861,shared_t0_dft_train__2000K_1.0gcc__s1,shared_t0_dft_train,2000K_1.0gcc,1,21500,64
1862,shared_t0_dft_train__2000K_1.0gcc__s1,shared_t0_dft_train,2000K_1.0gcc,1,22000,64
1863,shared_t0_dft_train__2000K_1.0gcc__s1,shared_t0_dft_train,2000K_1.0gcc,1,22500,64
1864,shared_t0_dft_train__2000K_1.0gcc__s1,shared_t0_dft_train,2000K_1.0gcc,1,23000,64
1865,shared_t0_dft_train__2000K_1.0gcc__s1,shared_t0_dft_train,2000K_1.0gcc,1,23500,64
1866,shared_t0_dft_train__2000K_1.0gcc__s1,shared_t0_dft_train,2000K_1.0gcc,1,24000,64
1867,shared_t0_dft_train__2000K_1.0gcc__s1,shared_t0_dft_train,2000K_1.0gcc,1,24500,64
1868,shared_t0_dft_train__2000K_1.0gcc__s1,shared_t0_dft_train,2000K_1.0gcc,1,25000,64
1869,shared_t0_dft_train__2000K_1.0gcc__s1,shared_t0_dft_train,2000K_1.0gcc,1,25500,64
1870,shared_t0_dft_train__2000K_1.0gcc__s1,shared_t0_dft_train,2000K_1.0gcc,1,26000,64
1871,shared_t0_dft_train__2000K_1.0gcc__s1,shared_t0_dft_train,2000K_1.0gcc,1,26500,64
1872,shared_t0_dft_train__2000K_1.0gcc__s1,shared_t0_dft_train,2000K_1.0gcc,1,27000,64
1873,shared_t0_dft_train__2000K_1.0gcc__s1,shared_t0_dft_train,2000K_1.0gcc,1,27500,64
1874,shared_t0_dft_train__2000K_1.0gcc__s1,shared_t0_dft_train,2000K_1.0gcc,1,28000,64
1875,shared_t0_dft_train__2000K_1.0gcc__s1,shared_t0_dft_train,2000K_1.0gcc,1,28500,64
1876,shared_t0_dft_train__2000K_1.0gcc__s1,shared_t0_dft_train,2000K_1.0gcc,1,29000,64
1877,shared_t0_dft_train__2000K_1.0gcc__s1,shared_t0_dft_train,2000K_1.0gcc,1,29500,64
1878,shared_t0_dft_train__2000K_1.0gcc__s1,shared_t0_dft_train,2000K_1.0gcc,1,30000,64
1879,shared_t0_dft_train__2000K_1.0gcc__s1,shared_t0_dft_train,2000K_1.0gcc,1,30500,64
1880,shared_t0_dft_train__2000K_1.0gcc__s1,shared_t0_dft_train,2000K_1.0gcc,1,31000,64
1881,shared_t0_dft_train__2000K_1.0gcc__s1,shared_t0_dft_train,2000K_1.0gcc,1,31500,64
1882,shared_t0_dft_train__2000K_1.0gcc__s1,shared_t0_dft_train,2000K_1.0gcc,1,32000,64
1883,shared_t0_dft_train__2000K_1.0gcc__s1,shared_t0_dft_train,2000K_1.0gcc,1,32500,64
1884,shared_t0_dft_train__2000K_1.0gcc__s1,shared_t0_dft_train,2000K_1.0gcc,1,33000,64
1885,shared_t0_dft_train__2000K_1.0gcc__s1,shared_t0_dft_train,2000K_1.0gcc,1,33500,64
1886,shared_t0_dft_train__2000K_1.0gcc__s1,shared_t0_dft_train,2000K_1.0gcc,1,34000,64
1887,shared_t0_dft_train__2000K_1.0gcc__s1,shared_t0_dft_train,2000K_1.0gcc,1,34500,64
1888,shared_t0_dft_train__2000K_1.0gcc__s1,shared_t0_dft_train,2000K_1.0gcc,1,35000,64
1889,shared_t0_dft_train__2000K_1.0gcc__s1,shared_t0_dft_train,2000K_1.0gcc,1,35500,64
1890,shared_t0_dft_train__2000K_1.0gcc__s1,shared_t0_dft_train,2000K_1.0gcc,1,36000,64
1891,shared_t0_dft_train__2000K_1.0gcc__s1,shared_t0_dft_train,2000K_1.0gcc,1,36500,64
1892,shared_t0_dft_train__2000K_1.0gcc__s1,shared_t0_dft_train,2000K_1.0gcc,1,37000,64
1893,shared_t0_dft_train__2000K_1.0gcc__s1,shared_t0_dft_train,2000K_1.0gcc,1,37500,64
1894,shared_t0_dft_train__2000K_1.0gcc__s1,shared_t0_dft_train,2000K_1.0gcc,1,38000,64
1895,shared_t0_dft_train__2000K_1.0gcc__s1,shared_t0_dft_train,2000K_1.0gcc,1,38500,64
1896,shared_t0_dft_train__2000K_1.0gcc__s1,shared_t0_dft_train,2000K_1.0gcc,1,39000,64
1897,shared_t0_dft_train__2000K_1.0gcc__s1,shared_t0_dft_train,2000K_1.0gcc,1,39500,64
1898,shared_t0_dft_train__2000K_1.0gcc__s1,shared_t0_dft_train,2000K_1.0gcc,1,40000,64
1899,shared_t0_dft_train__2000K_1.0gcc__s1,shared_t0_dft_train,2000K_1.0gcc,1,40500,64
1900,shared_t0_dft_train__2000K_1.0gcc__s1,shared_t0_dft_train,2000K_1.0gcc,1,41000,64
1901,shared_t0_dft_train__2000K_1.0gcc__s1,shared_t0_dft_train,2000K_1.0gcc,1,41500,64
1902,shared_t0_dft_train__2000K_1.0gcc__s1,shared_t0_dft_train,2000K_1.0gcc,1,42000,64
1903,shared_t0_dft_train__2000K_1.0gcc__s1,shared_t0_dft_train,2000K_1.0gcc,1,42500,64
1904,shared_t0_dft_train__2000K_1.0gcc__s1,shared_t0_dft_train,2000K_1.0gcc,1,43000,64
1905,shared_t0_dft_train__2000K_1.0gcc__s1,shared_t0_dft_train,2000K_1.0gcc,1,43500,64
1906,shared_t0_dft_train__2000K_1.0gcc__s1,shared_t0_dft_train,2000K_1.0gcc,1,44000,64
1907,shared_t0_dft_train__2000K_1.0gcc__s1,shared_t0_dft_train,2000K_1.0gcc,1,44500,64
1908,shared_t0_dft_train__2000K_1.0gcc__s1,shared_t0_dft_train,2000K_1.0gcc,1,45000,64
1909,shared_t0_dft_train__2000K_1.0gcc__s1,shared_t0_dft_train,2000K_1.0gcc,1,45500,64
1910,shared_t0_dft_train__2000K_1.0gcc__s1,shared_t0_dft_train,2000K_1.0gcc,1,46000,64
1911,shared_t0_dft_train__2000K_1.0gcc__s1,shared_t0_dft_train,2000K_1.0gcc,1,46500,64
1912,shared_t0_dft_train__2000K_1.0gcc__s1,shared_t0_dft_train,2000K_1.0gcc,1,47000,64
1913,shared_t0_dft_train__2000K_1.0gcc__s1,shared_t0_dft_train,2000K_1.0gcc,1,47500,64
1914,shared_t0_dft_train__2000K_1.0gcc__s1,shared_t0_dft_train,2000K_1.0gcc,1,48000,64
1915,shared_t0_dft_train__2000K_1.0gcc__s1,shared_t0_dft_train,2000K_1.0gcc,1,48500,64
1916,shared_t0_dft_train__2000K_1.0gcc__s1,shared_t0_dft_train,2000K_1.0gcc,1,49000,64
1917,shared_t0_dft_train__2000K_1.0gcc__s1,shared_t0_dft_train,2000K_1.0gcc,1,49500,64
1918,shared_t0_dft_train__2000K_1.0gcc__s1,shared_t0_dft_train,2000K_1.0gcc,1,50000,64
1919,shared_t0_dft_train__2000K_1.0gcc__s2,shared_t0_dft_train,2000K_1.0gcc,2,0,64
1920,shared_t0_dft_train__2000K_1.0gcc__s2,shared_t0_dft_train,2000K_1.0gcc,2,500,64
1921,shared_t0_dft_train__2000K_1.0gcc__s2,shared_t0_dft_train,2000K_1.0gcc,2,1000,64
1922,shared_t0_dft_train__2000K_1.0gcc__s2,shared_t0_dft_train,2000K_1.0gcc,2,1500,64
1923,shared_t0_dft_train__2000K_1.0gcc__s2,shared_t0_dft_train,2000K_1.0gcc,2,2000,64
1924,shared_t0_dft_train__2000K_1.0gcc__s2,shared_t0_dft_train,2000K_1.0gcc,2,2500,64
1925,shared_t0_dft_train__2000K_1.0gcc__s2,shared_t0_dft_train,2000K_1.0gcc,2,3000,64
1926,shared_t0_dft_train__2000K_1.0gcc__s2,shared_t0_dft_train,2000K_1.0gcc,2,3500,64
1927,shared_t0_dft_train__2000K_1.0gcc__s2,shared_t0_dft_train,2000K_1.0gcc,2,4000,64
1928,shared_t0_dft_train__2000K_1.0gcc__s2,shared_t0_dft_train,2000K_1.0gcc,2,4500,64
1929,shared_t0_dft_train__2000K_1.0gcc__s2,shared_t0_dft_train,2000K_1.0gcc,2,5000,64
1930,shared_t0_dft_train__2000K_1.0gcc__s2,shared_t0_dft_train,2000K_1.0gcc,2,5500,64
1931,shared_t0_dft_train__2000K_1.0gcc__s2,shared_t0_dft_train,2000K_1.0gcc,2,6000,64
1932,shared_t0_dft_train__2000K_1.0gcc__s2,shared_t0_dft_train,2000K_1.0gcc,2,6500,64
1933,shared_t0_dft_train__2000K_1.0gcc__s2,shared_t0_dft_train,2000K_1.0gcc,2,7000,64
1934,shared_t0_dft_train__2000K_1.0gcc__s2,shared_t0_dft_train,2000K_1.0gcc,2,7500,64
1935,shared_t0_dft_train__2000K_1.0gcc__s2,shared_t0_dft_train,2000K_1.0gcc,2,8000,64
1936,shared_t0_dft_train__2000K_1.0gcc__s2,shared_t0_dft_train,2000K_1.0gcc,2,8500,64
1937,shared_t0_dft_train__2000K_1.0gcc__s2,shared_t0_dft_train,2000K_1.0gcc,2,9000,64
1938,shared_t0_dft_train__2000K_1.0gcc__s2,shared_t0_dft_train,2000K_1.0gcc,2,9500,64
1939,shared_t0_dft_train__2000K_1.0gcc__s2,shared_t0_dft_train,2000K_1.0gcc,2,10000,64
1940,shared_t0_dft_train__2000K_1.0gcc__s2,shared_t0_dft_train,2000K_1.0gcc,2,10500,64
1941,shared_t0_dft_train__2000K_1.0gcc__s2,shared_t0_dft_train,2000K_1.0gcc,2,11000,64
1942,shared_t0_dft_train__2000K_1.0gcc__s2,shared_t0_dft_train,2000K_1.0gcc,2,11500,64
1943,shared_t0_dft_train__2000K_1.0gcc__s2,shared_t0_dft_train,2000K_1.0gcc,2,12000,64
1944,shared_t0_dft_train__2000K_1.0gcc__s2,shared_t0_dft_train,2000K_1.0gcc,2,12500,64
1945,shared_t0_dft_train__2000K_1.0gcc__s2,shared_t0_dft_train,2000K_1.0gcc,2,13000,64
1946,shared_t0_dft_train__2000K_1.0gcc__s2,shared_t0_dft_train,2000K_1.0gcc,2,13500,64
1947,shared_t0_dft_train__2000K_1.0gcc__s2,shared_t0_dft_train,2000K_1.0gcc,2,14000,64
1948,shared_t0_dft_train__2000K_1.0gcc__s2,shared_t0_dft_train,2000K_1.0gcc,2,14500,64
1949,shared_t0_dft_train__2000K_1.0gcc__s2,shared_t0_dft_train,2000K_1.0gcc,2,15000,64
1950,shared_t0_dft_train__2000K_1.0gcc__s2,shared_t0_dft_train,2000K_1.0gcc,2,15500,64
1951,shared_t0_dft_train__2000K_1.0gcc__s2,shared_t0_dft_train,2000K_1.0gcc,2,16000,64
1952,shared_t0_dft_train__2000K_1.0gcc__s2,shared_t0_dft_train,2000K_1.0gcc,2,16500,64
1953,shared_t0_dft_train__2000K_1.0gcc__s2,shared_t0_dft_train,2000K_1.0gcc,2,17000,64
1954,shared_t0_dft_train__2000K_1.0gcc__s2,shared_t0_dft_train,2000K_1.0gcc,2,17500,64
1955,shared_t0_dft_train__2000K_1.0gcc__s2,shared_t0_dft_train,2000K_1.0gcc,2,18000,64
1956,shared_t0_dft_train__2000K_1.0gcc__s2,shared_t0_dft_train,2000K_1.0gcc,2,18500,64
1957,shared_t0_dft_train__2000K_1.0gcc__s2,shared_t0_dft_train,2000K_1.0gcc,2,19000,64
1958,shared_t0_dft_train__2000K_1.0gcc__s2,shared_t0_dft_train,2000K_1.0gcc,2,19500,64
1959,shared_t0_dft_train__2000K_1.0gcc__s2,shared_t0_dft_train,2000K_1.0gcc,2,20000,64
1960,shared_t0_dft_train__2000K_1.0gcc__s2,shared_t0_dft_train,2000K_1.0gcc,2,20500,64
1961,shared_t0_dft_train__2000K_1.0gcc__s2,shared_t0_dft_train,2000K_1.0gcc,2,21000,64
1962,shared_t0_dft_train__2000K_1.0gcc__s2,shared_t0_dft_train,2000K_1.0gcc,2,21500,64
1963,shared_t0_dft_train__2000K_1.0gcc__s2,shared_t0_dft_train,2000K_1.0gcc,2,22000,64
1964,shared_t0_dft_train__2000K_1.0gcc__s2,shared_t0_dft_train,2000K_1.0gcc,2,22500,64
1965,shared_t0_dft_train__2000K_1.0gcc__s2,shared_t0_dft_train,2000K_1.0gcc,2,23000,64
1966,shared_t0_dft_train__2000K_1.0gcc__s2,shared_t0_dft_train,2000K_1.0gcc,2,23500,64
1967,shared_t0_dft_train__2000K_1.0gcc__s2,shared_t0_dft_train,2000K_1.0gcc,2,24000,64
1968,shared_t0_dft_train__2000K_1.0gcc__s2,shared_t0_dft_train,2000K_1.0gcc,2,24500,64
1969,shared_t0_dft_train__2000K_1.0gcc__s2,shared_t0_dft_train,2000K_1.0gcc,2,25000,64
1970,shared_t0_dft_train__2000K_1.0gcc__s2,shared_t0_dft_train,2000K_1.0gcc,2,25500,64
1971,shared_t0_dft_train__2000K_1.0gcc__s2,shared_t0_dft_train,2000K_1.0gcc,2,26000,64
1972,shared_t0_dft_train__2000K_1.0gcc__s2,shared_t0_dft_train,2000K_1.0gcc,2,26500,64
1973,shared_t0_dft_train__2000K_1.0gcc__s2,shared_t0_dft_train,2000K_1.0gcc,2,27000,64
1974,shared_t0_dft_train__2000K_1.0gcc__s2,shared_t0_dft_train,2000K_1.0gcc,2,27500,64
1975,shared_t0_dft_train__2000K_1.0gcc__s2,shared_t0_dft_train,2000K_1.0gcc,2,28000,64
1976,shared_t0_dft_train__2000K_1.0gcc__s2,shared_t0_dft_train,2000K_1.0gcc,2,28500,64
1977,shared_t0_dft_train__2000K_1.0gcc__s2,shared_t0_dft_train,2000K_1.0gcc,2,29000,64
1978,shared_t0_dft_train__2000K_1.0gcc__s2,shared_t0_dft_train,2000K_1.0gcc,2,29500,64
1979,shared_t0_dft_train__2000K_1.0gcc__s2,shared_t0_dft_train,2000K_1.0gcc,2,30000,64
1980,shared_t0_dft_train__2000K_1.0gcc__s2,shared_t0_dft_train,2000K_1.0gcc,2,30500,64
1981,shared_t0_dft_train__2000K_1.0gcc__s2,shared_t0_dft_train,2000K_1.0gcc,2,31000,64
1982,shared_t0_dft_train__2000K_1.0gcc__s2,shared_t0_dft_train,2000K_1.0gcc,2,31500,64
1983,shared_t0_dft_train__2000K_1.0gcc__s2,shared_t0_dft_train,2000K_1.0gcc,2,32000,64
1984,shared_t0_dft_train__2000K_1.0gcc__s2,shared_t0_dft_train,2000K_1.0gcc,2,32500,64
1985,shared_t0_dft_train__2000K_1.0gcc__s2,shared_t0_dft_train,2000K_1.0gcc,2,33000,64
1986,shared_t0_dft_train__2000K_1.0gcc__s2,shared_t0_dft_train,2000K_1.0gcc,2,33500,64
1987,shared_t0_dft_train__2000K_1.0gcc__s2,shared_t0_dft_train,2000K_1.0gcc,2,34000,64
1988,shared_t0_dft_train__2000K_1.0gcc__s2,shared_t0_dft_train,2000K_1.0gcc,2,34500,64
1989,shared_t0_dft_train__2000K_1.0gcc__s2,shared_t0_dft_train,2000K_1.0gcc,2,35000,64
1990,shared_t0_dft_train__2000K_1.0gcc__s2,shared_t0_dft_train,2000K_1.0gcc,2,35500,64
1991,shared_t0_dft_train__2000K_1.0gcc__s2,shared_t0_dft_train,2000K_1.0gcc,2,36000,64
1992,shared_t0_dft_train__2000K_1.0gcc__s2,shared_t0_dft_train,2000K_1.0gcc,2,36500,64
1993,shared_t0_dft_train__2000K_1.0gcc__s2,shared_t0_dft_train,2000K_1.0gcc,2,37000,64
1994,shared_t0_dft_train__2000K_1.0gcc__s2,shared_t0_dft_train,2000K_1.0gcc,2,37500,64
1995,shared_t0_dft_train__2000K_1.0gcc__s2,shared_t0_dft_train,2000K_1.0gcc,2,38000,64
1996,shared_t0_dft_train__2000K_1.0gcc__s2,shared_t0_dft_train,2000K_1.0gcc,2,38500,64
1997,shared_t0_dft_train__2000K_1.0gcc__s2,shared_t0_dft_train,2000K_1.0gcc,2,39000,64
1998,shared_t0_dft_train__2000K_1.0gcc__s2,shared_t0_dft_train,2000K_1.0gcc,2,39500,64
1999,shared_t0_dft_train__2000K_1.0gcc__s2,shared_t0_dft_train,2000K_1.0gcc,2,40000,64
2000,shared_t0_dft_train__2000K_1.0gcc__s2,shared_t0_dft_train,2000K_1.0gcc,2,40500,64
2001,shared_t0_dft_train__2000K_1.0gcc__s2,shared_t0_dft_train,2000K_1.0gcc,2,41000,64
2002,shared_t0_dft_train__2000K_1.0gcc__s2,shared_t0_dft_train,2000K_1.0gcc,2,41500,64
2003,shared_t0_dft_train__2000K_1.0gcc__s2,shared_t0_dft_train,2000K_1.0gcc,2,42000,64
2004,shared_t0_dft_train__2000K_1.0gcc__s2,shared_t0_dft_train,2000K_1.0gcc,2,42500,64
2005,shared_t0_dft_train__2000K_1.0gcc__s2,shared_t0_dft_train,2000K_1.0gcc,2,43000,64
2006,shared_t0_dft_train__2000K_1.0gcc__s2,shared_t0_dft_train,2000K_1.0gcc,2,43500,64
2007,shared_t0_dft_train__2000K_1.0gcc__s2,shared_t0_dft_train,2000K_1.0gcc,2,44000,64
2008,shared_t0_dft_train__2000K_1.0gcc__s2,shared_t0_dft_train,2000K_1.0gcc,2,44500,64
2009,shared_t0_dft_train__2000K_1.0gcc__s2,shared_t0_dft_train,2000K_1.0gcc,2,45000,64
2010,shared_t0_dft_train__2000K_1.0gcc__s2,shared_t0_dft_train,2000K_1.0gcc,2,45500,64
2011,shared_t0_dft_train__2000K_1.0gcc__s2,shared_t0_dft_train,2000K_1.0gcc,2,46000,64
2012,shared_t0_dft_train__2000K_1.0gcc__s2,shared_t0_dft_train,2000K_1.0gcc,2,46500,64
2013,shared_t0_dft_train__2000K_1.0gcc__s2,shared_t0_dft_train,2000K_1.0gcc,2,47000,64
2014,shared_t0_dft_train__2000K_1.0gcc__s2,shared_t0_dft_train,2000K_1.0gcc,2,47500,64
2015,shared_t0_dft_train__2000K_1.0gcc__s2,shared_t0_dft_train,2000K_1.0gcc,2,48000,64
2016,shared_t0_dft_train__2000K_1.0gcc__s2,shared_t0_dft_train,2000K_1.0gcc,2,48500,64
2017,shared_t0_dft_train__2000K_1.0gcc__s2,shared_t0_dft_train,2000K_1.0gcc,2,49000,64
2018,shared_t0_dft_train__2000K_1.0gcc__s2,shared_t0_dft_train,2000K_1.0gcc,2,49500,64
2019,shared_t0_dft_train__2000K_1.0gcc__s2,shared_t0_dft_train,2000K_1.0gcc,2,50000,64
2020,shared_t0_dft_train__2000K_1.0gcc__s3,shared_t0_dft_train,2000K_1.0gcc,3,0,64
2021,shared_t0_dft_train__2000K_1.0gcc__s3,shared_t0_dft_train,2000K_1.0gcc,3,500,64
2022,shared_t0_dft_train__2000K_1.0gcc__s3,shared_t0_dft_train,2000K_1.0gcc,3,1000,64
2023,shared_t0_dft_train__2000K_1.0gcc__s3,shared_t0_dft_train,2000K_1.0gcc,3,1500,64
2024,shared_t0_dft_train__2000K_1.0gcc__s3,shared_t0_dft_train,2000K_1.0gcc,3,2000,64
2025,shared_t0_dft_train__2000K_1.0gcc__s3,shared_t0_dft_train,2000K_1.0gcc,3,2500,64
2026,shared_t0_dft_train__2000K_1.0gcc__s3,shared_t0_dft_train,2000K_1.0gcc,3,3000,64
2027,shared_t0_dft_train__2000K_1.0gcc__s3,shared_t0_dft_train,2000K_1.0gcc,3,3500,64
2028,shared_t0_dft_train__2000K_1.0gcc__s3,shared_t0_dft_train,2000K_1.0gcc,3,4000,64
2029,shared_t0_dft_train__2000K_1.0gcc__s3,shared_t0_dft_train,2000K_1.0gcc,3,4500,64
2030,shared_t0_dft_train__2000K_1.0gcc__s3,shared_t0_dft_train,2000K_1.0gcc,3,5000,64
2031,shared_t0_dft_train__2000K_1.0gcc__s3,shared_t0_dft_train,2000K_1.0gcc,3,5500,64
2032,shared_t0_dft_train__2000K_1.0gcc__s3,shared_t0_dft_train,2000K_1.0gcc,3,6000,64
2033,shared_t0_dft_train__2000K_1.0gcc__s3,shared_t0_dft_train,2000K_1.0gcc,3,6500,64
2034,shared_t0_dft_train__2000K_1.0gcc__s3,shared_t0_dft_train,2000K_1.0gcc,3,7000,64
2035,shared_t0_dft_train__2000K_1.0gcc__s3,shared_t0_dft_train,2000K_1.0gcc,3,7500,64
2036,shared_t0_dft_train__2000K_1.0gcc__s3,shared_t0_dft_train,2000K_1.0gcc,3,8000,64
2037,shared_t0_dft_train__2000K_1.0gcc__s3,shared_t0_dft_train,2000K_1.0gcc,3,8500,64
2038,shared_t0_dft_train__2000K_1.0gcc__s3,shared_t0_dft_train,2000K_1.0gcc,3,9000,64
2039,shared_t0_dft_train__2000K_1.0gcc__s3,shared_t0_dft_train,2000K_1.0gcc,3,9500,64
2040,shared_t0_dft_train__2000K_1.0gcc__s3,shared_t0_dft_train,2000K_1.0gcc,3,10000,64
2041,shared_t0_dft_train__2000K_1.0gcc__s3,shared_t0_dft_train,2000K_1.0gcc,3,10500,64
2042,shared_t0_dft_train__2000K_1.0gcc__s3,shared_t0_dft_train,2000K_1.0gcc,3,11000,64
2043,shared_t0_dft_train__2000K_1.0gcc__s3,shared_t0_dft_train,2000K_1.0gcc,3,11500,64
2044,shared_t0_dft_train__2000K_1.0gcc__s3,shared_t0_dft_train,2000K_1.0gcc,3,12000,64
2045,shared_t0_dft_train__2000K_1.0gcc__s3,shared_t0_dft_train,2000K_1.0gcc,3,12500,64
2046,shared_t0_dft_train__2000K_1.0gcc__s3,shared_t0_dft_train,2000K_1.0gcc,3,13000,64
2047,shared_t0_dft_train__2000K_1.0gcc__s3,shared_t0_dft_train,2000K_1.0gcc,3,13500,64
2048,shared_t0_dft_train__2000K_1.0gcc__s3,shared_t0_dft_train,2000K_1.0gcc,3,14000,64
2049,shared_t0_dft_train__2000K_1.0gcc__s3,shared_t0_dft_train,2000K_1.0gcc,3,14500,64
2050,shared_t0_dft_train__2000K_1.0gcc__s3,shared_t0_dft_train,2000K_1.0gcc,3,15000,64
2051,shared_t0_dft_train__2000K_1.0gcc__s3,shared_t0_dft_train,2000K_1.0gcc,3,15500,64
2052,shared_t0_dft_train__2000K_1.0gcc__s3,shared_t0_dft_train,2000K_1.0gcc,3,16000,64
2053,shared_t0_dft_train__2000K_1.0gcc__s3,shared_t0_dft_train,2000K_1.0gcc,3,16500,64
2054,shared_t0_dft_train__2000K_1.0gcc__s3,shared_t0_dft_train,2000K_1.0gcc,3,17000,64
2055,shared_t0_dft_train__2000K_1.0gcc__s3,shared_t0_dft_train,2000K_1.0gcc,3,17500,64
2056,shared_t0_dft_train__2000K_1.0gcc__s3,shared_t0_dft_train,2000K_1.0gcc,3,18000,64
2057,shared_t0_dft_train__2000K_1.0gcc__s3,shared_t0_dft_train,2000K_1.0gcc,3,18500,64
2058,shared_t0_dft_train__2000K_1.0gcc__s3,shared_t0_dft_train,2000K_1.0gcc,3,19000,64
2059,shared_t0_dft_train__2000K_1.0gcc__s3,shared_t0_dft_train,2000K_1.0gcc,3,19500,64
2060,shared_t0_dft_train__2000K_1.0gcc__s3,shared_t0_dft_train,2000K_1.0gcc,3,20000,64
2061,shared_t0_dft_train__2000K_1.0gcc__s3,shared_t0_dft_train,2000K_1.0gcc,3,20500,64
2062,shared_t0_dft_train__2000K_1.0gcc__s3,shared_t0_dft_train,2000K_1.0gcc,3,21000,64
2063,shared_t0_dft_train__2000K_1.0gcc__s3,shared_t0_dft_train,2000K_1.0gcc,3,21500,64
2064,shared_t0_dft_train__2000K_1.0gcc__s3,shared_t0_dft_train,2000K_1.0gcc,3,22000,64
2065,shared_t0_dft_train__2000K_1.0gcc__s3,shared_t0_dft_train,2000K_1.0gcc,3,22500,64
2066,shared_t0_dft_train__2000K_1.0gcc__s3,shared_t0_dft_train,2000K_1.0gcc,3,23000,64
2067,shared_t0_dft_train__2000K_1.0gcc__s3,shared_t0_dft_train,2000K_1.0gcc,3,23500,64
2068,shared_t0_dft_train__2000K_1.0gcc__s3,shared_t0_dft_train,2000K_1.0gcc,3,24000,64
2069,shared_t0_dft_train__2000K_1.0gcc__s3,shared_t0_dft_train,2000K_1.0gcc,3,24500,64
2070,shared_t0_dft_train__2000K_1.0gcc__s3,shared_t0_dft_train,2000K_1.0gcc,3,25000,64
2071,shared_t0_dft_train__2000K_1.0gcc__s3,shared_t0_dft_train,2000K_1.0gcc,3,25500,64
2072,shared_t0_dft_train__2000K_1.0gcc__s3,shared_t0_dft_train,2000K_1.0gcc,3,26000,64
2073,shared_t0_dft_train__2000K_1.0gcc__s3,shared_t0_dft_train,2000K_1.0gcc,3,26500,64
2074,shared_t0_dft_train__2000K_1.0gcc__s3,shared_t0_dft_train,2000K_1.0gcc,3,27000,64
2075,shared_t0_dft_train__2000K_1.0gcc__s3,shared_t0_dft_train,2000K_1.0gcc,3,27500,64
2076,shared_t0_dft_train__2000K_1.0gcc__s3,shared_t0_dft_train,2000K_1.0gcc,3,28000,64
2077,shared_t0_dft_train__2000K_1.0gcc__s3,shared_t0_dft_train,2000K_1.0gcc,3,28500,64
2078,shared_t0_dft_train__2000K_1.0gcc__s3,shared_t0_dft_train,2000K_1.0gcc,3,29000,64
2079,shared_t0_dft_train__2000K_1.0gcc__s3,shared_t0_dft_train,2000K_1.0gcc,3,29500,64
2080,shared_t0_dft_train__2000K_1.0gcc__s3,shared_t0_dft_train,2000K_1.0gcc,3,30000,64
2081,shared_t0_dft_train__2000K_1.0gcc__s3,shared_t0_dft_train,2000K_1.0gcc,3,30500,64
2082,shared_t0_dft_train__2000K_1.0gcc__s3,shared_t0_dft_train,2000K_1.0gcc,3,31000,64
2083,shared_t0_dft_train__2000K_1.0gcc__s3,shared_t0_dft_train,2000K_1.0gcc,3,31500,64
2084,shared_t0_dft_train__2000K_1.0gcc__s3,shared_t0_dft_train,2000K_1.0gcc,3,32000,64
2085,shared_t0_dft_train__2000K_1.0gcc__s3,shared_t0_dft_train,2000K_1.0gcc,3,32500,64
2086,shared_t0_dft_train__2000K_1.0gcc__s3,shared_t0_dft_train,2000K_1.0gcc,3,33000,64
2087,shared_t0_dft_train__2000K_1.0gcc__s3,shared_t0_dft_train,2000K_1.0gcc,3,33500,64
2088,shared_t0_dft_train__2000K_1.0gcc__s3,shared_t0_dft_train,2000K_1.0gcc,3,34000,64
2089,shared_t0_dft_train__2000K_1.0gcc__s3,shared_t0_dft_train,2000K_1.0gcc,3,34500,64
2090,shared_t0_dft_train__2000K_1.0gcc__s3,shared_t0_dft_train,2000K_1.0gcc,3,35000,64
2091,shared_t0_dft_train__2000K_1.0gcc__s3,shared_t0_dft_train,2000K_1.0gcc,3,35500,64
2092,shared_t0_dft_train__2000K_1.0gcc__s3,shared_t0_dft_train,2000K_1.0gcc,3,36000,64
2093,shared_t0_dft_train__2000K_1.0gcc__s3,shared_t0_dft_train,2000K_1.0gcc,3,36500,64
2094,shared_t0_dft_train__2000K_1.0gcc__s3,shared_t0_dft_train,2000K_1.0gcc,3,37000,64
2095,shared_t0_dft_train__2000K_1.0gcc__s3,shared_t0_dft_train,2000K_1.0gcc,3,37500,64
2096,shared_t0_dft_train__2000K_1.0gcc__s3,shared_t0_dft_train,2000K_1.0gcc,3,38000,64
2097,shared_t0_dft_train__2000K_1.0gcc__s3,shared_t0_dft_train,2000K_1.0gcc,3,38500,64
2098,shared_t0_dft_train__2000K_1.0gcc__s3,shared_t0_dft_train,2000K_1.0gcc,3,39000,64
2099,shared_t0_dft_train__2000K_1.0gcc__s3,shared_t0_dft_train,2000K_1.0gcc,3,39500,64
2100,shared_t0_dft_train__2000K_1.0gcc__s3,shared_t0_dft_train,2000K_1.0gcc,3,40000,64
2101,shared_t0_dft_train__2000K_1.0gcc__s3,shared_t0_dft_train,2000K_1.0gcc,3,40500,64
2102,shared_t0_dft_train__2000K_1.0gcc__s3,shared_t0_dft_train,2000K_1.0gcc,3,41000,64
2103,shared_t0_dft_train__2000K_1.0gcc__s3,shared_t0_dft_train,2000K_1.0gcc,3,41500,64
2104,shared_t0_dft_train__2000K_1.0gcc__s3,shared_t0_dft_train,2000K_1.0gcc,3,42000,64
2105,shared_t0_dft_train__2000K_1.0gcc__s3,shared_t0_dft_train,2000K_1.0gcc,3,42500,64
2106,shared_t0_dft_train__2000K_1.0gcc__s3,shared_t0_dft_train,2000K_1.0gcc,3,43000,64
2107,shared_t0_dft_train__2000K_1.0gcc__s3,shared_t0_dft_train,2000K_1.0gcc,3,43500,64
2108,shared_t0_dft_train__2000K_1.0gcc__s3,shared_t0_dft_train,2000K_1.0gcc,3,44000,64
2109,shared_t0_dft_train__2000K_1.0gcc__s3,shared_t0_dft_train,2000K_1.0gcc,3,44500,64
2110,shared_t0_dft_train__2000K_1.0gcc__s3,shared_t0_dft_train,2000K_1.0gcc,3,45000,64
2111,shared_t0_dft_train__2000K_1.0gcc__s3,shared_t0_dft_train,2000K_1.0gcc,3,45500,64
2112,shared_t0_dft_train__2000K_1.0gcc__s3,shared_t0_dft_train,2000K_1.0gcc,3,46000,64
2113,shared_t0_dft_train__2000K_1.0gcc__s3,shared_t0_dft_train,2000K_1.0gcc,3,46500,64
2114,shared_t0_dft_train__2000K_1.0gcc__s3,shared_t0_dft_train,2000K_1.0gcc,3,47000,64
2115,shared_t0_dft_train__2000K_1.0gcc__s3,shared_t0_dft_train,2000K_1.0gcc,3,47500,64
2116,shared_t0_dft_train__2000K_1.0gcc__s3,shared_t0_dft_train,2000K_1.0gcc,3,48000,64
2117,shared_t0_dft_train__2000K_1.0gcc__s3,shared_t0_dft_train,2000K_1.0gcc,3,48500,64
2118,shared_t0_dft_train__2000K_1.0gcc__s3,shared_t0_dft_train,2000K_1.0gcc,3,49000,64
2119,shared_t0_dft_train__2000K_1.0gcc__s3,shared_t0_dft_train,2000K_1.0gcc,3,49500,64
2120,shared_t0_dft_train__2000K_1.0gcc__s3,shared_t0_dft_train,2000K_1.0gcc,3,50000,64
2121,shared_t0_dft_train__300K_1.0gcc__s1,shared_t0_dft_train,300K_1.0gcc,1,0,64
2122,shared_t0_dft_train__300K_1.0gcc__s1,shared_t0_dft_train,300K_1.0gcc,1,500,64
2123,shared_t0_dft_train__300K_1.0gcc__s1,shared_t0_dft_train,300K_1.0gcc,1,1000,64
2124,shared_t0_dft_train__300K_1.0gcc__s1,shared_t0_dft_train,300K_1.0gcc,1,1500,64
2125,shared_t0_dft_train__300K_1.0gcc__s1,shared_t0_dft_train,300K_1.0gcc,1,2000,64
2126,shared_t0_dft_train__300K_1.0gcc__s1,shared_t0_dft_train,300K_1.0gcc,1,2500,64
2127,shared_t0_dft_train__300K_1.0gcc__s1,shared_t0_dft_train,300K_1.0gcc,1,3000,64
2128,shared_t0_dft_train__300K_1.0gcc__s1,shared_t0_dft_train,300K_1.0gcc,1,3500,64
2129,shared_t0_dft_train__300K_1.0gcc__s1,shared_t0_dft_train,300K_1.0gcc,1,4000,64
2130,shared_t0_dft_train__300K_1.0gcc__s1,shared_t0_dft_train,300K_1.0gcc,1,4500,64
2131,shared_t0_dft_train__300K_1.0gcc__s1,shared_t0_dft_train,300K_1.0gcc,1,5000,64
2132,shared_t0_dft_train__300K_1.0gcc__s1,shared_t0_dft_train,300K_1.0gcc,1,5500,64
2133,shared_t0_dft_train__300K_1.0gcc__s1,shared_t0_dft_train,300K_1.0gcc,1,6000,64
2134,shared_t0_dft_train__300K_1.0gcc__s1,shared_t0_dft_train,300K_1.0gcc,1,6500,64
2135,shared_t0_dft_train__300K_1.0gcc__s1,shared_t0_dft_train,300K_1.0gcc,1,7000,64
2136,shared_t0_dft_train__300K_1.0gcc__s1,shared_t0_dft_train,300K_1.0gcc,1,7500,64
2137,shared_t0_dft_train__300K_1.0gcc__s1,shared_t0_dft_train,300K_1.0gcc,1,8000,64
2138,shared_t0_dft_train__300K_1.0gcc__s1,shared_t0_dft_train,300K_1.0gcc,1,8500,64
2139,shared_t0_dft_train__300K_1.0gcc__s1,shared_t0_dft_train,300K_1.0gcc,1,9000,64
2140,shared_t0_dft_train__300K_1.0gcc__s1,shared_t0_dft_train,300K_1.0gcc,1,9500,64
2141,shared_t0_dft_train__300K_1.0gcc__s1,shared_t0_dft_train,300K_1.0gcc,1,10000,64
2142,shared_t0_dft_train__300K_1.0gcc__s1,shared_t0_dft_train,300K_1.0gcc,1,10500,64
2143,shared_t0_dft_train__300K_1.0gcc__s1,shared_t0_dft_train,300K_1.0gcc,1,11000,64
2144,shared_t0_dft_train__300K_1.0gcc__s1,shared_t0_dft_train,300K_1.0gcc,1,11500,64
2145,shared_t0_dft_train__300K_1.0gcc__s1,shared_t0_dft_train,300K_1.0gcc,1,12000,64
2146,shared_t0_dft_train__300K_1.0gcc__s1,shared_t0_dft_train,300K_1.0gcc,1,12500,64
2147,shared_t0_dft_train__300K_1.0gcc__s1,shared_t0_dft_train,300K_1.0gcc,1,13000,64
2148,shared_t0_dft_train__300K_1.0gcc__s1,shared_t0_dft_train,300K_1.0gcc,1,13500,64
2149,shared_t0_dft_train__300K_1.0gcc__s1,shared_t0_dft_train,300K_1.0gcc,1,14000,64
2150,shared_t0_dft_train__300K_1.0gcc__s1,shared_t0_dft_train,300K_1.0gcc,1,14500,64
2151,shared_t0_dft_train__300K_1.0gcc__s1,shared_t0_dft_train,300K_1.0gcc,1,15000,64
2152,shared_t0_dft_train__300K_1.0gcc__s1,shared_t0_dft_train,300K_1.0gcc,1,15500,64
2153,shared_t0_dft_train__300K_1.0gcc__s1,shared_t0_dft_train,300K_1.0gcc,1,16000,64
2154,shared_t0_dft_train__300K_1.0gcc__s1,shared_t0_dft_train,300K_1.0gcc,1,16500,64
2155,shared_t0_dft_train__300K_1.0gcc__s1,shared_t0_dft_train,300K_1.0gcc,1,17000,64
2156,shared_t0_dft_train__300K_1.0gcc__s1,shared_t0_dft_train,300K_1.0gcc,1,17500,64
2157,shared_t0_dft_train__300K_1.0gcc__s1,shared_t0_dft_train,300K_1.0gcc,1,18000,64
2158,shared_t0_dft_train__300K_1.0gcc__s1,shared_t0_dft_train,300K_1.0gcc,1,18500,64
2159,shared_t0_dft_train__300K_1.0gcc__s1,shared_t0_dft_train,300K_1.0gcc,1,19000,64
2160,shared_t0_dft_train__300K_1.0gcc__s1,shared_t0_dft_train,300K_1.0gcc,1,19500,64
2161,shared_t0_dft_train__300K_1.0gcc__s1,shared_t0_dft_train,300K_1.0gcc,1,20000,64
2162,shared_t0_dft_train__300K_1.0gcc__s1,shared_t0_dft_train,300K_1.0gcc,1,20500,64
2163,shared_t0_dft_train__300K_1.0gcc__s1,shared_t0_dft_train,300K_1.0gcc,1,21000,64
2164,shared_t0_dft_train__300K_1.0gcc__s1,shared_t0_dft_train,300K_1.0gcc,1,21500,64
2165,shared_t0_dft_train__300K_1.0gcc__s1,shared_t0_dft_train,300K_1.0gcc,1,22000,64
2166,shared_t0_dft_train__300K_1.0gcc__s1,shared_t0_dft_train,300K_1.0gcc,1,22500,64
2167,shared_t0_dft_train__300K_1.0gcc__s1,shared_t0_dft_train,300K_1.0gcc,1,23000,64
2168,shared_t0_dft_train__300K_1.0gcc__s1,shared_t0_dft_train,300K_1.0gcc,1,23500,64
2169,shared_t0_dft_train__300K_1.0gcc__s1,shared_t0_dft_train,300K_1.0gcc,1,24000,64
2170,shared_t0_dft_train__300K_1.0gcc__s1,shared_t0_dft_train,300K_1.0gcc,1,24500,64
2171,shared_t0_dft_train__300K_1.0gcc__s1,shared_t0_dft_train,300K_1.0gcc,1,25000,64
2172,shared_t0_dft_train__300K_1.0gcc__s1,shared_t0_dft_train,300K_1.0gcc,1,25500,64
2173,shared_t0_dft_train__300K_1.0gcc__s1,shared_t0_dft_train,300K_1.0gcc,1,26000,64
2174,shared_t0_dft_train__300K_1.0gcc__s1,shared_t0_dft_train,300K_1.0gcc,1,26500,64
2175,shared_t0_dft_train__300K_1.0gcc__s1,shared_t0_dft_train,300K_1.0gcc,1,27000,64
2176,shared_t0_dft_train__300K_1.0gcc__s1,shared_t0_dft_train,300K_1.0gcc,1,27500,64
2177,shared_t0_dft_train__300K_1.0gcc__s1,shared_t0_dft_train,300K_1.0gcc,1,28000,64
2178,shared_t0_dft_train__300K_1.0gcc__s1,shared_t0_dft_train,300K_1.0gcc,1,28500,64
2179,shared_t0_dft_train__300K_1.0gcc__s1,shared_t0_dft_train,300K_1.0gcc,1,29000,64
2180,shared_t0_dft_train__300K_1.0gcc__s1,shared_t0_dft_train,300K_1.0gcc,1,29500,64
2181,shared_t0_dft_train__300K_1.0gcc__s1,shared_t0_dft_train,300K_1.0gcc,1,30000,64
2182,shared_t0_dft_train__300K_1.0gcc__s1,shared_t0_dft_train,300K_1.0gcc,1,30500,64
2183,shared_t0_dft_train__300K_1.0gcc__s1,shared_t0_dft_train,300K_1.0gcc,1,31000,64
2184,shared_t0_dft_train__300K_1.0gcc__s1,shared_t0_dft_train,300K_1.0gcc,1,31500,64
2185,shared_t0_dft_train__300K_1.0gcc__s1,shared_t0_dft_train,300K_1.0gcc,1,32000,64
2186,shared_t0_dft_train__300K_1.0gcc__s1,shared_t0_dft_train,300K_1.0gcc,1,32500,64
2187,shared_t0_dft_train__300K_1.0gcc__s1,shared_t0_dft_train,300K_1.0gcc,1,33000,64
2188,shared_t0_dft_train__300K_1.0gcc__s1,shared_t0_dft_train,300K_1.0gcc,1,33500,64
2189,shared_t0_dft_train__300K_1.0gcc__s1,shared_t0_dft_train,300K_1.0gcc,1,34000,64
2190,shared_t0_dft_train__300K_1.0gcc__s1,shared_t0_dft_train,300K_1.0gcc,1,34500,64
2191,shared_t0_dft_train__300K_1.0gcc__s1,shared_t0_dft_train,300K_1.0gcc,1,35000,64
2192,shared_t0_dft_train__300K_1.0gcc__s1,shared_t0_dft_train,300K_1.0gcc,1,35500,64
2193,shared_t0_dft_train__300K_1.0gcc__s1,shared_t0_dft_train,300K_1.0gcc,1,36000,64
2194,shared_t0_dft_train__300K_1.0gcc__s1,shared_t0_dft_train,300K_1.0gcc,1,36500,64
2195,shared_t0_dft_train__300K_1.0gcc__s1,shared_t0_dft_train,300K_1.0gcc,1,37000,64
2196,shared_t0_dft_train__300K_1.0gcc__s1,shared_t0_dft_train,300K_1.0gcc,1,37500,64
2197,shared_t0_dft_train__300K_1.0gcc__s1,shared_t0_dft_train,300K_1.0gcc,1,38000,64
2198,shared_t0_dft_train__300K_1.0gcc__s1,shared_t0_dft_train,300K_1.0gcc,1,38500,64
2199,shared_t0_dft_train__300K_1.0gcc__s1,shared_t0_dft_train,300K_1.0gcc,1,39000,64
2200,shared_t0_dft_train__300K_1.0gcc__s1,shared_t0_dft_train,300K_1.0gcc,1,39500,64
2201,shared_t0_dft_train__300K_1.0gcc__s1,shared_t0_dft_train,300K_1.0gcc,1,40000,64
2202,shared_t0_dft_train__300K_1.0gcc__s1,shared_t0_dft_train,300K_1.0gcc,1,40500,64
2203,shared_t0_dft_train__300K_1.0gcc__s1,shared_t0_dft_train,300K_1.0gcc,1,41000,64
2204,shared_t0_dft_train__300K_1.0gcc__s1,shared_t0_dft_train,300K_1.0gcc,1,41500,64
2205,shared_t0_dft_train__300K_1.0gcc__s1,shared_t0_dft_train,300K_1.0gcc,1,42000,64
2206,shared_t0_dft_train__300K_1.0gcc__s1,shared_t0_dft_train,300K_1.0gcc,1,42500,64
2207,shared_t0_dft_train__300K_1.0gcc__s1,shared_t0_dft_train,300K_1.0gcc,1,43000,64
2208,shared_t0_dft_train__300K_1.0gcc__s1,shared_t0_dft_train,300K_1.0gcc,1,43500,64
2209,shared_t0_dft_train__300K_1.0gcc__s1,shared_t0_dft_train,300K_1.0gcc,1,44000,64
2210,shared_t0_dft_train__300K_1.0gcc__s1,shared_t0_dft_train,300K_1.0gcc,1,44500,64
2211,shared_t0_dft_train__300K_1.0gcc__s1,shared_t0_dft_train,300K_1.0gcc,1,45000,64
2212,shared_t0_dft_train__300K_1.0gcc__s1,shared_t0_dft_train,300K_1.0gcc,1,45500,64
2213,shared_t0_dft_train__300K_1.0gcc__s1,shared_t0_dft_train,300K_1.0gcc,1,46000,64
2214,shared_t0_dft_train__300K_1.0gcc__s1,shared_t0_dft_train,300K_1.0gcc,1,46500,64
2215,shared_t0_dft_train__300K_1.0gcc__s1,shared_t0_dft_train,300K_1.0gcc,1,47000,64
2216,shared_t0_dft_train__300K_1.0gcc__s1,shared_t0_dft_train,300K_1.0gcc,1,47500,64
2217,shared_t0_dft_train__300K_1.0gcc__s1,shared_t0_dft_train,300K_1.0gcc,1,48000,64
2218,shared_t0_dft_train__300K_1.0gcc__s1,shared_t0_dft_train,300K_1.0gcc,1,48500,64
2219,shared_t0_dft_train__300K_1.0gcc__s1,shared_t0_dft_train,300K_1.0gcc,1,49000,64
2220,shared_t0_dft_train__300K_1.0gcc__s1,shared_t0_dft_train,300K_1.0gcc,1,49500,64
2221,shared_t0_dft_train__300K_1.0gcc__s1,shared_t0_dft_train,300K_1.0gcc,1,50000,64
2222,shared_t0_dft_train__300K_1.0gcc__s2,shared_t0_dft_train,300K_1.0gcc,2,0,64
2223,shared_t0_dft_train__300K_1.0gcc__s2,shared_t0_dft_train,300K_1.0gcc,2,500,64
2224,shared_t0_dft_train__300K_1.0gcc__s2,shared_t0_dft_train,300K_1.0gcc,2,1000,64
2225,shared_t0_dft_train__300K_1.0gcc__s2,shared_t0_dft_train,300K_1.0gcc,2,1500,64
2226,shared_t0_dft_train__300K_1.0gcc__s2,shared_t0_dft_train,300K_1.0gcc,2,2000,64
2227,shared_t0_dft_train__300K_1.0gcc__s2,shared_t0_dft_train,300K_1.0gcc,2,2500,64
2228,shared_t0_dft_train__300K_1.0gcc__s2,shared_t0_dft_train,300K_1.0gcc,2,3000,64
2229,shared_t0_dft_train__300K_1.0gcc__s2,shared_t0_dft_train,300K_1.0gcc,2,3500,64
2230,shared_t0_dft_train__300K_1.0gcc__s2,shared_t0_dft_train,300K_1.0gcc,2,4000,64
2231,shared_t0_dft_train__300K_1.0gcc__s2,shared_t0_dft_train,300K_1.0gcc,2,4500,64
2232,shared_t0_dft_train__300K_1.0gcc__s2,shared_t0_dft_train,300K_1.0gcc,2,5000,64
2233,shared_t0_dft_train__300K_1.0gcc__s2,shared_t0_dft_train,300K_1.0gcc,2,5500,64
2234,shared_t0_dft_train__300K_1.0gcc__s2,shared_t0_dft_train,300K_1.0gcc,2,6000,64
2235,shared_t0_dft_train__300K_1.0gcc__s2,shared_t0_dft_train,300K_1.0gcc,2,6500,64
2236,shared_t0_dft_train__300K_1.0gcc__s2,shared_t0_dft_train,300K_1.0gcc,2,7000,64
2237,shared_t0_dft_train__300K_1.0gcc__s2,shared_t0_dft_train,300K_1.0gcc,2,7500,64
2238,shared_t0_dft_train__300K_1.0gcc__s2,shared_t0_dft_train,300K_1.0gcc,2,8000,64
2239,shared_t0_dft_train__300K_1.0gcc__s2,shared_t0_dft_train,300K_1.0gcc,2,8500,64
2240,shared_t0_dft_train__300K_1.0gcc__s2,shared_t0_dft_train,300K_1.0gcc,2,9000,64
2241,shared_t0_dft_train__300K_1.0gcc__s2,shared_t0_dft_train,300K_1.0gcc,2,9500,64
2242,shared_t0_dft_train__300K_1.0gcc__s2,shared_t0_dft_train,300K_1.0gcc,2,10000,64
2243,shared_t0_dft_train__300K_1.0gcc__s2,shared_t0_dft_train,300K_1.0gcc,2,10500,64
2244,shared_t0_dft_train__300K_1.0gcc__s2,shared_t0_dft_train,300K_1.0gcc,2,11000,64
2245,shared_t0_dft_train__300K_1.0gcc__s2,shared_t0_dft_train,300K_1.0gcc,2,11500,64
2246,shared_t0_dft_train__300K_1.0gcc__s2,shared_t0_dft_train,300K_1.0gcc,2,12000,64
2247,shared_t0_dft_train__300K_1.0gcc__s2,shared_t0_dft_train,300K_1.0gcc,2,12500,64
2248,shared_t0_dft_train__300K_1.0gcc__s2,shared_t0_dft_train,300K_1.0gcc,2,13000,64
2249,shared_t0_dft_train__300K_1.0gcc__s2,shared_t0_dft_train,300K_1.0gcc,2,13500,64
2250,shared_t0_dft_train__300K_1.0gcc__s2,shared_t0_dft_train,300K_1.0gcc,2,14000,64
2251,shared_t0_dft_train__300K_1.0gcc__s2,shared_t0_dft_train,300K_1.0gcc,2,14500,64
2252,shared_t0_dft_train__300K_1.0gcc__s2,shared_t0_dft_train,300K_1.0gcc,2,15000,64
2253,shared_t0_dft_train__300K_1.0gcc__s2,shared_t0_dft_train,300K_1.0gcc,2,15500,64
2254,shared_t0_dft_train__300K_1.0gcc__s2,shared_t0_dft_train,300K_1.0gcc,2,16000,64
2255,shared_t0_dft_train__300K_1.0gcc__s2,shared_t0_dft_train,300K_1.0gcc,2,16500,64
2256,shared_t0_dft_train__300K_1.0gcc__s2,shared_t0_dft_train,300K_1.0gcc,2,17000,64
2257,shared_t0_dft_train__300K_1.0gcc__s2,shared_t0_dft_train,300K_1.0gcc,2,17500,64
2258,shared_t0_dft_train__300K_1.0gcc__s2,shared_t0_dft_train,300K_1.0gcc,2,18000,64
2259,shared_t0_dft_train__300K_1.0gcc__s2,shared_t0_dft_train,300K_1.0gcc,2,18500,64
2260,shared_t0_dft_train__300K_1.0gcc__s2,shared_t0_dft_train,300K_1.0gcc,2,19000,64
2261,shared_t0_dft_train__300K_1.0gcc__s2,shared_t0_dft_train,300K_1.0gcc,2,19500,64
2262,shared_t0_dft_train__300K_1.0gcc__s2,shared_t0_dft_train,300K_1.0gcc,2,20000,64
2263,shared_t0_dft_train__300K_1.0gcc__s2,shared_t0_dft_train,300K_1.0gcc,2,20500,64
2264,shared_t0_dft_train__300K_1.0gcc__s2,shared_t0_dft_train,300K_1.0gcc,2,21000,64
2265,shared_t0_dft_train__300K_1.0gcc__s2,shared_t0_dft_train,300K_1.0gcc,2,21500,64
2266,shared_t0_dft_train__300K_1.0gcc__s2,shared_t0_dft_train,300K_1.0gcc,2,22000,64
2267,shared_t0_dft_train__300K_1.0gcc__s2,shared_t0_dft_train,300K_1.0gcc,2,22500,64
2268,shared_t0_dft_train__300K_1.0gcc__s2,shared_t0_dft_train,300K_1.0gcc,2,23000,64
2269,shared_t0_dft_train__300K_1.0gcc__s2,shared_t0_dft_train,300K_1.0gcc,2,23500,64
2270,shared_t0_dft_train__300K_1.0gcc__s2,shared_t0_dft_train,300K_1.0gcc,2,24000,64
2271,shared_t0_dft_train__300K_1.0gcc__s2,shared_t0_dft_train,300K_1.0gcc,2,24500,64
2272,shared_t0_dft_train__300K_1.0gcc__s2,shared_t0_dft_train,300K_1.0gcc,2,25000,64
2273,shared_t0_dft_train__300K_1.0gcc__s2,shared_t0_dft_train,300K_1.0gcc,2,25500,64
2274,shared_t0_dft_train__300K_1.0gcc__s2,shared_t0_dft_train,300K_1.0gcc,2,26000,64
2275,shared_t0_dft_train__300K_1.0gcc__s2,shared_t0_dft_train,300K_1.0gcc,2,26500,64
2276,shared_t0_dft_train__300K_1.0gcc__s2,shared_t0_dft_train,300K_1.0gcc,2,27000,64
2277,shared_t0_dft_train__300K_1.0gcc__s2,shared_t0_dft_train,300K_1.0gcc,2,27500,64
2278,shared_t0_dft_train__300K_1.0gcc__s2,shared_t0_dft_train,300K_1.0gcc,2,28000,64
2279,shared_t0_dft_train__300K_1.0gcc__s2,shared_t0_dft_train,300K_1.0gcc,2,28500,64
2280,shared_t0_dft_train__300K_1.0gcc__s2,shared_t0_dft_train,300K_1.0gcc,2,29000,64
2281,shared_t0_dft_train__300K_1.0gcc__s2,shared_t0_dft_train,300K_1.0gcc,2,29500,64
2282,shared_t0_dft_train__300K_1.0gcc__s2,shared_t0_dft_train,300K_1.0gcc,2,30000,64
2283,shared_t0_dft_train__300K_1.0gcc__s2,shared_t0_dft_train,300K_1.0gcc,2,30500,64
2284,shared_t0_dft_train__300K_1.0gcc__s2,shared_t0_dft_train,300K_1.0gcc,2,31000,64
2285,shared_t0_dft_train__300K_1.0gcc__s2,shared_t0_dft_train,300K_1.0gcc,2,31500,64
2286,shared_t0_dft_train__300K_1.0gcc__s2,shared_t0_dft_train,300K_1.0gcc,2,32000,64
2287,shared_t0_dft_train__300K_1.0gcc__s2,shared_t0_dft_train,300K_1.0gcc,2,32500,64
2288,shared_t0_dft_train__300K_1.0gcc__s2,shared_t0_dft_train,300K_1.0gcc,2,33000,64
2289,shared_t0_dft_train__300K_1.0gcc__s2,shared_t0_dft_train,300K_1.0gcc,2,33500,64
2290,shared_t0_dft_train__300K_1.0gcc__s2,shared_t0_dft_train,300K_1.0gcc,2,34000,64
2291,shared_t0_dft_train__300K_1.0gcc__s2,shared_t0_dft_train,300K_1.0gcc,2,34500,64
2292,shared_t0_dft_train__300K_1.0gcc__s2,shared_t0_dft_train,300K_1.0gcc,2,35000,64
2293,shared_t0_dft_train__300K_1.0gcc__s2,shared_t0_dft_train,300K_1.0gcc,2,35500,64
2294,shared_t0_dft_train__300K_1.0gcc__s2,shared_t0_dft_train,300K_1.0gcc,2,36000,64
2295,shared_t0_dft_train__300K_1.0gcc__s2,shared_t0_dft_train,300K_1.0gcc,2,36500,64
2296,shared_t0_dft_train__300K_1.0gcc__s2,shared_t0_dft_train,300K_1.0gcc,2,37000,64
2297,shared_t0_dft_train__300K_1.0gcc__s2,shared_t0_dft_train,300K_1.0gcc,2,37500,64
2298,shared_t0_dft_train__300K_1.0gcc__s2,shared_t0_dft_train,300K_1.0gcc,2,38000,64
2299,shared_t0_dft_train__300K_1.0gcc__s2,shared_t0_dft_train,300K_1.0gcc,2,38500,64
2300,shared_t0_dft_train__300K_1.0gcc__s2,shared_t0_dft_train,300K_1.0gcc,2,39000,64
2301,shared_t0_dft_train__300K_1.0gcc__s2,shared_t0_dft_train,300K_1.0gcc,2,39500,64
2302,shared_t0_dft_train__300K_1.0gcc__s2,shared_t0_dft_train,300K_1.0gcc,2,40000,64
2303,shared_t0_dft_train__300K_1.0gcc__s2,shared_t0_dft_train,300K_1.0gcc,2,40500,64
2304,shared_t0_dft_train__300K_1.0gcc__s2,shared_t0_dft_train,300K_1.0gcc,2,41000,64
2305,shared_t0_dft_train__300K_1.0gcc__s2,shared_t0_dft_train,300K_1.0gcc,2,41500,64
2306,shared_t0_dft_train__300K_1.0gcc__s2,shared_t0_dft_train,300K_1.0gcc,2,42000,64
2307,shared_t0_dft_train__300K_1.0gcc__s2,shared_t0_dft_train,300K_1.0gcc,2,42500,64
2308,shared_t0_dft_train__300K_1.0gcc__s2,shared_t0_dft_train,300K_1.0gcc,2,43000,64
2309,shared_t0_dft_train__300K_1.0gcc__s2,shared_t0_dft_train,300K_1.0gcc,2,43500,64
2310,shared_t0_dft_train__300K_1.0gcc__s2,shared_t0_dft_train,300K_1.0gcc,2,44000,64
2311,shared_t0_dft_train__300K_1.0gcc__s2,shared_t0_dft_train,300K_1.0gcc,2,44500,64
2312,shared_t0_dft_train__300K_1.0gcc__s2,shared_t0_dft_train,300K_1.0gcc,2,45000,64
2313,shared_t0_dft_train__300K_1.0gcc__s2,shared_t0_dft_train,300K_1.0gcc,2,45500,64
2314,shared_t0_dft_train__300K_1.0gcc__s2,shared_t0_dft_train,300K_1.0gcc,2,46000,64
2315,shared_t0_dft_train__300K_1.0gcc__s2,shared_t0_dft_train,300K_1.0gcc,2,46500,64
2316,shared_t0_dft_train__300K_1.0gcc__s2,shared_t0_dft_train,300K_1.0gcc,2,47000,64
2317,shared_t0_dft_train__300K_1.0gcc__s2,shared_t0_dft_train,300K_1.0gcc,2,47500,64
2318,shared_t0_dft_train__300K_1.0gcc__s2,shared_t0_dft_train,300K_1.0gcc,2,48000,64
2319,shared_t0_dft_train__300K_1.0gcc__s2,shared_t0_dft_train,300K_1.0gcc,2,48500,64
2320,shared_t0_dft_train__300K_1.0gcc__s2,shared_t0_dft_train,300K_1.0gcc,2,49000,64
2321,shared_t0_dft_train__300K_1.0gcc__s2,shared_t0_dft_train,300K_1.0gcc,2,49500,64
2322,shared_t0_dft_train__300K_1.0gcc__s2,shared_t0_dft_train,300K_1.0gcc,2,50000,64
2323,shared_t0_dft_train__300K_1.0gcc__s3,shared_t0_dft_train,300K_1.0gcc,3,0,64
2324,shared_t0_dft_train__300K_1.0gcc__s3,shared_t0_dft_train,300K_1.0gcc,3,500,64
2325,shared_t0_dft_train__300K_1.0gcc__s3,shared_t0_dft_train,300K_1.0gcc,3,1000,64
2326,shared_t0_dft_train__300K_1.0gcc__s3,shared_t0_dft_train,300K_1.0gcc,3,1500,64
2327,shared_t0_dft_train__300K_1.0gcc__s3,shared_t0_dft_train,300K_1.0gcc,3,2000,64
2328,shared_t0_dft_train__300K_1.0gcc__s3,shared_t0_dft_train,300K_1.0gcc,3,2500,64
2329,shared_t0_dft_train__300K_1.0gcc__s3,shared_t0_dft_train,300K_1.0gcc,3,3000,64
2330,shared_t0_dft_train__300K_1.0gcc__s3,shared_t0_dft_train,300K_1.0gcc,3,3500,64
2331,shared_t0_dft_train__300K_1.0gcc__s3,shared_t0_dft_train,300K_1.0gcc,3,4000,64
2332,shared_t0_dft_train__300K_1.0gcc__s3,shared_t0_dft_train,300K_1.0gcc,3,4500,64
2333,shared_t0_dft_train__300K_1.0gcc__s3,shared_t0_dft_train,300K_1.0gcc,3,5000,64
2334,shared_t0_dft_train__300K_1.0gcc__s3,shared_t0_dft_train,300K_1.0gcc,3,5500,64
2335,shared_t0_dft_train__300K_1.0gcc__s3,shared_t0_dft_train,300K_1.0gcc,3,6000,64
2336,shared_t0_dft_train__300K_1.0gcc__s3,shared_t0_dft_train,300K_1.0gcc,3,6500,64
2337,shared_t0_dft_train__300K_1.0gcc__s3,shared_t0_dft_train,300K_1.0gcc,3,7000,64
2338,shared_t0_dft_train__300K_1.0gcc__s3,shared_t0_dft_train,300K_1.0gcc,3,7500,64
2339,shared_t0_dft_train__300K_1.0gcc__s3,shared_t0_dft_train,300K_1.0gcc,3,8000,64
2340,shared_t0_dft_train__300K_1.0gcc__s3,shared_t0_dft_train,300K_1.0gcc,3,8500,64
2341,shared_t0_dft_train__300K_1.0gcc__s3,shared_t0_dft_train,300K_1.0gcc,3,9000,64
2342,shared_t0_dft_train__300K_1.0gcc__s3,shared_t0_dft_train,300K_1.0gcc,3,9500,64
2343,shared_t0_dft_train__300K_1.0gcc__s3,shared_t0_dft_train,300K_1.0gcc,3,10000,64
2344,shared_t0_dft_train__300K_1.0gcc__s3,shared_t0_dft_train,300K_1.0gcc,3,10500,64
2345,shared_t0_dft_train__300K_1.0gcc__s3,shared_t0_dft_train,300K_1.0gcc,3,11000,64
2346,shared_t0_dft_train__300K_1.0gcc__s3,shared_t0_dft_train,300K_1.0gcc,3,11500,64
2347,shared_t0_dft_train__300K_1.0gcc__s3,shared_t0_dft_train,300K_1.0gcc,3,12000,64
2348,shared_t0_dft_train__300K_1.0gcc__s3,shared_t0_dft_train,300K_1.0gcc,3,12500,64
2349,shared_t0_dft_train__300K_1.0gcc__s3,shared_t0_dft_train,300K_1.0gcc,3,13000,64
2350,shared_t0_dft_train__300K_1.0gcc__s3,shared_t0_dft_train,300K_1.0gcc,3,13500,64
2351,shared_t0_dft_train__300K_1.0gcc__s3,shared_t0_dft_train,300K_1.0gcc,3,14000,64
2352,shared_t0_dft_train__300K_1.0gcc__s3,shared_t0_dft_train,300K_1.0gcc,3,14500,64
2353,shared_t0_dft_train__300K_1.0gcc__s3,shared_t0_dft_train,300K_1.0gcc,3,15000,64
2354,shared_t0_dft_train__300K_1.0gcc__s3,shared_t0_dft_train,300K_1.0gcc,3,15500,64
2355,shared_t0_dft_train__300K_1.0gcc__s3,shared_t0_dft_train,300K_1.0gcc,3,16000,64
2356,shared_t0_dft_train__300K_1.0gcc__s3,shared_t0_dft_train,300K_1.0gcc,3,16500,64
2357,shared_t0_dft_train__300K_1.0gcc__s3,shared_t0_dft_train,300K_1.0gcc,3,17000,64
2358,shared_t0_dft_train__300K_1.0gcc__s3,shared_t0_dft_train,300K_1.0gcc,3,17500,64
2359,shared_t0_dft_train__300K_1.0gcc__s3,shared_t0_dft_train,300K_1.0gcc,3,18000,64
2360,shared_t0_dft_train__300K_1.0gcc__s3,shared_t0_dft_train,300K_1.0gcc,3,18500,64
2361,shared_t0_dft_train__300K_1.0gcc__s3,shared_t0_dft_train,300K_1.0gcc,3,19000,64
2362,shared_t0_dft_train__300K_1.0gcc__s3,shared_t0_dft_train,300K_1.0gcc,3,19500,64
2363,shared_t0_dft_train__300K_1.0gcc__s3,shared_t0_dft_train,300K_1.0gcc,3,20000,64
2364,shared_t0_dft_train__300K_1.0gcc__s3,shared_t0_dft_train,300K_1.0gcc,3,20500,64
2365,shared_t0_dft_train__300K_1.0gcc__s3,shared_t0_dft_train,300K_1.0gcc,3,21000,64
2366,shared_t0_dft_train__300K_1.0gcc__s3,shared_t0_dft_train,300K_1.0gcc,3,21500,64
2367,shared_t0_dft_train__300K_1.0gcc__s3,shared_t0_dft_train,300K_1.0gcc,3,22000,64
2368,shared_t0_dft_train__300K_1.0gcc__s3,shared_t0_dft_train,300K_1.0gcc,3,22500,64
2369,shared_t0_dft_train__300K_1.0gcc__s3,shared_t0_dft_train,300K_1.0gcc,3,23000,64
2370,shared_t0_dft_train__300K_1.0gcc__s3,shared_t0_dft_train,300K_1.0gcc,3,23500,64
2371,shared_t0_dft_train__300K_1.0gcc__s3,shared_t0_dft_train,300K_1.0gcc,3,24000,64
2372,shared_t0_dft_train__300K_1.0gcc__s3,shared_t0_dft_train,300K_1.0gcc,3,24500,64
2373,shared_t0_dft_train__300K_1.0gcc__s3,shared_t0_dft_train,300K_1.0gcc,3,25000,64
2374,shared_t0_dft_train__300K_1.0gcc__s3,shared_t0_dft_train,300K_1.0gcc,3,25500,64
2375,shared_t0_dft_train__300K_1.0gcc__s3,shared_t0_dft_train,300K_1.0gcc,3,26000,64
2376,shared_t0_dft_train__300K_1.0gcc__s3,shared_t0_dft_train,300K_1.0gcc,3,26500,64
2377,shared_t0_dft_train__300K_1.0gcc__s3,shared_t0_dft_train,300K_1.0gcc,3,27000,64
2378,shared_t0_dft_train__300K_1.0gcc__s3,shared_t0_dft_train,300K_1.0gcc,3,27500,64
2379,shared_t0_dft_train__300K_1.0gcc__s3,shared_t0_dft_train,300K_1.0gcc,3,28000,64
2380,shared_t0_dft_train__300K_1.0gcc__s3,shared_t0_dft_train,300K_1.0gcc,3,28500,64
2381,shared_t0_dft_train__300K_1.0gcc__s3,shared_t0_dft_train,300K_1.0gcc,3,29000,64
2382,shared_t0_dft_train__300K_1.0gcc__s3,shared_t0_dft_train,300K_1.0gcc,3,29500,64
2383,shared_t0_dft_train__300K_1.0gcc__s3,shared_t0_dft_train,300K_1.0gcc,3,30000,64
2384,shared_t0_dft_train__300K_1.0gcc__s3,shared_t0_dft_train,300K_1.0gcc,3,30500,64
2385,shared_t0_dft_train__300K_1.0gcc__s3,shared_t0_dft_train,300K_1.0gcc,3,31000,64
2386,shared_t0_dft_train__300K_1.0gcc__s3,shared_t0_dft_train,300K_1.0gcc,3,31500,64
2387,shared_t0_dft_train__300K_1.0gcc__s3,shared_t0_dft_train,300K_1.0gcc,3,32000,64
2388,shared_t0_dft_train__300K_1.0gcc__s3,shared_t0_dft_train,300K_1.0gcc,3,32500,64
2389,shared_t0_dft_train__300K_1.0gcc__s3,shared_t0_dft_train,300K_1.0gcc,3,33000,64
2390,shared_t0_dft_train__300K_1.0gcc__s3,shared_t0_dft_train,300K_1.0gcc,3,33500,64
2391,shared_t0_dft_train__300K_1.0gcc__s3,shared_t0_dft_train,300K_1.0gcc,3,34000,64
2392,shared_t0_dft_train__300K_1.0gcc__s3,shared_t0_dft_train,300K_1.0gcc,3,34500,64
2393,shared_t0_dft_train__300K_1.0gcc__s3,shared_t0_dft_train,300K_1.0gcc,3,35000,64
2394,shared_t0_dft_train__300K_1.0gcc__s3,shared_t0_dft_train,300K_1.0gcc,3,35500,64
2395,shared_t0_dft_train__300K_1.0gcc__s3,shared_t0_dft_train,300K_1.0gcc,3,36000,64
2396,shared_t0_dft_train__300K_1.0gcc__s3,shared_t0_dft_train,300K_1.0gcc,3,36500,64
2397,shared_t0_dft_train__300K_1.0gcc__s3,shared_t0_dft_train,300K_1.0gcc,3,37000,64
2398,shared_t0_dft_train__300K_1.0gcc__s3,shared_t0_dft_train,300K_1.0gcc,3,37500,64
2399,shared_t0_dft_train__300K_1.0gcc__s3,shared_t0_dft_train,300K_1.0gcc,3,38000,64
2400,shared_t0_dft_train__300K_1.0gcc__s3,shared_t0_dft_train,300K_1.0gcc,3,38500,64
2401,shared_t0_dft_train__300K_1.0gcc__s3,shared_t0_dft_train,300K_1.0gcc,3,39000,64
2402,shared_t0_dft_train__300K_1.0gcc__s3,shared_t0_dft_train,300K_1.0gcc,3,39500,64
2403,shared_t0_dft_train__300K_1.0gcc__s3,shared_t0_dft_train,300K_1.0gcc,3,40000,64
2404,shared_t0_dft_train__300K_1.0gcc__s3,shared_t0_dft_train,300K_1.0gcc,3,40500,64
2405,shared_t0_dft_train__300K_1.0gcc__s3,shared_t0_dft_train,300K_1.0gcc,3,41000,64
2406,shared_t0_dft_train__300K_1.0gcc__s3,shared_t0_dft_train,300K_1.0gcc,3,41500,64
2407,shared_t0_dft_train__300K_1.0gcc__s3,shared_t0_dft_train,300K_1.0gcc,3,42000,64
2408,shared_t0_dft_train__300K_1.0gcc__s3,shared_t0_dft_train,300K_1.0gcc,3,42500,64
2409,shared_t0_dft_train__300K_1.0gcc__s3,shared_t0_dft_train,300K_1.0gcc,3,43000,64
2410,shared_t0_dft_train__300K_1.0gcc__s3,shared_t0_dft_train,300K_1.0gcc,3,43500,64
2411,shared_t0_dft_train__300K_1.0gcc__s3,shared_t0_dft_train,300K_1.0gcc,3,44000,64
2412,shared_t0_dft_train__300K_1.0gcc__s3,shared_t0_dft_train,300K_1.0gcc,3,44500,64
2413,shared_t0_dft_train__300K_1.0gcc__s3,shared_t0_dft_train,300K_1.0gcc,3,45000,64
2414,shared_t0_dft_train__300K_1.0gcc__s3,shared_t0_dft_train,300K_1.0gcc,3,45500,64
2415,shared_t0_dft_train__300K_1.0gcc__s3,shared_t0_dft_train,300K_1.0gcc,3,46000,64
2416,shared_t0_dft_train__300K_1.0gcc__s3,shared_t0_dft_train,300K_1.0gcc,3,46500,64
2417,shared_t0_dft_train__300K_1.0gcc__s3,shared_t0_dft_train,300K_1.0gcc,3,47000,64
2418,shared_t0_dft_train__300K_1.0gcc__s3,shared_t0_dft_train,300K_1.0gcc,3,47500,64
2419,shared_t0_dft_train__300K_1.0gcc__s3,shared_t0_dft_train,300K_1.0gcc,3,48000,64
2420,shared_t0_dft_train__300K_1.0gcc__s3,shared_t0_dft_train,300K_1.0gcc,3,48500,64
2421,shared_t0_dft_train__300K_1.0gcc__s3,shared_t0_dft_train,300K_1.0gcc,3,49000,64
2422,shared_t0_dft_train__300K_1.0gcc__s3,shared_t0_dft_train,300K_1.0gcc,3,49500,64
2423,shared_t0_dft_train__300K_1.0gcc__s3,shared_t0_dft_train,300K_1.0gcc,3,50000,64
2424,shared_t0_dft_train__5000K_2.0gcc__s1,shared_t0_dft_train,5000K_2.0gcc,1,0,64
2425,shared_t0_dft_train__5000K_2.0gcc__s1,shared_t0_dft_train,5000K_2.0gcc,1,500,64
2426,shared_t0_dft_train__5000K_2.0gcc__s1,shared_t0_dft_train,5000K_2.0gcc,1,1000,64
2427,shared_t0_dft_train__5000K_2.0gcc__s1,shared_t0_dft_train,5000K_2.0gcc,1,1500,64
2428,shared_t0_dft_train__5000K_2.0gcc__s1,shared_t0_dft_train,5000K_2.0gcc,1,2000,64
2429,shared_t0_dft_train__5000K_2.0gcc__s1,shared_t0_dft_train,5000K_2.0gcc,1,2500,64
2430,shared_t0_dft_train__5000K_2.0gcc__s1,shared_t0_dft_train,5000K_2.0gcc,1,3000,64
2431,shared_t0_dft_train__5000K_2.0gcc__s1,shared_t0_dft_train,5000K_2.0gcc,1,3500,64
2432,shared_t0_dft_train__5000K_2.0gcc__s1,shared_t0_dft_train,5000K_2.0gcc,1,4000,64
2433,shared_t0_dft_train__5000K_2.0gcc__s1,shared_t0_dft_train,5000K_2.0gcc,1,4500,64
2434,shared_t0_dft_train__5000K_2.0gcc__s1,shared_t0_dft_train,5000K_2.0gcc,1,5000,64
2435,shared_t0_dft_train__5000K_2.0gcc__s1,shared_t0_dft_train,5000K_2.0gcc,1,5500,64
2436,shared_t0_dft_train__5000K_2.0gcc__s1,shared_t0_dft_train,5000K_2.0gcc,1,6000,64
2437,shared_t0_dft_train__5000K_2.0gcc__s1,shared_t0_dft_train,5000K_2.0gcc,1,6500,64
2438,shared_t0_dft_train__5000K_2.0gcc__s1,shared_t0_dft_train,5000K_2.0gcc,1,7000,64
2439,shared_t0_dft_train__5000K_2.0gcc__s1,shared_t0_dft_train,5000K_2.0gcc,1,7500,64
2440,shared_t0_dft_train__5000K_2.0gcc__s1,shared_t0_dft_train,5000K_2.0gcc,1,8000,64
2441,shared_t0_dft_train__5000K_2.0gcc__s1,shared_t0_dft_train,5000K_2.0gcc,1,8500,64
2442,shared_t0_dft_train__5000K_2.0gcc__s1,shared_t0_dft_train,5000K_2.0gcc,1,9000,64
2443,shared_t0_dft_train__5000K_2.0gcc__s1,shared_t0_dft_train,5000K_2.0gcc,1,9500,64
2444,shared_t0_dft_train__5000K_2.0gcc__s1,shared_t0_dft_train,5000K_2.0gcc,1,10000,64
2445,shared_t0_dft_train__5000K_2.0gcc__s1,shared_t0_dft_train,5000K_2.0gcc,1,10500,64
2446,shared_t0_dft_train__5000K_2.0gcc__s1,shared_t0_dft_train,5000K_2.0gcc,1,11000,64
2447,shared_t0_dft_train__5000K_2.0gcc__s1,shared_t0_dft_train,5000K_2.0gcc,1,11500,64
2448,shared_t0_dft_train__5000K_2.0gcc__s1,shared_t0_dft_train,5000K_2.0gcc,1,12000,64
2449,shared_t0_dft_train__5000K_2.0gcc__s1,shared_t0_dft_train,5000K_2.0gcc,1,12500,64
2450,shared_t0_dft_train__5000K_2.0gcc__s1,shared_t0_dft_train,5000K_2.0gcc,1,13000,64
2451,shared_t0_dft_train__5000K_2.0gcc__s1,shared_t0_dft_train,5000K_2.0gcc,1,13500,64
2452,shared_t0_dft_train__5000K_2.0gcc__s1,shared_t0_dft_train,5000K_2.0gcc,1,14000,64
2453,shared_t0_dft_train__5000K_2.0gcc__s1,shared_t0_dft_train,5000K_2.0gcc,1,14500,64
2454,shared_t0_dft_train__5000K_2.0gcc__s1,shared_t0_dft_train,5000K_2.0gcc,1,15000,64
2455,shared_t0_dft_train__5000K_2.0gcc__s1,shared_t0_dft_train,5000K_2.0gcc,1,15500,64
2456,shared_t0_dft_train__5000K_2.0gcc__s1,shared_t0_dft_train,5000K_2.0gcc,1,16000,64
2457,shared_t0_dft_train__5000K_2.0gcc__s1,shared_t0_dft_train,5000K_2.0gcc,1,16500,64
2458,shared_t0_dft_train__5000K_2.0gcc__s1,shared_t0_dft_train,5000K_2.0gcc,1,17000,64
2459,shared_t0_dft_train__5000K_2.0gcc__s1,shared_t0_dft_train,5000K_2.0gcc,1,17500,64
2460,shared_t0_dft_train__5000K_2.0gcc__s1,shared_t0_dft_train,5000K_2.0gcc,1,18000,64
2461,shared_t0_dft_train__5000K_2.0gcc__s1,shared_t0_dft_train,5000K_2.0gcc,1,18500,64
2462,shared_t0_dft_train__5000K_2.0gcc__s1,shared_t0_dft_train,5000K_2.0gcc,1,19000,64
2463,shared_t0_dft_train__5000K_2.0gcc__s1,shared_t0_dft_train,5000K_2.0gcc,1,19500,64
2464,shared_t0_dft_train__5000K_2.0gcc__s1,shared_t0_dft_train,5000K_2.0gcc,1,20000,64
2465,shared_t0_dft_train__5000K_2.0gcc__s1,shared_t0_dft_train,5000K_2.0gcc,1,20500,64
2466,shared_t0_dft_train__5000K_2.0gcc__s1,shared_t0_dft_train,5000K_2.0gcc,1,21000,64
2467,shared_t0_dft_train__5000K_2.0gcc__s1,shared_t0_dft_train,5000K_2.0gcc,1,21500,64
2468,shared_t0_dft_train__5000K_2.0gcc__s1,shared_t0_dft_train,5000K_2.0gcc,1,22000,64
2469,shared_t0_dft_train__5000K_2.0gcc__s1,shared_t0_dft_train,5000K_2.0gcc,1,22500,64
2470,shared_t0_dft_train__5000K_2.0gcc__s1,shared_t0_dft_train,5000K_2.0gcc,1,23000,64
2471,shared_t0_dft_train__5000K_2.0gcc__s1,shared_t0_dft_train,5000K_2.0gcc,1,23500,64
2472,shared_t0_dft_train__5000K_2.0gcc__s1,shared_t0_dft_train,5000K_2.0gcc,1,24000,64
2473,shared_t0_dft_train__5000K_2.0gcc__s1,shared_t0_dft_train,5000K_2.0gcc,1,24500,64
2474,shared_t0_dft_train__5000K_2.0gcc__s1,shared_t0_dft_train,5000K_2.0gcc,1,25000,64
2475,shared_t0_dft_train__5000K_2.0gcc__s1,shared_t0_dft_train,5000K_2.0gcc,1,25500,64
2476,shared_t0_dft_train__5000K_2.0gcc__s1,shared_t0_dft_train,5000K_2.0gcc,1,26000,64
2477,shared_t0_dft_train__5000K_2.0gcc__s1,shared_t0_dft_train,5000K_2.0gcc,1,26500,64
2478,shared_t0_dft_train__5000K_2.0gcc__s1,shared_t0_dft_train,5000K_2.0gcc,1,27000,64
2479,shared_t0_dft_train__5000K_2.0gcc__s1,shared_t0_dft_train,5000K_2.0gcc,1,27500,64
2480,shared_t0_dft_train__5000K_2.0gcc__s1,shared_t0_dft_train,5000K_2.0gcc,1,28000,64
2481,shared_t0_dft_train__5000K_2.0gcc__s1,shared_t0_dft_train,5000K_2.0gcc,1,28500,64
2482,shared_t0_dft_train__5000K_2.0gcc__s1,shared_t0_dft_train,5000K_2.0gcc,1,29000,64
2483,shared_t0_dft_train__5000K_2.0gcc__s1,shared_t0_dft_train,5000K_2.0gcc,1,29500,64
2484,shared_t0_dft_train__5000K_2.0gcc__s1,shared_t0_dft_train,5000K_2.0gcc,1,30000,64
2485,shared_t0_dft_train__5000K_2.0gcc__s1,shared_t0_dft_train,5000K_2.0gcc,1,30500,64
2486,shared_t0_dft_train__5000K_2.0gcc__s1,shared_t0_dft_train,5000K_2.0gcc,1,31000,64
2487,shared_t0_dft_train__5000K_2.0gcc__s1,shared_t0_dft_train,5000K_2.0gcc,1,31500,64
2488,shared_t0_dft_train__5000K_2.0gcc__s1,shared_t0_dft_train,5000K_2.0gcc,1,32000,64
2489,shared_t0_dft_train__5000K_2.0gcc__s1,shared_t0_dft_train,5000K_2.0gcc,1,32500,64
2490,shared_t0_dft_train__5000K_2.0gcc__s1,shared_t0_dft_train,5000K_2.0gcc,1,33000,64
2491,shared_t0_dft_train__5000K_2.0gcc__s1,shared_t0_dft_train,5000K_2.0gcc,1,33500,64
2492,shared_t0_dft_train__5000K_2.0gcc__s1,shared_t0_dft_train,5000K_2.0gcc,1,34000,64
2493,shared_t0_dft_train__5000K_2.0gcc__s1,shared_t0_dft_train,5000K_2.0gcc,1,34500,64
2494,shared_t0_dft_train__5000K_2.0gcc__s1,shared_t0_dft_train,5000K_2.0gcc,1,35000,64
2495,shared_t0_dft_train__5000K_2.0gcc__s1,shared_t0_dft_train,5000K_2.0gcc,1,35500,64
2496,shared_t0_dft_train__5000K_2.0gcc__s1,shared_t0_dft_train,5000K_2.0gcc,1,36000,64
2497,shared_t0_dft_train__5000K_2.0gcc__s1,shared_t0_dft_train,5000K_2.0gcc,1,36500,64
2498,shared_t0_dft_train__5000K_2.0gcc__s1,shared_t0_dft_train,5000K_2.0gcc,1,37000,64
2499,shared_t0_dft_train__5000K_2.0gcc__s1,shared_t0_dft_train,5000K_2.0gcc,1,37500,64
2500,shared_t0_dft_train__5000K_2.0gcc__s1,shared_t0_dft_train,5000K_2.0gcc,1,38000,64
2501,shared_t0_dft_train__5000K_2.0gcc__s1,shared_t0_dft_train,5000K_2.0gcc,1,38500,64
2502,shared_t0_dft_train__5000K_2.0gcc__s1,shared_t0_dft_train,5000K_2.0gcc,1,39000,64
2503,shared_t0_dft_train__5000K_2.0gcc__s1,shared_t0_dft_train,5000K_2.0gcc,1,39500,64
2504,shared_t0_dft_train__5000K_2.0gcc__s1,shared_t0_dft_train,5000K_2.0gcc,1,40000,64
2505,shared_t0_dft_train__5000K_2.0gcc__s1,shared_t0_dft_train,5000K_2.0gcc,1,40500,64
2506,shared_t0_dft_train__5000K_2.0gcc__s1,shared_t0_dft_train,5000K_2.0gcc,1,41000,64
2507,shared_t0_dft_train__5000K_2.0gcc__s1,shared_t0_dft_train,5000K_2.0gcc,1,41500,64
2508,shared_t0_dft_train__5000K_2.0gcc__s1,shared_t0_dft_train,5000K_2.0gcc,1,42000,64
2509,shared_t0_dft_train__5000K_2.0gcc__s1,shared_t0_dft_train,5000K_2.0gcc,1,42500,64
2510,shared_t0_dft_train__5000K_2.0gcc__s1,shared_t0_dft_train,5000K_2.0gcc,1,43000,64
2511,shared_t0_dft_train__5000K_2.0gcc__s1,shared_t0_dft_train,5000K_2.0gcc,1,43500,64
2512,shared_t0_dft_train__5000K_2.0gcc__s1,shared_t0_dft_train,5000K_2.0gcc,1,44000,64
2513,shared_t0_dft_train__5000K_2.0gcc__s1,shared_t0_dft_train,5000K_2.0gcc,1,44500,64
2514,shared_t0_dft_train__5000K_2.0gcc__s1,shared_t0_dft_train,5000K_2.0gcc,1,45000,64
2515,shared_t0_dft_train__5000K_2.0gcc__s1,shared_t0_dft_train,5000K_2.0gcc,1,45500,64
2516,shared_t0_dft_train__5000K_2.0gcc__s1,shared_t0_dft_train,5000K_2.0gcc,1,46000,64
2517,shared_t0_dft_train__5000K_2.0gcc__s1,shared_t0_dft_train,5000K_2.0gcc,1,46500,64
2518,shared_t0_dft_train__5000K_2.0gcc__s1,shared_t0_dft_train,5000K_2.0gcc,1,47000,64
2519,shared_t0_dft_train__5000K_2.0gcc__s1,shared_t0_dft_train,5000K_2.0gcc,1,47500,64
2520,shared_t0_dft_train__5000K_2.0gcc__s1,shared_t0_dft_train,5000K_2.0gcc,1,48000,64
2521,shared_t0_dft_train__5000K_2.0gcc__s1,shared_t0_dft_train,5000K_2.0gcc,1,48500,64
2522,shared_t0_dft_train__5000K_2.0gcc__s1,shared_t0_dft_train,5000K_2.0gcc,1,49000,64
2523,shared_t0_dft_train__5000K_2.0gcc__s1,shared_t0_dft_train,5000K_2.0gcc,1,49500,64
2524,shared_t0_dft_train__5000K_2.0gcc__s1,shared_t0_dft_train,5000K_2.0gcc,1,50000,64
2525,shared_t0_dft_train__5000K_2.0gcc__s2,shared_t0_dft_train,5000K_2.0gcc,2,0,64
2526,shared_t0_dft_train__5000K_2.0gcc__s2,shared_t0_dft_train,5000K_2.0gcc,2,500,64
2527,shared_t0_dft_train__5000K_2.0gcc__s2,shared_t0_dft_train,5000K_2.0gcc,2,1000,64
2528,shared_t0_dft_train__5000K_2.0gcc__s2,shared_t0_dft_train,5000K_2.0gcc,2,1500,64
2529,shared_t0_dft_train__5000K_2.0gcc__s2,shared_t0_dft_train,5000K_2.0gcc,2,2000,64
2530,shared_t0_dft_train__5000K_2.0gcc__s2,shared_t0_dft_train,5000K_2.0gcc,2,2500,64
2531,shared_t0_dft_train__5000K_2.0gcc__s2,shared_t0_dft_train,5000K_2.0gcc,2,3000,64
2532,shared_t0_dft_train__5000K_2.0gcc__s2,shared_t0_dft_train,5000K_2.0gcc,2,3500,64
2533,shared_t0_dft_train__5000K_2.0gcc__s2,shared_t0_dft_train,5000K_2.0gcc,2,4000,64
2534,shared_t0_dft_train__5000K_2.0gcc__s2,shared_t0_dft_train,5000K_2.0gcc,2,4500,64
2535,shared_t0_dft_train__5000K_2.0gcc__s2,shared_t0_dft_train,5000K_2.0gcc,2,5000,64
2536,shared_t0_dft_train__5000K_2.0gcc__s2,shared_t0_dft_train,5000K_2.0gcc,2,5500,64
2537,shared_t0_dft_train__5000K_2.0gcc__s2,shared_t0_dft_train,5000K_2.0gcc,2,6000,64
2538,shared_t0_dft_train__5000K_2.0gcc__s2,shared_t0_dft_train,5000K_2.0gcc,2,6500,64
2539,shared_t0_dft_train__5000K_2.0gcc__s2,shared_t0_dft_train,5000K_2.0gcc,2,7000,64
2540,shared_t0_dft_train__5000K_2.0gcc__s2,shared_t0_dft_train,5000K_2.0gcc,2,7500,64
2541,shared_t0_dft_train__5000K_2.0gcc__s2,shared_t0_dft_train,5000K_2.0gcc,2,8000,64
2542,shared_t0_dft_train__5000K_2.0gcc__s2,shared_t0_dft_train,5000K_2.0gcc,2,8500,64
2543,shared_t0_dft_train__5000K_2.0gcc__s2,shared_t0_dft_train,5000K_2.0gcc,2,9000,64
2544,shared_t0_dft_train__5000K_2.0gcc__s2,shared_t0_dft_train,5000K_2.0gcc,2,9500,64
2545,shared_t0_dft_train__5000K_2.0gcc__s2,shared_t0_dft_train,5000K_2.0gcc,2,10000,64
2546,shared_t0_dft_train__5000K_2.0gcc__s2,shared_t0_dft_train,5000K_2.0gcc,2,10500,64
2547,shared_t0_dft_train__5000K_2.0gcc__s2,shared_t0_dft_train,5000K_2.0gcc,2,11000,64
2548,shared_t0_dft_train__5000K_2.0gcc__s2,shared_t0_dft_train,5000K_2.0gcc,2,11500,64
2549,shared_t0_dft_train__5000K_2.0gcc__s2,shared_t0_dft_train,5000K_2.0gcc,2,12000,64
2550,shared_t0_dft_train__5000K_2.0gcc__s2,shared_t0_dft_train,5000K_2.0gcc,2,12500,64
2551,shared_t0_dft_train__5000K_2.0gcc__s2,shared_t0_dft_train,5000K_2.0gcc,2,13000,64
2552,shared_t0_dft_train__5000K_2.0gcc__s2,shared_t0_dft_train,5000K_2.0gcc,2,13500,64
2553,shared_t0_dft_train__5000K_2.0gcc__s2,shared_t0_dft_train,5000K_2.0gcc,2,14000,64
2554,shared_t0_dft_train__5000K_2.0gcc__s2,shared_t0_dft_train,5000K_2.0gcc,2,14500,64
2555,shared_t0_dft_train__5000K_2.0gcc__s2,shared_t0_dft_train,5000K_2.0gcc,2,15000,64
2556,shared_t0_dft_train__5000K_2.0gcc__s2,shared_t0_dft_train,5000K_2.0gcc,2,15500,64
2557,shared_t0_dft_train__5000K_2.0gcc__s2,shared_t0_dft_train,5000K_2.0gcc,2,16000,64
2558,shared_t0_dft_train__5000K_2.0gcc__s2,shared_t0_dft_train,5000K_2.0gcc,2,16500,64
2559,shared_t0_dft_train__5000K_2.0gcc__s2,shared_t0_dft_train,5000K_2.0gcc,2,17000,64
2560,shared_t0_dft_train__5000K_2.0gcc__s2,shared_t0_dft_train,5000K_2.0gcc,2,17500,64
2561,shared_t0_dft_train__5000K_2.0gcc__s2,shared_t0_dft_train,5000K_2.0gcc,2,18000,64
2562,shared_t0_dft_train__5000K_2.0gcc__s2,shared_t0_dft_train,5000K_2.0gcc,2,18500,64
2563,shared_t0_dft_train__5000K_2.0gcc__s2,shared_t0_dft_train,5000K_2.0gcc,2,19000,64
2564,shared_t0_dft_train__5000K_2.0gcc__s2,shared_t0_dft_train,5000K_2.0gcc,2,19500,64
2565,shared_t0_dft_train__5000K_2.0gcc__s2,shared_t0_dft_train,5000K_2.0gcc,2,20000,64
2566,shared_t0_dft_train__5000K_2.0gcc__s2,shared_t0_dft_train,5000K_2.0gcc,2,20500,64
2567,shared_t0_dft_train__5000K_2.0gcc__s2,shared_t0_dft_train,5000K_2.0gcc,2,21000,64
2568,shared_t0_dft_train__5000K_2.0gcc__s2,shared_t0_dft_train,5000K_2.0gcc,2,21500,64
2569,shared_t0_dft_train__5000K_2.0gcc__s2,shared_t0_dft_train,5000K_2.0gcc,2,22000,64
2570,shared_t0_dft_train__5000K_2.0gcc__s2,shared_t0_dft_train,5000K_2.0gcc,2,22500,64
2571,shared_t0_dft_train__5000K_2.0gcc__s2,shared_t0_dft_train,5000K_2.0gcc,2,23000,64
2572,shared_t0_dft_train__5000K_2.0gcc__s2,shared_t0_dft_train,5000K_2.0gcc,2,23500,64
2573,shared_t0_dft_train__5000K_2.0gcc__s2,shared_t0_dft_train,5000K_2.0gcc,2,24000,64
2574,shared_t0_dft_train__5000K_2.0gcc__s2,shared_t0_dft_train,5000K_2.0gcc,2,24500,64
2575,shared_t0_dft_train__5000K_2.0gcc__s2,shared_t0_dft_train,5000K_2.0gcc,2,25000,64
2576,shared_t0_dft_train__5000K_2.0gcc__s2,shared_t0_dft_train,5000K_2.0gcc,2,25500,64
2577,shared_t0_dft_train__5000K_2.0gcc__s2,shared_t0_dft_train,5000K_2.0gcc,2,26000,64
2578,shared_t0_dft_train__5000K_2.0gcc__s2,shared_t0_dft_train,5000K_2.0gcc,2,26500,64
2579,shared_t0_dft_train__5000K_2.0gcc__s2,shared_t0_dft_train,5000K_2.0gcc,2,27000,64
2580,shared_t0_dft_train__5000K_2.0gcc__s2,shared_t0_dft_train,5000K_2.0gcc,2,27500,64
2581,shared_t0_dft_train__5000K_2.0gcc__s2,shared_t0_dft_train,5000K_2.0gcc,2,28000,64
2582,shared_t0_dft_train__5000K_2.0gcc__s2,shared_t0_dft_train,5000K_2.0gcc,2,28500,64
2583,shared_t0_dft_train__5000K_2.0gcc__s2,shared_t0_dft_train,5000K_2.0gcc,2,29000,64
2584,shared_t0_dft_train__5000K_2.0gcc__s2,shared_t0_dft_train,5000K_2.0gcc,2,29500,64
2585,shared_t0_dft_train__5000K_2.0gcc__s2,shared_t0_dft_train,5000K_2.0gcc,2,30000,64
2586,shared_t0_dft_train__5000K_2.0gcc__s2,shared_t0_dft_train,5000K_2.0gcc,2,30500,64
2587,shared_t0_dft_train__5000K_2.0gcc__s2,shared_t0_dft_train,5000K_2.0gcc,2,31000,64
2588,shared_t0_dft_train__5000K_2.0gcc__s2,shared_t0_dft_train,5000K_2.0gcc,2,31500,64
2589,shared_t0_dft_train__5000K_2.0gcc__s2,shared_t0_dft_train,5000K_2.0gcc,2,32000,64
2590,shared_t0_dft_train__5000K_2.0gcc__s2,shared_t0_dft_train,5000K_2.0gcc,2,32500,64
2591,shared_t0_dft_train__5000K_2.0gcc__s2,shared_t0_dft_train,5000K_2.0gcc,2,33000,64
2592,shared_t0_dft_train__5000K_2.0gcc__s2,shared_t0_dft_train,5000K_2.0gcc,2,33500,64
2593,shared_t0_dft_train__5000K_2.0gcc__s2,shared_t0_dft_train,5000K_2.0gcc,2,34000,64
2594,shared_t0_dft_train__5000K_2.0gcc__s2,shared_t0_dft_train,5000K_2.0gcc,2,34500,64
2595,shared_t0_dft_train__5000K_2.0gcc__s2,shared_t0_dft_train,5000K_2.0gcc,2,35000,64
2596,shared_t0_dft_train__5000K_2.0gcc__s2,shared_t0_dft_train,5000K_2.0gcc,2,35500,64
2597,shared_t0_dft_train__5000K_2.0gcc__s2,shared_t0_dft_train,5000K_2.0gcc,2,36000,64
2598,shared_t0_dft_train__5000K_2.0gcc__s2,shared_t0_dft_train,5000K_2.0gcc,2,36500,64
2599,shared_t0_dft_train__5000K_2.0gcc__s2,shared_t0_dft_train,5000K_2.0gcc,2,37000,64
2600,shared_t0_dft_train__5000K_2.0gcc__s2,shared_t0_dft_train,5000K_2.0gcc,2,37500,64
2601,shared_t0_dft_train__5000K_2.0gcc__s2,shared_t0_dft_train,5000K_2.0gcc,2,38000,64
2602,shared_t0_dft_train__5000K_2.0gcc__s2,shared_t0_dft_train,5000K_2.0gcc,2,38500,64
2603,shared_t0_dft_train__5000K_2.0gcc__s2,shared_t0_dft_train,5000K_2.0gcc,2,39000,64
2604,shared_t0_dft_train__5000K_2.0gcc__s2,shared_t0_dft_train,5000K_2.0gcc,2,39500,64
2605,shared_t0_dft_train__5000K_2.0gcc__s2,shared_t0_dft_train,5000K_2.0gcc,2,40000,64
2606,shared_t0_dft_train__5000K_2.0gcc__s2,shared_t0_dft_train,5000K_2.0gcc,2,40500,64
2607,shared_t0_dft_train__5000K_2.0gcc__s2,shared_t0_dft_train,5000K_2.0gcc,2,41000,64
2608,shared_t0_dft_train__5000K_2.0gcc__s2,shared_t0_dft_train,5000K_2.0gcc,2,41500,64
2609,shared_t0_dft_train__5000K_2.0gcc__s2,shared_t0_dft_train,5000K_2.0gcc,2,42000,64
2610,shared_t0_dft_train__5000K_2.0gcc__s2,shared_t0_dft_train,5000K_2.0gcc,2,42500,64
2611,shared_t0_dft_train__5000K_2.0gcc__s2,shared_t0_dft_train,5000K_2.0gcc,2,43000,64
2612,shared_t0_dft_train__5000K_2.0gcc__s2,shared_t0_dft_train,5000K_2.0gcc,2,43500,64
2613,shared_t0_dft_train__5000K_2.0gcc__s2,shared_t0_dft_train,5000K_2.0gcc,2,44000,64
2614,shared_t0_dft_train__5000K_2.0gcc__s2,shared_t0_dft_train,5000K_2.0gcc,2,44500,64
2615,shared_t0_dft_train__5000K_2.0gcc__s2,shared_t0_dft_train,5000K_2.0gcc,2,45000,64
2616,shared_t0_dft_train__5000K_2.0gcc__s2,shared_t0_dft_train,5000K_2.0gcc,2,45500,64
2617,shared_t0_dft_train__5000K_2.0gcc__s2,shared_t0_dft_train,5000K_2.0gcc,2,46000,64
2618,shared_t0_dft_train__5000K_2.0gcc__s2,shared_t0_dft_train,5000K_2.0gcc,2,46500,64
2619,shared_t0_dft_train__5000K_2.0gcc__s2,shared_t0_dft_train,5000K_2.0gcc,2,47000,64
2620,shared_t0_dft_train__5000K_2.0gcc__s2,shared_t0_dft_train,5000K_2.0gcc,2,47500,64
2621,shared_t0_dft_train__5000K_2.0gcc__s2,shared_t0_dft_train,5000K_2.0gcc,2,48000,64
2622,shared_t0_dft_train__5000K_2.0gcc__s2,shared_t0_dft_train,5000K_2.0gcc,2,48500,64
2623,shared_t0_dft_train__5000K_2.0gcc__s2,shared_t0_dft_train,5000K_2.0gcc,2,49000,64
2624,shared_t0_dft_train__5000K_2.0gcc__s2,shared_t0_dft_train,5000K_2.0gcc,2,49500,64
2625,shared_t0_dft_train__5000K_2.0gcc__s2,shared_t0_dft_train,5000K_2.0gcc,2,50000,64
2626,shared_t0_dft_train__5000K_2.0gcc__s3,shared_t0_dft_train,5000K_2.0gcc,3,0,64
2627,shared_t0_dft_train__5000K_2.0gcc__s3,shared_t0_dft_train,5000K_2.0gcc,3,500,64
2628,shared_t0_dft_train__5000K_2.0gcc__s3,shared_t0_dft_train,5000K_2.0gcc,3,1000,64
2629,shared_t0_dft_train__5000K_2.0gcc__s3,shared_t0_dft_train,5000K_2.0gcc,3,1500,64
2630,shared_t0_dft_train__5000K_2.0gcc__s3,shared_t0_dft_train,5000K_2.0gcc,3,2000,64
2631,shared_t0_dft_train__5000K_2.0gcc__s3,shared_t0_dft_train,5000K_2.0gcc,3,2500,64
2632,shared_t0_dft_train__5000K_2.0gcc__s3,shared_t0_dft_train,5000K_2.0gcc,3,3000,64
2633,shared_t0_dft_train__5000K_2.0gcc__s3,shared_t0_dft_train,5000K_2.0gcc,3,3500,64
2634,shared_t0_dft_train__5000K_2.0gcc__s3,shared_t0_dft_train,5000K_2.0gcc,3,4000,64
2635,shared_t0_dft_train__5000K_2.0gcc__s3,shared_t0_dft_train,5000K_2.0gcc,3,4500,64
2636,shared_t0_dft_train__5000K_2.0gcc__s3,shared_t0_dft_train,5000K_2.0gcc,3,5000,64
2637,shared_t0_dft_train__5000K_2.0gcc__s3,shared_t0_dft_train,5000K_2.0gcc,3,5500,64
2638,shared_t0_dft_train__5000K_2.0gcc__s3,shared_t0_dft_train,5000K_2.0gcc,3,6000,64
2639,shared_t0_dft_train__5000K_2.0gcc__s3,shared_t0_dft_train,5000K_2.0gcc,3,6500,64
2640,shared_t0_dft_train__5000K_2.0gcc__s3,shared_t0_dft_train,5000K_2.0gcc,3,7000,64
2641,shared_t0_dft_train__5000K_2.0gcc__s3,shared_t0_dft_train,5000K_2.0gcc,3,7500,64
2642,shared_t0_dft_train__5000K_2.0gcc__s3,shared_t0_dft_train,5000K_2.0gcc,3,8000,64
2643,shared_t0_dft_train__5000K_2.0gcc__s3,shared_t0_dft_train,5000K_2.0gcc,3,8500,64
2644,shared_t0_dft_train__5000K_2.0gcc__s3,shared_t0_dft_train,5000K_2.0gcc,3,9000,64
2645,shared_t0_dft_train__5000K_2.0gcc__s3,shared_t0_dft_train,5000K_2.0gcc,3,9500,64
2646,shared_t0_dft_train__5000K_2.0gcc__s3,shared_t0_dft_train,5000K_2.0gcc,3,10000,64
2647,shared_t0_dft_train__5000K_2.0gcc__s3,shared_t0_dft_train,5000K_2.0gcc,3,10500,64
2648,shared_t0_dft_train__5000K_2.0gcc__s3,shared_t0_dft_train,5000K_2.0gcc,3,11000,64
2649,shared_t0_dft_train__5000K_2.0gcc__s3,shared_t0_dft_train,5000K_2.0gcc,3,11500,64
2650,shared_t0_dft_train__5000K_2.0gcc__s3,shared_t0_dft_train,5000K_2.0gcc,3,12000,64
2651,shared_t0_dft_train__5000K_2.0gcc__s3,shared_t0_dft_train,5000K_2.0gcc,3,12500,64
2652,shared_t0_dft_train__5000K_2.0gcc__s3,shared_t0_dft_train,5000K_2.0gcc,3,13000,64
2653,shared_t0_dft_train__5000K_2.0gcc__s3,shared_t0_dft_train,5000K_2.0gcc,3,13500,64
2654,shared_t0_dft_train__5000K_2.0gcc__s3,shared_t0_dft_train,5000K_2.0gcc,3,14000,64
2655,shared_t0_dft_train__5000K_2.0gcc__s3,shared_t0_dft_train,5000K_2.0gcc,3,14500,64
2656,shared_t0_dft_train__5000K_2.0gcc__s3,shared_t0_dft_train,5000K_2.0gcc,3,15000,64
2657,shared_t0_dft_train__5000K_2.0gcc__s3,shared_t0_dft_train,5000K_2.0gcc,3,15500,64
2658,shared_t0_dft_train__5000K_2.0gcc__s3,shared_t0_dft_train,5000K_2.0gcc,3,16000,64
2659,shared_t0_dft_train__5000K_2.0gcc__s3,shared_t0_dft_train,5000K_2.0gcc,3,16500,64
2660,shared_t0_dft_train__5000K_2.0gcc__s3,shared_t0_dft_train,5000K_2.0gcc,3,17000,64
2661,shared_t0_dft_train__5000K_2.0gcc__s3,shared_t0_dft_train,5000K_2.0gcc,3,17500,64
2662,shared_t0_dft_train__5000K_2.0gcc__s3,shared_t0_dft_train,5000K_2.0gcc,3,18000,64
2663,shared_t0_dft_train__5000K_2.0gcc__s3,shared_t0_dft_train,5000K_2.0gcc,3,18500,64
2664,shared_t0_dft_train__5000K_2.0gcc__s3,shared_t0_dft_train,5000K_2.0gcc,3,19000,64
2665,shared_t0_dft_train__5000K_2.0gcc__s3,shared_t0_dft_train,5000K_2.0gcc,3,19500,64
2666,shared_t0_dft_train__5000K_2.0gcc__s3,shared_t0_dft_train,5000K_2.0gcc,3,20000,64
2667,shared_t0_dft_train__5000K_2.0gcc__s3,shared_t0_dft_train,5000K_2.0gcc,3,20500,64
2668,shared_t0_dft_train__5000K_2.0gcc__s3,shared_t0_dft_train,5000K_2.0gcc,3,21000,64
2669,shared_t0_dft_train__5000K_2.0gcc__s3,shared_t0_dft_train,5000K_2.0gcc,3,21500,64
2670,shared_t0_dft_train__5000K_2.0gcc__s3,shared_t0_dft_train,5000K_2.0gcc,3,22000,64
2671,shared_t0_dft_train__5000K_2.0gcc__s3,shared_t0_dft_train,5000K_2.0gcc,3,22500,64
2672,shared_t0_dft_train__5000K_2.0gcc__s3,shared_t0_dft_train,5000K_2.0gcc,3,23000,64
2673,shared_t0_dft_train__5000K_2.0gcc__s3,shared_t0_dft_train,5000K_2.0gcc,3,23500,64
2674,shared_t0_dft_train__5000K_2.0gcc__s3,shared_t0_dft_train,5000K_2.0gcc,3,24000,64
2675,shared_t0_dft_train__5000K_2.0gcc__s3,shared_t0_dft_train,5000K_2.0gcc,3,24500,64
2676,shared_t0_dft_train__5000K_2.0gcc__s3,shared_t0_dft_train,5000K_2.0gcc,3,25000,64
2677,shared_t0_dft_train__5000K_2.0gcc__s3,shared_t0_dft_train,5000K_2.0gcc,3,25500,64
2678,shared_t0_dft_train__5000K_2.0gcc__s3,shared_t0_dft_train,5000K_2.0gcc,3,26000,64
2679,shared_t0_dft_train__5000K_2.0gcc__s3,shared_t0_dft_train,5000K_2.0gcc,3,26500,64
2680,shared_t0_dft_train__5000K_2.0gcc__s3,shared_t0_dft_train,5000K_2.0gcc,3,27000,64
2681,shared_t0_dft_train__5000K_2.0gcc__s3,shared_t0_dft_train,5000K_2.0gcc,3,27500,64
2682,shared_t0_dft_train__5000K_2.0gcc__s3,shared_t0_dft_train,5000K_2.0gcc,3,28000,64
2683,shared_t0_dft_train__5000K_2.0gcc__s3,shared_t0_dft_train,5000K_2.0gcc,3,28500,64
2684,shared_t0_dft_train__5000K_2.0gcc__s3,shared_t0_dft_train,5000K_2.0gcc,3,29000,64
2685,shared_t0_dft_train__5000K_2.0gcc__s3,shared_t0_dft_train,5000K_2.0gcc,3,29500,64
2686,shared_t0_dft_train__5000K_2.0gcc__s3,shared_t0_dft_train,5000K_2.0gcc,3,30000,64
2687,shared_t0_dft_train__5000K_2.0gcc__s3,shared_t0_dft_train,5000K_2.0gcc,3,30500,64
2688,shared_t0_dft_train__5000K_2.0gcc__s3,shared_t0_dft_train,5000K_2.0gcc,3,31000,64
2689,shared_t0_dft_train__5000K_2.0gcc__s3,shared_t0_dft_train,5000K_2.0gcc,3,31500,64
2690,shared_t0_dft_train__5000K_2.0gcc__s3,shared_t0_dft_train,5000K_2.0gcc,3,32000,64
2691,shared_t0_dft_train__5000K_2.0gcc__s3,shared_t0_dft_train,5000K_2.0gcc,3,32500,64
2692,shared_t0_dft_train__5000K_2.0gcc__s3,shared_t0_dft_train,5000K_2.0gcc,3,33000,64
2693,shared_t0_dft_train__5000K_2.0gcc__s3,shared_t0_dft_train,5000K_2.0gcc,3,33500,64
2694,shared_t0_dft_train__5000K_2.0gcc__s3,shared_t0_dft_train,5000K_2.0gcc,3,34000,64
2695,shared_t0_dft_train__5000K_2.0gcc__s3,shared_t0_dft_train,5000K_2.0gcc,3,34500,64
2696,shared_t0_dft_train__5000K_2.0gcc__s3,shared_t0_dft_train,5000K_2.0gcc,3,35000,64
2697,shared_t0_dft_train__5000K_2.0gcc__s3,shared_t0_dft_train,5000K_2.0gcc,3,35500,64
2698,shared_t0_dft_train__5000K_2.0gcc__s3,shared_t0_dft_train,5000K_2.0gcc,3,36000,64
2699,shared_t0_dft_train__5000K_2.0gcc__s3,shared_t0_dft_train,5000K_2.0gcc,3,36500,64
2700,shared_t0_dft_train__5000K_2.0gcc__s3,shared_t0_dft_train,5000K_2.0gcc,3,37000,64
2701,shared_t0_dft_train__5000K_2.0gcc__s3,shared_t0_dft_train,5000K_2.0gcc,3,37500,64
2702,shared_t0_dft_train__5000K_2.0gcc__s3,shared_t0_dft_train,5000K_2.0gcc,3,38000,64
2703,shared_t0_dft_train__5000K_2.0gcc__s3,shared_t0_dft_train,5000K_2.0gcc,3,38500,64
2704,shared_t0_dft_train__5000K_2.0gcc__s3,shared_t0_dft_train,5000K_2.0gcc,3,39000,64
2705,shared_t0_dft_train__5000K_2.0gcc__s3,shared_t0_dft_train,5000K_2.0gcc,3,39500,64
2706,shared_t0_dft_train__5000K_2.0gcc__s3,shared_t0_dft_train,5000K_2.0gcc,3,40000,64
2707,shared_t0_dft_train__5000K_2.0gcc__s3,shared_t0_dft_train,5000K_2.0gcc,3,40500,64
2708,shared_t0_dft_train__5000K_2.0gcc__s3,shared_t0_dft_train,5000K_2.0gcc,3,41000,64
2709,shared_t0_dft_train__5000K_2.0gcc__s3,shared_t0_dft_train,5000K_2.0gcc,3,41500,64
2710,shared_t0_dft_train__5000K_2.0gcc__s3,shared_t0_dft_train,5000K_2.0gcc,3,42000,64
2711,shared_t0_dft_train__5000K_2.0gcc__s3,shared_t0_dft_train,5000K_2.0gcc,3,42500,64
2712,shared_t0_dft_train__5000K_2.0gcc__s3,shared_t0_dft_train,5000K_2.0gcc,3,43000,64
2713,shared_t0_dft_train__5000K_2.0gcc__s3,shared_t0_dft_train,5000K_2.0gcc,3,43500,64
2714,shared_t0_dft_train__5000K_2.0gcc__s3,shared_t0_dft_train,5000K_2.0gcc,3,44000,64
2715,shared_t0_dft_train__5000K_2.0gcc__s3,shared_t0_dft_train,5000K_2.0gcc,3,44500,64
2716,shared_t0_dft_train__5000K_2.0gcc__s3,shared_t0_dft_train,5000K_2.0gcc,3,45000,64
2717,shared_t0_dft_train__5000K_2.0gcc__s3,shared_t0_dft_train,5000K_2.0gcc,3,45500,64
2718,shared_t0_dft_train__5000K_2.0gcc__s3,shared_t0_dft_train,5000K_2.0gcc,3,46000,64
2719,shared_t0_dft_train__5000K_2.0gcc__s3,shared_t0_dft_train,5000K_2.0gcc,3,46500,64
2720,shared_t0_dft_train__5000K_2.0gcc__s3,shared_t0_dft_train,5000K_2.0gcc,3,47000,64
2721,shared_t0_dft_train__5000K_2.0gcc__s3,shared_t0_dft_train,5000K_2.0gcc,3,47500,64
2722,shared_t0_dft_train__5000K_2.0gcc__s3,shared_t0_dft_train,5000K_2.0gcc,3,48000,64
2723,shared_t0_dft_train__5000K_2.0gcc__s3,shared_t0_dft_train,5000K_2.0gcc,3,48500,64
2724,shared_t0_dft_train__5000K_2.0gcc__s3,shared_t0_dft_train,5000K_2.0gcc,3,49000,64
2725,shared_t0_dft_train__5000K_2.0gcc__s3,shared_t0_dft_train,5000K_2.0gcc,3,49500,64
2726,shared_t0_dft_train__5000K_2.0gcc__s3,shared_t0_dft_train,5000K_2.0gcc,3,50000,64
2727,stratified_t3_k30__2000K_1.0gcc__s1,stratified_t3_k30,2000K_1.0gcc,1,0,64
2728,stratified_t3_k30__2000K_1.0gcc__s1,stratified_t3_k30,2000K_1.0gcc,1,500,64
2729,stratified_t3_k30__2000K_1.0gcc__s1,stratified_t3_k30,2000K_1.0gcc,1,1000,64
2730,stratified_t3_k30__2000K_1.0gcc__s1,stratified_t3_k30,2000K_1.0gcc,1,1500,64
2731,stratified_t3_k30__2000K_1.0gcc__s1,stratified_t3_k30,2000K_1.0gcc,1,2000,64
2732,stratified_t3_k30__2000K_1.0gcc__s1,stratified_t3_k30,2000K_1.0gcc,1,2500,64
2733,stratified_t3_k30__2000K_1.0gcc__s1,stratified_t3_k30,2000K_1.0gcc,1,3000,64
2734,stratified_t3_k30__2000K_1.0gcc__s1,stratified_t3_k30,2000K_1.0gcc,1,3500,64
2735,stratified_t3_k30__2000K_1.0gcc__s1,stratified_t3_k30,2000K_1.0gcc,1,4000,64
2736,stratified_t3_k30__2000K_1.0gcc__s1,stratified_t3_k30,2000K_1.0gcc,1,4500,64
2737,stratified_t3_k30__2000K_1.0gcc__s1,stratified_t3_k30,2000K_1.0gcc,1,5000,64
2738,stratified_t3_k30__2000K_1.0gcc__s1,stratified_t3_k30,2000K_1.0gcc,1,5500,64
2739,stratified_t3_k30__2000K_1.0gcc__s1,stratified_t3_k30,2000K_1.0gcc,1,6000,64
2740,stratified_t3_k30__2000K_1.0gcc__s1,stratified_t3_k30,2000K_1.0gcc,1,6500,64
2741,stratified_t3_k30__2000K_1.0gcc__s1,stratified_t3_k30,2000K_1.0gcc,1,7000,64
2742,stratified_t3_k30__2000K_1.0gcc__s1,stratified_t3_k30,2000K_1.0gcc,1,7500,64
2743,stratified_t3_k30__2000K_1.0gcc__s1,stratified_t3_k30,2000K_1.0gcc,1,8000,64
2744,stratified_t3_k30__2000K_1.0gcc__s1,stratified_t3_k30,2000K_1.0gcc,1,8500,64
2745,stratified_t3_k30__2000K_1.0gcc__s1,stratified_t3_k30,2000K_1.0gcc,1,9000,64
2746,stratified_t3_k30__2000K_1.0gcc__s1,stratified_t3_k30,2000K_1.0gcc,1,9500,64
2747,stratified_t3_k30__2000K_1.0gcc__s1,stratified_t3_k30,2000K_1.0gcc,1,10000,64
2748,stratified_t3_k30__2000K_1.0gcc__s1,stratified_t3_k30,2000K_1.0gcc,1,10500,64
2749,stratified_t3_k30__2000K_1.0gcc__s1,stratified_t3_k30,2000K_1.0gcc,1,11000,64
2750,stratified_t3_k30__2000K_1.0gcc__s1,stratified_t3_k30,2000K_1.0gcc,1,11500,64
2751,stratified_t3_k30__2000K_1.0gcc__s1,stratified_t3_k30,2000K_1.0gcc,1,12000,64
2752,stratified_t3_k30__2000K_1.0gcc__s1,stratified_t3_k30,2000K_1.0gcc,1,12500,64
2753,stratified_t3_k30__2000K_1.0gcc__s1,stratified_t3_k30,2000K_1.0gcc,1,13000,64
2754,stratified_t3_k30__2000K_1.0gcc__s1,stratified_t3_k30,2000K_1.0gcc,1,13500,64
2755,stratified_t3_k30__2000K_1.0gcc__s1,stratified_t3_k30,2000K_1.0gcc,1,14000,64
2756,stratified_t3_k30__2000K_1.0gcc__s1,stratified_t3_k30,2000K_1.0gcc,1,14500,64
2757,stratified_t3_k30__2000K_1.0gcc__s1,stratified_t3_k30,2000K_1.0gcc,1,15000,64
2758,stratified_t3_k30__2000K_1.0gcc__s1,stratified_t3_k30,2000K_1.0gcc,1,15500,64
2759,stratified_t3_k30__2000K_1.0gcc__s1,stratified_t3_k30,2000K_1.0gcc,1,16000,64
2760,stratified_t3_k30__2000K_1.0gcc__s1,stratified_t3_k30,2000K_1.0gcc,1,16500,64
2761,stratified_t3_k30__2000K_1.0gcc__s1,stratified_t3_k30,2000K_1.0gcc,1,17000,64
2762,stratified_t3_k30__2000K_1.0gcc__s1,stratified_t3_k30,2000K_1.0gcc,1,17500,64
2763,stratified_t3_k30__2000K_1.0gcc__s1,stratified_t3_k30,2000K_1.0gcc,1,18000,64
2764,stratified_t3_k30__2000K_1.0gcc__s1,stratified_t3_k30,2000K_1.0gcc,1,18500,64
2765,stratified_t3_k30__2000K_1.0gcc__s1,stratified_t3_k30,2000K_1.0gcc,1,19000,64
2766,stratified_t3_k30__2000K_1.0gcc__s1,stratified_t3_k30,2000K_1.0gcc,1,19500,64
2767,stratified_t3_k30__2000K_1.0gcc__s1,stratified_t3_k30,2000K_1.0gcc,1,20000,64
2768,stratified_t3_k30__2000K_1.0gcc__s1,stratified_t3_k30,2000K_1.0gcc,1,20500,64
2769,stratified_t3_k30__2000K_1.0gcc__s1,stratified_t3_k30,2000K_1.0gcc,1,21000,64
2770,stratified_t3_k30__2000K_1.0gcc__s1,stratified_t3_k30,2000K_1.0gcc,1,21500,64
2771,stratified_t3_k30__2000K_1.0gcc__s1,stratified_t3_k30,2000K_1.0gcc,1,22000,64
2772,stratified_t3_k30__2000K_1.0gcc__s1,stratified_t3_k30,2000K_1.0gcc,1,22500,64
2773,stratified_t3_k30__2000K_1.0gcc__s1,stratified_t3_k30,2000K_1.0gcc,1,23000,64
2774,stratified_t3_k30__2000K_1.0gcc__s1,stratified_t3_k30,2000K_1.0gcc,1,23500,64
2775,stratified_t3_k30__2000K_1.0gcc__s1,stratified_t3_k30,2000K_1.0gcc,1,24000,64
2776,stratified_t3_k30__2000K_1.0gcc__s1,stratified_t3_k30,2000K_1.0gcc,1,24500,64
2777,stratified_t3_k30__2000K_1.0gcc__s1,stratified_t3_k30,2000K_1.0gcc,1,25000,64
2778,stratified_t3_k30__2000K_1.0gcc__s1,stratified_t3_k30,2000K_1.0gcc,1,25500,64
2779,stratified_t3_k30__2000K_1.0gcc__s1,stratified_t3_k30,2000K_1.0gcc,1,26000,64
2780,stratified_t3_k30__2000K_1.0gcc__s1,stratified_t3_k30,2000K_1.0gcc,1,26500,64
2781,stratified_t3_k30__2000K_1.0gcc__s1,stratified_t3_k30,2000K_1.0gcc,1,27000,64
2782,stratified_t3_k30__2000K_1.0gcc__s1,stratified_t3_k30,2000K_1.0gcc,1,27500,64
2783,stratified_t3_k30__2000K_1.0gcc__s1,stratified_t3_k30,2000K_1.0gcc,1,28000,64
2784,stratified_t3_k30__2000K_1.0gcc__s1,stratified_t3_k30,2000K_1.0gcc,1,28500,64
2785,stratified_t3_k30__2000K_1.0gcc__s1,stratified_t3_k30,2000K_1.0gcc,1,29000,64
2786,stratified_t3_k30__2000K_1.0gcc__s1,stratified_t3_k30,2000K_1.0gcc,1,29500,64
2787,stratified_t3_k30__2000K_1.0gcc__s1,stratified_t3_k30,2000K_1.0gcc,1,30000,64
2788,stratified_t3_k30__2000K_1.0gcc__s1,stratified_t3_k30,2000K_1.0gcc,1,30500,64
2789,stratified_t3_k30__2000K_1.0gcc__s1,stratified_t3_k30,2000K_1.0gcc,1,31000,64
2790,stratified_t3_k30__2000K_1.0gcc__s1,stratified_t3_k30,2000K_1.0gcc,1,31500,64
2791,stratified_t3_k30__2000K_1.0gcc__s1,stratified_t3_k30,2000K_1.0gcc,1,32000,64
2792,stratified_t3_k30__2000K_1.0gcc__s1,stratified_t3_k30,2000K_1.0gcc,1,32500,64
2793,stratified_t3_k30__2000K_1.0gcc__s1,stratified_t3_k30,2000K_1.0gcc,1,33000,64
2794,stratified_t3_k30__2000K_1.0gcc__s1,stratified_t3_k30,2000K_1.0gcc,1,33500,64
2795,stratified_t3_k30__2000K_1.0gcc__s1,stratified_t3_k30,2000K_1.0gcc,1,34000,64
2796,stratified_t3_k30__2000K_1.0gcc__s1,stratified_t3_k30,2000K_1.0gcc,1,34500,64
2797,stratified_t3_k30__2000K_1.0gcc__s1,stratified_t3_k30,2000K_1.0gcc,1,35000,64
2798,stratified_t3_k30__2000K_1.0gcc__s1,stratified_t3_k30,2000K_1.0gcc,1,35500,64
2799,stratified_t3_k30__2000K_1.0gcc__s1,stratified_t3_k30,2000K_1.0gcc,1,36000,64
2800,stratified_t3_k30__2000K_1.0gcc__s1,stratified_t3_k30,2000K_1.0gcc,1,36500,64
2801,stratified_t3_k30__2000K_1.0gcc__s1,stratified_t3_k30,2000K_1.0gcc,1,37000,64
2802,stratified_t3_k30__2000K_1.0gcc__s1,stratified_t3_k30,2000K_1.0gcc,1,37500,64
2803,stratified_t3_k30__2000K_1.0gcc__s1,stratified_t3_k30,2000K_1.0gcc,1,38000,64
2804,stratified_t3_k30__2000K_1.0gcc__s1,stratified_t3_k30,2000K_1.0gcc,1,38500,64
2805,stratified_t3_k30__2000K_1.0gcc__s1,stratified_t3_k30,2000K_1.0gcc,1,39000,64
2806,stratified_t3_k30__2000K_1.0gcc__s1,stratified_t3_k30,2000K_1.0gcc,1,39500,64
2807,stratified_t3_k30__2000K_1.0gcc__s1,stratified_t3_k30,2000K_1.0gcc,1,40000,64
2808,stratified_t3_k30__2000K_1.0gcc__s1,stratified_t3_k30,2000K_1.0gcc,1,40500,64
2809,stratified_t3_k30__2000K_1.0gcc__s1,stratified_t3_k30,2000K_1.0gcc,1,41000,64
2810,stratified_t3_k30__2000K_1.0gcc__s1,stratified_t3_k30,2000K_1.0gcc,1,41500,64
2811,stratified_t3_k30__2000K_1.0gcc__s1,stratified_t3_k30,2000K_1.0gcc,1,42000,64
2812,stratified_t3_k30__2000K_1.0gcc__s1,stratified_t3_k30,2000K_1.0gcc,1,42500,64
2813,stratified_t3_k30__2000K_1.0gcc__s1,stratified_t3_k30,2000K_1.0gcc,1,43000,64
2814,stratified_t3_k30__2000K_1.0gcc__s1,stratified_t3_k30,2000K_1.0gcc,1,43500,64
2815,stratified_t3_k30__2000K_1.0gcc__s1,stratified_t3_k30,2000K_1.0gcc,1,44000,64
2816,stratified_t3_k30__2000K_1.0gcc__s1,stratified_t3_k30,2000K_1.0gcc,1,44500,64
2817,stratified_t3_k30__2000K_1.0gcc__s1,stratified_t3_k30,2000K_1.0gcc,1,45000,64
2818,stratified_t3_k30__2000K_1.0gcc__s1,stratified_t3_k30,2000K_1.0gcc,1,45500,64
2819,stratified_t3_k30__2000K_1.0gcc__s1,stratified_t3_k30,2000K_1.0gcc,1,46000,64
2820,stratified_t3_k30__2000K_1.0gcc__s1,stratified_t3_k30,2000K_1.0gcc,1,46500,64
2821,stratified_t3_k30__2000K_1.0gcc__s1,stratified_t3_k30,2000K_1.0gcc,1,47000,64
2822,stratified_t3_k30__2000K_1.0gcc__s1,stratified_t3_k30,2000K_1.0gcc,1,47500,64
2823,stratified_t3_k30__2000K_1.0gcc__s1,stratified_t3_k30,2000K_1.0gcc,1,48000,64
2824,stratified_t3_k30__2000K_1.0gcc__s1,stratified_t3_k30,2000K_1.0gcc,1,48500,64
2825,stratified_t3_k30__2000K_1.0gcc__s1,stratified_t3_k30,2000K_1.0gcc,1,49000,64
2826,stratified_t3_k30__2000K_1.0gcc__s1,stratified_t3_k30,2000K_1.0gcc,1,49500,64
2827,stratified_t3_k30__2000K_1.0gcc__s1,stratified_t3_k30,2000K_1.0gcc,1,50000,64
2828,stratified_t3_k30__2000K_1.0gcc__s2,stratified_t3_k30,2000K_1.0gcc,2,0,64
2829,stratified_t3_k30__2000K_1.0gcc__s2,stratified_t3_k30,2000K_1.0gcc,2,500,64
2830,stratified_t3_k30__2000K_1.0gcc__s2,stratified_t3_k30,2000K_1.0gcc,2,1000,64
2831,stratified_t3_k30__2000K_1.0gcc__s2,stratified_t3_k30,2000K_1.0gcc,2,1500,64
2832,stratified_t3_k30__2000K_1.0gcc__s2,stratified_t3_k30,2000K_1.0gcc,2,2000,64
2833,stratified_t3_k30__2000K_1.0gcc__s2,stratified_t3_k30,2000K_1.0gcc,2,2500,64
2834,stratified_t3_k30__2000K_1.0gcc__s2,stratified_t3_k30,2000K_1.0gcc,2,3000,64
2835,stratified_t3_k30__2000K_1.0gcc__s2,stratified_t3_k30,2000K_1.0gcc,2,3500,64
2836,stratified_t3_k30__2000K_1.0gcc__s2,stratified_t3_k30,2000K_1.0gcc,2,4000,64
2837,stratified_t3_k30__2000K_1.0gcc__s2,stratified_t3_k30,2000K_1.0gcc,2,4500,64
2838,stratified_t3_k30__2000K_1.0gcc__s2,stratified_t3_k30,2000K_1.0gcc,2,5000,64
2839,stratified_t3_k30__2000K_1.0gcc__s2,stratified_t3_k30,2000K_1.0gcc,2,5500,64
2840,stratified_t3_k30__2000K_1.0gcc__s2,stratified_t3_k30,2000K_1.0gcc,2,6000,64
2841,stratified_t3_k30__2000K_1.0gcc__s2,stratified_t3_k30,2000K_1.0gcc,2,6500,64
2842,stratified_t3_k30__2000K_1.0gcc__s2,stratified_t3_k30,2000K_1.0gcc,2,7000,64
2843,stratified_t3_k30__2000K_1.0gcc__s2,stratified_t3_k30,2000K_1.0gcc,2,7500,64
2844,stratified_t3_k30__2000K_1.0gcc__s2,stratified_t3_k30,2000K_1.0gcc,2,8000,64
2845,stratified_t3_k30__2000K_1.0gcc__s2,stratified_t3_k30,2000K_1.0gcc,2,8500,64
2846,stratified_t3_k30__2000K_1.0gcc__s2,stratified_t3_k30,2000K_1.0gcc,2,9000,64
2847,stratified_t3_k30__2000K_1.0gcc__s2,stratified_t3_k30,2000K_1.0gcc,2,9500,64
2848,stratified_t3_k30__2000K_1.0gcc__s2,stratified_t3_k30,2000K_1.0gcc,2,10000,64
2849,stratified_t3_k30__2000K_1.0gcc__s2,stratified_t3_k30,2000K_1.0gcc,2,10500,64
2850,stratified_t3_k30__2000K_1.0gcc__s2,stratified_t3_k30,2000K_1.0gcc,2,11000,64
2851,stratified_t3_k30__2000K_1.0gcc__s2,stratified_t3_k30,2000K_1.0gcc,2,11500,64
2852,stratified_t3_k30__2000K_1.0gcc__s2,stratified_t3_k30,2000K_1.0gcc,2,12000,64
2853,stratified_t3_k30__2000K_1.0gcc__s2,stratified_t3_k30,2000K_1.0gcc,2,12500,64
2854,stratified_t3_k30__2000K_1.0gcc__s2,stratified_t3_k30,2000K_1.0gcc,2,13000,64
2855,stratified_t3_k30__2000K_1.0gcc__s2,stratified_t3_k30,2000K_1.0gcc,2,13500,64
2856,stratified_t3_k30__2000K_1.0gcc__s2,stratified_t3_k30,2000K_1.0gcc,2,14000,64
2857,stratified_t3_k30__2000K_1.0gcc__s2,stratified_t3_k30,2000K_1.0gcc,2,14500,64
2858,stratified_t3_k30__2000K_1.0gcc__s2,stratified_t3_k30,2000K_1.0gcc,2,15000,64
2859,stratified_t3_k30__2000K_1.0gcc__s2,stratified_t3_k30,2000K_1.0gcc,2,15500,64
2860,stratified_t3_k30__2000K_1.0gcc__s2,stratified_t3_k30,2000K_1.0gcc,2,16000,64
2861,stratified_t3_k30__2000K_1.0gcc__s2,stratified_t3_k30,2000K_1.0gcc,2,16500,64
2862,stratified_t3_k30__2000K_1.0gcc__s2,stratified_t3_k30,2000K_1.0gcc,2,17000,64
2863,stratified_t3_k30__2000K_1.0gcc__s2,stratified_t3_k30,2000K_1.0gcc,2,17500,64
2864,stratified_t3_k30__2000K_1.0gcc__s2,stratified_t3_k30,2000K_1.0gcc,2,18000,64
2865,stratified_t3_k30__2000K_1.0gcc__s2,stratified_t3_k30,2000K_1.0gcc,2,18500,64
2866,stratified_t3_k30__2000K_1.0gcc__s2,stratified_t3_k30,2000K_1.0gcc,2,19000,64
2867,stratified_t3_k30__2000K_1.0gcc__s2,stratified_t3_k30,2000K_1.0gcc,2,19500,64
2868,stratified_t3_k30__2000K_1.0gcc__s2,stratified_t3_k30,2000K_1.0gcc,2,20000,64
2869,stratified_t3_k30__2000K_1.0gcc__s2,stratified_t3_k30,2000K_1.0gcc,2,20500,64
2870,stratified_t3_k30__2000K_1.0gcc__s2,stratified_t3_k30,2000K_1.0gcc,2,21000,64
2871,stratified_t3_k30__2000K_1.0gcc__s2,stratified_t3_k30,2000K_1.0gcc,2,21500,64
2872,stratified_t3_k30__2000K_1.0gcc__s2,stratified_t3_k30,2000K_1.0gcc,2,22000,64
2873,stratified_t3_k30__2000K_1.0gcc__s2,stratified_t3_k30,2000K_1.0gcc,2,22500,64
2874,stratified_t3_k30__2000K_1.0gcc__s2,stratified_t3_k30,2000K_1.0gcc,2,23000,64
2875,stratified_t3_k30__2000K_1.0gcc__s2,stratified_t3_k30,2000K_1.0gcc,2,23500,64
2876,stratified_t3_k30__2000K_1.0gcc__s2,stratified_t3_k30,2000K_1.0gcc,2,24000,64
2877,stratified_t3_k30__2000K_1.0gcc__s2,stratified_t3_k30,2000K_1.0gcc,2,24500,64
2878,stratified_t3_k30__2000K_1.0gcc__s2,stratified_t3_k30,2000K_1.0gcc,2,25000,64
2879,stratified_t3_k30__2000K_1.0gcc__s2,stratified_t3_k30,2000K_1.0gcc,2,25500,64
2880,stratified_t3_k30__2000K_1.0gcc__s2,stratified_t3_k30,2000K_1.0gcc,2,26000,64
2881,stratified_t3_k30__2000K_1.0gcc__s2,stratified_t3_k30,2000K_1.0gcc,2,26500,64
2882,stratified_t3_k30__2000K_1.0gcc__s2,stratified_t3_k30,2000K_1.0gcc,2,27000,64
2883,stratified_t3_k30__2000K_1.0gcc__s2,stratified_t3_k30,2000K_1.0gcc,2,27500,64
2884,stratified_t3_k30__2000K_1.0gcc__s2,stratified_t3_k30,2000K_1.0gcc,2,28000,64
2885,stratified_t3_k30__2000K_1.0gcc__s2,stratified_t3_k30,2000K_1.0gcc,2,28500,64
2886,stratified_t3_k30__2000K_1.0gcc__s2,stratified_t3_k30,2000K_1.0gcc,2,29000,64
2887,stratified_t3_k30__2000K_1.0gcc__s2,stratified_t3_k30,2000K_1.0gcc,2,29500,64
2888,stratified_t3_k30__2000K_1.0gcc__s2,stratified_t3_k30,2000K_1.0gcc,2,30000,64
2889,stratified_t3_k30__2000K_1.0gcc__s2,stratified_t3_k30,2000K_1.0gcc,2,30500,64
2890,stratified_t3_k30__2000K_1.0gcc__s2,stratified_t3_k30,2000K_1.0gcc,2,31000,64
2891,stratified_t3_k30__2000K_1.0gcc__s2,stratified_t3_k30,2000K_1.0gcc,2,31500,64
2892,stratified_t3_k30__2000K_1.0gcc__s2,stratified_t3_k30,2000K_1.0gcc,2,32000,64
2893,stratified_t3_k30__2000K_1.0gcc__s2,stratified_t3_k30,2000K_1.0gcc,2,32500,64
2894,stratified_t3_k30__2000K_1.0gcc__s2,stratified_t3_k30,2000K_1.0gcc,2,33000,64
2895,stratified_t3_k30__2000K_1.0gcc__s2,stratified_t3_k30,2000K_1.0gcc,2,33500,64
2896,stratified_t3_k30__2000K_1.0gcc__s2,stratified_t3_k30,2000K_1.0gcc,2,34000,64
2897,stratified_t3_k30__2000K_1.0gcc__s2,stratified_t3_k30,2000K_1.0gcc,2,34500,64
2898,stratified_t3_k30__2000K_1.0gcc__s2,stratified_t3_k30,2000K_1.0gcc,2,35000,64
2899,stratified_t3_k30__2000K_1.0gcc__s2,stratified_t3_k30,2000K_1.0gcc,2,35500,64
2900,stratified_t3_k30__2000K_1.0gcc__s2,stratified_t3_k30,2000K_1.0gcc,2,36000,64
2901,stratified_t3_k30__2000K_1.0gcc__s2,stratified_t3_k30,2000K_1.0gcc,2,36500,64
2902,stratified_t3_k30__2000K_1.0gcc__s2,stratified_t3_k30,2000K_1.0gcc,2,37000,64
2903,stratified_t3_k30__2000K_1.0gcc__s2,stratified_t3_k30,2000K_1.0gcc,2,37500,64
2904,stratified_t3_k30__2000K_1.0gcc__s2,stratified_t3_k30,2000K_1.0gcc,2,38000,64
2905,stratified_t3_k30__2000K_1.0gcc__s2,stratified_t3_k30,2000K_1.0gcc,2,38500,64
2906,stratified_t3_k30__2000K_1.0gcc__s2,stratified_t3_k30,2000K_1.0gcc,2,39000,64
2907,stratified_t3_k30__2000K_1.0gcc__s2,stratified_t3_k30,2000K_1.0gcc,2,39500,64
2908,stratified_t3_k30__2000K_1.0gcc__s2,stratified_t3_k30,2000K_1.0gcc,2,40000,64
2909,stratified_t3_k30__2000K_1.0gcc__s2,stratified_t3_k30,2000K_1.0gcc,2,40500,64
2910,stratified_t3_k30__2000K_1.0gcc__s2,stratified_t3_k30,2000K_1.0gcc,2,41000,64
2911,stratified_t3_k30__2000K_1.0gcc__s2,stratified_t3_k30,2000K_1.0gcc,2,41500,64
2912,stratified_t3_k30__2000K_1.0gcc__s2,stratified_t3_k30,2000K_1.0gcc,2,42000,64
2913,stratified_t3_k30__2000K_1.0gcc__s2,stratified_t3_k30,2000K_1.0gcc,2,42500,64
2914,stratified_t3_k30__2000K_1.0gcc__s2,stratified_t3_k30,2000K_1.0gcc,2,43000,64
2915,stratified_t3_k30__2000K_1.0gcc__s2,stratified_t3_k30,2000K_1.0gcc,2,43500,64
2916,stratified_t3_k30__2000K_1.0gcc__s2,stratified_t3_k30,2000K_1.0gcc,2,44000,64
2917,stratified_t3_k30__2000K_1.0gcc__s2,stratified_t3_k30,2000K_1.0gcc,2,44500,64
2918,stratified_t3_k30__2000K_1.0gcc__s2,stratified_t3_k30,2000K_1.0gcc,2,45000,64
2919,stratified_t3_k30__2000K_1.0gcc__s2,stratified_t3_k30,2000K_1.0gcc,2,45500,64
2920,stratified_t3_k30__2000K_1.0gcc__s2,stratified_t3_k30,2000K_1.0gcc,2,46000,64
2921,stratified_t3_k30__2000K_1.0gcc__s2,stratified_t3_k30,2000K_1.0gcc,2,46500,64
2922,stratified_t3_k30__2000K_1.0gcc__s2,stratified_t3_k30,2000K_1.0gcc,2,47000,64
2923,stratified_t3_k30__2000K_1.0gcc__s2,stratified_t3_k30,2000K_1.0gcc,2,47500,64
2924,stratified_t3_k30__2000K_1.0gcc__s2,stratified_t3_k30,2000K_1.0gcc,2,48000,64
2925,stratified_t3_k30__2000K_1.0gcc__s2,stratified_t3_k30,2000K_1.0gcc,2,48500,64
2926,stratified_t3_k30__2000K_1.0gcc__s2,stratified_t3_k30,2000K_1.0gcc,2,49000,64
2927,stratified_t3_k30__2000K_1.0gcc__s2,stratified_t3_k30,2000K_1.0gcc,2,49500,64
2928,stratified_t3_k30__2000K_1.0gcc__s2,stratified_t3_k30,2000K_1.0gcc,2,50000,64
2929,stratified_t3_k30__2000K_1.0gcc__s3,stratified_t3_k30,2000K_1.0gcc,3,0,64
2930,stratified_t3_k30__2000K_1.0gcc__s3,stratified_t3_k30,2000K_1.0gcc,3,500,64
2931,stratified_t3_k30__2000K_1.0gcc__s3,stratified_t3_k30,2000K_1.0gcc,3,1000,64
2932,stratified_t3_k30__2000K_1.0gcc__s3,stratified_t3_k30,2000K_1.0gcc,3,1500,64
2933,stratified_t3_k30__2000K_1.0gcc__s3,stratified_t3_k30,2000K_1.0gcc,3,2000,64
2934,stratified_t3_k30__2000K_1.0gcc__s3,stratified_t3_k30,2000K_1.0gcc,3,2500,64
2935,stratified_t3_k30__2000K_1.0gcc__s3,stratified_t3_k30,2000K_1.0gcc,3,3000,64
2936,stratified_t3_k30__2000K_1.0gcc__s3,stratified_t3_k30,2000K_1.0gcc,3,3500,64
2937,stratified_t3_k30__2000K_1.0gcc__s3,stratified_t3_k30,2000K_1.0gcc,3,4000,64
2938,stratified_t3_k30__2000K_1.0gcc__s3,stratified_t3_k30,2000K_1.0gcc,3,4500,64
2939,stratified_t3_k30__2000K_1.0gcc__s3,stratified_t3_k30,2000K_1.0gcc,3,5000,64
2940,stratified_t3_k30__2000K_1.0gcc__s3,stratified_t3_k30,2000K_1.0gcc,3,5500,64
2941,stratified_t3_k30__2000K_1.0gcc__s3,stratified_t3_k30,2000K_1.0gcc,3,6000,64
2942,stratified_t3_k30__2000K_1.0gcc__s3,stratified_t3_k30,2000K_1.0gcc,3,6500,64
2943,stratified_t3_k30__2000K_1.0gcc__s3,stratified_t3_k30,2000K_1.0gcc,3,7000,64
2944,stratified_t3_k30__2000K_1.0gcc__s3,stratified_t3_k30,2000K_1.0gcc,3,7500,64
2945,stratified_t3_k30__2000K_1.0gcc__s3,stratified_t3_k30,2000K_1.0gcc,3,8000,64
2946,stratified_t3_k30__2000K_1.0gcc__s3,stratified_t3_k30,2000K_1.0gcc,3,8500,64
2947,stratified_t3_k30__2000K_1.0gcc__s3,stratified_t3_k30,2000K_1.0gcc,3,9000,64
2948,stratified_t3_k30__2000K_1.0gcc__s3,stratified_t3_k30,2000K_1.0gcc,3,9500,64
2949,stratified_t3_k30__2000K_1.0gcc__s3,stratified_t3_k30,2000K_1.0gcc,3,10000,64
2950,stratified_t3_k30__2000K_1.0gcc__s3,stratified_t3_k30,2000K_1.0gcc,3,10500,64
2951,stratified_t3_k30__2000K_1.0gcc__s3,stratified_t3_k30,2000K_1.0gcc,3,11000,64
2952,stratified_t3_k30__2000K_1.0gcc__s3,stratified_t3_k30,2000K_1.0gcc,3,11500,64
2953,stratified_t3_k30__2000K_1.0gcc__s3,stratified_t3_k30,2000K_1.0gcc,3,12000,64
2954,stratified_t3_k30__2000K_1.0gcc__s3,stratified_t3_k30,2000K_1.0gcc,3,12500,64
2955,stratified_t3_k30__2000K_1.0gcc__s3,stratified_t3_k30,2000K_1.0gcc,3,13000,64
2956,stratified_t3_k30__2000K_1.0gcc__s3,stratified_t3_k30,2000K_1.0gcc,3,13500,64
2957,stratified_t3_k30__2000K_1.0gcc__s3,stratified_t3_k30,2000K_1.0gcc,3,14000,64
2958,stratified_t3_k30__2000K_1.0gcc__s3,stratified_t3_k30,2000K_1.0gcc,3,14500,64
2959,stratified_t3_k30__2000K_1.0gcc__s3,stratified_t3_k30,2000K_1.0gcc,3,15000,64
2960,stratified_t3_k30__2000K_1.0gcc__s3,stratified_t3_k30,2000K_1.0gcc,3,15500,64
2961,stratified_t3_k30__2000K_1.0gcc__s3,stratified_t3_k30,2000K_1.0gcc,3,16000,64
2962,stratified_t3_k30__2000K_1.0gcc__s3,stratified_t3_k30,2000K_1.0gcc,3,16500,64
2963,stratified_t3_k30__2000K_1.0gcc__s3,stratified_t3_k30,2000K_1.0gcc,3,17000,64
2964,stratified_t3_k30__2000K_1.0gcc__s3,stratified_t3_k30,2000K_1.0gcc,3,17500,64
2965,stratified_t3_k30__2000K_1.0gcc__s3,stratified_t3_k30,2000K_1.0gcc,3,18000,64
2966,stratified_t3_k30__2000K_1.0gcc__s3,stratified_t3_k30,2000K_1.0gcc,3,18500,64
2967,stratified_t3_k30__2000K_1.0gcc__s3,stratified_t3_k30,2000K_1.0gcc,3,19000,64
2968,stratified_t3_k30__2000K_1.0gcc__s3,stratified_t3_k30,2000K_1.0gcc,3,19500,64
2969,stratified_t3_k30__2000K_1.0gcc__s3,stratified_t3_k30,2000K_1.0gcc,3,20000,64
2970,stratified_t3_k30__2000K_1.0gcc__s3,stratified_t3_k30,2000K_1.0gcc,3,20500,64
2971,stratified_t3_k30__2000K_1.0gcc__s3,stratified_t3_k30,2000K_1.0gcc,3,21000,64
2972,stratified_t3_k30__2000K_1.0gcc__s3,stratified_t3_k30,2000K_1.0gcc,3,21500,64
2973,stratified_t3_k30__2000K_1.0gcc__s3,stratified_t3_k30,2000K_1.0gcc,3,22000,64
2974,stratified_t3_k30__2000K_1.0gcc__s3,stratified_t3_k30,2000K_1.0gcc,3,22500,64
2975,stratified_t3_k30__2000K_1.0gcc__s3,stratified_t3_k30,2000K_1.0gcc,3,23000,64
2976,stratified_t3_k30__2000K_1.0gcc__s3,stratified_t3_k30,2000K_1.0gcc,3,23500,64
2977,stratified_t3_k30__2000K_1.0gcc__s3,stratified_t3_k30,2000K_1.0gcc,3,24000,64
2978,stratified_t3_k30__2000K_1.0gcc__s3,stratified_t3_k30,2000K_1.0gcc,3,24500,64
2979,stratified_t3_k30__2000K_1.0gcc__s3,stratified_t3_k30,2000K_1.0gcc,3,25000,64
2980,stratified_t3_k30__2000K_1.0gcc__s3,stratified_t3_k30,2000K_1.0gcc,3,25500,64
2981,stratified_t3_k30__2000K_1.0gcc__s3,stratified_t3_k30,2000K_1.0gcc,3,26000,64
2982,stratified_t3_k30__2000K_1.0gcc__s3,stratified_t3_k30,2000K_1.0gcc,3,26500,64
2983,stratified_t3_k30__2000K_1.0gcc__s3,stratified_t3_k30,2000K_1.0gcc,3,27000,64
2984,stratified_t3_k30__2000K_1.0gcc__s3,stratified_t3_k30,2000K_1.0gcc,3,27500,64
2985,stratified_t3_k30__2000K_1.0gcc__s3,stratified_t3_k30,2000K_1.0gcc,3,28000,64
2986,stratified_t3_k30__2000K_1.0gcc__s3,stratified_t3_k30,2000K_1.0gcc,3,28500,64
2987,stratified_t3_k30__2000K_1.0gcc__s3,stratified_t3_k30,2000K_1.0gcc,3,29000,64
2988,stratified_t3_k30__2000K_1.0gcc__s3,stratified_t3_k30,2000K_1.0gcc,3,29500,64
2989,stratified_t3_k30__2000K_1.0gcc__s3,stratified_t3_k30,2000K_1.0gcc,3,30000,64
2990,stratified_t3_k30__2000K_1.0gcc__s3,stratified_t3_k30,2000K_1.0gcc,3,30500,64
2991,stratified_t3_k30__2000K_1.0gcc__s3,stratified_t3_k30,2000K_1.0gcc,3,31000,64
2992,stratified_t3_k30__2000K_1.0gcc__s3,stratified_t3_k30,2000K_1.0gcc,3,31500,64
2993,stratified_t3_k30__2000K_1.0gcc__s3,stratified_t3_k30,2000K_1.0gcc,3,32000,64
2994,stratified_t3_k30__2000K_1.0gcc__s3,stratified_t3_k30,2000K_1.0gcc,3,32500,64
2995,stratified_t3_k30__2000K_1.0gcc__s3,stratified_t3_k30,2000K_1.0gcc,3,33000,64
2996,stratified_t3_k30__2000K_1.0gcc__s3,stratified_t3_k30,2000K_1.0gcc,3,33500,64
2997,stratified_t3_k30__2000K_1.0gcc__s3,stratified_t3_k30,2000K_1.0gcc,3,34000,64
2998,stratified_t3_k30__2000K_1.0gcc__s3,stratified_t3_k30,2000K_1.0gcc,3,34500,64
2999,stratified_t3_k30__2000K_1.0gcc__s3,stratified_t3_k30,2000K_1.0gcc,3,35000,64
3000,stratified_t3_k30__2000K_1.0gcc__s3,stratified_t3_k30,2000K_1.0gcc,3,35500,64
3001,stratified_t3_k30__2000K_1.0gcc__s3,stratified_t3_k30,2000K_1.0gcc,3,36000,64
3002,stratified_t3_k30__2000K_1.0gcc__s3,stratified_t3_k30,2000K_1.0gcc,3,36500,64
3003,stratified_t3_k30__2000K_1.0gcc__s3,stratified_t3_k30,2000K_1.0gcc,3,37000,64
3004,stratified_t3_k30__2000K_1.0gcc__s3,stratified_t3_k30,2000K_1.0gcc,3,37500,64
3005,stratified_t3_k30__2000K_1.0gcc__s3,stratified_t3_k30,2000K_1.0gcc,3,38000,64
3006,stratified_t3_k30__2000K_1.0gcc__s3,stratified_t3_k30,2000K_1.0gcc,3,38500,64
3007,stratified_t3_k30__2000K_1.0gcc__s3,stratified_t3_k30,2000K_1.0gcc,3,39000,64
3008,stratified_t3_k30__2000K_1.0gcc__s3,stratified_t3_k30,2000K_1.0gcc,3,39500,64
3009,stratified_t3_k30__2000K_1.0gcc__s3,stratified_t3_k30,2000K_1.0gcc,3,40000,64
3010,stratified_t3_k30__2000K_1.0gcc__s3,stratified_t3_k30,2000K_1.0gcc,3,40500,64
3011,stratified_t3_k30__2000K_1.0gcc__s3,stratified_t3_k30,2000K_1.0gcc,3,41000,64
3012,stratified_t3_k30__2000K_1.0gcc__s3,stratified_t3_k30,2000K_1.0gcc,3,41500,64
3013,stratified_t3_k30__2000K_1.0gcc__s3,stratified_t3_k30,2000K_1.0gcc,3,42000,64
3014,stratified_t3_k30__2000K_1.0gcc__s3,stratified_t3_k30,2000K_1.0gcc,3,42500,64
3015,stratified_t3_k30__2000K_1.0gcc__s3,stratified_t3_k30,2000K_1.0gcc,3,43000,64
3016,stratified_t3_k30__2000K_1.0gcc__s3,stratified_t3_k30,2000K_1.0gcc,3,43500,64
3017,stratified_t3_k30__2000K_1.0gcc__s3,stratified_t3_k30,2000K_1.0gcc,3,44000,64
3018,stratified_t3_k30__2000K_1.0gcc__s3,stratified_t3_k30,2000K_1.0gcc,3,44500,64
3019,stratified_t3_k30__2000K_1.0gcc__s3,stratified_t3_k30,2000K_1.0gcc,3,45000,64
3020,stratified_t3_k30__2000K_1.0gcc__s3,stratified_t3_k30,2000K_1.0gcc,3,45500,64
3021,stratified_t3_k30__2000K_1.0gcc__s3,stratified_t3_k30,2000K_1.0gcc,3,46000,64
3022,stratified_t3_k30__2000K_1.0gcc__s3,stratified_t3_k30,2000K_1.0gcc,3,46500,64
3023,stratified_t3_k30__2000K_1.0gcc__s3,stratified_t3_k30,2000K_1.0gcc,3,47000,64
3024,stratified_t3_k30__2000K_1.0gcc__s3,stratified_t3_k30,2000K_1.0gcc,3,47500,64
3025,stratified_t3_k30__2000K_1.0gcc__s3,stratified_t3_k30,2000K_1.0gcc,3,48000,64
3026,stratified_t3_k30__2000K_1.0gcc__s3,stratified_t3_k30,2000K_1.0gcc,3,48500,64
3027,stratified_t3_k30__2000K_1.0gcc__s3,stratified_t3_k30,2000K_1.0gcc,3,49000,64
3028,stratified_t3_k30__2000K_1.0gcc__s3,stratified_t3_k30,2000K_1.0gcc,3,49500,64
3029,stratified_t3_k30__2000K_1.0gcc__s3,stratified_t3_k30,2000K_1.0gcc,3,50000,64
3030,stratified_t3_k30__300K_1.0gcc__s1,stratified_t3_k30,300K_1.0gcc,1,0,64
3031,stratified_t3_k30__300K_1.0gcc__s1,stratified_t3_k30,300K_1.0gcc,1,500,64
3032,stratified_t3_k30__300K_1.0gcc__s1,stratified_t3_k30,300K_1.0gcc,1,1000,64
3033,stratified_t3_k30__300K_1.0gcc__s1,stratified_t3_k30,300K_1.0gcc,1,1500,64
3034,stratified_t3_k30__300K_1.0gcc__s1,stratified_t3_k30,300K_1.0gcc,1,2000,64
3035,stratified_t3_k30__300K_1.0gcc__s1,stratified_t3_k30,300K_1.0gcc,1,2500,64
3036,stratified_t3_k30__300K_1.0gcc__s1,stratified_t3_k30,300K_1.0gcc,1,3000,64
3037,stratified_t3_k30__300K_1.0gcc__s1,stratified_t3_k30,300K_1.0gcc,1,3500,64
3038,stratified_t3_k30__300K_1.0gcc__s1,stratified_t3_k30,300K_1.0gcc,1,4000,64
3039,stratified_t3_k30__300K_1.0gcc__s1,stratified_t3_k30,300K_1.0gcc,1,4500,64
3040,stratified_t3_k30__300K_1.0gcc__s1,stratified_t3_k30,300K_1.0gcc,1,5000,64
3041,stratified_t3_k30__300K_1.0gcc__s1,stratified_t3_k30,300K_1.0gcc,1,5500,64
3042,stratified_t3_k30__300K_1.0gcc__s1,stratified_t3_k30,300K_1.0gcc,1,6000,64
3043,stratified_t3_k30__300K_1.0gcc__s1,stratified_t3_k30,300K_1.0gcc,1,6500,64
3044,stratified_t3_k30__300K_1.0gcc__s1,stratified_t3_k30,300K_1.0gcc,1,7000,64
3045,stratified_t3_k30__300K_1.0gcc__s1,stratified_t3_k30,300K_1.0gcc,1,7500,64
3046,stratified_t3_k30__300K_1.0gcc__s1,stratified_t3_k30,300K_1.0gcc,1,8000,64
3047,stratified_t3_k30__300K_1.0gcc__s1,stratified_t3_k30,300K_1.0gcc,1,8500,64
3048,stratified_t3_k30__300K_1.0gcc__s1,stratified_t3_k30,300K_1.0gcc,1,9000,64
3049,stratified_t3_k30__300K_1.0gcc__s1,stratified_t3_k30,300K_1.0gcc,1,9500,64
3050,stratified_t3_k30__300K_1.0gcc__s1,stratified_t3_k30,300K_1.0gcc,1,10000,64
3051,stratified_t3_k30__300K_1.0gcc__s1,stratified_t3_k30,300K_1.0gcc,1,10500,64
3052,stratified_t3_k30__300K_1.0gcc__s1,stratified_t3_k30,300K_1.0gcc,1,11000,64
3053,stratified_t3_k30__300K_1.0gcc__s1,stratified_t3_k30,300K_1.0gcc,1,11500,64
3054,stratified_t3_k30__300K_1.0gcc__s1,stratified_t3_k30,300K_1.0gcc,1,12000,64
3055,stratified_t3_k30__300K_1.0gcc__s1,stratified_t3_k30,300K_1.0gcc,1,12500,64
3056,stratified_t3_k30__300K_1.0gcc__s1,stratified_t3_k30,300K_1.0gcc,1,13000,64
3057,stratified_t3_k30__300K_1.0gcc__s1,stratified_t3_k30,300K_1.0gcc,1,13500,64
3058,stratified_t3_k30__300K_1.0gcc__s1,stratified_t3_k30,300K_1.0gcc,1,14000,64
3059,stratified_t3_k30__300K_1.0gcc__s1,stratified_t3_k30,300K_1.0gcc,1,14500,64
3060,stratified_t3_k30__300K_1.0gcc__s1,stratified_t3_k30,300K_1.0gcc,1,15000,64
3061,stratified_t3_k30__300K_1.0gcc__s1,stratified_t3_k30,300K_1.0gcc,1,15500,64
3062,stratified_t3_k30__300K_1.0gcc__s1,stratified_t3_k30,300K_1.0gcc,1,16000,64
3063,stratified_t3_k30__300K_1.0gcc__s1,stratified_t3_k30,300K_1.0gcc,1,16500,64
3064,stratified_t3_k30__300K_1.0gcc__s1,stratified_t3_k30,300K_1.0gcc,1,17000,64
3065,stratified_t3_k30__300K_1.0gcc__s1,stratified_t3_k30,300K_1.0gcc,1,17500,64
3066,stratified_t3_k30__300K_1.0gcc__s1,stratified_t3_k30,300K_1.0gcc,1,18000,64
3067,stratified_t3_k30__300K_1.0gcc__s1,stratified_t3_k30,300K_1.0gcc,1,18500,64
3068,stratified_t3_k30__300K_1.0gcc__s1,stratified_t3_k30,300K_1.0gcc,1,19000,64
3069,stratified_t3_k30__300K_1.0gcc__s1,stratified_t3_k30,300K_1.0gcc,1,19500,64
3070,stratified_t3_k30__300K_1.0gcc__s1,stratified_t3_k30,300K_1.0gcc,1,20000,64
3071,stratified_t3_k30__300K_1.0gcc__s1,stratified_t3_k30,300K_1.0gcc,1,20500,64
3072,stratified_t3_k30__300K_1.0gcc__s1,stratified_t3_k30,300K_1.0gcc,1,21000,64
3073,stratified_t3_k30__300K_1.0gcc__s1,stratified_t3_k30,300K_1.0gcc,1,21500,64
3074,stratified_t3_k30__300K_1.0gcc__s1,stratified_t3_k30,300K_1.0gcc,1,22000,64
3075,stratified_t3_k30__300K_1.0gcc__s1,stratified_t3_k30,300K_1.0gcc,1,22500,64
3076,stratified_t3_k30__300K_1.0gcc__s1,stratified_t3_k30,300K_1.0gcc,1,23000,64
3077,stratified_t3_k30__300K_1.0gcc__s1,stratified_t3_k30,300K_1.0gcc,1,23500,64
3078,stratified_t3_k30__300K_1.0gcc__s1,stratified_t3_k30,300K_1.0gcc,1,24000,64
3079,stratified_t3_k30__300K_1.0gcc__s1,stratified_t3_k30,300K_1.0gcc,1,24500,64
3080,stratified_t3_k30__300K_1.0gcc__s1,stratified_t3_k30,300K_1.0gcc,1,25000,64
3081,stratified_t3_k30__300K_1.0gcc__s1,stratified_t3_k30,300K_1.0gcc,1,25500,64
3082,stratified_t3_k30__300K_1.0gcc__s1,stratified_t3_k30,300K_1.0gcc,1,26000,64
3083,stratified_t3_k30__300K_1.0gcc__s1,stratified_t3_k30,300K_1.0gcc,1,26500,64
3084,stratified_t3_k30__300K_1.0gcc__s1,stratified_t3_k30,300K_1.0gcc,1,27000,64
3085,stratified_t3_k30__300K_1.0gcc__s1,stratified_t3_k30,300K_1.0gcc,1,27500,64
3086,stratified_t3_k30__300K_1.0gcc__s1,stratified_t3_k30,300K_1.0gcc,1,28000,64
3087,stratified_t3_k30__300K_1.0gcc__s1,stratified_t3_k30,300K_1.0gcc,1,28500,64
3088,stratified_t3_k30__300K_1.0gcc__s1,stratified_t3_k30,300K_1.0gcc,1,29000,64
3089,stratified_t3_k30__300K_1.0gcc__s1,stratified_t3_k30,300K_1.0gcc,1,29500,64
3090,stratified_t3_k30__300K_1.0gcc__s1,stratified_t3_k30,300K_1.0gcc,1,30000,64
3091,stratified_t3_k30__300K_1.0gcc__s1,stratified_t3_k30,300K_1.0gcc,1,30500,64
3092,stratified_t3_k30__300K_1.0gcc__s1,stratified_t3_k30,300K_1.0gcc,1,31000,64
3093,stratified_t3_k30__300K_1.0gcc__s1,stratified_t3_k30,300K_1.0gcc,1,31500,64
3094,stratified_t3_k30__300K_1.0gcc__s1,stratified_t3_k30,300K_1.0gcc,1,32000,64
3095,stratified_t3_k30__300K_1.0gcc__s1,stratified_t3_k30,300K_1.0gcc,1,32500,64
3096,stratified_t3_k30__300K_1.0gcc__s1,stratified_t3_k30,300K_1.0gcc,1,33000,64
3097,stratified_t3_k30__300K_1.0gcc__s1,stratified_t3_k30,300K_1.0gcc,1,33500,64
3098,stratified_t3_k30__300K_1.0gcc__s1,stratified_t3_k30,300K_1.0gcc,1,34000,64
3099,stratified_t3_k30__300K_1.0gcc__s1,stratified_t3_k30,300K_1.0gcc,1,34500,64
3100,stratified_t3_k30__300K_1.0gcc__s1,stratified_t3_k30,300K_1.0gcc,1,35000,64
3101,stratified_t3_k30__300K_1.0gcc__s1,stratified_t3_k30,300K_1.0gcc,1,35500,64
3102,stratified_t3_k30__300K_1.0gcc__s1,stratified_t3_k30,300K_1.0gcc,1,36000,64
3103,stratified_t3_k30__300K_1.0gcc__s1,stratified_t3_k30,300K_1.0gcc,1,36500,64
3104,stratified_t3_k30__300K_1.0gcc__s1,stratified_t3_k30,300K_1.0gcc,1,37000,64
3105,stratified_t3_k30__300K_1.0gcc__s1,stratified_t3_k30,300K_1.0gcc,1,37500,64
3106,stratified_t3_k30__300K_1.0gcc__s1,stratified_t3_k30,300K_1.0gcc,1,38000,64
3107,stratified_t3_k30__300K_1.0gcc__s1,stratified_t3_k30,300K_1.0gcc,1,38500,64
3108,stratified_t3_k30__300K_1.0gcc__s1,stratified_t3_k30,300K_1.0gcc,1,39000,64
3109,stratified_t3_k30__300K_1.0gcc__s1,stratified_t3_k30,300K_1.0gcc,1,39500,64
3110,stratified_t3_k30__300K_1.0gcc__s1,stratified_t3_k30,300K_1.0gcc,1,40000,64
3111,stratified_t3_k30__300K_1.0gcc__s1,stratified_t3_k30,300K_1.0gcc,1,40500,64
3112,stratified_t3_k30__300K_1.0gcc__s1,stratified_t3_k30,300K_1.0gcc,1,41000,64
3113,stratified_t3_k30__300K_1.0gcc__s1,stratified_t3_k30,300K_1.0gcc,1,41500,64
3114,stratified_t3_k30__300K_1.0gcc__s1,stratified_t3_k30,300K_1.0gcc,1,42000,64
3115,stratified_t3_k30__300K_1.0gcc__s1,stratified_t3_k30,300K_1.0gcc,1,42500,64
3116,stratified_t3_k30__300K_1.0gcc__s1,stratified_t3_k30,300K_1.0gcc,1,43000,64
3117,stratified_t3_k30__300K_1.0gcc__s1,stratified_t3_k30,300K_1.0gcc,1,43500,64
3118,stratified_t3_k30__300K_1.0gcc__s1,stratified_t3_k30,300K_1.0gcc,1,44000,64
3119,stratified_t3_k30__300K_1.0gcc__s1,stratified_t3_k30,300K_1.0gcc,1,44500,64
3120,stratified_t3_k30__300K_1.0gcc__s1,stratified_t3_k30,300K_1.0gcc,1,45000,64
3121,stratified_t3_k30__300K_1.0gcc__s1,stratified_t3_k30,300K_1.0gcc,1,45500,64
3122,stratified_t3_k30__300K_1.0gcc__s1,stratified_t3_k30,300K_1.0gcc,1,46000,64
3123,stratified_t3_k30__300K_1.0gcc__s1,stratified_t3_k30,300K_1.0gcc,1,46500,64
3124,stratified_t3_k30__300K_1.0gcc__s1,stratified_t3_k30,300K_1.0gcc,1,47000,64
3125,stratified_t3_k30__300K_1.0gcc__s1,stratified_t3_k30,300K_1.0gcc,1,47500,64
3126,stratified_t3_k30__300K_1.0gcc__s1,stratified_t3_k30,300K_1.0gcc,1,48000,64
3127,stratified_t3_k30__300K_1.0gcc__s1,stratified_t3_k30,300K_1.0gcc,1,48500,64
3128,stratified_t3_k30__300K_1.0gcc__s1,stratified_t3_k30,300K_1.0gcc,1,49000,64
3129,stratified_t3_k30__300K_1.0gcc__s1,stratified_t3_k30,300K_1.0gcc,1,49500,64
3130,stratified_t3_k30__300K_1.0gcc__s1,stratified_t3_k30,300K_1.0gcc,1,50000,64
3131,stratified_t3_k30__300K_1.0gcc__s2,stratified_t3_k30,300K_1.0gcc,2,0,64
3132,stratified_t3_k30__300K_1.0gcc__s2,stratified_t3_k30,300K_1.0gcc,2,500,64
3133,stratified_t3_k30__300K_1.0gcc__s2,stratified_t3_k30,300K_1.0gcc,2,1000,64
3134,stratified_t3_k30__300K_1.0gcc__s2,stratified_t3_k30,300K_1.0gcc,2,1500,64
3135,stratified_t3_k30__300K_1.0gcc__s2,stratified_t3_k30,300K_1.0gcc,2,2000,64
3136,stratified_t3_k30__300K_1.0gcc__s2,stratified_t3_k30,300K_1.0gcc,2,2500,64
3137,stratified_t3_k30__300K_1.0gcc__s2,stratified_t3_k30,300K_1.0gcc,2,3000,64
3138,stratified_t3_k30__300K_1.0gcc__s2,stratified_t3_k30,300K_1.0gcc,2,3500,64
3139,stratified_t3_k30__300K_1.0gcc__s2,stratified_t3_k30,300K_1.0gcc,2,4000,64
3140,stratified_t3_k30__300K_1.0gcc__s2,stratified_t3_k30,300K_1.0gcc,2,4500,64
3141,stratified_t3_k30__300K_1.0gcc__s2,stratified_t3_k30,300K_1.0gcc,2,5000,64
3142,stratified_t3_k30__300K_1.0gcc__s2,stratified_t3_k30,300K_1.0gcc,2,5500,64
3143,stratified_t3_k30__300K_1.0gcc__s2,stratified_t3_k30,300K_1.0gcc,2,6000,64
3144,stratified_t3_k30__300K_1.0gcc__s2,stratified_t3_k30,300K_1.0gcc,2,6500,64
3145,stratified_t3_k30__300K_1.0gcc__s2,stratified_t3_k30,300K_1.0gcc,2,7000,64
3146,stratified_t3_k30__300K_1.0gcc__s2,stratified_t3_k30,300K_1.0gcc,2,7500,64
3147,stratified_t3_k30__300K_1.0gcc__s2,stratified_t3_k30,300K_1.0gcc,2,8000,64
3148,stratified_t3_k30__300K_1.0gcc__s2,stratified_t3_k30,300K_1.0gcc,2,8500,64
3149,stratified_t3_k30__300K_1.0gcc__s2,stratified_t3_k30,300K_1.0gcc,2,9000,64
3150,stratified_t3_k30__300K_1.0gcc__s2,stratified_t3_k30,300K_1.0gcc,2,9500,64
3151,stratified_t3_k30__300K_1.0gcc__s2,stratified_t3_k30,300K_1.0gcc,2,10000,64
3152,stratified_t3_k30__300K_1.0gcc__s2,stratified_t3_k30,300K_1.0gcc,2,10500,64
3153,stratified_t3_k30__300K_1.0gcc__s2,stratified_t3_k30,300K_1.0gcc,2,11000,64
3154,stratified_t3_k30__300K_1.0gcc__s2,stratified_t3_k30,300K_1.0gcc,2,11500,64
3155,stratified_t3_k30__300K_1.0gcc__s2,stratified_t3_k30,300K_1.0gcc,2,12000,64
3156,stratified_t3_k30__300K_1.0gcc__s2,stratified_t3_k30,300K_1.0gcc,2,12500,64
3157,stratified_t3_k30__300K_1.0gcc__s2,stratified_t3_k30,300K_1.0gcc,2,13000,64
3158,stratified_t3_k30__300K_1.0gcc__s2,stratified_t3_k30,300K_1.0gcc,2,13500,64
3159,stratified_t3_k30__300K_1.0gcc__s2,stratified_t3_k30,300K_1.0gcc,2,14000,64
3160,stratified_t3_k30__300K_1.0gcc__s2,stratified_t3_k30,300K_1.0gcc,2,14500,64
3161,stratified_t3_k30__300K_1.0gcc__s2,stratified_t3_k30,300K_1.0gcc,2,15000,64
3162,stratified_t3_k30__300K_1.0gcc__s2,stratified_t3_k30,300K_1.0gcc,2,15500,64
3163,stratified_t3_k30__300K_1.0gcc__s2,stratified_t3_k30,300K_1.0gcc,2,16000,64
3164,stratified_t3_k30__300K_1.0gcc__s2,stratified_t3_k30,300K_1.0gcc,2,16500,64
3165,stratified_t3_k30__300K_1.0gcc__s2,stratified_t3_k30,300K_1.0gcc,2,17000,64
3166,stratified_t3_k30__300K_1.0gcc__s2,stratified_t3_k30,300K_1.0gcc,2,17500,64
3167,stratified_t3_k30__300K_1.0gcc__s2,stratified_t3_k30,300K_1.0gcc,2,18000,64
3168,stratified_t3_k30__300K_1.0gcc__s2,stratified_t3_k30,300K_1.0gcc,2,18500,64
3169,stratified_t3_k30__300K_1.0gcc__s2,stratified_t3_k30,300K_1.0gcc,2,19000,64
3170,stratified_t3_k30__300K_1.0gcc__s2,stratified_t3_k30,300K_1.0gcc,2,19500,64
3171,stratified_t3_k30__300K_1.0gcc__s2,stratified_t3_k30,300K_1.0gcc,2,20000,64
3172,stratified_t3_k30__300K_1.0gcc__s2,stratified_t3_k30,300K_1.0gcc,2,20500,64
3173,stratified_t3_k30__300K_1.0gcc__s2,stratified_t3_k30,300K_1.0gcc,2,21000,64
3174,stratified_t3_k30__300K_1.0gcc__s2,stratified_t3_k30,300K_1.0gcc,2,21500,64
3175,stratified_t3_k30__300K_1.0gcc__s2,stratified_t3_k30,300K_1.0gcc,2,22000,64
3176,stratified_t3_k30__300K_1.0gcc__s2,stratified_t3_k30,300K_1.0gcc,2,22500,64
3177,stratified_t3_k30__300K_1.0gcc__s2,stratified_t3_k30,300K_1.0gcc,2,23000,64
3178,stratified_t3_k30__300K_1.0gcc__s2,stratified_t3_k30,300K_1.0gcc,2,23500,64
3179,stratified_t3_k30__300K_1.0gcc__s2,stratified_t3_k30,300K_1.0gcc,2,24000,64
3180,stratified_t3_k30__300K_1.0gcc__s2,stratified_t3_k30,300K_1.0gcc,2,24500,64
3181,stratified_t3_k30__300K_1.0gcc__s2,stratified_t3_k30,300K_1.0gcc,2,25000,64
3182,stratified_t3_k30__300K_1.0gcc__s2,stratified_t3_k30,300K_1.0gcc,2,25500,64
3183,stratified_t3_k30__300K_1.0gcc__s2,stratified_t3_k30,300K_1.0gcc,2,26000,64
3184,stratified_t3_k30__300K_1.0gcc__s2,stratified_t3_k30,300K_1.0gcc,2,26500,64
3185,stratified_t3_k30__300K_1.0gcc__s2,stratified_t3_k30,300K_1.0gcc,2,27000,64
3186,stratified_t3_k30__300K_1.0gcc__s2,stratified_t3_k30,300K_1.0gcc,2,27500,64
3187,stratified_t3_k30__300K_1.0gcc__s2,stratified_t3_k30,300K_1.0gcc,2,28000,64
3188,stratified_t3_k30__300K_1.0gcc__s2,stratified_t3_k30,300K_1.0gcc,2,28500,64
3189,stratified_t3_k30__300K_1.0gcc__s2,stratified_t3_k30,300K_1.0gcc,2,29000,64
3190,stratified_t3_k30__300K_1.0gcc__s2,stratified_t3_k30,300K_1.0gcc,2,29500,64
3191,stratified_t3_k30__300K_1.0gcc__s2,stratified_t3_k30,300K_1.0gcc,2,30000,64
3192,stratified_t3_k30__300K_1.0gcc__s2,stratified_t3_k30,300K_1.0gcc,2,30500,64
3193,stratified_t3_k30__300K_1.0gcc__s2,stratified_t3_k30,300K_1.0gcc,2,31000,64
3194,stratified_t3_k30__300K_1.0gcc__s2,stratified_t3_k30,300K_1.0gcc,2,31500,64
3195,stratified_t3_k30__300K_1.0gcc__s2,stratified_t3_k30,300K_1.0gcc,2,32000,64
3196,stratified_t3_k30__300K_1.0gcc__s2,stratified_t3_k30,300K_1.0gcc,2,32500,64
3197,stratified_t3_k30__300K_1.0gcc__s2,stratified_t3_k30,300K_1.0gcc,2,33000,64
3198,stratified_t3_k30__300K_1.0gcc__s2,stratified_t3_k30,300K_1.0gcc,2,33500,64
3199,stratified_t3_k30__300K_1.0gcc__s2,stratified_t3_k30,300K_1.0gcc,2,34000,64
3200,stratified_t3_k30__300K_1.0gcc__s2,stratified_t3_k30,300K_1.0gcc,2,34500,64
3201,stratified_t3_k30__300K_1.0gcc__s2,stratified_t3_k30,300K_1.0gcc,2,35000,64
3202,stratified_t3_k30__300K_1.0gcc__s2,stratified_t3_k30,300K_1.0gcc,2,35500,64
3203,stratified_t3_k30__300K_1.0gcc__s2,stratified_t3_k30,300K_1.0gcc,2,36000,64
3204,stratified_t3_k30__300K_1.0gcc__s2,stratified_t3_k30,300K_1.0gcc,2,36500,64
3205,stratified_t3_k30__300K_1.0gcc__s2,stratified_t3_k30,300K_1.0gcc,2,37000,64
3206,stratified_t3_k30__300K_1.0gcc__s2,stratified_t3_k30,300K_1.0gcc,2,37500,64
3207,stratified_t3_k30__300K_1.0gcc__s2,stratified_t3_k30,300K_1.0gcc,2,38000,64
3208,stratified_t3_k30__300K_1.0gcc__s2,stratified_t3_k30,300K_1.0gcc,2,38500,64
3209,stratified_t3_k30__300K_1.0gcc__s2,stratified_t3_k30,300K_1.0gcc,2,39000,64
3210,stratified_t3_k30__300K_1.0gcc__s2,stratified_t3_k30,300K_1.0gcc,2,39500,64
3211,stratified_t3_k30__300K_1.0gcc__s2,stratified_t3_k30,300K_1.0gcc,2,40000,64
3212,stratified_t3_k30__300K_1.0gcc__s2,stratified_t3_k30,300K_1.0gcc,2,40500,64
3213,stratified_t3_k30__300K_1.0gcc__s2,stratified_t3_k30,300K_1.0gcc,2,41000,64
3214,stratified_t3_k30__300K_1.0gcc__s2,stratified_t3_k30,300K_1.0gcc,2,41500,64
3215,stratified_t3_k30__300K_1.0gcc__s2,stratified_t3_k30,300K_1.0gcc,2,42000,64
3216,stratified_t3_k30__300K_1.0gcc__s2,stratified_t3_k30,300K_1.0gcc,2,42500,64
3217,stratified_t3_k30__300K_1.0gcc__s2,stratified_t3_k30,300K_1.0gcc,2,43000,64
3218,stratified_t3_k30__300K_1.0gcc__s2,stratified_t3_k30,300K_1.0gcc,2,43500,64
3219,stratified_t3_k30__300K_1.0gcc__s2,stratified_t3_k30,300K_1.0gcc,2,44000,64
3220,stratified_t3_k30__300K_1.0gcc__s2,stratified_t3_k30,300K_1.0gcc,2,44500,64
3221,stratified_t3_k30__300K_1.0gcc__s2,stratified_t3_k30,300K_1.0gcc,2,45000,64
3222,stratified_t3_k30__300K_1.0gcc__s2,stratified_t3_k30,300K_1.0gcc,2,45500,64
3223,stratified_t3_k30__300K_1.0gcc__s2,stratified_t3_k30,300K_1.0gcc,2,46000,64
3224,stratified_t3_k30__300K_1.0gcc__s2,stratified_t3_k30,300K_1.0gcc,2,46500,64
3225,stratified_t3_k30__300K_1.0gcc__s2,stratified_t3_k30,300K_1.0gcc,2,47000,64
3226,stratified_t3_k30__300K_1.0gcc__s2,stratified_t3_k30,300K_1.0gcc,2,47500,64
3227,stratified_t3_k30__300K_1.0gcc__s2,stratified_t3_k30,300K_1.0gcc,2,48000,64
3228,stratified_t3_k30__300K_1.0gcc__s2,stratified_t3_k30,300K_1.0gcc,2,48500,64
3229,stratified_t3_k30__300K_1.0gcc__s2,stratified_t3_k30,300K_1.0gcc,2,49000,64
3230,stratified_t3_k30__300K_1.0gcc__s2,stratified_t3_k30,300K_1.0gcc,2,49500,64
3231,stratified_t3_k30__300K_1.0gcc__s2,stratified_t3_k30,300K_1.0gcc,2,50000,64
3232,stratified_t3_k30__300K_1.0gcc__s3,stratified_t3_k30,300K_1.0gcc,3,0,64
3233,stratified_t3_k30__300K_1.0gcc__s3,stratified_t3_k30,300K_1.0gcc,3,500,64
3234,stratified_t3_k30__300K_1.0gcc__s3,stratified_t3_k30,300K_1.0gcc,3,1000,64
3235,stratified_t3_k30__300K_1.0gcc__s3,stratified_t3_k30,300K_1.0gcc,3,1500,64
3236,stratified_t3_k30__300K_1.0gcc__s3,stratified_t3_k30,300K_1.0gcc,3,2000,64
3237,stratified_t3_k30__300K_1.0gcc__s3,stratified_t3_k30,300K_1.0gcc,3,2500,64
3238,stratified_t3_k30__300K_1.0gcc__s3,stratified_t3_k30,300K_1.0gcc,3,3000,64
3239,stratified_t3_k30__300K_1.0gcc__s3,stratified_t3_k30,300K_1.0gcc,3,3500,64
3240,stratified_t3_k30__300K_1.0gcc__s3,stratified_t3_k30,300K_1.0gcc,3,4000,64
3241,stratified_t3_k30__300K_1.0gcc__s3,stratified_t3_k30,300K_1.0gcc,3,4500,64
3242,stratified_t3_k30__300K_1.0gcc__s3,stratified_t3_k30,300K_1.0gcc,3,5000,64
3243,stratified_t3_k30__300K_1.0gcc__s3,stratified_t3_k30,300K_1.0gcc,3,5500,64
3244,stratified_t3_k30__300K_1.0gcc__s3,stratified_t3_k30,300K_1.0gcc,3,6000,64
3245,stratified_t3_k30__300K_1.0gcc__s3,stratified_t3_k30,300K_1.0gcc,3,6500,64
3246,stratified_t3_k30__300K_1.0gcc__s3,stratified_t3_k30,300K_1.0gcc,3,7000,64
3247,stratified_t3_k30__300K_1.0gcc__s3,stratified_t3_k30,300K_1.0gcc,3,7500,64
3248,stratified_t3_k30__300K_1.0gcc__s3,stratified_t3_k30,300K_1.0gcc,3,8000,64
3249,stratified_t3_k30__300K_1.0gcc__s3,stratified_t3_k30,300K_1.0gcc,3,8500,64
3250,stratified_t3_k30__300K_1.0gcc__s3,stratified_t3_k30,300K_1.0gcc,3,9000,64
3251,stratified_t3_k30__300K_1.0gcc__s3,stratified_t3_k30,300K_1.0gcc,3,9500,64
3252,stratified_t3_k30__300K_1.0gcc__s3,stratified_t3_k30,300K_1.0gcc,3,10000,64
3253,stratified_t3_k30__300K_1.0gcc__s3,stratified_t3_k30,300K_1.0gcc,3,10500,64
3254,stratified_t3_k30__300K_1.0gcc__s3,stratified_t3_k30,300K_1.0gcc,3,11000,64
3255,stratified_t3_k30__300K_1.0gcc__s3,stratified_t3_k30,300K_1.0gcc,3,11500,64
3256,stratified_t3_k30__300K_1.0gcc__s3,stratified_t3_k30,300K_1.0gcc,3,12000,64
3257,stratified_t3_k30__300K_1.0gcc__s3,stratified_t3_k30,300K_1.0gcc,3,12500,64
3258,stratified_t3_k30__300K_1.0gcc__s3,stratified_t3_k30,300K_1.0gcc,3,13000,64
3259,stratified_t3_k30__300K_1.0gcc__s3,stratified_t3_k30,300K_1.0gcc,3,13500,64
3260,stratified_t3_k30__300K_1.0gcc__s3,stratified_t3_k30,300K_1.0gcc,3,14000,64
3261,stratified_t3_k30__300K_1.0gcc__s3,stratified_t3_k30,300K_1.0gcc,3,14500,64
3262,stratified_t3_k30__300K_1.0gcc__s3,stratified_t3_k30,300K_1.0gcc,3,15000,64
3263,stratified_t3_k30__300K_1.0gcc__s3,stratified_t3_k30,300K_1.0gcc,3,15500,64
3264,stratified_t3_k30__300K_1.0gcc__s3,stratified_t3_k30,300K_1.0gcc,3,16000,64
3265,stratified_t3_k30__300K_1.0gcc__s3,stratified_t3_k30,300K_1.0gcc,3,16500,64
3266,stratified_t3_k30__300K_1.0gcc__s3,stratified_t3_k30,300K_1.0gcc,3,17000,64
3267,stratified_t3_k30__300K_1.0gcc__s3,stratified_t3_k30,300K_1.0gcc,3,17500,64
3268,stratified_t3_k30__300K_1.0gcc__s3,stratified_t3_k30,300K_1.0gcc,3,18000,64
3269,stratified_t3_k30__300K_1.0gcc__s3,stratified_t3_k30,300K_1.0gcc,3,18500,64
3270,stratified_t3_k30__300K_1.0gcc__s3,stratified_t3_k30,300K_1.0gcc,3,19000,64
3271,stratified_t3_k30__300K_1.0gcc__s3,stratified_t3_k30,300K_1.0gcc,3,19500,64
3272,stratified_t3_k30__300K_1.0gcc__s3,stratified_t3_k30,300K_1.0gcc,3,20000,64
3273,stratified_t3_k30__300K_1.0gcc__s3,stratified_t3_k30,300K_1.0gcc,3,20500,64
3274,stratified_t3_k30__300K_1.0gcc__s3,stratified_t3_k30,300K_1.0gcc,3,21000,64
3275,stratified_t3_k30__300K_1.0gcc__s3,stratified_t3_k30,300K_1.0gcc,3,21500,64
3276,stratified_t3_k30__300K_1.0gcc__s3,stratified_t3_k30,300K_1.0gcc,3,22000,64
3277,stratified_t3_k30__300K_1.0gcc__s3,stratified_t3_k30,300K_1.0gcc,3,22500,64
3278,stratified_t3_k30__300K_1.0gcc__s3,stratified_t3_k30,300K_1.0gcc,3,23000,64
3279,stratified_t3_k30__300K_1.0gcc__s3,stratified_t3_k30,300K_1.0gcc,3,23500,64
3280,stratified_t3_k30__300K_1.0gcc__s3,stratified_t3_k30,300K_1.0gcc,3,24000,64
3281,stratified_t3_k30__300K_1.0gcc__s3,stratified_t3_k30,300K_1.0gcc,3,24500,64
3282,stratified_t3_k30__300K_1.0gcc__s3,stratified_t3_k30,300K_1.0gcc,3,25000,64
3283,stratified_t3_k30__300K_1.0gcc__s3,stratified_t3_k30,300K_1.0gcc,3,25500,64
3284,stratified_t3_k30__300K_1.0gcc__s3,stratified_t3_k30,300K_1.0gcc,3,26000,64
3285,stratified_t3_k30__300K_1.0gcc__s3,stratified_t3_k30,300K_1.0gcc,3,26500,64
3286,stratified_t3_k30__300K_1.0gcc__s3,stratified_t3_k30,300K_1.0gcc,3,27000,64
3287,stratified_t3_k30__300K_1.0gcc__s3,stratified_t3_k30,300K_1.0gcc,3,27500,64
3288,stratified_t3_k30__300K_1.0gcc__s3,stratified_t3_k30,300K_1.0gcc,3,28000,64
3289,stratified_t3_k30__300K_1.0gcc__s3,stratified_t3_k30,300K_1.0gcc,3,28500,64
3290,stratified_t3_k30__300K_1.0gcc__s3,stratified_t3_k30,300K_1.0gcc,3,29000,64
3291,stratified_t3_k30__300K_1.0gcc__s3,stratified_t3_k30,300K_1.0gcc,3,29500,64
3292,stratified_t3_k30__300K_1.0gcc__s3,stratified_t3_k30,300K_1.0gcc,3,30000,64
3293,stratified_t3_k30__300K_1.0gcc__s3,stratified_t3_k30,300K_1.0gcc,3,30500,64
3294,stratified_t3_k30__300K_1.0gcc__s3,stratified_t3_k30,300K_1.0gcc,3,31000,64
3295,stratified_t3_k30__300K_1.0gcc__s3,stratified_t3_k30,300K_1.0gcc,3,31500,64
3296,stratified_t3_k30__300K_1.0gcc__s3,stratified_t3_k30,300K_1.0gcc,3,32000,64
3297,stratified_t3_k30__300K_1.0gcc__s3,stratified_t3_k30,300K_1.0gcc,3,32500,64
3298,stratified_t3_k30__300K_1.0gcc__s3,stratified_t3_k30,300K_1.0gcc,3,33000,64
3299,stratified_t3_k30__300K_1.0gcc__s3,stratified_t3_k30,300K_1.0gcc,3,33500,64
3300,stratified_t3_k30__300K_1.0gcc__s3,stratified_t3_k30,300K_1.0gcc,3,34000,64
3301,stratified_t3_k30__300K_1.0gcc__s3,stratified_t3_k30,300K_1.0gcc,3,34500,64
3302,stratified_t3_k30__300K_1.0gcc__s3,stratified_t3_k30,300K_1.0gcc,3,35000,64
3303,stratified_t3_k30__300K_1.0gcc__s3,stratified_t3_k30,300K_1.0gcc,3,35500,64
3304,stratified_t3_k30__300K_1.0gcc__s3,stratified_t3_k30,300K_1.0gcc,3,36000,64
3305,stratified_t3_k30__300K_1.0gcc__s3,stratified_t3_k30,300K_1.0gcc,3,36500,64
3306,stratified_t3_k30__300K_1.0gcc__s3,stratified_t3_k30,300K_1.0gcc,3,37000,64
3307,stratified_t3_k30__300K_1.0gcc__s3,stratified_t3_k30,300K_1.0gcc,3,37500,64
3308,stratified_t3_k30__300K_1.0gcc__s3,stratified_t3_k30,300K_1.0gcc,3,38000,64
3309,stratified_t3_k30__300K_1.0gcc__s3,stratified_t3_k30,300K_1.0gcc,3,38500,64
3310,stratified_t3_k30__300K_1.0gcc__s3,stratified_t3_k30,300K_1.0gcc,3,39000,64
3311,stratified_t3_k30__300K_1.0gcc__s3,stratified_t3_k30,300K_1.0gcc,3,39500,64
3312,stratified_t3_k30__300K_1.0gcc__s3,stratified_t3_k30,300K_1.0gcc,3,40000,64
3313,stratified_t3_k30__300K_1.0gcc__s3,stratified_t3_k30,300K_1.0gcc,3,40500,64
3314,stratified_t3_k30__300K_1.0gcc__s3,stratified_t3_k30,300K_1.0gcc,3,41000,64
3315,stratified_t3_k30__300K_1.0gcc__s3,stratified_t3_k30,300K_1.0gcc,3,41500,64
3316,stratified_t3_k30__300K_1.0gcc__s3,stratified_t3_k30,300K_1.0gcc,3,42000,64
3317,stratified_t3_k30__300K_1.0gcc__s3,stratified_t3_k30,300K_1.0gcc,3,42500,64
3318,stratified_t3_k30__300K_1.0gcc__s3,stratified_t3_k30,300K_1.0gcc,3,43000,64
3319,stratified_t3_k30__300K_1.0gcc__s3,stratified_t3_k30,300K_1.0gcc,3,43500,64
3320,stratified_t3_k30__300K_1.0gcc__s3,stratified_t3_k30,300K_1.0gcc,3,44000,64
3321,stratified_t3_k30__300K_1.0gcc__s3,stratified_t3_k30,300K_1.0gcc,3,44500,64
3322,stratified_t3_k30__300K_1.0gcc__s3,stratified_t3_k30,300K_1.0gcc,3,45000,64
3323,stratified_t3_k30__300K_1.0gcc__s3,stratified_t3_k30,300K_1.0gcc,3,45500,64
3324,stratified_t3_k30__300K_1.0gcc__s3,stratified_t3_k30,300K_1.0gcc,3,46000,64
3325,stratified_t3_k30__300K_1.0gcc__s3,stratified_t3_k30,300K_1.0gcc,3,46500,64
3326,stratified_t3_k30__300K_1.0gcc__s3,stratified_t3_k30,300K_1.0gcc,3,47000,64
3327,stratified_t3_k30__300K_1.0gcc__s3,stratified_t3_k30,300K_1.0gcc,3,47500,64
3328,stratified_t3_k30__300K_1.0gcc__s3,stratified_t3_k30,300K_1.0gcc,3,48000,64
3329,stratified_t3_k30__300K_1.0gcc__s3,stratified_t3_k30,300K_1.0gcc,3,48500,64
3330,stratified_t3_k30__300K_1.0gcc__s3,stratified_t3_k30,300K_1.0gcc,3,49000,64
3331,stratified_t3_k30__300K_1.0gcc__s3,stratified_t3_k30,300K_1.0gcc,3,49500,64
3332,stratified_t3_k30__300K_1.0gcc__s3,stratified_t3_k30,300K_1.0gcc,3,50000,64
