run,statepoint,strategy,k,draw,seed,completed,error,t_end,econs_drift,econs_maxdev,T_mean,T_rel,pe_change,rmin,frac_inner,molecular,centre_nn,centre_cn,event
cluster_roundrobin__k2__d0__s2__5000K_2.0gcc,5000K_2.0gcc,cluster_roundrobin,2,0,2,True,,10.0,0.031624859742297805,0.8337425789063673,4997.935742914171,0.9995871485828342,42.987732923024055,0.937466812102167,0.0,0.9272908366533864,2.54649649490067,5.723350283383654,False
cluster_roundrobin__k2__d0__s3__5000K_2.0gcc,5000K_2.0gcc,cluster_roundrobin,2,0,3,True,,10.0,0.022205797085611417,0.8798169351562137,5113.58513473054,1.0227170269461079,102.09911838847681,0.955628851444952,0.0,0.9195717131474104,2.5421716066661935,5.71880014831294,False
cluster_roundrobin__k2__d0__s4__5000K_2.0gcc,5000K_2.0gcc,cluster_roundrobin,2,0,4,True,,10.0,0.02993175998598396,0.5564156081250076,4849.167284231537,0.9698334568463075,34.51757483458007,0.9687236083739263,0.0,0.9352589641434262,2.5419541293782673,5.958101594364108,False
cluster_roundrobin__k2__d0__s5__5000K_2.0gcc,5000K_2.0gcc,cluster_roundrobin,2,0,5,True,,10.0,125.19912058740674,885.8138514042184,4949.095627944112,0.9898191255888223,-36.83478080692685,0.6235520990117827,0.001996007984031936,0.9498256972111554,2.527078603553459,6.144293010752688,True
cluster_roundrobin__k2__d1__s2__5000K_2.0gcc,5000K_2.0gcc,cluster_roundrobin,2,1,2,True,,10.0,111.68185117873178,762.9819891159377,4883.819140918164,0.9767638281836327,-7.619793356710614,0.7858043218747273,0.001996007984031936,0.9280378486055777,2.5511237565835243,5.890876953228456,True
cluster_roundrobin__k2__d1__s3__5000K_2.0gcc,5000K_2.0gcc,cluster_roundrobin,2,1,3,True,,10.0,302.0578660797776,5627.532306861563,5357.084740119761,1.0714169480239522,110.27549866541317,0.39026486957706075,0.01996007984031936,0.8806025896414342,2.552936736228324,5.012714515880034,True
cluster_roundrobin__k2__d1__s4__5000K_2.0gcc,5000K_2.0gcc,cluster_roundrobin,2,1,4,True,,10.0,0.06184581762613165,0.7899041840628342,5007.027656087825,1.001405531217565,51.11120996155524,0.944881912541986,0.0,0.8962898406374502,2.5353627552939,5.786520671116055,False
cluster_roundrobin__k2__d1__s5__5000K_2.0gcc,5000K_2.0gcc,cluster_roundrobin,2,1,5,True,,10.0,43.4960215288197,1698.0875419645313,5260.761244311377,1.0521522488622754,55.60508780125946,0.5423561039833517,0.005988023952095809,0.898406374501992,2.5373992402244787,5.671172731606548,True
cluster_roundrobin__k2__d2__s2__5000K_2.0gcc,5000K_2.0gcc,cluster_roundrobin,2,2,2,True,,10.0,303.0791238927976,2318.992071404531,5194.594767065868,1.0389189534131735,34.79673500951554,0.5172985260891431,0.005988023952095809,0.9079930278884463,2.549451140501211,5.6113793103448275,True
cluster_roundrobin__k2__d2__s3__5000K_2.0gcc,5000K_2.0gcc,cluster_roundrobin,2,2,3,True,,10.0,0.0378862883117609,0.8677562948432751,4930.426867065868,0.9860853734131735,109.38479234267132,0.9150167946966873,0.0,0.9255478087649402,2.5718100598994202,5.481057471264368,False
cluster_roundrobin__k2__d2__s4__5000K_2.0gcc,5000K_2.0gcc,cluster_roundrobin,2,2,4,True,,10.0,0.007612907744901767,0.46860330562503805,4947.426597005989,0.9894853194011978,32.68688388793421,0.948721881944862,0.0,0.896414342629482,2.56805463809103,5.560827586206895,False
cluster_roundrobin__k2__d2__s5__5000K_2.0gcc,5000K_2.0gcc,cluster_roundrobin,2,2,5,True,,10.0,0.0445367552312852,0.8971625751564716,4945.983645708583,0.9891967291417166,-10.579670854901067,0.9464169482067616,0.0,0.9323954183266933,2.544663978651681,5.953333333333334,False
cluster_roundrobin__k2__d3__s2__5000K_2.0gcc,5000K_2.0gcc,cluster_roundrobin,2,3,2,True,,10.0,-0.015366923525537514,0.34020491578121437,5041.297798403194,1.0082595596806387,-26.761902927145986,0.9256175336336283,0.0,0.9646414342629482,2.5556579040962792,5.93099721913237,False
cluster_roundrobin__k2__d3__s3__5000K_2.0gcc,5000K_2.0gcc,cluster_roundrobin,2,3,3,True,,10.0,0.05137864722191957,1.0876258331254576,4987.348841317366,0.9974697682634732,155.38408388652488,0.9231556450631713,0.0,0.8939243027888446,2.5880666978569944,5.401397190293742,False
cluster_roundrobin__k2__d3__s4__5000K_2.0gcc,5000K_2.0gcc,cluster_roundrobin,2,3,4,True,,10.0,0.030521202174798687,0.540154070625249,5016.276317764471,1.0032552635528942,67.32301962621042,0.9494409531698113,0.0,0.9021414342629482,2.5535029995840848,5.6405562794639525,False
cluster_roundrobin__k2__d3__s5__5000K_2.0gcc,5000K_2.0gcc,cluster_roundrobin,2,3,5,True,,10.0,490.6702463023722,6312.041739784219,5018.156951097804,1.0036313902195608,24.555152033374448,0.3815884949589015,0.017964071856287425,0.9311503984063745,2.5489166545462982,5.739976269929551,True
cluster_roundrobin__k2__d4__s2__5000K_2.0gcc,5000K_2.0gcc,cluster_roundrobin,2,4,2,True,,10.0,-0.0036938276290625705,0.4101295270306764,4997.516826147705,0.999503365229541,40.27247623804678,0.956289449083801,0.0,0.9169571713147411,2.537239003434048,5.734776418242492,False
cluster_roundrobin__k2__d4__s3__5000K_2.0gcc,5000K_2.0gcc,cluster_roundrobin,2,4,3,True,,10.0,0.02127139770970126,0.7532479682809026,5077.429817165668,1.0154859634331337,86.64101470345311,0.9461632684621616,0.0,0.9345119521912351,2.529888022198762,5.969954764553207,False
cluster_roundrobin__k2__d4__s4__5000K_2.0gcc,5000K_2.0gcc,cluster_roundrobin,2,4,4,True,,10.0,0.036703865071581784,0.6907765617183941,4928.607329341317,0.9857214658682635,-2.185236923570605,0.9611301694635331,0.0,0.9323954183266933,2.5502689205635587,5.785747126436783,False
cluster_roundrobin__k2__d4__s5__5000K_2.0gcc,5000K_2.0gcc,cluster_roundrobin,2,4,5,True,,10.0,353.6847684503029,2985.045675610781,5037.1034586826345,1.007420691736527,-18.290667627716346,0.5412902214801216,0.003992015968063872,0.9367529880478087,2.5457635975588078,5.86210752688172,True
cluster_roundrobin__k2__d5__s1__5000K_2.0gcc,5000K_2.0gcc,cluster_roundrobin,2,5,1,True,,10.0,-0.04175221624702513,0.5961886185941694,4885.664000998004,0.9771328001996008,90.17690441394504,0.9513865435936121,0.0,0.8939243027888446,2.5667272218693573,5.3602554278416354,False
cluster_roundrobin__k2__d5__s2__5000K_2.0gcc,5000K_2.0gcc,cluster_roundrobin,2,5,2,True,,10.0,-0.009604691223030239,0.6646225889062407,4963.120146906187,0.9926240293812374,5.132100861696931,0.9533590925469797,0.0,0.9226842629482072,2.5397323046629436,5.815197626992956,False
cluster_roundrobin__k2__d5__s3__5000K_2.0gcc,5000K_2.0gcc,cluster_roundrobin,2,5,3,True,,10.0,385.7897806053476,3167.6859144267187,4993.100728343314,0.9986201456686628,97.00103197456058,0.5496806131655007,0.023952095808383235,0.9050049800796812,2.553187396935786,5.6844323322209895,True
cluster_roundrobin__k2__d5__s4__5000K_2.0gcc,5000K_2.0gcc,cluster_roundrobin,2,5,4,True,,10.0,-0.019852045718688493,0.4306597181248435,4941.8895870259485,0.9883779174051897,-7.207629856767064,0.9560332119717385,0.0,0.9279133466135459,2.542254191958256,5.969125695216908,False
cluster_roundrobin__k2__d5__s5__5000K_2.0gcc,5000K_2.0gcc,cluster_roundrobin,2,5,5,True,,10.0,0.025089443700991677,0.38417882343674137,5063.880632335329,1.0127761264670658,27.05735726755437,0.9486759203437176,0.0,0.9265438247011952,2.532334678992639,5.840900259547644,False
cluster_roundrobin__k2__d6__s1__5000K_2.0gcc,5000K_2.0gcc,cluster_roundrobin,2,6,1,True,,10.0,0.068289783940302,0.9243328940624451,4951.268951097804,0.9902537902195608,-14.562281784105712,0.9286575923482231,0.0,0.9149651394422311,2.5383176488883357,5.922653225806451,False
cluster_roundrobin__k2__d6__s2__5000K_2.0gcc,5000K_2.0gcc,cluster_roundrobin,2,6,2,True,,10.0,-0.05916356472608175,0.6005927849996624,5006.528515568862,1.0013057031137724,61.57837560345287,0.9483014128313847,0.0,0.8947958167330677,2.541920964134558,5.562469622331691,False
cluster_roundrobin__k2__d6__s3__5000K_2.0gcc,5000K_2.0gcc,cluster_roundrobin,2,6,3,True,,10.0,1.8200181598777652,798.0477587732817,4996.960891017964,0.9993921782035928,87.19224966041321,0.8745488611084005,0.0,0.9073705179282868,2.5605227563475967,5.763195402298852,True
cluster_roundrobin__k2__d6__s4__5000K_2.0gcc,5000K_2.0gcc,cluster_roundrobin,2,6,4,True,,10.0,0.10704615502519704,1.279647488437604,5026.229944311378,1.0052459888622756,29.127196737066146,0.9544123241387863,0.0,0.9277888446215139,2.537098679169246,5.877002595476456,False
cluster_roundrobin__k2__d6__s5__5000K_2.0gcc,5000K_2.0gcc,cluster_roundrobin,2,6,5,True,,10.0,601.957167993408,4062.4738308131255,5107.561292814372,1.0215122585628744,17.163295618341987,0.47582593745402296,0.015968063872255488,0.8999003984063745,2.5242057392540063,5.829032258064517,True
cluster_roundrobin__k2__d7__s1__5000K_2.0gcc,5000K_2.0gcc,cluster_roundrobin,2,7,1,True,,10.0,0.04236425163263323,0.6542558587507301,4838.581387824351,0.9677162775648701,-7.5859638211016165,0.9589187478243398,0.0,0.9484561752988048,2.5351240629893828,5.920989247311828,False
cluster_roundrobin__k2__d7__s2__5000K_2.0gcc,5000K_2.0gcc,cluster_roundrobin,2,7,2,True,,10.0,-0.025208410958692796,0.522740674218312,5022.417978043913,1.0044835956087825,-22.17277708348164,0.936781866477463,0.0,0.9254233067729084,2.5473379573744683,5.913720430107527,False
cluster_roundrobin__k2__d7__s3__5000K_2.0gcc,5000K_2.0gcc,cluster_roundrobin,2,7,3,True,,10.0,0.013268742787234932,0.6221393221876497,4860.278246307386,0.9720556492614773,-22.819192470956796,0.9514302670117241,0.0,0.9652639442231076,2.553343941062035,6.2117985724879485,False
cluster_roundrobin__k2__d7__s4__5000K_2.0gcc,5000K_2.0gcc,cluster_roundrobin,2,7,4,True,,10.0,1622.324526546357,11857.641103028905,4865.944918163673,0.9731889836327345,-55.79251909726963,0.45879943888152275,0.033932135728542916,0.952066733067729,2.539343967213127,6.1271881720430095,True
cluster_roundrobin__k2__d7__s5__5000K_2.0gcc,5000K_2.0gcc,cluster_roundrobin,2,7,5,True,,10.0,-0.024012945197922304,0.44082317906213575,4998.8908041916175,0.9997781608383235,42.99867555214147,0.9475674522639534,0.0,0.9254233067729084,2.5556231046026516,5.5657402404788385,False
cluster_roundrobin__k2__d8__s1__5000K_2.0gcc,5000K_2.0gcc,cluster_roundrobin,2,8,1,True,,10.0,0.02593415601252572,0.6285761807812378,4976.21385249501,0.9952427704990019,-60.454286029091804,0.9396425121741768,0.0,0.9387450199203188,2.5389839220232817,6.106088709677421,False
cluster_roundrobin__k2__d8__s2__5000K_2.0gcc,5000K_2.0gcc,cluster_roundrobin,2,8,2,True,,10.0,0.0209661001116378,0.66523239656226,4923.767954091816,0.9847535908183632,51.618403742348924,0.9269534845897069,0.0,0.9122260956175299,2.541578718213909,5.697578579373908,False
cluster_roundrobin__k2__d8__s3__5000K_2.0gcc,5000K_2.0gcc,cluster_roundrobin,2,8,3,True,,10.0,33.63205095386715,358.64936142140596,4956.668006786428,0.9913336013572857,99.68871009456306,0.7603758647182325,0.001996007984031936,0.898406374501992,2.532480628681986,5.672965517241381,True
cluster_roundrobin__k2__d8__s4__5000K_2.0gcc,5000K_2.0gcc,cluster_roundrobin,2,8,4,True,,10.0,0.04740031045676928,0.5665113126560755,4907.59645988024,0.981519291976048,1.5486234059150406,0.9427587282322024,0.0,0.9154631474103586,2.550822591012027,6.001088616981832,False
cluster_roundrobin__k2__d8__s5__5000K_2.0gcc,5000K_2.0gcc,cluster_roundrobin,2,8,5,True,,10.0,0.010196683451660225,0.5396120193749994,5007.283855289422,1.0014567710578843,5.313741089017983,0.9481358650330665,0.0,0.9510707171314741,2.537526122842887,5.912387096774195,False
cluster_roundrobin__k2__d9__s1__5000K_2.0gcc,5000K_2.0gcc,cluster_roundrobin,2,9,1,True,,10.0,0.023905516231417977,0.5414414423439666,4793.01958982036,0.9586039179640721,72.69801275042542,0.930881556081653,0.0,0.9123505976095617,2.5364573275123408,5.533262778748875,False
cluster_roundrobin__k2__d9__s2__5000K_2.0gcc,5000K_2.0gcc,cluster_roundrobin,2,9,2,True,,10.0,0.013870419529037137,0.6442279106254318,5036.839130938124,1.0073678261876249,-32.39366453314374,0.9491274952423409,0.0,0.9043824701195219,2.551660428108733,5.944129032258065,False
cluster_roundrobin__k2__d9__s3__5000K_2.0gcc,5000K_2.0gcc,cluster_roundrobin,2,9,3,True,,10.0,434.63201395470594,2980.614000103594,4940.054819161676,0.9880109638323352,49.400956972313736,0.5409287385007377,0.005988023952095809,0.9279133466135459,2.53559725728897,5.781806451612905,True
cluster_roundrobin__k2__d9__s4__5000K_2.0gcc,5000K_2.0gcc,cluster_roundrobin,2,9,4,True,,10.0,-0.02523300701243285,0.5148809310940123,4984.6147526946115,0.9969229505389223,-49.93358538585699,0.9613854057993607,0.0,0.9106075697211156,2.5352850680986916,6.217379032258065,False
cluster_roundrobin__k2__d9__s5__5000K_2.0gcc,5000K_2.0gcc,cluster_roundrobin,2,9,5,True,,10.0,-0.02378688239078428,0.484051766250559,4942.778367265469,0.9885556734530937,-4.899556606365653,0.9412266243673731,0.0,0.9177041832669323,2.544508387672063,5.8443381535038945,False
cluster_roundrobin__k5__d0__s2__5000K_2.0gcc,5000K_2.0gcc,cluster_roundrobin,5,0,2,True,,10.0,-0.01774710445864181,0.5414414423439666,4947.908300998003,0.9895816601996006,-61.177175895069105,0.9450784818336515,0.0,0.9417330677290837,2.563722663570656,6.0177634408602145,False
cluster_roundrobin__k5__d0__s3__5000K_2.0gcc,5000K_2.0gcc,cluster_roundrobin,5,0,3,True,,10.0,0.07118220398590572,0.9750824423435915,4955.8094986027945,0.9911618997205589,115.00048775209663,0.958186187215199,0.0,0.9277888446215139,2.5386919355758244,5.629146353090736,False
cluster_roundrobin__k5__d0__s4__5000K_2.0gcc,5000K_2.0gcc,cluster_roundrobin,5,0,4,True,,10.0,-0.02942242938139491,0.4487506785935693,4987.694552095809,0.9975389104191618,3.078237816093477,0.9314679077343458,0.0,0.9331424302788844,2.5495547701786534,5.957849462365591,False
cluster_roundrobin__k5__d0__s5__5000K_2.0gcc,5000K_2.0gcc,cluster_roundrobin,5,0,5,True,,10.0,-0.07087616173136814,0.5905648368752736,4947.683149301397,0.9895366298602793,-26.974266994996682,0.9445320191385783,0.0,0.9507594621513944,2.544285558121971,6.107016129032258,False
cluster_roundrobin__k5__d1__s2__5000K_2.0gcc,5000K_2.0gcc,cluster_roundrobin,5,1,2,True,,10.0,-0.02128412724220898,0.3423053643755338,5088.562165269461,1.0177124330538923,102.97171661343711,0.9348645040913686,0.0,0.9101718127490039,2.543891403535196,5.391209998175514,False
cluster_roundrobin__k5__d1__s3__5000K_2.0gcc,5000K_2.0gcc,cluster_roundrobin,5,1,3,True,,10.0,0.01380516728036161,0.4351993973441495,5034.941312774451,1.0069882625548903,126.12875740675362,0.9382895188506587,0.0,0.915089641434263,2.545116518352756,5.623862068965517,False
cluster_roundrobin__k5__d1__s4__5000K_2.0gcc,5000K_2.0gcc,cluster_roundrobin,5,1,4,True,,10.0,117.06619394638406,794.2424234854693,5145.67490259481,1.029134980518962,21.799358416463985,0.8651036123303384,0.0,0.9064990039840638,2.5444714946840694,5.87074675565443,True
cluster_roundrobin__k5__d1__s5__5000K_2.0gcc,5000K_2.0gcc,cluster_roundrobin,5,1,5,True,,10.0,0.058160444439399744,0.7558904681254717,5014.000214171656,1.002800042834331,20.97189126392157,0.9368385834971784,0.0,0.9077440239043825,2.5497109838115377,5.651862068965519,False
cluster_roundrobin__k5__d2__s2__5000K_2.0gcc,5000K_2.0gcc,cluster_roundrobin,5,2,2,True,,10.0,-0.02928329226408259,0.6276275910931872,5074.275385429142,1.0148550770858284,-16.692714752657075,0.9437734395044178,0.0,0.9194472111553785,2.5437375183516915,5.924919540229886,False
cluster_roundrobin__k5__d2__s3__5000K_2.0gcc,5000K_2.0gcc,cluster_roundrobin,5,2,3,True,,10.0,0.007478624192429263,0.5465231728130675,4940.804119760479,0.9881608239520958,51.07876330309533,0.9266789840030902,0.0,0.916085657370518,2.5374105670995664,5.860645161290322,False
cluster_roundrobin__k5__d2__s4__5000K_2.0gcc,5000K_2.0gcc,cluster_roundrobin,5,2,4,True,,10.0,-0.0037291767037856633,0.5501820187500925,4947.744547904192,0.9895489095808383,71.98340111943682,0.9433915430588721,0.0,0.9332669322709163,2.558590214630379,5.620689655172416,False
cluster_roundrobin__k5__d2__s5__5000K_2.0gcc,5000K_2.0gcc,cluster_roundrobin,5,2,5,True,,10.0,0.04018994637942182,0.6751248318751095,4983.747577245509,0.9967495154491018,24.389737544260946,0.9484931388713365,0.0,0.9220617529880478,2.5402377080568432,5.663811242356292,False
cluster_roundrobin__k5__d3__s2__5000K_2.0gcc,5000K_2.0gcc,cluster_roundrobin,5,3,2,True,,10.0,0.018222321003820582,0.5053950342189637,4953.818111377246,0.9907636222754492,-5.67968130278938,0.9433831699601176,0.0,0.920816733067729,2.5509308925188408,5.84324564330738,False
cluster_roundrobin__k5__d3__s3__5000K_2.0gcc,5000K_2.0gcc,cluster_roundrobin,5,3,3,True,,10.0,0.039869196217178146,0.8239179000001968,4907.447342514969,0.9814894685029938,78.24984259357012,0.9223226687911337,0.0,0.9579183266932271,2.5464450343831273,5.904811271783464,False
cluster_roundrobin__k5__d3__s4__5000K_2.0gcc,5000K_2.0gcc,cluster_roundrobin,5,3,4,True,,10.0,0.0017626006667744731,0.41141689875075826,4984.923524351298,0.9969847048702595,-6.077910645947098,0.9137055072204607,0.0,0.9142181274900398,2.5473524250017316,5.850051167964406,False
cluster_roundrobin__k5__d3__s5__5000K_2.0gcc,5000K_2.0gcc,cluster_roundrobin,5,3,5,True,,10.0,0.028843063813430554,0.753383481093806,4951.710748303393,0.9903421496606787,99.87102337291805,0.9543321906134149,0.0,0.893550796812749,2.549529403661307,5.380680308197549,False
cluster_roundrobin__k5__d4__s2__5000K_2.0gcc,5000K_2.0gcc,cluster_roundrobin,5,4,2,True,,10.0,0.02887109488702622,0.47070375421890276,4804.631370259482,0.9609262740518963,-34.75480934569771,0.962036540123607,0.0,0.9233067729083665,2.5488367299075105,5.768247682610308,False
cluster_roundrobin__k5__d4__s3__5000K_2.0gcc,5000K_2.0gcc,cluster_roundrobin,5,4,3,True,,10.0,-0.05835176461397519,0.5961886185937146,4960.4683019960075,0.9920936603992015,58.23778577519146,0.9502089042736869,0.0,0.9225597609561753,2.5225620071132173,6.074516221727846,False
cluster_roundrobin__k5__d4__s4__5000K_2.0gcc,5000K_2.0gcc,cluster_roundrobin,5,4,4,True,,10.0,0.002120071025609869,0.48771061218758405,4955.9520790419165,0.9911904158083833,2.8940470571176786,0.9453391866261551,0.0,0.9193227091633466,2.5356280713610713,5.893075268817204,False
cluster_roundrobin__k5__d4__s5__5000K_2.0gcc,5000K_2.0gcc,cluster_roundrobin,5,4,5,True,,10.0,0.02814439546314598,0.5522147109377329,4982.93161756487,0.996586323512974,81.99509685496606,0.9399096872428758,0.0,0.927664342629482,2.53311834622899,5.607807169635869,False
cluster_roundrobin__k5__d5__s1__5000K_2.0gcc,5000K_2.0gcc,cluster_roundrobin,5,5,1,True,,10.0,0.04934308470842581,0.8383500145318976,4960.595391017964,0.9921190782035928,60.746415487631424,0.9324278242529005,0.0,0.8959163346613546,2.5368080730229297,5.605442555220086,False
cluster_roundrobin__k5__d5__s2__5000K_2.0gcc,5000K_2.0gcc,cluster_roundrobin,5,5,2,True,,10.0,-0.016816666940324895,0.33092228812438407,4945.773667065868,0.9891547334131736,121.77610337248267,0.9618547225116691,0.0,0.9246762948207171,2.546545189771937,5.347394012159308,False
cluster_roundrobin__k5__d5__s3__5000K_2.0gcc,5000K_2.0gcc,cluster_roundrobin,5,5,3,True,,10.0,-0.03481026695707855,0.47795368968763796,4958.576230339321,0.9917152460678642,81.43469032742665,0.9524892235369385,0.0,0.9099850597609562,2.5404663714369127,5.798288468668891,False
cluster_roundrobin__k5__d5__s4__5000K_2.0gcc,5000K_2.0gcc,cluster_roundrobin,5,5,4,True,,10.0,0.1066202494269178,1.1308544203129713,4968.791151497006,0.9937582302994011,-8.829555082529435,0.9472586001900435,0.0,0.9187001992031872,2.5566081497744975,5.877056915090844,False
cluster_roundrobin__k5__d5__s5__5000K_2.0gcc,5000K_2.0gcc,cluster_roundrobin,5,5,5,True,,10.0,0.004068965797010113,0.455526319218734,4960.025672455091,0.9920051344910181,40.40469057599114,0.9419748008062636,0.0,0.9291583665338645,2.5361759960882857,5.6079170506912455,False
cluster_roundrobin__k5__d6__s1__5000K_2.0gcc,5000K_2.0gcc,cluster_roundrobin,5,6,1,True,,10.0,0.004293604222249209,0.47151683109314035,4783.263115568862,0.9566526231137724,65.06195627055766,0.9374733444461237,0.0,0.911105577689243,2.577133650354638,5.427799671592776,False
cluster_roundrobin__k5__d6__s2__5000K_2.0gcc,5000K_2.0gcc,cluster_roundrobin,5,6,2,True,,10.0,0.02951448717228408,0.531345737812444,5008.145799001997,1.0016291598003995,40.53051239279102,0.9397714306558805,0.0,0.928660358565737,2.568893051838138,5.361642036124798,False
cluster_roundrobin__k5__d6__s3__5000K_2.0gcc,5000K_2.0gcc,cluster_roundrobin,5,6,3,True,,10.0,0.0728045782741053,1.0418902589058234,5012.029757085829,1.002405951417166,118.97745849411555,0.9185385468416661,0.0,0.9192604581673307,2.5596170176029323,5.6703776683087055,False
cluster_roundrobin__k5__d6__s4__5000K_2.0gcc,5000K_2.0gcc,cluster_roundrobin,5,6,4,True,,10.0,-0.0544275640690593,0.6007960542187902,4940.121766067864,0.9880243532135728,12.152504155357946,0.9647937350755341,0.0,0.9341384462151394,2.5582158941302198,5.743899147200593,False
cluster_roundrobin__k5__d6__s5__5000K_2.0gcc,5000K_2.0gcc,cluster_roundrobin,5,6,5,True,,10.0,0.023005716570641817,0.5436774037498253,5081.619148902196,1.0163238297804391,108.90464843172735,0.9550635265054364,0.0,0.9091135458167331,2.5269441079789985,5.532027296643537,False
cluster_roundrobin__k5__d7__s1__5000K_2.0gcc,5000K_2.0gcc,cluster_roundrobin,5,7,1,True,,10.0,0.019995659370992343,0.6435503465622787,4965.677437125749,0.9931354874251498,45.73130111311505,0.9381088292394436,0.0,0.930652390438247,2.5469117140240214,5.6751402086974965,False
cluster_roundrobin__k5__d7__s2__5000K_2.0gcc,5000K_2.0gcc,cluster_roundrobin,5,7,2,True,,10.0,-0.033979386975828085,0.4089099117186379,5004.945240918163,1.0009890481836325,18.868359723193734,0.95040017542612,0.0,0.9332669322709163,2.5645794489867932,5.6103546798029535,False
cluster_roundrobin__k5__d7__s3__5000K_2.0gcc,5000K_2.0gcc,cluster_roundrobin,5,7,3,True,,10.0,0.033761175898784496,0.8145675159375969,4946.039722754491,0.9892079445508982,68.18397192153824,0.9262721688693881,0.0,0.9127241035856574,2.5354072634644744,5.861150908416758,False
cluster_roundrobin__k5__d7__s4__5000K_2.0gcc,5000K_2.0gcc,cluster_roundrobin,5,7,4,True,,10.0,-0.013246580366798159,0.5427288140622295,5022.119047105788,1.0044238094211575,28.576664287793278,0.9205775811902004,0.0,0.9274153386454184,2.5429571038667054,5.876063774564332,False
cluster_roundrobin__k5__d7__s5__5000K_2.0gcc,5000K_2.0gcc,cluster_roundrobin,5,7,5,True,,10.0,-0.05676952876309867,0.4619631778123221,4975.80879241517,0.9951617584830339,63.93392322456361,0.9450300353560196,0.0,0.9261703187250996,2.5414854552697133,5.6202506488691135,False
cluster_roundrobin__k5__d8__s1__5000K_2.0gcc,5000K_2.0gcc,cluster_roundrobin,5,8,1,True,,10.0,-0.022449892572173533,0.5385279168745001,4940.0026173652695,0.9880005234730539,33.28434621718934,0.9416954790647564,0.0,0.9285358565737052,2.556004361063476,5.830060066740824,False
cluster_roundrobin__k5__d8__s2__5000K_2.0gcc,5000K_2.0gcc,cluster_roundrobin,5,8,2,True,,10.0,-0.01410466918485655,0.5678664407814722,4991.266678243513,0.9982533356487026,2.7598650389843993,0.9184136731865447,0.0,0.9313994023904383,2.5317079566334737,5.856430107526883,False
cluster_roundrobin__k5__d8__s3__5000K_2.0gcc,5000K_2.0gcc,cluster_roundrobin,5,8,3,True,,10.0,0.050664338156772896,0.7431522637498347,5071.426161676646,1.0142852323353293,93.29626262329913,0.7617572250848693,0.001996007984031936,0.9000249003984063,2.5458498827400513,5.781923618835743,True
cluster_roundrobin__k5__d8__s4__5000K_2.0gcc,5000K_2.0gcc,cluster_roundrobin,5,8,4,True,,10.0,-0.030183538101590787,0.5783009273432071,4840.396896207584,0.9680793792415169,27.173308604311682,0.9386795768626267,0.0,0.9173306772908366,2.5548985689049193,5.676430107526881,False
cluster_roundrobin__k5__d8__s5__5000K_2.0gcc,5000K_2.0gcc,cluster_roundrobin,5,8,5,True,,10.0,351.0663176211588,2616.7192442402943,5342.5347371257485,1.0685069474251496,20.08480231605153,0.4947507738912597,0.007984031936127744,0.922933266932271,2.5454378935328066,5.84616536892844,True
cluster_roundrobin__k5__d9__s1__5000K_2.0gcc,5000K_2.0gcc,cluster_roundrobin,5,9,1,True,,10.0,0.024709350151265033,0.5328363787498347,4848.5091620758485,0.9697018324151697,98.27598371839277,0.9575469939115258,0.0,0.9378735059760956,2.5424383910151405,5.385927750410509,False
cluster_roundrobin__k5__d9__s2__5000K_2.0gcc,5000K_2.0gcc,cluster_roundrobin,5,9,2,True,,10.0,-0.01805600609598389,0.3367493390628624,4828.471032734531,0.9656942065469062,-48.512480329333876,0.9607679652205314,0.0,0.9221862549800797,2.551819350893078,6.039096774193548,False
cluster_roundrobin__k5__d9__s3__5000K_2.0gcc,5000K_2.0gcc,cluster_roundrobin,5,9,3,True,,10.0,0.07517068441272667,0.8799524479686625,4986.60678722555,0.99732135744511,75.59890222878487,0.9397350473670754,0.0,0.922933266932271,2.5321557757111335,5.860422691879868,False
cluster_roundrobin__k5__d9__s4__5000K_2.0gcc,5000K_2.0gcc,cluster_roundrobin,5,9,4,True,,10.0,-0.015443677910135536,0.455526319218734,5017.120335928144,1.003424067185629,37.964326632091094,0.9571700120004812,0.0,0.9280378486055777,2.5371871694335724,5.8693882091212455,False
cluster_roundrobin__k5__d9__s5__5000K_2.0gcc,5000K_2.0gcc,cluster_roundrobin,5,9,5,True,,10.0,0.00972628212789726,0.44739555046862733,4948.888985628742,0.9897777971257484,48.238117991013645,0.9596726979580067,0.0,0.9264193227091634,2.5238446637653214,5.787493829122306,False
cluster_roundrobin__k10__d0__s2__5000K_2.0gcc,5000K_2.0gcc,cluster_roundrobin,10,0,2,True,,10.0,-0.013417222326479182,0.3889217718751752,5027.957261077844,1.005591452215569,35.04862881123421,0.9513471417547851,0.0,0.9266683266932271,2.5589174723698322,5.620137931034483,False
cluster_roundrobin__k10__d0__s3__5000K_2.0gcc,5000K_2.0gcc,cluster_roundrobin,10,0,3,True,,10.0,0.03292027255642613,0.7491825839060766,4891.794755888223,0.9783589511776447,78.26025055084695,0.9332143308747467,0.0,0.9113545816733067,2.5645289215868767,5.83293288839451,False
cluster_roundrobin__k10__d0__s4__5000K_2.0gcc,5000K_2.0gcc,cluster_roundrobin,10,0,4,True,,10.0,-0.014378078668214535,0.39447779718739184,4984.196195808383,0.9968392391616766,59.95624747439273,0.9383281885081576,0.0,0.9138446215139442,2.5664283422654113,5.58182594417077,False
cluster_roundrobin__k10__d0__s5__5000K_2.0gcc,5000K_2.0gcc,cluster_roundrobin,10,0,5,True,,10.0,124.9302853724674,1144.4821985451558,4919.031485429142,0.9838062970858283,-2.0185106070069705,0.7844718476860727,0.001996007984031936,0.9153386454183267,2.559044217128202,5.941075268817202,True
cluster_roundrobin__k10__d1__s2__5000K_2.0gcc,5000K_2.0gcc,cluster_roundrobin,10,1,2,True,,10.0,0.0436987840672684,0.66523239656226,5021.563005988024,1.004312601197605,53.37563613290478,0.9497753455007134,0.0,0.9055029880478087,2.5533013694207654,5.625619047619049,False
cluster_roundrobin__k10__d1__s3__5000K_2.0gcc,5000K_2.0gcc,cluster_roundrobin,10,1,3,True,,10.0,-0.08667390035415154,0.7305495721875559,4975.439751297405,0.9950879502594809,51.52151860700594,0.9442596377278869,0.0,0.9596613545816733,2.5574353291463696,5.863609936967001,False
cluster_roundrobin__k10__d1__s4__5000K_2.0gcc,5000K_2.0gcc,cluster_roundrobin,10,1,4,True,,10.0,-0.03365879010630715,0.6178706685936959,5011.06771017964,1.002213542035928,77.43467685748004,0.9621177379385535,0.0,0.9084910358565738,2.556224621864714,5.643993431855501,False
cluster_roundrobin__k10__d1__s5__5000K_2.0gcc,5000K_2.0gcc,cluster_roundrobin,10,1,5,True,,10.0,0.03526139004731174,0.6470059232810854,5097.0643217564875,1.0194128643512974,27.402027336604352,0.9473370617013779,0.0,0.9244272908366534,2.5490791852276296,5.866736373748609,False
cluster_roundrobin__k10__d2__s2__5000K_2.0gcc,5000K_2.0gcc,cluster_roundrobin,10,2,2,True,,10.0,0.044198043320575274,0.7560259809379204,4989.618926347306,0.9979237852694612,30.046063378480728,0.9468054412787243,0.0,0.9274153386454184,2.533734467555974,5.846795698924733,False
cluster_roundrobin__k10__d2__s3__5000K_2.0gcc,5000K_2.0gcc,cluster_roundrobin,10,2,3,True,,10.0,-0.025234873842597153,0.4174472189060907,5062.18337025948,1.0124366740518962,72.63955165709939,0.9337034102781251,0.0,0.9168326693227091,2.5409435325605676,5.802094178717095,False
cluster_roundrobin__k10__d2__s4__5000K_2.0gcc,5000K_2.0gcc,cluster_roundrobin,10,2,4,True,,10.0,0.07559458488456668,0.8054881574998944,4990.829444311377,0.9981658888622754,52.59935940268693,0.960473938579803,0.0,0.9165836653386454,2.544079883661423,5.81222988505747,False
cluster_roundrobin__k10__d2__s5__5000K_2.0gcc,5000K_2.0gcc,cluster_roundrobin,10,2,5,True,,10.0,-0.054645342506239224,0.6783093829681093,5005.29757984032,1.001059515968064,21.232973102668836,0.9343866726179256,0.0,0.9037599601593626,2.559547078772459,6.043354838709677,False
cluster_roundrobin__k10__d3__s2__5000K_2.0gcc,5000K_2.0gcc,cluster_roundrobin,10,3,2,True,,10.0,0.05385083503750835,0.8111119392187902,4978.839890419162,0.9957679780838323,-12.364424604757069,0.9429362349268376,0.0,0.9368774900398407,2.533705501230452,5.971682795698924,False
cluster_roundrobin__k10__d3__s3__5000K_2.0gcc,5000K_2.0gcc,cluster_roundrobin,10,3,3,True,,10.0,0.029491741088176263,0.5394765065620959,5003.458973453094,1.0006917946906186,-0.5172055064138698,0.9514045302950792,0.0,0.9497011952191236,2.525395167842325,6.199212365591397,False
cluster_roundrobin__k10__d3__s4__5000K_2.0gcc,5000K_2.0gcc,cluster_roundrobin,10,3,4,True,,10.0,-0.08541722518515048,0.8278477715630288,4956.3578802395205,0.9912715760479041,-3.632279449536584,0.9431096509134023,0.0,0.9353834661354582,2.5690669153088566,5.6348817204301085,False
cluster_roundrobin__k10__d3__s5__5000K_2.0gcc,5000K_2.0gcc,cluster_roundrobin,10,3,5,True,,10.0,-0.001059677573345427,0.6560852817192426,5123.360529540918,1.0246721059081836,104.13061992942303,0.9519018645474963,0.0,0.9022659362549801,2.560533443556427,5.445374354809283,False
cluster_roundrobin__k10__d4__s2__5000K_2.0gcc,5000K_2.0gcc,cluster_roundrobin,10,4,2,True,,10.0,0.007216330817255036,0.6749893190617513,5016.181161477047,1.0032362322954094,20.63258114741304,0.9429828998481363,0.0,0.9381225099601593,2.533690875335129,5.940357434186135,False
cluster_roundrobin__k10__d4__s3__5000K_2.0gcc,5000K_2.0gcc,cluster_roundrobin,10,4,3,True,,10.0,-0.03129869877951122,0.4351993973441495,4987.885961676647,0.9975771923353294,46.260489135667434,0.9404394903852136,0.0,0.9377490039840638,2.554733320469091,5.817448924731184,False
cluster_roundrobin__k10__d4__s4__5000K_2.0gcc,5000K_2.0gcc,cluster_roundrobin,10,4,4,True,,10.0,0.0760090475229071,0.9425593673440744,4973.52596726547,0.994705193453094,22.29974545333294,0.9254817574387952,0.0,0.9270418326693227,2.558097250965169,5.665736744530961,False
cluster_roundrobin__k10__d4__s5__5000K_2.0gcc,5000K_2.0gcc,cluster_roundrobin,10,4,5,True,,10.0,0.002405668207841314,0.4700939465628835,5079.295215968064,1.015859043193613,33.092021213215396,0.9468135843369595,0.0,0.9196962151394422,2.542210351533912,5.71451242120875,False
cluster_roundrobin__k10__d5__s1__5000K_2.0gcc,5000K_2.0gcc,cluster_roundrobin,10,5,1,True,,10.0,0.04345323509711162,0.6836621390630171,4905.506958682635,0.981101391736527,-13.057726205618561,0.940186836753738,0.0,0.9182021912350598,2.563284918261416,6.131311827956989,False
cluster_roundrobin__k10__d5__s2__5000K_2.0gcc,5000K_2.0gcc,cluster_roundrobin,10,5,2,True,,10.0,-0.04605474686881685,0.5134580465619365,4909.985234131737,0.9819970468263475,7.871895977451973,0.9503805760294136,0.0,0.9413595617529881,2.54982349563009,5.86520430107527,False
cluster_roundrobin__k10__d5__s3__5000K_2.0gcc,5000K_2.0gcc,cluster_roundrobin,10,5,3,True,,10.0,-0.059672226792577374,0.7174725857812518,4942.501648902196,0.9885003297804392,152.65772063974015,0.9483621741855798,0.0,0.9193227091633466,2.56747423841995,5.421175697865354,False
cluster_roundrobin__k10__d5__s4__5000K_2.0gcc,5000K_2.0gcc,cluster_roundrobin,10,5,4,True,,10.0,0.01139305008105657,0.4799186254695087,5030.994814171657,1.0061989628343313,-2.781906179642223,0.9366907666300552,0.0,0.9147161354581673,2.561318254018978,5.818414534668149,False
cluster_roundrobin__k10__d5__s5__5000K_2.0gcc,5000K_2.0gcc,cluster_roundrobin,10,5,5,True,,10.0,-0.046360593191572,0.4740915745305756,5125.444597205588,1.0250889194411177,79.50476015247689,0.943040823320496,0.0,0.9010209163346613,2.5147073072371104,5.591842576407647,False
cluster_roundrobin__k10__d6__s1__5000K_2.0gcc,5000K_2.0gcc,cluster_roundrobin,10,6,1,True,,10.0,0.0035868150092268534,0.5234182382801009,4889.5274816367255,0.9779054963273451,10.785168289728206,0.948123207730409,0.0,0.9387450199203188,2.5337817807369403,5.802565707929445,False
cluster_roundrobin__k10__d6__s2__5000K_2.0gcc,5000K_2.0gcc,cluster_roundrobin,10,6,2,True,,10.0,0.047903825668475404,0.7434232893738226,4912.904417365269,0.9825808834730538,-26.446211925422087,0.9553155769048259,0.0,0.9371264940239044,2.5376661265159743,5.942494623655914,False
cluster_roundrobin__k10__d6__s3__5000K_2.0gcc,5000K_2.0gcc,cluster_roundrobin,10,6,3,True,,10.0,-0.00035741450581322487,0.8014905295303834,4920.613216566866,0.9841226433133732,133.46021651748842,0.9501592484325976,0.0,0.9078685258964143,2.57538730759205,5.252386060937784,False
cluster_roundrobin__k10__d6__s4__5000K_2.0gcc,5000K_2.0gcc,cluster_roundrobin,10,6,4,True,,10.0,0.039210799086498306,0.7468111096868597,4918.969942514969,0.9837939885029938,-13.319051198994996,0.9626459272858324,0.0,0.9092380478087649,2.5339648443831555,5.92367741935484,False
cluster_roundrobin__k10__d6__s5__5000K_2.0gcc,5000K_2.0gcc,cluster_roundrobin,10,6,5,True,,10.0,0.007072979327221557,0.7140847654682148,5023.164520758483,1.0046329041516966,21.196395437970036,0.9489482261230062,0.0,0.9328311752988048,2.548337014328736,5.896507230255838,False
cluster_roundrobin__k10__d7__s1__5000K_2.0gcc,5000K_2.0gcc,cluster_roundrobin,10,7,1,True,,10.0,-0.04852088055705707,0.4857456764057133,4986.99309001996,0.997398618003992,27.33915463647746,0.936535650074785,0.0,0.9457171314741036,2.535879525683283,5.830537634408603,False
cluster_roundrobin__k10__d7__s2__5000K_2.0gcc,5000K_2.0gcc,cluster_roundrobin,10,7,2,True,,10.0,0.044583680130372956,0.8199880284382743,4941.289994011976,0.9882579988023952,18.129942845511433,0.9328740782624423,0.0,0.9317729083665338,2.523310494939327,5.762909899888766,False
cluster_roundrobin__k10__d7__s3__5000K_2.0gcc,5000K_2.0gcc,cluster_roundrobin,10,7,3,True,,10.0,0.03644165486869792,0.684813997969286,4903.56518483034,0.9807130369660679,67.89337939296557,0.9175350592369753,0.0,0.9299053784860558,2.5324195424917204,5.7435120504264,False
cluster_roundrobin__k10__d7__s4__5000K_2.0gcc,5000K_2.0gcc,cluster_roundrobin,10,7,4,True,,10.0,0.026360848340005235,0.6174641301568045,4860.498357884231,0.9720996715768462,42.20883802672257,0.9566553703115869,0.0,0.913097609561753,2.580163246213481,5.5157931034482734,False
cluster_roundrobin__k10__d7__s5__5000K_2.0gcc,5000K_2.0gcc,cluster_roundrobin,10,7,5,True,,10.0,0.043282210514120976,0.601134836249912,5001.311023552895,1.000262204710579,26.60788999330336,0.9513881310117336,0.0,0.9210657370517928,2.5230603567292067,5.774856507230257,False
cluster_roundrobin__k10__d8__s1__5000K_2.0gcc,5000K_2.0gcc,cluster_roundrobin,10,8,1,True,,10.0,161.78980236064803,1276.040699746922,5025.023487025948,1.0050046974051896,114.42324964283847,0.47283038445831616,0.003992015968063872,0.9132221115537849,2.5818055778033107,5.195281181143249,True
cluster_roundrobin__k10__d8__s2__5000K_2.0gcc,5000K_2.0gcc,cluster_roundrobin,10,8,2,True,,10.0,0.05662876971009094,0.9642414173436009,5111.921579241516,1.0223843158483032,-12.916023409351498,0.9402643448339405,0.0,0.9234312749003984,2.535586123313446,5.964836021505375,False
cluster_roundrobin__k10__d8__s3__5000K_2.0gcc,5000K_2.0gcc,cluster_roundrobin,10,8,3,True,,10.0,83.42507421767662,856.0651302145312,5020.378807584831,1.0040757615169662,101.96567351857144,0.4975114104922621,0.001996007984031936,0.9091135458167331,2.5481671760130054,5.746132740081573,True
cluster_roundrobin__k10__d8__s4__5000K_2.0gcc,5000K_2.0gcc,cluster_roundrobin,10,8,4,True,,10.0,465.8123969762392,3161.131701737344,5396.6311169660685,1.0793262233932137,114.78980076202815,0.44921932172269663,0.00998003992015968,0.8930527888446215,2.5336109017657846,5.446348111658459,True
cluster_roundrobin__k10__d8__s5__5000K_2.0gcc,5000K_2.0gcc,cluster_roundrobin,10,8,5,True,,10.0,-0.007916231589201647,0.4792410614061282,5071.004189021956,1.0142008378043912,73.45576533047974,0.9521130474281927,0.0,0.9012699203187251,2.5183011426066373,5.68408845807511,False
cluster_roundrobin__k10__d9__s1__5000K_2.0gcc,5000K_2.0gcc,cluster_roundrobin,10,9,1,True,,10.0,-0.0411294438106227,0.6101464382809354,4962.129689620758,0.9924259379241516,-0.7412447775945856,0.9363020917989018,0.0,0.943351593625498,2.5391989002274364,6.002612903225806,False
cluster_roundrobin__k10__d9__s2__5000K_2.0gcc,5000K_2.0gcc,cluster_roundrobin,10,9,2,True,,10.0,-0.062262228159480834,0.5774200940622904,5010.140216766467,1.0020280433532935,-39.501089556581185,0.9587921264382593,0.0,0.9125996015936255,2.5427868196196903,5.9852338709677415,False
cluster_roundrobin__k10__d9__s3__5000K_2.0gcc,5000K_2.0gcc,cluster_roundrobin,10,9,3,True,,10.0,0.02868371176489314,0.722757585468571,4964.739606187625,0.9929479212375251,69.62769383471594,0.9441594849478555,0.0,0.9165836653386454,2.5641974790961335,5.6804479050797205,False
cluster_roundrobin__k10__d9__s4__5000K_2.0gcc,5000K_2.0gcc,cluster_roundrobin,10,9,4,True,,10.0,-0.011047795144003518,0.4852036251559184,4910.4791199600795,0.9820958239920159,-23.80745228408678,0.9462351107531364,0.0,0.9408615537848606,2.5362866415202627,6.063981182795698,False
cluster_roundrobin__k10__d9__s5__5000K_2.0gcc,5000K_2.0gcc,cluster_roundrobin,10,9,5,True,,10.0,0.017791516769363823,0.4271363850002672,4963.56652255489,0.9927133045109781,46.70457017203446,0.9512296416728194,0.0,0.9244272908366534,2.552426793646939,5.521103448275861,False
cluster_roundrobin__k20__d0__s2__5000K_2.0gcc,5000K_2.0gcc,cluster_roundrobin,20,0,2,True,,10.0,-0.035517326277020984,0.48025740749926626,5074.842100199602,1.0149684200399205,119.82829739871984,0.9024510028527868,0.0,0.9224352589641435,2.54496747680687,5.472620689655174,False
cluster_roundrobin__k20__d0__s3__5000K_2.0gcc,5000K_2.0gcc,cluster_roundrobin,20,0,3,True,,10.0,0.060038970668947,0.8125348237490471,4983.295695808382,0.9966591391616765,84.85453764777289,0.9263911198888948,0.0,0.9341384462151394,2.54177603485101,5.877447534297367,False
cluster_roundrobin__k20__d0__s4__5000K_2.0gcc,5000K_2.0gcc,cluster_roundrobin,20,0,4,True,,10.0,-0.012881290622989056,0.894994370155473,5027.1972019960085,1.0054394403992017,36.468622565117116,0.945071166286963,0.0,0.9243027888446215,2.564449588889645,5.694103077493513,False
cluster_roundrobin__k20__d0__s5__5000K_2.0gcc,5000K_2.0gcc,cluster_roundrobin,20,0,5,True,,10.0,0.04692244497242884,0.8312355918742469,4998.471929141717,0.9996943858283434,-11.762314771507391,0.9587432962289753,0.0,0.9358814741035857,2.565938860100451,6.007956989247312,False
cluster_roundrobin__k20__d1__s2__5000K_2.0gcc,5000K_2.0gcc,cluster_roundrobin,20,1,2,True,,10.0,0.022965938870742674,0.4076902964061446,5022.647576247506,1.004529515249501,-1.822411065012107,0.9497950004079828,0.0,0.9379980079681275,2.54153739554049,5.934150537634411,False
cluster_roundrobin__k20__d1__s3__5000K_2.0gcc,5000K_2.0gcc,cluster_roundrobin,20,1,3,True,,10.0,-0.04868166225741633,0.447327794062403,4950.485413572854,0.9900970827145708,28.365003947369644,0.9525186419986755,0.0,0.9397410358565738,2.5547488681302712,5.986236559139785,False
cluster_roundrobin__k20__d1__s4__5000K_2.0gcc,5000K_2.0gcc,cluster_roundrobin,20,1,4,True,,10.0,0.024398665503359885,0.7222832906254553,5016.618729540918,1.0033237459081836,52.494629709948384,0.9492150888823879,0.0,0.9149651394422311,2.5272104750346385,5.767123470522805,False
cluster_roundrobin__k20__d1__s5__5000K_2.0gcc,5000K_2.0gcc,cluster_roundrobin,20,1,5,True,,10.0,0.03906892102145476,0.7176758550003797,4950.370648303394,0.9900741296606788,40.31231907847437,0.9501264547895719,0.0,0.916085657370518,2.550676302193966,5.64,False
cluster_roundrobin__k20__d2__s2__5000K_2.0gcc,5000K_2.0gcc,cluster_roundrobin,20,2,2,True,,10.0,0.04043657431559914,1.049072437968789,5004.250021357286,1.0008500042714572,35.36022893607559,0.9677398722223859,0.0,0.9378735059760956,2.532282305873982,5.703184278828326,False
cluster_roundrobin__k20__d2__s3__5000K_2.0gcc,5000K_2.0gcc,cluster_roundrobin,20,2,3,True,,10.0,0.02814887621277614,0.5322265710938154,4881.407884231537,0.9762815768463073,106.88074926933791,0.9499479569102718,0.0,0.9246762948207171,2.5265401662508276,5.84245902855024,False
cluster_roundrobin__k20__d2__s4__5000K_2.0gcc,5000K_2.0gcc,cluster_roundrobin,20,2,4,True,,10.0,-0.008382098580168824,0.3660201065631554,4970.55363992016,0.994110727984032,67.49024487631195,0.9511968582049671,0.0,0.9226842629482072,2.560421371909351,5.690206896551725,False
cluster_roundrobin__k20__d2__s5__5000K_2.0gcc,5000K_2.0gcc,cluster_roundrobin,20,2,5,True,,10.0,-0.026019476871132888,0.5474040060935295,4983.344489221557,0.9966688978443113,65.49402984715849,0.9574667487328202,0.0,0.9338894422310757,2.545271535536657,5.574154351395731,False
cluster_roundrobin__k20__d3__s2__5000K_2.0gcc,5000K_2.0gcc,cluster_roundrobin,20,3,2,True,,10.0,0.030686801366070098,0.6976199587502379,5051.746447105788,1.0103492894211576,37.0674314843353,0.953275252838864,0.0,0.9203187250996016,2.545705390267789,5.620099369670005,False
cluster_roundrobin__k20__d3__s3__5000K_2.0gcc,5000K_2.0gcc,cluster_roundrobin,20,3,3,True,,10.0,0.038392592136203066,0.58941297796855,4914.459282435129,0.9828918564870258,94.49467743807996,0.9170702394936822,0.0,0.9128486055776892,2.572837291056527,5.552518883415434,False
cluster_roundrobin__k20__d3__s4__5000K_2.0gcc,5000K_2.0gcc,cluster_roundrobin,20,3,4,True,,10.0,-0.09102758054296518,0.8111796956250146,4947.372973453093,0.9894745946906187,48.63491341101892,0.9510231270232081,0.0,0.9040089641434262,2.5563717606327576,5.713527623285132,False
cluster_roundrobin__k20__d3__s5__5000K_2.0gcc,5000K_2.0gcc,cluster_roundrobin,20,3,5,True,,10.0,0.025119602631977548,0.5109510595311804,5047.768671457086,1.0095537342914174,94.41225600846445,0.9613843621746715,0.0,0.9299053784860558,2.551596996628113,5.399878854223682,False
cluster_roundrobin__k20__d4__s2__5000K_2.0gcc,5000K_2.0gcc,cluster_roundrobin,20,4,2,True,,10.0,175.61236219872902,1228.307578588594,4848.107896606785,0.9696215793213571,53.86858283331617,0.8571141095921824,0.001996007984031936,0.9275398406374502,2.542760576244861,5.557717840516506,True
cluster_roundrobin__k20__d4__s3__5000K_2.0gcc,5000K_2.0gcc,cluster_roundrobin,20,4,3,True,,10.0,0.027394270067934854,0.524366827969061,5016.184030339321,1.0032368060678643,-4.178485368682079,0.9321698549840582,0.0,0.97074203187251,2.5487932112559384,6.161653225806452,False
cluster_roundrobin__k20__d4__s4__5000K_2.0gcc,5000K_2.0gcc,cluster_roundrobin,20,4,4,True,,10.0,0.008375040551194248,0.5916489393748634,5038.212653493014,1.0076425306986028,19.22970353996145,0.9551654402767095,0.0,0.9484561752988048,2.52273317673699,5.865032258064516,False
cluster_roundrobin__k20__d4__s5__5000K_2.0gcc,5000K_2.0gcc,cluster_roundrobin,20,4,5,True,,10.0,0.0014307660918747207,0.4406876662505965,4996.038398203593,0.9992076796407185,18.938459732666836,0.9589466367869481,0.0,0.9388695219123506,2.548805811293443,5.780468457015732,False
cluster_roundrobin__k20__d5__s1__5000K_2.0gcc,5000K_2.0gcc,cluster_roundrobin,20,5,1,True,,10.0,0.08992052864892398,1.0597101937496518,4977.001921357286,0.9954003842714572,112.31534595380687,0.9525043890891,0.0,0.9245517928286853,2.5234239515062558,5.508302523085617,False
cluster_roundrobin__k20__d5__s2__5000K_2.0gcc,5000K_2.0gcc,cluster_roundrobin,20,5,2,True,,10.0,-0.026006970670760198,0.42605228250022265,4956.630951297405,0.991326190259481,14.598136876437247,0.9469310358120065,0.0,0.9304033864541833,2.549134249815482,5.704817204301077,False
cluster_roundrobin__k20__d5__s3__5000K_2.0gcc,5000K_2.0gcc,cluster_roundrobin,20,5,3,True,,10.0,0.03643815969852683,0.7380705332811885,4956.8207540918165,0.9913641508183633,41.28454520102832,0.9533627884541114,0.0,0.9378735059760956,2.5541610990719796,5.955483870967741,False
cluster_roundrobin__k20__d5__s4__5000K_2.0gcc,5000K_2.0gcc,cluster_roundrobin,20,5,4,True,,10.0,-0.02503478356195929,0.4875750993751353,4979.40334730539,0.9958806694610779,19.041294197607936,0.9526833482836783,0.0,0.9444721115537849,2.542029670106016,5.913822766036337,False
cluster_roundrobin__k20__d5__s5__5000K_2.0gcc,5000K_2.0gcc,cluster_roundrobin,20,5,5,True,,10.0,0.09937316953009231,1.1177774339062125,5117.224101996008,1.0234448203992017,48.88196881985706,0.9442944684255008,0.0,0.9225597609561753,2.5647322089257893,5.600749086286348,False
cluster_roundrobin__k20__d6__s1__5000K_2.0gcc,5000K_2.0gcc,cluster_roundrobin,20,6,1,True,,10.0,-0.0014168312959087338,0.45356138343686325,4963.786528942116,0.9927573057884232,39.96423752620717,0.941275731526634,0.0,0.9170816733067729,2.5675807905338344,5.7032282430213455,False
cluster_roundrobin__k20__d6__s2__5000K_2.0gcc,5000K_2.0gcc,cluster_roundrobin,20,6,2,True,,10.0,-0.03774731129621419,0.4398068329683156,5013.220658882235,1.002644131776447,-44.34053336237578,0.9438005554586203,0.0,0.9379980079681275,2.5478450947527937,6.03905376344086,False
cluster_roundrobin__k20__d6__s3__5000K_2.0gcc,5000K_2.0gcc,cluster_roundrobin,20,6,3,True,,10.0,-0.014917468089770484,0.43276016671916295,5025.38592754491,1.0050771855089822,106.33700063293163,0.948533849152997,0.0,0.9198207171314741,2.556905349842457,5.563310344827587,False
cluster_roundrobin__k20__d6__s4__5000K_2.0gcc,5000K_2.0gcc,cluster_roundrobin,20,6,4,True,,10.0,0.052951882094623814,0.9449985979690609,4989.723893213573,0.9979447786427147,-24.769302650428287,0.9499365650236866,0.0,0.9558017928286853,2.55509715387835,6.026838709677419,False
cluster_roundrobin__k20__d6__s5__5000K_2.0gcc,5000K_2.0gcc,cluster_roundrobin,20,6,5,True,,10.0,0.0005418977139620949,0.4631827931252701,5039.403152095808,1.0078806304191616,43.21279537082961,0.949734658016122,0.0,0.9254233067729084,2.54994083287089,5.717554319614387,False
cluster_roundrobin__k20__d7__s1__5000K_2.0gcc,5000K_2.0gcc,cluster_roundrobin,20,7,1,True,,10.0,0.0473231680165491,0.7146945731255983,4894.016044111777,0.9788032088223554,47.004586146934216,0.9509596613363788,0.0,0.9223107569721115,2.554041903382415,5.663126436781611,False
cluster_roundrobin__k20__d7__s2__5000K_2.0gcc,5000K_2.0gcc,cluster_roundrobin,20,7,2,True,,10.0,0.02903608950024637,0.9504191104688289,5062.3003962075845,1.0124600792415168,69.70498596411156,0.9293093826847979,0.0,0.9119770916334662,2.562870715814589,5.584492398961811,False
cluster_roundrobin__k20__d7__s3__5000K_2.0gcc,5000K_2.0gcc,cluster_roundrobin,20,7,3,True,,10.0,0.05099479309744414,0.7920723890629233,4930.792399201597,0.9861584798403193,38.928221948979285,0.9293271767477805,0.0,0.9231822709163346,2.551464592660279,5.935182795698926,False
cluster_roundrobin__k20__d7__s4__5000K_2.0gcc,5000K_2.0gcc,cluster_roundrobin,20,7,4,True,,10.0,-0.04917060883056046,0.5386634296874035,4883.878768263473,0.9767757536526945,11.650235185830686,0.9505531007502942,0.0,0.9382470119521913,2.533953975034861,5.860031145717464,False
cluster_roundrobin__k20__d7__s5__5000K_2.0gcc,5000K_2.0gcc,cluster_roundrobin,20,7,5,True,,10.0,0.020197174682074142,0.5301938789061751,4964.903233932135,0.992980646786427,-5.421281178438546,0.9298059493319016,0.0,0.9050049800796812,2.5429302849793523,5.878924731182797,False
cluster_roundrobin__k20__d8__s1__5000K_2.0gcc,5000K_2.0gcc,cluster_roundrobin,20,8,1,True,,10.0,289.52060731809684,2926.70544489375,5001.149339720559,1.0002298679441117,68.90843354098232,0.6769568648835758,0.003992015968063872,0.9182021912350598,2.5406759633702043,5.595228243021346,True
cluster_roundrobin__k20__d8__s2__5000K_2.0gcc,5000K_2.0gcc,cluster_roundrobin,20,8,2,True,,10.0,0.09428550328781414,1.050901860937529,5029.958204790419,1.0059916409580838,34.33176816764946,0.9110249831003532,0.0,0.918949203187251,2.5518498344994622,5.728781609195404,False
cluster_roundrobin__k20__d8__s3__5000K_2.0gcc,5000K_2.0gcc,cluster_roundrobin,20,8,3,True,,10.0,0.022873675176773533,0.9251459709375922,5017.25536007984,1.003451072015968,36.87471659133517,0.9551851998753954,0.0,0.9230577689243028,2.558121556878655,5.8066666666666675,False
cluster_roundrobin__k20__d8__s4__5000K_2.0gcc,5000K_2.0gcc,cluster_roundrobin,20,8,4,True,,10.0,-0.02479540383064608,0.4673836903123174,4936.733524351298,0.9873467048702596,7.1717426243583535,0.9596989082253866,0.0,0.9483316733067729,2.532562907208273,5.846158602150539,False
cluster_roundrobin__k20__d8__s5__5000K_2.0gcc,5000K_2.0gcc,cluster_roundrobin,20,8,5,True,,10.0,0.024486653216207462,0.6285761807814652,5080.4209966067865,1.0160841993213574,-6.076367861239966,0.9542953115933243,0.0,0.9259213147410359,2.5327900728889863,5.874623655913978,False
cluster_roundrobin__k20__d9__s1__5000K_2.0gcc,5000K_2.0gcc,cluster_roundrobin,20,9,1,True,,10.0,0.07904139052365494,0.8045395678122986,4992.527868662674,0.9985055737325349,64.72031529708207,0.9546433407225965,0.0,0.9340139442231076,2.544339873699076,5.5349529106414534,False
cluster_roundrobin__k20__d9__s2__5000K_2.0gcc,5000K_2.0gcc,cluster_roundrobin,20,9,2,True,,10.0,-0.08058071829405823,0.9839585315630757,5017.083180638721,1.0034166361277443,98.3967954642902,0.9377696492950711,0.0,0.9088645418326693,2.5584126217920904,5.2894041233351565,False
cluster_roundrobin__k20__d9__s3__5000K_2.0gcc,5000K_2.0gcc,cluster_roundrobin,20,9,3,True,,10.0,0.04507407953881125,0.7029727148433267,4921.5652756487025,0.9843130551297405,44.14738918283895,0.9581079612882877,0.0,0.9646414342629482,2.530013982838196,6.111895161290322,False
cluster_roundrobin__k20__d9__s4__5000K_2.0gcc,5000K_2.0gcc,cluster_roundrobin,20,9,4,True,,10.0,0.038260355052584044,0.7710001467185066,5018.109803992017,1.0036219607984034,44.54971251321167,0.9682655559163504,0.0,0.9221862549800797,2.5449717664544256,5.721745643307379,False
cluster_roundrobin__k20__d9__s5__5000K_2.0gcc,5000K_2.0gcc,cluster_roundrobin,20,9,5,True,,10.0,-0.01990010876158588,0.5159650335931474,4977.6008570858285,0.9955201714171656,6.229913208793423,0.9581997750954652,0.0,0.9178286852589641,2.540642893540493,5.788883945124212,False
cluster_roundrobin__k40__d0__s2__5000K_2.0gcc,5000K_2.0gcc,cluster_roundrobin,40,0,2,True,,10.0,0.008502102893572318,0.6308121421875512,4994.7421974051895,0.9989484394810378,56.19619981227982,0.9473628666867846,0.0,0.9448456175298805,2.5381543083873526,5.664890619206528,False
cluster_roundrobin__k40__d0__s3__5000K_2.0gcc,5000K_2.0gcc,cluster_roundrobin,40,0,3,True,,10.0,-0.07299185982276402,0.691792907812669,4916.937763672655,0.9833875527345309,151.0456946188321,0.8963011486537326,0.0,0.9215637450199203,2.5517103036919435,5.447589490968804,False
cluster_roundrobin__k40__d0__s4__5000K_2.0gcc,5000K_2.0gcc,cluster_roundrobin,40,0,4,True,,10.0,-0.0637349181298387,0.8339458481250404,4931.287103992015,0.986257420798403,-25.519623554156432,0.9384043239382475,0.0,0.9622758964143426,2.5309849747373043,6.076639784946236,False
cluster_roundrobin__k40__d0__s5__5000K_2.0gcc,5000K_2.0gcc,cluster_roundrobin,40,0,5,True,,10.0,-0.017017765093735114,0.3511814535936537,4961.408080439122,0.9922816160878245,30.05088030398377,0.96186533945922,0.0,0.9528137450199203,2.5434346134173937,5.89436559139785,False
cluster_roundrobin__k40__d1__s2__5000K_2.0gcc,5000K_2.0gcc,cluster_roundrobin,40,1,2,True,,10.0,0.02011937213528016,0.5347335581254811,4919.531911177644,0.9839063822355288,19.758504112965152,0.9531069677040453,0.0,0.952191235059761,2.536815994467074,5.88121023359288,False
cluster_roundrobin__k40__d1__s3__5000K_2.0gcc,5000K_2.0gcc,cluster_roundrobin,40,1,3,True,,10.0,-0.03200373140969001,0.3831624773438307,4823.210276646707,0.9646420553293413,117.49488258152616,0.9441882835420061,0.0,0.953062749003984,2.5414634260632907,5.691606970708194,False
cluster_roundrobin__k40__d1__s4__5000K_2.0gcc,5000K_2.0gcc,cluster_roundrobin,40,1,4,True,,10.0,0.05255270275846059,0.508173046875072,4912.357804391218,0.9824715608782437,0.1481227005124156,0.9503203415443655,0.0,0.9402390438247012,2.5691364525633973,5.837161290322581,False
cluster_roundrobin__k40__d1__s5__5000K_2.0gcc,5000K_2.0gcc,cluster_roundrobin,40,1,5,True,,10.0,0.07866169953939937,1.2160919793750509,5062.368561876248,1.0124737123752496,-15.5844913379525,0.9549180388185152,0.0,0.9535607569721115,2.552133535668739,5.953217649239897,False
cluster_roundrobin__k40__d2__s2__5000K_2.0gcc,5000K_2.0gcc,cluster_roundrobin,40,2,2,True,,10.0,-0.038210657266724735,0.6390784237501066,4920.743512375249,0.9841487024750498,-39.51169084221874,0.9557599187651675,0.0,0.9631474103585658,2.5412344161236082,6.036637096774195,False
cluster_roundrobin__k40__d2__s3__5000K_2.0gcc,5000K_2.0gcc,cluster_roundrobin,40,2,3,True,,10.0,-0.009345341942214756,0.5341915068747767,5022.926878243513,1.0045853756487026,83.98689283691817,0.9243135599210903,0.0,0.9168326693227091,2.5541796222577435,5.770820912124583,False
cluster_roundrobin__k40__d2__s4__5000K_2.0gcc,5000K_2.0gcc,cluster_roundrobin,40,2,4,True,,10.0,-0.05403913726773619,0.5673921459374469,4975.229965269461,0.9950459930538922,14.610102499216337,0.9386821405326718,0.0,0.9617778884462151,2.5540147012277403,5.786365591397852,False
cluster_roundrobin__k40__d2__s5__5000K_2.0gcc,5000K_2.0gcc,cluster_roundrobin,40,2,5,True,,10.0,0.011932089629193895,0.35592440203117803,4935.789343313373,0.9871578686626746,-14.999305603495223,0.9304673516942973,0.0,0.9610308764940239,2.5534480557937878,5.99221505376344,False
cluster_roundrobin__k40__d3__s2__5000K_2.0gcc,5000K_2.0gcc,cluster_roundrobin,40,3,2,True,,10.0,0.03379817698351156,0.6531039998440065,5068.68601516966,1.013737203033932,79.33514141190055,0.946458719694103,0.0,0.9300298804780877,2.556740677769963,5.54768472906404,False
cluster_roundrobin__k40__d3__s3__5000K_2.0gcc,5000K_2.0gcc,cluster_roundrobin,40,3,3,True,,10.0,0.020883262253920582,0.6108240023438611,4898.365211576846,0.9796730423153692,14.951754694274317,0.9409774097936667,0.0,0.9211902390438247,2.5683788099628684,6.033548387096775,False
cluster_roundrobin__k40__d3__s4__5000K_2.0gcc,5000K_2.0gcc,cluster_roundrobin,40,3,4,True,,10.0,-0.056629055786170154,0.7014143174997116,4954.880717564871,0.9909761435129741,-45.601682864010925,0.9520025440911384,0.0,0.9342629482071713,2.5701087398904816,5.954279569892472,False
cluster_roundrobin__k40__d3__s5__5000K_2.0gcc,5000K_2.0gcc,cluster_roundrobin,40,3,5,True,,10.0,-0.023889859384917916,0.5326331095309342,4996.312071856288,0.9992624143712575,71.26746906184773,0.9340549559683305,0.0,0.9173306772908366,2.5441915088354916,5.424735632183907,False
cluster_roundrobin__k40__d4__s2__5000K_2.0gcc,5000K_2.0gcc,cluster_roundrobin,40,4,2,True,,10.0,-0.04149507775328643,0.38404331062520214,4912.80916247505,0.98256183249501,9.106206440829618,0.92580444285983,0.0,0.9508217131474104,2.5366660050762215,5.917892473118281,False
cluster_roundrobin__k40__d4__s3__5000K_2.0gcc,5000K_2.0gcc,cluster_roundrobin,40,4,3,True,,10.0,-0.04347983603376517,0.5934783623438307,5022.481595608782,1.0044963191217564,60.32070497551807,0.9337830569736206,0.0,0.9368774900398407,2.5500275840523794,5.887779569892474,False
cluster_roundrobin__k40__d4__s4__5000K_2.0gcc,5000K_2.0gcc,cluster_roundrobin,40,4,4,True,,10.0,0.017445966514766837,0.4757177282813245,4951.032548103792,0.9902065096207583,38.34014372952395,0.9429243290885014,0.0,0.9352589641434262,2.55698179331583,5.775805710048202,False
cluster_roundrobin__k40__d4__s5__5000K_2.0gcc,5000K_2.0gcc,cluster_roundrobin,40,4,5,True,,10.0,0.03318199410374194,0.8703987946873895,5008.772664271457,1.0017545328542914,82.40679228072557,0.8934604917090629,0.0,0.9064990039840638,2.562513280994811,5.522915161466886,False
cluster_roundrobin__k40__d5__s1__5000K_2.0gcc,5000K_2.0gcc,cluster_roundrobin,40,5,1,True,,10.0,-0.05676019266484147,0.7960022606250732,4972.6997421157685,0.9945399484231537,111.89730685738341,0.9399115272907332,0.0,0.9341384462151394,2.5562647377500247,5.454000000000001,False
cluster_roundrobin__k40__d5__s2__5000K_2.0gcc,5000K_2.0gcc,cluster_roundrobin,40,5,2,True,,10.0,-0.031539559798687354,0.39610395093745865,5043.839414970059,1.0087678829940119,39.498975812851135,0.9496720402565294,0.0,0.946339641434263,2.5474450879704076,5.744739445945229,False
cluster_roundrobin__k40__d5__s3__5000K_2.0gcc,5000K_2.0gcc,cluster_roundrobin,40,5,3,True,,10.0,0.022750635327553306,0.7393579049999062,5051.980575449101,1.0103961150898202,105.32082981542784,0.9554484521804412,0.0,0.9301543824701195,2.538136725241062,5.735533449864929,False
cluster_roundrobin__k40__d5__s4__5000K_2.0gcc,5000K_2.0gcc,cluster_roundrobin,40,5,4,True,,10.0,-0.05546722231918693,0.7885490559376649,5028.808310978044,1.0057616621956087,-38.146112374071485,0.9490304031810569,0.0,0.9311503984063745,2.5684683947892366,6.09647311827957,False
cluster_roundrobin__k40__d5__s5__5000K_2.0gcc,5000K_2.0gcc,cluster_roundrobin,40,5,5,True,,10.0,-0.07743579712017333,0.9437112262498886,4899.81066007984,0.979962132015968,19.742283497650984,0.9272807148803428,0.0,0.9411105577689243,2.5522050062772497,5.81285873192436,False
cluster_roundrobin__k40__d6__s1__5000K_2.0gcc,5000K_2.0gcc,cluster_roundrobin,40,6,1,True,,10.0,0.04125616341275533,0.7308205978124533,5012.117877045908,1.0024235754091817,91.66966055886087,0.9480602709000097,0.0,0.9333914342629482,2.5551363327604792,5.6152906403940905,False
cluster_roundrobin__k40__d6__s2__5000K_2.0gcc,5000K_2.0gcc,cluster_roundrobin,40,6,2,True,,10.0,-0.04916454059743733,0.6913186129695532,4904.349816966068,0.9808699633932135,28.87590511964439,0.9509046019180889,0.0,0.9341384462151394,2.552967794259949,5.744060808305523,False
cluster_roundrobin__k40__d6__s3__5000K_2.0gcc,5000K_2.0gcc,cluster_roundrobin,40,6,3,True,,10.0,-0.039476635621591295,0.5373083015629163,4976.186141117765,0.995237228223553,116.31818525011425,0.9619405923366575,0.0,0.9017679282868526,2.554423321945373,5.691264367816092,False
cluster_roundrobin__k40__d6__s4__5000K_2.0gcc,5000K_2.0gcc,cluster_roundrobin,40,6,4,True,,10.0,-0.03740987031187248,0.6419241928124393,4993.208481836328,0.9986416963672656,0.13725099912015523,0.960163401494766,0.0,0.9601593625498008,2.542600491680322,5.9102365591397845,False
cluster_roundrobin__k40__d6__s5__5000K_2.0gcc,5000K_2.0gcc,cluster_roundrobin,40,6,5,True,,10.0,0.005090816726673161,0.2933852390624452,5113.945645508982,1.0227891291017965,25.319983053831542,0.9264352732414719,0.0,0.9409860557768924,2.5209352282425757,5.910322580645161,False
cluster_roundrobin__k40__d7__s1__5000K_2.0gcc,5000K_2.0gcc,cluster_roundrobin,40,7,1,True,,10.0,-0.04980348472033047,0.6335901548436595,5064.208625548902,1.0128417251097803,54.95977426346312,0.947771119984673,0.0,0.9438496015936255,2.5078697296627728,5.9748133640553,False
cluster_roundrobin__k40__d7__s2__5000K_2.0gcc,5000K_2.0gcc,cluster_roundrobin,40,7,2,True,,10.0,0.008430598396795351,0.8251375153122353,4998.246360279441,0.9996492720558883,18.182800099821588,0.9486271297870407,0.0,0.9332669322709163,2.5652183510387725,5.6234285714285726,False
cluster_roundrobin__k40__d7__s3__5000K_2.0gcc,5000K_2.0gcc,cluster_roundrobin,40,7,3,True,,10.0,92.63044151518072,1023.7698921571878,5057.597826746507,1.0115195653493014,96.01348698846842,0.8154246055712325,0.001996007984031936,0.9408615537848606,2.5276720032087514,5.920692621431219,True
cluster_roundrobin__k40__d7__s4__5000K_2.0gcc,5000K_2.0gcc,cluster_roundrobin,40,7,4,True,,10.0,0.04699799230897636,0.5650206717191395,4944.998846107785,0.988999769221557,18.89017966449384,0.9486856269729189,0.0,0.9627739043824701,2.531074599199776,6.0472419354838705,False
cluster_roundrobin__k40__d7__s5__5000K_2.0gcc,5000K_2.0gcc,cluster_roundrobin,40,7,5,True,,10.0,-0.008753599067263893,0.3330227367187035,5100.174057085828,1.0200348114171656,9.280336806666021,0.9477020948700073,0.0,0.9653884462151394,2.5322577144724234,5.996903225806452,False
cluster_roundrobin__k40__d8__s1__5000K_2.0gcc,5000K_2.0gcc,cluster_roundrobin,40,8,1,True,,10.0,-0.01533052709933118,0.573761248125038,4945.903658083833,0.9891807316167666,109.29681141149361,0.9507790777199505,0.0,0.9330179282868526,2.551135032730799,5.525110162198038,False
cluster_roundrobin__k40__d8__s2__5000K_2.0gcc,5000K_2.0gcc,cluster_roundrobin,40,8,2,True,,10.0,0.03043806073085063,0.4547132423438143,5002.380441916168,1.0004760883832335,-38.44021140339359,0.9531794996274311,0.0,0.9482071713147411,2.5207253378078085,6.056370967741936,False
cluster_roundrobin__k40__d8__s3__5000K_2.0gcc,5000K_2.0gcc,cluster_roundrobin,40,8,3,True,,10.0,0.06869112534384123,1.063301283281362,5006.634815568862,1.0013269631137725,80.91335052148195,0.9264203557969778,0.0,0.9363794820717132,2.5508447654627435,5.729816833518726,False
cluster_roundrobin__k40__d8__s4__5000K_2.0gcc,5000K_2.0gcc,cluster_roundrobin,40,8,4,True,,10.0,0.0104737825785859,0.33410683921874806,5013.477423153692,1.0026954846307383,30.962741079360846,0.9524362031653354,0.0,0.9211902390438247,2.563150516393452,5.941739710789766,False
cluster_roundrobin__k40__d8__s5__5000K_2.0gcc,5000K_2.0gcc,cluster_roundrobin,40,8,5,True,,10.0,0.08499112260020664,0.9876173774998733,5030.427469660679,1.0060854939321358,6.369030040039693,0.9506488254224064,0.0,0.9407370517928287,2.5228639872517866,5.831537263626252,False
cluster_roundrobin__k40__d9__s1__5000K_2.0gcc,5000K_2.0gcc,cluster_roundrobin,40,9,1,True,,10.0,0.031306210686493766,0.4347251025001242,4915.770564271457,0.9831541128542914,32.02033210154943,0.9449989169358874,0.0,0.9445966135458167,2.5344637228708176,5.799798294401188,False
cluster_roundrobin__k40__d9__s2__5000K_2.0gcc,5000K_2.0gcc,cluster_roundrobin,40,9,2,True,,10.0,-0.056490708965002884,0.7138814962499964,5152.915792015969,1.0305831584031937,19.15447910921611,0.925154703622589,0.0,0.930652390438247,2.5218283094105307,5.9284731182795705,False
cluster_roundrobin__k40__d9__s3__5000K_2.0gcc,5000K_2.0gcc,cluster_roundrobin,40,9,3,True,,10.0,-0.00015687593929448063,0.5992376568751752,4954.176580439121,0.9908353160878242,108.65549928285077,0.9479628207298006,0.0,0.9386205179282868,2.540873731512492,5.7078436710983995,False
cluster_roundrobin__k40__d9__s4__5000K_2.0gcc,5000K_2.0gcc,cluster_roundrobin,40,9,4,True,,10.0,0.051447428686670134,0.5356143914063978,4900.036253692614,0.9800072507385228,-20.597577675655753,0.9432273798406198,0.0,0.9397410358565738,2.5509946645679658,5.871913978494624,False
cluster_roundrobin__k40__d9__s5__5000K_2.0gcc,5000K_2.0gcc,cluster_roundrobin,40,9,5,True,,10.0,-0.03515161589042564,0.5196916359373063,4946.191198602794,0.9892382397205589,4.906466296119839,0.939787318450829,0.0,0.945343625498008,2.526062242322815,5.9666236559139785,False
gamma_bulk__k2__d0__s2__5000K_2.0gcc,5000K_2.0gcc,gamma_bulk,2,0,2,True,,10.0,1118.5804624866264,7714.056688101562,5650.051996207585,1.130010399241517,-2.6901566871541824,0.5091542688675017,0.013972055888223553,0.8863296812749004,2.5348187295691003,5.768214669738862,True
gamma_bulk__k2__d0__s3__5000K_2.0gcc,5000K_2.0gcc,gamma_bulk,2,0,3,True,,10.0,89.84814128994779,1459.9417971998434,4983.4012870259485,0.9966802574051897,47.00645033241466,0.5414704267907893,0.005988023952095809,0.9017679282868526,2.562739933021756,5.764178293341807,True
gamma_bulk__k2__d0__s4__5000K_2.0gcc,5000K_2.0gcc,gamma_bulk,2,0,4,True,,10.0,-0.050540101068592004,0.6035740668753533,4935.138598802396,0.9870277197604792,-22.14479771283399,0.9412251733469521,0.0,0.9257968127490039,2.5423829980310284,5.894279569892474,False
gamma_bulk__k2__d0__s5__5000K_2.0gcc,5000K_2.0gcc,gamma_bulk,2,0,5,True,,10.0,0.026611085017072527,0.8421443732809166,5076.95640479042,1.0153912809580838,-5.614381142498588,0.9277763468686833,0.0,0.9373754980079682,2.5456433386446857,5.85298924731183,False
gamma_bulk__k2__d1__s2__5000K_2.0gcc,5000K_2.0gcc,gamma_bulk,2,1,2,True,,10.0,272.7208774638255,3708.0555859364063,5353.641785429142,1.0707283570858284,128.85964905018866,0.5851591313446283,0.003992015968063872,0.9282868525896414,2.5455205256531492,5.220947272395547,True
gamma_bulk__k2__d1__s3__5000K_2.0gcc,5000K_2.0gcc,gamma_bulk,2,1,3,True,,10.0,127.11739466475869,940.5440885526564,5137.943864271458,1.0275887728542916,84.6546031297774,0.5591968268883508,0.001996007984031936,0.9089890438247012,2.5603260780205743,5.6264926108374365,True
gamma_bulk__k2__d1__s4__5000K_2.0gcc,5000K_2.0gcc,gamma_bulk,2,1,4,True,,10.0,-0.0063997028381887686,0.3307867753123901,4970.4587461077845,0.9940917492215569,3.40464805204746,0.9229847340682293,0.0,0.9023904382470119,2.551680176250508,5.883715239154616,False
gamma_bulk__k2__d1__s5__5000K_2.0gcc,5000K_2.0gcc,gamma_bulk,2,1,5,True,,10.0,0.0013247261630345898,0.40254080953127414,4917.975745908184,0.9835951491816368,-9.114254328430004,0.969428130954533,0.0,0.9366284860557769,2.5450294067914925,5.843712272895811,False
gamma_bulk__k2__d2__s2__5000K_2.0gcc,5000K_2.0gcc,gamma_bulk,2,2,2,True,,10.0,0.06672971124038715,0.924739432500246,4961.151827345308,0.9922303654690617,21.185330103282556,0.9402822613327344,0.0,0.9157744023904383,2.5569716531519937,5.610119180041316,False
gamma_bulk__k2__d2__s3__5000K_2.0gcc,5000K_2.0gcc,gamma_bulk,2,2,3,True,,10.0,0.006134737420575746,0.46758695953121787,4965.549826746507,0.9931099653493014,85.09406502104144,0.909845022949513,0.0,0.9108565737051793,2.5672350539472206,5.729333333333335,False
gamma_bulk__k2__d2__s4__5000K_2.0gcc,5000K_2.0gcc,gamma_bulk,2,2,4,True,,10.0,-0.1043619997875773,1.1721180717186144,5006.764445508983,1.0013528891017967,-13.681622437393404,0.9449056414102942,0.0,0.9254233067729084,2.5770338647147226,5.85500482017056,False
gamma_bulk__k2__d2__s5__5000K_2.0gcc,5000K_2.0gcc,gamma_bulk,2,2,5,True,,10.0,0.12243421396728936,1.3497753689066485,4930.376091816368,0.9860752183632736,47.07027265900888,0.9527090720891662,0.0,0.9007719123505976,2.569952538968019,5.471339901477834,False
gamma_bulk__k2__d3__s2__5000K_2.0gcc,5000K_2.0gcc,gamma_bulk,2,3,2,True,,10.0,-0.017147919878173344,0.8583381543749056,5002.691107185629,1.000538221437126,41.97959401456627,0.9590782148756168,0.0,0.9292828685258964,2.5395281736232356,5.732863287250384,False
gamma_bulk__k2__d3__s3__5000K_2.0gcc,5000K_2.0gcc,gamma_bulk,2,3,3,True,,10.0,0.05452896598333149,0.9013634723437463,4967.285050898204,0.9934570101796407,113.70094915391692,0.936305903417254,0.0,0.9292828685258964,2.5460990398312946,5.5910731500609145,False
gamma_bulk__k2__d3__s4__5000K_2.0gcc,5000K_2.0gcc,gamma_bulk,2,3,4,True,,10.0,0.060240531861914595,0.7406452767186238,5010.355455688623,1.0020710911377246,40.55974181119732,0.9392768381787139,0.0,0.9056274900398407,2.560791268148693,5.666005190952911,False
gamma_bulk__k2__d3__s5__5000K_2.0gcc,5000K_2.0gcc,gamma_bulk,2,3,5,True,,10.0,-0.056776569362511915,0.4418395251564107,5031.130172055888,1.0062260344111775,63.340097968933385,0.9248848592170817,0.0,0.8904382470119522,2.540422329769883,5.504926108374384,False
gamma_bulk__k2__d4__s2__5000K_2.0gcc,5000K_2.0gcc,gamma_bulk,2,4,2,True,,10.0,1118.5804624866264,7714.056688101562,5650.051996207585,1.130010399241517,-2.6901566871541824,0.5091542688675017,0.013972055888223553,0.8863296812749004,2.5348187295691003,5.768214669738862,True
gamma_bulk__k2__d4__s3__5000K_2.0gcc,5000K_2.0gcc,gamma_bulk,2,4,3,True,,10.0,89.84814128994779,1459.9417971998434,4983.4012870259485,0.9966802574051897,47.00645033241466,0.5414704267907893,0.005988023952095809,0.9017679282868526,2.562739933021756,5.764178293341807,True
gamma_bulk__k2__d4__s4__5000K_2.0gcc,5000K_2.0gcc,gamma_bulk,2,4,4,True,,10.0,-0.050540101068592004,0.6035740668753533,4935.138598802396,0.9870277197604792,-22.14479771283399,0.9412251733469521,0.0,0.9257968127490039,2.5423829980310284,5.894279569892474,False
gamma_bulk__k2__d4__s5__5000K_2.0gcc,5000K_2.0gcc,gamma_bulk,2,4,5,True,,10.0,0.026611085017072527,0.8421443732809166,5076.95640479042,1.0153912809580838,-5.614381142498588,0.9277763468686833,0.0,0.9373754980079682,2.5456433386446857,5.85298924731183,False
gamma_bulk__k2__d5__s1__5000K_2.0gcc,5000K_2.0gcc,gamma_bulk,2,5,1,True,,10.0,-0.0053878443851192535,0.5433386217187035,5009.932240718563,1.0019864481437126,17.946831005151996,0.9173061618614577,0.0,0.9313994023904383,2.5298955871926636,5.935827956989247,False
gamma_bulk__k2__d5__s2__5000K_2.0gcc,5000K_2.0gcc,gamma_bulk,2,5,2,True,,10.0,0.09278969433714902,1.1583635212500667,4837.293468263472,0.9674586936526944,16.691632906669543,0.9265182496756339,0.0,0.9318974103585658,2.5458974206319174,5.698042269187987,False
gamma_bulk__k2__d5__s3__5000K_2.0gcc,5000K_2.0gcc,gamma_bulk,2,5,3,True,,10.0,362.4522507750598,2571.963127901578,5019.688807984033,1.0039377615968066,61.402509124548295,0.3919640678710229,0.013972055888223553,0.920941235059761,2.5448684216972497,5.995351872450872,True
gamma_bulk__k2__d5__s4__5000K_2.0gcc,5000K_2.0gcc,gamma_bulk,2,5,4,True,,10.0,0.048614049496625386,0.706225022343915,4933.105314570858,0.9866210629141716,-22.581466344726728,0.9595088389801305,0.0,0.9373754980079682,2.5593644532355544,5.951565443084908,False
gamma_bulk__k2__d5__s5__5000K_2.0gcc,5000K_2.0gcc,gamma_bulk,2,5,5,True,,10.0,0.0036161445709140556,0.5856863756253006,4932.380728942116,0.9864761457884231,73.37406128934721,0.9241657048781887,0.0,0.9032619521912351,2.548741497479993,5.5413300492610835,False
gamma_bulk__k2__d6__s1__5000K_2.0gcc,5000K_2.0gcc,gamma_bulk,2,6,1,True,,10.0,0.028021639663500724,0.5696958637499847,4885.782528742516,0.9771565057485031,-14.335299286853157,0.9537536376297602,0.0,0.9261703187250996,2.546661469908959,5.815440860215055,False
gamma_bulk__k2__d6__s2__5000K_2.0gcc,5000K_2.0gcc,gamma_bulk,2,6,2,True,,10.0,-0.02041826767786611,0.43072747453106786,5025.36688243513,1.0050733764870259,61.50311415368179,0.9261718184311154,0.0,0.9050672310756972,2.5480035052187917,5.492668491151249,False
gamma_bulk__k2__d6__s3__5000K_2.0gcc,5000K_2.0gcc,gamma_bulk,2,6,3,True,,10.0,164.69175375606395,1228.540118574844,5093.4073197604785,1.0186814639520958,66.50860262585451,0.6620998532487374,0.003992015968063872,0.9129731075697212,2.5360561355496065,5.816093437152392,True
gamma_bulk__k2__d6__s4__5000K_2.0gcc,5000K_2.0gcc,gamma_bulk,2,6,4,True,,10.0,110.26763635373598,3850.9766806265625,5148.098503592814,1.0296197007185628,86.2011446880926,0.35656489376549644,0.011976047904191617,0.8986553784860558,2.545914490442422,5.583622696588216,True
gamma_bulk__k2__d6__s5__5000K_2.0gcc,5000K_2.0gcc,gamma_bulk,2,6,5,True,,10.0,781.2330419266121,5575.870689595782,5112.2897321357295,1.022457946427146,27.24976576254611,0.5555733186277042,0.02594810379241517,0.8991533864541833,2.5285949828383125,5.695642565813867,True
gamma_bulk__k2__d7__s1__5000K_2.0gcc,5000K_2.0gcc,gamma_bulk,2,7,1,True,,10.0,-0.02064110550204263,0.39745907906217326,5031.503046706586,1.0063006093413172,65.08444731131337,0.9140319592240735,0.0,0.9106075697211156,2.537516280873973,5.660147253562159,False
gamma_bulk__k2__d7__s2__5000K_2.0gcc,5000K_2.0gcc,gamma_bulk,2,7,2,True,,10.0,-0.07447756159166458,0.7686286725001992,4899.856641317366,0.9799713282634731,32.65084778659008,0.9518234028043223,0.0,0.9235557768924303,2.516117936841369,5.750752794109859,False
gamma_bulk__k2__d7__s3__5000K_2.0gcc,5000K_2.0gcc,gamma_bulk,2,7,3,True,,10.0,-0.02105376308072056,0.5587870823437697,5020.064410578842,1.0040128821157686,113.87888003817736,0.9542852755994938,0.0,0.9104830677290837,2.5485762491079407,5.563559934318554,False
gamma_bulk__k2__d7__s4__5000K_2.0gcc,5000K_2.0gcc,gamma_bulk,2,7,4,True,,10.0,84.74406305906514,566.3639424726562,5120.785210379241,1.0241570420758481,44.28140714630657,0.5525555899282892,0.001996007984031936,0.9087400398406374,2.549293957736331,5.555530377668307,True
gamma_bulk__k2__d7__s5__5000K_2.0gcc,5000K_2.0gcc,gamma_bulk,2,7,5,True,,10.0,-0.047343971961687756,0.5924620162500105,4956.507378443113,0.9913014756886227,15.296460013733345,0.9625913070046914,0.0,0.9358814741035857,2.528892356923389,5.834193548387097,False
gamma_bulk__k2__d8__s1__5000K_2.0gcc,5000K_2.0gcc,gamma_bulk,2,8,1,True,,10.0,28.295570458711648,254.39312117578083,4927.479639121757,0.9854959278243514,27.87056672799647,0.9337846804269175,0.0,0.9057519920318725,2.551235172783478,5.6019310344827575,True
gamma_bulk__k2__d8__s2__5000K_2.0gcc,5000K_2.0gcc,gamma_bulk,2,8,2,True,,10.0,1118.5804624866264,7714.056688101562,5650.051996207585,1.130010399241517,-2.6901566871541824,0.5091542688675017,0.013972055888223553,0.8863296812749004,2.5348187295691003,5.768214669738862,True
gamma_bulk__k2__d8__s3__5000K_2.0gcc,5000K_2.0gcc,gamma_bulk,2,8,3,True,,10.0,89.84814128994779,1459.9417971998434,4983.4012870259485,0.9966802574051897,47.00645033241466,0.5414704267907893,0.005988023952095809,0.9017679282868526,2.562739933021756,5.764178293341807,True
gamma_bulk__k2__d8__s4__5000K_2.0gcc,5000K_2.0gcc,gamma_bulk,2,8,4,True,,10.0,-0.050540101068592004,0.6035740668753533,4935.138598802396,0.9870277197604792,-22.14479771283399,0.9412251733469521,0.0,0.9257968127490039,2.5423829980310284,5.894279569892474,False
gamma_bulk__k2__d8__s5__5000K_2.0gcc,5000K_2.0gcc,gamma_bulk,2,8,5,True,,10.0,0.026611085017072527,0.8421443732809166,5076.95640479042,1.0153912809580838,-5.614381142498588,0.9277763468686833,0.0,0.9373754980079682,2.5456433386446857,5.85298924731183,False
gamma_bulk__k2__d9__s1__5000K_2.0gcc,5000K_2.0gcc,gamma_bulk,2,9,1,True,,10.0,-0.00047393289134227206,0.5127127260939233,4985.845127744511,0.9971690255489022,7.7780092003045915,0.9414695321512004,0.0,0.9180776892430279,2.5407657261322463,5.944430107526882,False
gamma_bulk__k2__d9__s2__5000K_2.0gcc,5000K_2.0gcc,gamma_bulk,2,9,2,True,,10.0,1878.901310767575,18465.26569315594,6422.749035728543,1.2845498071457087,24.661121162155464,0.39935814503525535,0.027944111776447105,0.8835906374501992,2.5510818016772983,5.669315535780497,True
gamma_bulk__k2__d9__s3__5000K_2.0gcc,5000K_2.0gcc,gamma_bulk,2,9,3,True,,10.0,-0.09397749311499767,0.8119927724997069,5107.1596247504995,1.0214319249500998,62.596521907463455,0.9497921942030264,0.0,0.9138446215139442,2.5430615044029876,5.868255098257325,False
gamma_bulk__k2__d9__s4__5000K_2.0gcc,5000K_2.0gcc,gamma_bulk,2,9,4,True,,10.0,153.42411449637652,1026.1195488131252,5064.522466067865,1.012904493213573,51.7983356056287,0.9446805487952004,0.0,0.9125996015936255,2.545324484547254,5.676336670374491,True
gamma_bulk__k2__d9__s5__5000K_2.0gcc,5000K_2.0gcc,gamma_bulk,2,9,5,True,,10.0,-0.04421924229217029,0.543812916562274,5058.080811976048,1.0116161623952096,-17.514198483940024,0.934141968823797,0.0,0.9079930278884463,2.5371670256712,5.984129032258064,False
gamma_bulk__k5__d0__s2__5000K_2.0gcc,5000K_2.0gcc,gamma_bulk,5,0,2,True,,10.0,72.95745230054477,687.0502304006252,4970.927676247506,0.9941855352495012,20.183587070244396,0.9238052771904907,0.0,0.9284113545816733,2.526436049824467,5.61443529847979,True
gamma_bulk__k5__d0__s3__5000K_2.0gcc,5000K_2.0gcc,gamma_bulk,5,0,3,True,,10.0,-0.1003115864545853,0.8936392420309858,4857.251359081836,0.9714502718163672,46.9395001725108,0.9486499873599327,0.0,0.9367529880478087,2.541936483365591,5.840186318131256,False
gamma_bulk__k5__d0__s4__5000K_2.0gcc,5000K_2.0gcc,gamma_bulk,5,0,4,True,,10.0,575.2032919751475,6490.810987354688,5425.761312574851,1.0851522625149703,12.629484067782489,0.46388463381966044,0.023952095808383235,0.9142181274900398,2.538819330088182,5.645931670109644,True
gamma_bulk__k5__d0__s5__5000K_2.0gcc,5000K_2.0gcc,gamma_bulk,5,0,5,True,,10.0,-0.014450453390940657,0.4329634359371539,5103.512430538923,1.0207024861077845,84.68007691609203,0.9342414134258861,0.0,0.915027390438247,2.5407798448544128,5.481262990624503,False
gamma_bulk__k5__d1__s2__5000K_2.0gcc,5000K_2.0gcc,gamma_bulk,5,1,2,True,,10.0,78.43002043186239,937.006418172094,5020.520324550898,1.0041040649101796,52.01566125982489,0.9231990836249777,0.0,0.9099850597609562,2.5594999943951335,5.375338076993248,True
gamma_bulk__k5__d1__s3__5000K_2.0gcc,5000K_2.0gcc,gamma_bulk,5,1,3,True,,10.0,156.20362794599632,1382.4719680626565,5085.375036726547,1.0170750073453094,69.31909469051023,0.5210454279782141,0.003992015968063872,0.9094870517928287,2.5753291794281683,5.707450712431805,True
gamma_bulk__k5__d1__s4__5000K_2.0gcc,5000K_2.0gcc,gamma_bulk,5,1,4,True,,10.0,229.79503896110148,1787.5113831577032,5049.90462235529,1.0099809244710578,21.61582241246463,0.3449747624450233,0.005988023952095809,0.9183266932270916,2.533214242204467,5.907572964669741,True
gamma_bulk__k5__d1__s5__5000K_2.0gcc,5000K_2.0gcc,gamma_bulk,5,1,5,True,,10.0,0.05046572811043914,0.910984882031471,5093.579657684631,1.018715931536926,96.67407053932551,0.9207751754326358,0.0,0.8799800796812749,2.553188235098379,5.479566231733083,False
gamma_bulk__k5__d2__s2__5000K_2.0gcc,5000K_2.0gcc,gamma_bulk,5,2,2,True,,10.0,584.03337949999,5518.277608770469,5513.7597259481045,1.1027519451896208,69.4183275151943,0.4808366151885696,0.003992015968063872,0.8919945219123506,2.532097603855847,5.539369458128078,True
gamma_bulk__k5__d2__s3__5000K_2.0gcc,5000K_2.0gcc,gamma_bulk,5,2,3,True,,10.0,896.9796755036235,6051.334195840782,5516.681763273454,1.1033363526546907,79.48355203139886,0.48679299926457453,0.027944111776447105,0.9132221115537849,2.562427118665379,5.656183908045974,True
gamma_bulk__k5__d2__s4__5000K_2.0gcc,5000K_2.0gcc,gamma_bulk,5,2,4,True,,10.0,-0.03579904226036817,0.553976377500021,5047.7230357285425,1.0095446071457086,16.317742567241694,0.9480255917880064,0.0,0.8929282868525896,2.5514821250031114,5.820262513904338,False
gamma_bulk__k5__d2__s5__5000K_2.0gcc,5000K_2.0gcc,gamma_bulk,5,2,5,True,,10.0,164.6468406508338,1106.299261540078,5146.96836487026,1.029393672974052,13.756322320118832,0.5885899499999986,0.003992015968063872,0.9119770916334662,2.546050234160004,5.838426399703373,True
gamma_bulk__k5__d3__s2__5000K_2.0gcc,5000K_2.0gcc,gamma_bulk,5,3,2,True,,10.0,233.77531928151507,2289.152556630469,5020.449417964072,1.0040898835928145,42.87231326974957,0.4697047751236942,0.013972055888223553,0.9138446215139442,2.541731905229524,5.559986863711003,True
gamma_bulk__k5__d3__s3__5000K_2.0gcc,5000K_2.0gcc,gamma_bulk,5,3,3,True,,10.0,192.8707846845259,1564.335244168125,4990.842444710578,0.9981684889421156,78.658937600422,0.6805034173499793,0.001996007984031936,0.8962898406374502,2.5421075706125635,5.686932146829811,True
gamma_bulk__k5__d3__s4__5000K_2.0gcc,5000K_2.0gcc,gamma_bulk,5,3,4,True,,10.0,10.194430689621354,81.19046891718745,5041.59410499002,1.008318820998004,88.65403417517078,0.9126769505586302,0.0,0.9112300796812749,2.5427460893231877,5.533718664477284,True
gamma_bulk__k5__d3__s5__5000K_2.0gcc,5000K_2.0gcc,gamma_bulk,5,3,5,True,,10.0,0.01250397303973758,0.5988311184376016,4977.562604590819,0.9955125209181639,10.01124406681312,0.9598512732178882,0.0,0.9294073705179283,2.5601841424617646,5.5925517241379294,False
gamma_bulk__k5__d4__s2__5000K_2.0gcc,5000K_2.0gcc,gamma_bulk,5,4,2,True,,10.0,274.21205297906016,5730.077494580157,5371.136381437125,1.074227276287425,-63.82464269200903,0.38634180235770404,0.017964071856287425,0.8853336653386454,2.5486210391835207,5.112489601841326,True
gamma_bulk__k5__d4__s3__5000K_2.0gcc,5000K_2.0gcc,gamma_bulk,5,4,3,True,,10.0,-0.041877204396875735,0.5135935593750673,5038.523388023951,1.0077046776047902,50.19198081421873,0.9479502031351646,0.0,0.9363794820717132,2.532038972483371,5.9384816462736385,False
gamma_bulk__k5__d4__s4__5000K_2.0gcc,5000K_2.0gcc,gamma_bulk,5,4,4,True,,10.0,-0.03478141364775004,0.6657066914062852,4994.635143313373,0.9989270286626747,-26.996959902272575,0.9431616566114212,0.0,0.9274153386454184,2.518978460751122,6.152879032258065,False
gamma_bulk__k5__d4__s5__5000K_2.0gcc,5000K_2.0gcc,gamma_bulk,5,4,5,True,,10.0,-0.0476570639764307,0.6236299631250404,4996.618207984031,0.9993236415968062,-9.947762900737757,0.9413769983008933,0.0,0.9367529880478087,2.5433157988599753,5.752612532443457,False
gamma_bulk__k5__d5__s1__5000K_2.0gcc,5000K_2.0gcc,gamma_bulk,5,5,1,True,,10.0,0.04672224355201618,0.5581772746875231,4949.470450698604,0.9898940901397207,-7.619166472731781,0.9539024221727294,0.0,0.9432270916334662,2.524497298330875,6.095948924731183,False
gamma_bulk__k5__d5__s2__5000K_2.0gcc,5000K_2.0gcc,gamma_bulk,5,5,2,True,,10.0,6.2119528374424835,2002.4556337365937,5230.847734131737,1.0461695468263472,-60.574426614546105,0.5215351595204292,0.005988023952095809,0.9162101593625498,2.5486840741975088,5.583331391140067,True
gamma_bulk__k5__d5__s3__5000K_2.0gcc,5000K_2.0gcc,gamma_bulk,5,5,3,True,,10.0,374.2995882384237,2564.3996090090623,5041.708327145708,1.0083416654291415,15.836485767995983,0.5532642823054825,0.007984031936127744,0.932644422310757,2.5461892393429157,6.00614210233593,True
gamma_bulk__k5__d5__s4__5000K_2.0gcc,5000K_2.0gcc,gamma_bulk,5,5,4,True,,10.0,-0.008311636245922202,0.5675954151563474,4997.04562015968,0.9994091240319359,-50.9756985517522,0.7817810865255063,0.001996007984031936,0.9442231075697212,2.5306007023192465,6.154865591397851,True
gamma_bulk__k5__d5__s5__5000K_2.0gcc,5000K_2.0gcc,gamma_bulk,5,5,5,True,,10.0,509.9081566437606,3488.1565058620313,5047.686318962076,1.0095372637924152,50.186110462607864,0.33613969438464125,0.017964071856287425,0.9037599601593626,2.546267022994039,5.625234811165845,True
gamma_bulk__k5__d6__s1__5000K_2.0gcc,5000K_2.0gcc,gamma_bulk,5,6,1,True,,10.0,31.73983624644118,916.4074746529219,4860.8911203592825,0.9721782240718565,51.61863591934237,0.8753477303135025,0.0,0.9045069721115537,2.5288570799853223,5.66390656284761,True
gamma_bulk__k5__d6__s2__5000K_2.0gcc,5000K_2.0gcc,gamma_bulk,5,6,2,True,,10.0,114.64225154288738,1412.052471100111,5144.122619760478,1.0288245239520957,-4.400713573940279,0.5154100578781905,0.005988023952095809,0.9066235059760956,2.531275117934618,5.854938079347424,True
gamma_bulk__k5__d6__s3__5000K_2.0gcc,5000K_2.0gcc,gamma_bulk,5,6,3,True,,10.0,-0.02199385203806132,0.5797238118750556,5045.762600998004,1.0091525201996008,98.51433508195662,0.9359489312296909,0.0,0.9043824701195219,2.514292414137607,5.777344244928229,False
gamma_bulk__k5__d6__s4__5000K_2.0gcc,5000K_2.0gcc,gamma_bulk,5,6,4,True,,10.0,96.2076583110479,811.1024465462344,5052.915418163672,1.0105830836327345,29.942322404785205,0.654764920810515,0.001996007984031936,0.90824203187251,2.5486771866150986,5.861422321097515,True
gamma_bulk__k5__d6__s5__5000K_2.0gcc,5000K_2.0gcc,gamma_bulk,5,6,5,True,,10.0,647.8880141057219,5176.05443291625,5504.655108782435,1.100931021756487,79.8479423249996,0.4722296382365257,0.021956087824351298,0.8791085657370518,2.5576004810199864,5.5522955665024645,True
gamma_bulk__k5__d7__s1__5000K_2.0gcc,5000K_2.0gcc,gamma_bulk,5,7,1,True,,10.0,-0.0300423838599035,0.7531124554686812,4909.89755249501,0.981979510499002,-7.207430551694823,0.9615535203424717,0.0,0.9291583665338645,2.5398217633480225,5.980086021505376,False
gamma_bulk__k5__d7__s2__5000K_2.0gcc,5000K_2.0gcc,gamma_bulk,5,7,2,True,,10.0,-0.037682173267551834,0.3719826703124909,5068.447678243513,1.0136895356487026,6.8076397008620315,0.9227980772601345,0.0,0.9089890438247012,2.5547372989739254,5.672352984797924,False
gamma_bulk__k5__d7__s3__5000K_2.0gcc,5000K_2.0gcc,gamma_bulk,5,7,3,True,,10.0,247.2260282626121,1809.5618992705313,4950.613114171657,0.9901226228343314,80.63235903298506,0.46375904775756127,0.00998003992015968,0.9311503984063745,2.5610847831805135,5.5907126436781605,True
gamma_bulk__k5__d7__s4__5000K_2.0gcc,5000K_2.0gcc,gamma_bulk,5,7,4,True,,10.0,212.75410790934734,4728.350590799063,5539.171155489022,1.1078342310978044,18.180540597485525,0.4459629085776079,0.023952095808383235,0.8997758964143426,2.5545578718126096,5.286515851964127,True
gamma_bulk__k5__d7__s5__5000K_2.0gcc,5000K_2.0gcc,gamma_bulk,5,7,5,True,,10.0,-0.04258536408390503,0.5762004787497972,5107.324722754491,1.021464944550898,-39.413241454792676,0.9427936469079544,0.0,0.9257968127490039,2.539848508081611,6.007774193548388,False
gamma_bulk__k5__d8__s1__5000K_2.0gcc,5000K_2.0gcc,gamma_bulk,5,8,1,True,,10.0,-0.011733503172613654,0.402473053124595,4925.267953293413,0.9850535906586825,60.02588020251024,0.9520239937170696,0.0,0.915089641434263,2.558032771680804,5.493218390804597,False
gamma_bulk__k5__d8__s2__5000K_2.0gcc,5000K_2.0gcc,gamma_bulk,5,8,2,True,,10.0,55.12420440321361,1900.0119383389222,4932.359290419161,0.9864718580838322,11.960982104437202,0.7347676596319405,0.003992015968063872,0.9032619521912351,2.534186463089187,5.807832830128714,True
gamma_bulk__k5__d8__s3__5000K_2.0gcc,5000K_2.0gcc,gamma_bulk,5,8,3,True,,10.0,226.5140463905285,2556.967612076719,5319.802659081836,1.0639605318163672,92.99230866558578,0.5106589714192827,0.011976047904191617,0.9057519920318725,2.554440761902814,5.6060689655172435,True
gamma_bulk__k5__d8__s4__5000K_2.0gcc,5000K_2.0gcc,gamma_bulk,5,8,4,True,,10.0,106.88801763290999,1169.8355752126877,4833.861547305389,0.9667723094610777,-10.036857696007305,0.762369417944477,0.001996007984031936,0.9220617529880478,2.5556573176542368,5.983073044123099,True
gamma_bulk__k5__d8__s5__5000K_2.0gcc,5000K_2.0gcc,gamma_bulk,5,8,5,True,,10.0,-0.04493701799231545,0.42747516703093424,4926.06276506986,0.9852125530139719,-14.487902936234052,0.9539504485129193,0.0,0.9388695219123506,2.544796099327085,5.9406555431961445,False
gamma_bulk__k5__d9__s1__5000K_2.0gcc,5000K_2.0gcc,gamma_bulk,5,9,1,True,,10.0,-0.01226154091256679,0.40728375796879845,4930.494222355289,0.9860988444710578,-32.980206493487096,0.9520153317305344,0.0,0.9633964143426295,2.527358321439908,5.974841397849462,False
gamma_bulk__k5__d9__s2__5000K_2.0gcc,5000K_2.0gcc,gamma_bulk,5,9,2,True,,10.0,100.04815043974372,1962.4395200578595,5156.751199600798,1.0313502399201595,-128.67418177515714,0.4233447920856004,0.00998003992015968,0.9362549800796812,2.5425195100623132,5.852903225806452,True
gamma_bulk__k5__d9__s3__5000K_2.0gcc,5000K_2.0gcc,gamma_bulk,5,9,3,True,,10.0,553.2350386536499,5586.52599428625,4921.330633932136,0.9842661267864272,43.75986449805131,0.4864260287453791,0.031936127744510975,0.9231822709163346,2.5530149507874818,5.823503151649979,True
gamma_bulk__k5__d9__s4__5000K_2.0gcc,5000K_2.0gcc,gamma_bulk,5,9,4,True,,10.0,63.66996705081948,1333.249940530828,5039.85058782435,1.00797011756487,-15.703295823184266,0.4935678971023141,0.001996007984031936,0.901394422310757,2.546554876889964,5.93810752688172,True
gamma_bulk__k5__d9__s5__5000K_2.0gcc,5000K_2.0gcc,gamma_bulk,5,9,5,True,,10.0,465.1573604809994,3722.3215617595315,5044.426995808383,1.0088853991616766,-9.995891172603859,0.6931588565992647,0.003992015968063872,0.9223107569721115,2.540467030100082,5.84667704857249,True
gamma_bulk__k10__d0__s2__5000K_2.0gcc,5000K_2.0gcc,gamma_bulk,10,0,2,True,,10.0,-0.019392476778600464,0.36791728593766493,5060.985299800399,1.0121970599600798,0.227767215236087,0.9267741445012375,0.0,0.9172061752988048,2.5443025876586707,5.766387838338897,False
gamma_bulk__k10__d0__s3__5000K_2.0gcc,5000K_2.0gcc,gamma_bulk,10,0,3,True,,10.0,552.463144030685,4215.2389149853125,5371.1822850299395,1.074236457005988,-3.1703271273870444,0.6283003669201537,0.005988023952095809,0.9139691235059761,2.537390670877021,6.162674731182798,True
gamma_bulk__k10__d0__s4__5000K_2.0gcc,5000K_2.0gcc,gamma_bulk,10,0,4,True,,10.0,899.5588048249903,7650.62137890375,5012.106443712575,1.002421288742515,-2213.878601196844,0.3049939616057993,0.7365269461077845,0.8842131474103586,2.5440509450628217,5.853032258064515,True
gamma_bulk__k10__d0__s5__5000K_2.0gcc,5000K_2.0gcc,gamma_bulk,10,0,5,True,,10.0,304.9156378954259,4978.895351369063,5410.195869461078,1.0820391738922155,126.89979737789469,0.5700271878261595,0.005988023952095809,0.912101593625498,2.5418567146452027,5.338899532651258,True
gamma_bulk__k10__d1__s2__5000K_2.0gcc,5000K_2.0gcc,gamma_bulk,10,1,2,True,,10.0,-0.010240708517937912,0.42313875703121084,5004.903715369262,1.0009807430738522,24.415534987865716,0.9313683948395499,0.0,0.9148406374501992,2.554683256611242,5.515573070607551,False
gamma_bulk__k10__d1__s3__5000K_2.0gcc,5000K_2.0gcc,gamma_bulk,10,1,3,True,,10.0,243.87058596742824,2786.8436197021874,5129.891141516966,1.0259782283033931,119.81140050006731,0.7945018564427653,0.005988023952095809,0.9214392430278885,2.5326071529093666,5.703526457969175,True
gamma_bulk__k10__d1__s4__5000K_2.0gcc,5000K_2.0gcc,gamma_bulk,10,1,4,True,,10.0,477.8707787418169,4164.348568891875,5310.760256487026,1.0621520512974052,48.59931141417376,0.5263412393162823,0.003992015968063872,0.90625,2.5429287410218713,5.623256952169077,True
gamma_bulk__k10__d1__s5__5000K_2.0gcc,5000K_2.0gcc,gamma_bulk,10,1,5,True,,10.0,-0.06486827280531474,0.6288472064061352,5006.27968003992,1.001255936007984,7.399594672321869,0.9491886256940713,0.0,0.9655129482071713,2.525094796989699,5.87803179458658,False
gamma_bulk__k10__d2__s2__5000K_2.0gcc,5000K_2.0gcc,gamma_bulk,10,2,2,True,,10.0,142.67717650310854,2019.0848717020313,5111.7592059880235,1.0223518411976047,-27.632155353358446,0.5987046155334029,0.003992015968063872,0.928660358565737,2.533558793478501,5.882138248847927,True
gamma_bulk__k10__d2__s3__5000K_2.0gcc,5000K_2.0gcc,gamma_bulk,10,2,3,True,,10.0,0.012726874823903557,0.4282882439063087,4988.1127343313365,0.9976225468662673,53.28413199057429,0.9296792470599737,0.0,0.9148406374501992,2.548955355150251,5.884688172043011,False
gamma_bulk__k10__d2__s4__5000K_2.0gcc,5000K_2.0gcc,gamma_bulk,10,2,4,True,,10.0,-0.057715683521065035,0.6223425914062091,4899.707936726547,0.9799415873453093,15.840403381198424,0.945898879017202,0.0,0.9313994023904383,2.5527007865303974,5.780519095291066,False
gamma_bulk__k10__d2__s5__5000K_2.0gcc,5000K_2.0gcc,gamma_bulk,10,2,5,True,,10.0,0.012952093994045913,0.9853814160936736,5042.5832996007985,1.0085166599201596,-21.061350699652365,0.9299943562000799,0.0,0.9457171314741036,2.537247822382262,5.967634315906564,False
gamma_bulk__k10__d3__s2__5000K_2.0gcc,5000K_2.0gcc,gamma_bulk,10,3,2,True,,10.0,0.012598731326642786,0.6563563073436853,5040.888371057885,1.008177674211577,-28.106995236714713,0.9277682921511154,0.0,0.9223107569721115,2.536365180780295,5.865879032258066,False
gamma_bulk__k10__d3__s3__5000K_2.0gcc,5000K_2.0gcc,gamma_bulk,10,3,3,True,,10.0,110.32718008500503,1162.6800582960468,5073.996783433134,1.0147993566866267,88.86979082030912,0.5186965785273696,0.001996007984031936,0.8864541832669323,2.5469888528060722,5.685839080459769,True
gamma_bulk__k10__d3__s4__5000K_2.0gcc,5000K_2.0gcc,gamma_bulk,10,3,4,True,,10.0,0.008322816476366976,0.405047796562485,4909.2263255489015,0.9818452651097803,-14.824530911436932,0.9428043966321955,0.0,0.9088645418326693,2.5609558542181357,5.845804968483501,False
gamma_bulk__k10__d3__s5__5000K_2.0gcc,5000K_2.0gcc,gamma_bulk,10,3,5,True,,10.0,0.057167153690722186,0.6111627843750966,5075.894205389221,1.0151788410778442,-22.429121401624485,0.9496117750760046,0.0,0.9245517928286853,2.5460533978710025,5.895469039673713,False
gamma_bulk__k10__d4__s2__5000K_2.0gcc,5000K_2.0gcc,gamma_bulk,10,4,2,True,,10.0,0.032352063873161925,0.5602777232813878,4974.148462075849,0.9948296924151698,70.37053274795859,0.8818627401960013,0.0,0.9153386454183267,2.5561781171279447,5.466813355227149,False
gamma_bulk__k10__d4__s3__5000K_2.0gcc,5000K_2.0gcc,gamma_bulk,10,4,3,True,,10.0,847.1381336334842,5762.847270655313,5482.827049101796,1.0965654098203592,71.85581062258453,0.5759661955175842,0.013972055888223553,0.9036354581673307,2.54358783511602,5.774294930875575,True
gamma_bulk__k10__d4__s4__5000K_2.0gcc,5000K_2.0gcc,gamma_bulk,10,4,4,True,,10.0,0.12303504585645883,1.0677054496875371,4958.002116167665,0.991600423233533,56.158384297196086,0.925285676337314,0.0,0.9133466135458167,2.5442573865686837,5.722967082766859,False
gamma_bulk__k10__d4__s5__5000K_2.0gcc,5000K_2.0gcc,gamma_bulk,10,4,5,True,,10.0,222.01500119342666,2167.4608313901563,5105.779058882236,1.0211558117764472,44.635428087315596,0.4921270582898281,0.003992015968063872,0.9235557768924303,2.526946608174394,5.593895863128344,True
gamma_bulk__k10__d5__s1__5000K_2.0gcc,5000K_2.0gcc,gamma_bulk,10,5,1,True,,10.0,-0.03134463388319225,0.5337849684375442,5006.740325548903,1.0013480651097806,-29.076199033233934,0.9387220870172389,0.0,0.9203809760956175,2.541312452213691,5.808753429736745,False
gamma_bulk__k10__d5__s2__5000K_2.0gcc,5000K_2.0gcc,gamma_bulk,10,5,2,True,,10.0,51.681409340682656,377.5625052261562,5064.111282435129,1.012822256487026,22.318130431474362,0.5903977100006402,0.001996007984031936,0.9025149402390438,2.561383580705305,5.742804597701149,True
gamma_bulk__k10__d5__s3__5000K_2.0gcc,5000K_2.0gcc,gamma_bulk,10,5,3,True,,10.0,-0.048497313048168865,0.68027431874998,4906.265848902195,0.981253169780439,129.01097764719663,0.9590232360798148,0.0,0.8924925298804781,2.565606389607277,5.452197044334976,False
gamma_bulk__k10__d5__s4__5000K_2.0gcc,5000K_2.0gcc,gamma_bulk,10,5,4,True,,10.0,60.75640582485207,1181.995295718047,5044.475333532934,1.0088950667065868,37.56302696623564,0.6550265168510354,0.001996007984031936,0.929656374501992,2.562325505562977,5.718114942528734,True
gamma_bulk__k10__d5__s5__5000K_2.0gcc,5000K_2.0gcc,gamma_bulk,10,5,5,True,,10.0,-0.020883086344146845,0.48364522781241703,5011.7068227544905,1.002341364550898,27.46374238407616,0.9088195000114148,0.0,0.9279133466135459,2.550178171969537,5.826767519466071,False
gamma_bulk__k10__d6__s1__5000K_2.0gcc,5000K_2.0gcc,gamma_bulk,10,6,1,True,,10.0,0.01846389838899632,0.4670449082811956,5013.510828542913,1.0027021657085826,70.28807576300046,0.9481783277743694,0.0,0.899402390438247,2.5460660360275384,5.611090629800308,False
gamma_bulk__k10__d6__s2__5000K_2.0gcc,5000K_2.0gcc,gamma_bulk,10,6,2,True,,10.0,88.39597363578578,2411.208404797969,4896.06513772455,0.97921302754491,11.717447528262465,0.8367652329978824,0.001996007984031936,0.9251743027888446,2.553076499342093,5.543044864664442,True
gamma_bulk__k10__d6__s3__5000K_2.0gcc,5000K_2.0gcc,gamma_bulk,10,6,3,True,,10.0,0.021710510633285916,0.7439653406249818,5048.267791616767,1.0096535583233535,89.6169810853321,0.9280292919407233,0.0,0.9325199203187251,2.527168700995723,5.680431590656285,False
gamma_bulk__k10__d6__s4__5000K_2.0gcc,5000K_2.0gcc,gamma_bulk,10,6,4,True,,10.0,0.022295188346461683,0.576471504374922,4972.504995808384,0.9945009991616768,14.483785774011771,0.9213603630170989,0.0,0.9310258964143426,2.551022529493526,5.765839080459772,False
gamma_bulk__k10__d6__s5__5000K_2.0gcc,5000K_2.0gcc,gamma_bulk,10,6,5,True,,10.0,234.42273527246684,1645.109553238125,5018.331374451098,1.0036662748902196,12.244162594454512,0.515155910144686,0.003992015968063872,0.9185756972111554,2.5277301367721634,5.822223210975158,True
gamma_bulk__k10__d7__s1__5000K_2.0gcc,5000K_2.0gcc,gamma_bulk,10,7,1,True,,10.0,0.052448594592650034,1.068179744531335,5028.8926451097805,1.005778529021956,0.5522978970202234,0.9495222829117805,0.0,0.929656374501992,2.540995700699241,5.908172043010754,False
gamma_bulk__k10__d7__s2__5000K_2.0gcc,5000K_2.0gcc,gamma_bulk,10,7,2,True,,10.0,0.01826734567443053,0.6407045775001734,4919.022793013973,0.9838045586027945,13.22431133759086,0.917773813643645,0.0,0.9089890438247012,2.562759904575084,5.5256207426240795,False
gamma_bulk__k10__d7__s3__5000K_2.0gcc,5000K_2.0gcc,gamma_bulk,10,7,3,True,,10.0,-0.01899657017147432,0.45179971687480247,5024.53337245509,1.004906674491018,44.30774529944972,0.9244403258177349,0.0,0.918949203187251,2.554967400871214,5.880599462365592,False
gamma_bulk__k10__d7__s4__5000K_2.0gcc,5000K_2.0gcc,gamma_bulk,10,7,4,True,,10.0,-0.12537326383821265,1.2495636440623912,5003.4222477045905,1.0006844495409182,27.872039255834952,0.945449016200768,0.0,0.9179531872509961,2.5651322205676355,5.705471264367817,False
gamma_bulk__k10__d7__s5__5000K_2.0gcc,5000K_2.0gcc,gamma_bulk,10,7,5,True,,10.0,0.005278806129251541,0.519081828281287,5118.870048103793,1.0237740096207586,104.83461539398265,0.9413878163944975,0.0,0.9158366533864541,2.534989267311724,5.443087663541501,False
gamma_bulk__k10__d8__s1__5000K_2.0gcc,5000K_2.0gcc,gamma_bulk,10,8,1,True,,10.0,-0.04749732930351249,0.6271532962500714,5001.45029001996,1.0002900580039922,14.071295750396898,0.9501332986744548,0.0,0.9290338645418327,2.5486916286782826,5.792305524657028,False
gamma_bulk__k10__d8__s2__5000K_2.0gcc,5000K_2.0gcc,gamma_bulk,10,8,2,True,,10.0,-0.0024104032567603914,0.4294401028124639,4981.663218363273,0.9963326436726545,-13.890563434524024,0.9325161003870124,0.0,0.9402390438247012,2.5366907072311875,5.932903225806451,False
gamma_bulk__k10__d8__s3__5000K_2.0gcc,5000K_2.0gcc,gamma_bulk,10,8,3,True,,10.0,0.08476785529725929,1.038705707812369,5014.8837497006,1.0029767499401199,113.7140867002797,0.9414946434218311,0.0,0.9311503984063745,2.5371521859882065,5.6335210551406325,False
gamma_bulk__k10__d8__s4__5000K_2.0gcc,5000K_2.0gcc,gamma_bulk,10,8,4,True,,10.0,-0.01150459914214145,0.42605228249999527,4970.303652095809,0.9940607304191619,77.87760286362403,0.9491385516424891,0.0,0.9269173306772909,2.55044897424414,5.532735632183908,False
gamma_bulk__k10__d8__s5__5000K_2.0gcc,5000K_2.0gcc,gamma_bulk,10,8,5,True,,10.0,-0.03255330842916499,0.4608113189062806,5018.361379241517,1.0036722758483034,49.12929494938501,0.9360514303081853,0.0,0.9241782868525896,2.5266139886028594,5.697679561652865,False
gamma_bulk__k10__d9__s1__5000K_2.0gcc,5000K_2.0gcc,gamma_bulk,10,9,1,True,,10.0,353.66757886917856,4302.954935632031,5111.454728742515,1.022290945748503,36.05723689164055,0.5294425994269814,0.005988023952095809,0.914093625498008,2.543278692102768,5.405760627622698,True
gamma_bulk__k10__d9__s2__5000K_2.0gcc,5000K_2.0gcc,gamma_bulk,10,9,2,True,,10.0,139.38525881187525,5573.8360324725,5313.556105788423,1.0627112211576846,-155.96262551072667,0.49748920894427434,0.017964071856287425,0.9026394422310757,2.5527065358332193,5.374166982442845,True
gamma_bulk__k10__d9__s3__5000K_2.0gcc,5000K_2.0gcc,gamma_bulk,10,9,3,True,,10.0,-0.0032666035192997498,0.35768606859380725,4942.141086227545,0.988428217245509,32.09860947373542,0.9607034002495258,0.0,0.9236802788844621,2.555776223718316,5.988928439006303,False
gamma_bulk__k10__d9__s4__5000K_2.0gcc,5000K_2.0gcc,gamma_bulk,10,9,4,True,,10.0,145.69647500716596,1250.3753048286094,5084.978914570857,1.0169957829141714,65.095051951227,0.40722749485883303,0.003992015968063872,0.9078685258964143,2.549964726156512,5.418370005473452,True
gamma_bulk__k10__d9__s5__5000K_2.0gcc,5000K_2.0gcc,gamma_bulk,10,9,5,True,,10.0,0.03704301351359169,0.6123146432811382,5059.194340918163,1.0118388681836326,39.34417004977414,0.9278327402705718,0.0,0.9135956175298805,2.5447979211755367,5.812594840828434,False
gamma_bulk__k20__d0__s2__5000K_2.0gcc,5000K_2.0gcc,gamma_bulk,20,0,2,True,,10.0,-0.028043532837377944,0.4415075187656612,4995.205630738523,0.9990411261477046,1.7721671588233123,0.9421725139129242,0.0,0.9198207171314741,2.5422027542141468,5.714219397213836,False
gamma_bulk__k20__d0__s3__5000K_2.0gcc,5000K_2.0gcc,gamma_bulk,20,0,3,True,,10.0,0.012473196966061322,0.5310069557812085,5007.9308171656685,1.0015861634331338,139.6803071209297,0.9422778658230271,0.0,0.9055029880478087,2.5473592241497216,5.597032469940144,False
gamma_bulk__k20__d0__s4__5000K_2.0gcc,5000K_2.0gcc,gamma_bulk,20,0,4,True,,10.0,2.1237790278285833,857.9935994979375,5066.191558682634,1.013238311736527,-16.00300082606049,0.6486207620859821,0.001996007984031936,0.9357569721115537,2.5459024795721263,5.886966258806082,True
gamma_bulk__k20__d0__s5__5000K_2.0gcc,5000K_2.0gcc,gamma_bulk,20,0,5,True,,10.0,195.6108266868552,4043.9192471346096,5066.374509780439,1.0132749019560878,6.90500992572352,0.5752751962956514,0.013972055888223553,0.9068725099601593,2.5337930988788755,5.935526881720432,True
gamma_bulk__k20__d1__s2__5000K_2.0gcc,5000K_2.0gcc,gamma_bulk,20,1,2,True,,10.0,120.18553145348228,915.2145282619218,4995.1415998003995,0.9990283199600799,52.73434059269088,0.41609033109770754,0.001996007984031936,0.9041334661354582,2.574964035127664,5.483011494252874,True
gamma_bulk__k20__d1__s3__5000K_2.0gcc,5000K_2.0gcc,gamma_bulk,20,1,3,True,,10.0,0.04495354863088182,0.6505292564062302,4999.878648103792,0.9999757296207584,89.68476200830156,0.9480552351867482,0.0,0.8867031872509961,2.5548211917743053,5.6573793103448295,False
gamma_bulk__k20__d1__s4__5000K_2.0gcc,5000K_2.0gcc,gamma_bulk,20,1,4,True,,10.0,114.31967363629848,1037.173999717172,5148.691837524951,1.02973836750499,6.580936950355318,0.6751691122118961,0.001996007984031936,0.9032619521912351,2.540911649376058,5.576830552465704,True
gamma_bulk__k20__d1__s5__5000K_2.0gcc,5000K_2.0gcc,gamma_bulk,20,1,5,True,,10.0,700.0569943873172,5385.444291112031,5057.631179041916,1.0115262358083832,76.24212989384968,0.4151869317620677,0.005988023952095809,0.8942978087649402,2.54032281844372,5.655168953157829,True
gamma_bulk__k20__d2__s2__5000K_2.0gcc,5000K_2.0gcc,gamma_bulk,20,2,2,True,,10.0,-0.0801109185969473,0.8378553927656185,5025.6975530938125,1.0051395106187626,-3.732803610087254,0.9391902830997562,0.0,0.9266683266932271,2.5248973578480127,5.77959955506118,False
gamma_bulk__k20__d2__s3__5000K_2.0gcc,5000K_2.0gcc,gamma_bulk,20,2,3,True,,10.0,84.56266935546746,1210.2135826328438,4906.864210578842,0.9813728421157685,35.59320205103373,0.6779763682533483,0.001996007984031936,0.9312749003984063,2.5461009846851437,5.879253985910269,True
gamma_bulk__k20__d2__s4__5000K_2.0gcc,5000K_2.0gcc,gamma_bulk,20,2,4,True,,10.0,-0.05898537581424612,0.9984380755780649,5087.098235129742,1.0174196470259482,14.761753411802507,0.9358348218772373,0.0,0.9000249003984063,2.565592178796219,5.74423878383389,False
gamma_bulk__k20__d2__s5__5000K_2.0gcc,5000K_2.0gcc,gamma_bulk,20,2,5,True,,10.0,0.057635710347073994,1.0778960131875692,5085.35802235529,1.017071604471058,77.25278743783048,0.905994148797883,0.0,0.9076195219123506,2.548728255632308,5.527806239737275,False
gamma_bulk__k20__d3__s2__5000K_2.0gcc,5000K_2.0gcc,gamma_bulk,20,3,2,True,,10.0,46.607354327052356,907.8420892106719,5063.862036327347,1.0127724072654694,-55.43242118115203,0.608127711916666,0.003992015968063872,0.921812749003984,2.5333588515935164,5.643968854282536,True
gamma_bulk__k20__d3__s3__5000K_2.0gcc,5000K_2.0gcc,gamma_bulk,20,3,3,True,,10.0,1064.2730918526652,7305.066146259374,5022.495952095808,1.0044991904191616,55.2929122043683,0.4824827809746172,0.007984031936127744,0.9233067729083665,2.537403215053884,5.894137189469782,True
gamma_bulk__k20__d3__s4__5000K_2.0gcc,5000K_2.0gcc,gamma_bulk,20,3,4,True,,10.0,0.03164170406761882,0.4683390556407403,4919.213168662675,0.9838426337325351,45.496815950827816,0.955910651689267,0.0,0.9223107569721115,2.5327049318265624,5.650859473489063,False
gamma_bulk__k20__d3__s5__5000K_2.0gcc,5000K_2.0gcc,gamma_bulk,20,3,5,True,,10.0,49.753088524566444,586.8545977033594,4994.378091417166,0.9988756182834332,36.94738859983589,0.9335446237143672,0.0,0.9214392430278885,2.516046311568113,5.731607341490546,True
gamma_bulk__k20__d4__s2__5000K_2.0gcc,5000K_2.0gcc,gamma_bulk,20,4,2,True,,10.0,-0.05822429549090412,0.8452611679687152,5062.720724950101,1.01254414499002,-29.087610773310384,0.9443785473807623,0.0,0.9388695219123506,2.5467052544580717,6.129317204301073,False
gamma_bulk__k20__d4__s3__5000K_2.0gcc,5000K_2.0gcc,gamma_bulk,20,4,3,True,,10.0,-0.01199566943881521,0.36947568328128,4967.147609580838,0.9934295219161677,100.5839287744064,0.9320797361819436,0.0,0.9348854581673307,2.5507669962143473,5.678344827586208,False
gamma_bulk__k20__d4__s4__5000K_2.0gcc,5000K_2.0gcc,gamma_bulk,20,4,4,True,,10.0,108.63816381639015,1165.9233541940157,5038.097996606787,1.0076195993213575,27.11386379286499,0.6851253350745399,0.001996007984031936,0.9315239043824701,2.5435798129633276,5.6474319614386355,True
gamma_bulk__k20__d4__s5__5000K_2.0gcc,5000K_2.0gcc,gamma_bulk,20,4,5,True,,10.0,0.02292177915679779,0.6550011792187433,5002.352793213573,1.0004705586427145,-4.7209740774595605,0.9606239446661741,0.0,0.9261703187250996,2.5248499454773583,5.918107526881721,False
gamma_bulk__k20__d5__s1__5000K_2.0gcc,5000K_2.0gcc,gamma_bulk,20,5,1,True,,10.0,197.18183880191233,1846.2107770329844,5062.836102195608,1.0125672204391216,39.6567268755544,0.4951029875116899,0.005988023952095809,0.9102340637450199,2.569518659743705,5.575239554825762,True
gamma_bulk__k20__d5__s2__5000K_2.0gcc,5000K_2.0gcc,gamma_bulk,20,5,2,True,,10.0,0.06668238672619188,1.1484439833750457,5066.341377844311,1.0132682755688622,52.72714511849151,0.9327492659471777,0.0,0.9336404382470119,2.528380523465971,5.474351395730706,False
gamma_bulk__k20__d5__s3__5000K_2.0gcc,5000K_2.0gcc,gamma_bulk,20,5,3,True,,10.0,-0.09527220191784626,0.9389547265312785,5105.924333333333,1.0211848666666667,83.27614765115193,0.9659168082531744,0.0,0.9021414342629482,2.571806633384129,5.6742869855394895,False
gamma_bulk__k20__d5__s4__5000K_2.0gcc,5000K_2.0gcc,gamma_bulk,20,5,4,True,,10.0,0.0051270770213219805,0.5639230179374408,4868.432433732534,0.9736864867465068,19.744383946245442,0.9642632443456506,0.0,0.9184511952191236,2.5542897542064367,5.772266963292548,False
gamma_bulk__k20__d5__s5__5000K_2.0gcc,5000K_2.0gcc,gamma_bulk,20,5,5,True,,10.0,66.16021162519725,456.0815084359219,4952.414064071857,0.9904828128143713,40.90744262246999,0.946601534764232,0.0,0.9200697211155379,2.529855284554506,5.583741935483871,True
gamma_bulk__k20__d6__s1__5000K_2.0gcc,5000K_2.0gcc,gamma_bulk,20,6,1,True,,10.0,34.66864108327122,445.1124644819531,5016.86478522954,1.003372957045908,-4.269515521103283,0.9488080497392507,0.0,0.9279133466135459,2.561518375516199,5.792944753429736,True
gamma_bulk__k20__d6__s2__5000K_2.0gcc,5000K_2.0gcc,gamma_bulk,20,6,2,True,,10.0,-0.012296707081957915,0.43895987789062474,5036.272760878243,1.0072545521756486,87.740014525784,0.9540882858986376,0.0,0.9148406374501992,2.496562263416786,5.429133216801737,False
gamma_bulk__k20__d6__s3__5000K_2.0gcc,5000K_2.0gcc,gamma_bulk,20,6,3,True,,10.0,-0.018403171987013453,0.31909879523436757,4973.231596007984,0.9946463192015969,82.53802357140347,0.9210680992733383,0.0,0.9216882470119522,2.559516424579281,5.694114942528733,False
gamma_bulk__k20__d6__s4__5000K_2.0gcc,5000K_2.0gcc,gamma_bulk,20,6,4,True,,10.0,0.04287421864954336,0.5244142574531452,4926.073494211577,0.9852146988423154,-3.170412691957112,0.9322763747430266,0.0,0.9282868525896414,2.556541572411262,5.918244416194362,False
gamma_bulk__k20__d6__s5__5000K_2.0gcc,5000K_2.0gcc,gamma_bulk,20,6,5,True,,10.0,0.02112771007003271,0.851332141968669,5030.7292323353295,1.0061458464670658,-22.260611890136097,0.9422743503486652,0.0,0.921937250996016,2.534276609411635,5.87165053763441,False
gamma_bulk__k20__d7__s1__5000K_2.0gcc,5000K_2.0gcc,gamma_bulk,20,7,1,True,,10.0,730.6271906148033,5210.521303698751,4921.322425748503,0.9842644851497006,-21.863736760299705,0.5386985048995404,0.005988023952095809,0.9233067729083665,2.560446816805415,5.693672969966632,True
gamma_bulk__k20__d7__s2__5000K_2.0gcc,5000K_2.0gcc,gamma_bulk,20,7,2,True,,10.0,618.1054500480578,5911.019690099062,5488.929655888224,1.0977859311776448,44.02469580921648,0.48614645968576176,0.015968063872255488,0.9036354581673307,2.5466579546583685,5.459335452089623,True
gamma_bulk__k20__d7__s3__5000K_2.0gcc,5000K_2.0gcc,gamma_bulk,20,7,3,True,,10.0,0.0024379186798261306,0.5666468254688652,4944.873083433134,0.9889746166866267,86.58060093270463,0.9522608231052034,0.0,0.920941235059761,2.5605898745687923,5.687218390804599,False
gamma_bulk__k20__d7__s4__5000K_2.0gcc,5000K_2.0gcc,gamma_bulk,20,7,4,True,,10.0,571.5294914553469,3894.3068346670316,5038.5093778443115,1.0077018755688623,34.44271266580906,0.5186162582613476,0.01996007984031936,0.9204432270916335,2.552272884808779,5.711131627734519,True
gamma_bulk__k20__d7__s5__5000K_2.0gcc,5000K_2.0gcc,gamma_bulk,20,7,5,True,,10.0,255.05196604147721,1925.062965594844,5016.085873053892,1.0032171746107785,-2.3541035741357765,0.5904711116506887,0.001996007984031936,0.9304033864541833,2.549393426671297,5.764946236559141,True
gamma_bulk__k20__d8__s1__5000K_2.0gcc,5000K_2.0gcc,gamma_bulk,20,8,1,True,,10.0,47.78212075181625,1176.3969904080468,5085.871700798403,1.0171743401596807,56.086547259854406,0.7772236094258849,0.001996007984031936,0.895480577689243,2.564285449490245,5.488952698765826,True
gamma_bulk__k20__d8__s2__5000K_2.0gcc,5000K_2.0gcc,gamma_bulk,20,8,2,True,,10.0,0.051225989708416415,0.8554246289062348,4930.132233333334,0.9860264466666667,-11.25480288322834,0.9344282685765667,0.0,0.9256723107569721,2.518326308663661,5.819590656284761,False
gamma_bulk__k20__d8__s3__5000K_2.0gcc,5000K_2.0gcc,gamma_bulk,20,8,3,True,,10.0,67.52269768351742,461.7392022359999,5032.686216766467,1.0065372433532933,60.70121074307883,0.5461230563499407,0.001996007984031936,0.9133466135458167,2.5421272795389216,5.973032258064517,True
gamma_bulk__k20__d8__s4__5000K_2.0gcc,5000K_2.0gcc,gamma_bulk,20,8,4,True,,10.0,0.004401291378653148,0.3236723526562173,4949.461404391218,0.9898922808782435,-28.84683036392833,0.9201480429202683,0.0,0.9287848605577689,2.550383824283037,5.904731182795699,False
gamma_bulk__k20__d8__s5__5000K_2.0gcc,5000K_2.0gcc,gamma_bulk,20,8,5,True,,10.0,0.009736155196156586,0.5093926621874516,5026.73028502994,1.005346057005988,68.02634935815864,0.9600527501215749,0.0,0.9137201195219123,2.5552861706419003,5.458778325123154,False
gamma_bulk__k20__d9__s1__5000K_2.0gcc,5000K_2.0gcc,gamma_bulk,20,9,1,True,,10.0,0.004061624011404728,0.7884270944063019,4978.719075449102,0.9957438150898205,22.982149494371313,0.9187138027683049,0.0,0.9153386454183267,2.558520552155841,5.666680226706924,False
gamma_bulk__k20__d9__s2__5000K_2.0gcc,5000K_2.0gcc,gamma_bulk,20,9,2,True,,10.0,-0.05839564126737204,0.6204996171562698,5005.235534730538,1.0010471069461078,28.1920386745882,0.9482288646107545,0.0,0.9191982071713147,2.526073911953404,5.757861327400814,False
gamma_bulk__k20__d9__s3__5000K_2.0gcc,5000K_2.0gcc,gamma_bulk,20,9,3,True,,10.0,0.008583716412366207,0.7253797583906589,4961.708965469063,0.9923417930938125,55.40529635844611,0.9576166344054388,0.0,0.9169571713147411,2.5464993900834263,5.909960697070818,False
gamma_bulk__k20__d9__s4__5000K_2.0gcc,5000K_2.0gcc,gamma_bulk,20,9,4,True,,10.0,438.74140052035096,4643.565820696969,5299.260482035927,1.0598520964071856,37.56170166068675,0.3340283836008561,0.015968063872255488,0.8995891434262948,2.5587933753952736,5.544192806822395,True
gamma_bulk__k20__d9__s5__5000K_2.0gcc,5000K_2.0gcc,gamma_bulk,20,9,5,True,,10.0,-0.01678103192669324,0.45280251168753693,4967.633973852295,0.9935267947704589,-15.648038918721847,0.9659076059230511,0.0,0.9414840637450199,2.5467786643471886,5.920143678160921,False
gamma_bulk__k40__d0__s2__5000K_2.0gcc,5000K_2.0gcc,gamma_bulk,40,0,2,True,,10.0,226.47199028002794,2742.02923448025,5076.8028029940115,1.0153605605988023,57.3441205527548,0.6795112022777839,0.001996007984031936,0.9185756972111554,2.542283440782674,5.636029026961174,True
gamma_bulk__k40__d0__s3__5000K_2.0gcc,5000K_2.0gcc,gamma_bulk,40,0,3,True,,10.0,86.33117578319597,669.2669856508594,5026.581496007984,1.005316299201597,112.74377696796356,0.7052210464109816,0.001996007984031936,0.9216882470119522,2.5450947263780335,5.436509749221651,True
gamma_bulk__k40__d0__s4__5000K_2.0gcc,5000K_2.0gcc,gamma_bulk,40,0,4,True,,10.0,0.0202746204323492,0.5189869693124365,4975.4167353293415,0.9950833470658683,38.27140269034925,0.8825108259284975,0.0,0.9045069721115537,2.573447027725062,5.596282536151281,False
gamma_bulk__k40__d0__s5__5000K_2.0gcc,5000K_2.0gcc,gamma_bulk,40,0,5,True,,10.0,0.023343648537565518,0.7607892562969027,5068.124240718563,1.0136248481437125,29.9281291148152,0.9596576164851716,0.0,0.9289093625498008,2.5294943873450104,5.8814623655914,False
gamma_bulk__k40__d1__s2__5000K_2.0gcc,5000K_2.0gcc,gamma_bulk,40,1,2,True,,10.0,0.0167039708266359,0.44161592901559743,5054.515934131737,1.0109031868263474,-6.992774597482669,0.9562166378253412,0.0,0.9402390438247012,2.5526144762389635,5.792043010752687,False
gamma_bulk__k40__d1__s3__5000K_2.0gcc,5000K_2.0gcc,gamma_bulk,40,1,3,True,,10.0,0.041366759675997865,0.7815294922500016,5004.564878443113,1.0009129756886226,91.92501634091754,0.9442270821735633,0.0,0.914093625498008,2.5499936090949165,5.691055246570264,False
gamma_bulk__k40__d1__s4__5000K_2.0gcc,5000K_2.0gcc,gamma_bulk,40,1,4,True,,10.0,274.3516473986736,2334.65907354225,5075.481973453094,1.0150963946906189,30.499123754827455,0.6472863396936474,0.001996007984031936,0.9214392430278885,2.581277392275627,5.722445680385614,True
gamma_bulk__k40__d1__s5__5000K_2.0gcc,5000K_2.0gcc,gamma_bulk,40,1,5,True,,10.0,47.73746361408978,430.4285806963594,5010.9487686626735,1.0021897537325346,26.754100206738595,0.916274729513479,0.0,0.9030129482071713,2.553093242916037,5.60073563218391,True
gamma_bulk__k40__d2__s2__5000K_2.0gcc,5000K_2.0gcc,gamma_bulk,40,2,2,True,,10.0,0.042508658977863836,0.895299273984449,5099.556144510979,1.0199112289021957,19.290006131655378,0.9008766384344743,0.0,0.9211902390438247,2.5417657812074794,5.602877482917528,False
gamma_bulk__k40__d2__s3__5000K_2.0gcc,5000K_2.0gcc,gamma_bulk,40,2,3,True,,10.0,426.5250003855997,2847.3180620302032,5126.18104271457,1.025236208542914,73.37427181600354,0.44141954397715577,0.013972055888223553,0.8923057768924303,2.569726113348846,5.497714285714286,True
gamma_bulk__k40__d2__s4__5000K_2.0gcc,5000K_2.0gcc,gamma_bulk,40,2,4,True,,10.0,109.312510671087,796.9988150724844,4933.915155888224,0.9867830311776448,7.91716048913006,0.6058954249051565,0.003992015968063872,0.9076195219123506,2.5418476456151944,5.698387838338897,True
gamma_bulk__k40__d2__s5__5000K_2.0gcc,5000K_2.0gcc,gamma_bulk,40,2,5,True,,10.0,-0.04145466091741713,0.6552315509999858,5041.790778642715,1.008358155728543,46.16232833808454,0.938347836313379,0.0,0.9325199203187251,2.5382504063271027,5.626980454473226,False
gamma_bulk__k40__d3__s2__5000K_2.0gcc,5000K_2.0gcc,gamma_bulk,40,3,2,True,,10.0,0.05373133221196831,0.8129278109061033,4989.003065868264,0.9978006131736528,-69.59517435794207,0.8855987413772674,0.0,0.9389940239043825,2.537927949415065,6.015685947348906,False
gamma_bulk__k40__d3__s3__5000K_2.0gcc,5000K_2.0gcc,gamma_bulk,40,3,3,True,,10.0,0.02443507978823587,0.6134732778280068,5009.008653692615,1.001801730738523,76.90466917147081,0.9485907090131127,0.0,0.8934885458167331,2.563537784098734,5.594576937337784,False
gamma_bulk__k40__d3__s4__5000K_2.0gcc,5000K_2.0gcc,gamma_bulk,40,3,4,True,,10.0,86.8628784811488,781.6727699466562,4865.4257363273455,0.9730851472654691,-40.299350038818595,0.5696655306098484,0.001996007984031936,0.9220617529880478,2.554223860912307,5.9863225806451625,True
gamma_bulk__k40__d3__s5__5000K_2.0gcc,5000K_2.0gcc,gamma_bulk,40,3,5,True,,10.0,-0.045982890869246604,0.47829247171887346,5008.020988423154,1.0016041976846308,60.27760927870797,0.9289175498331378,0.0,0.9175796812749004,2.5395687914394403,5.512450871338524,False
gamma_bulk__k40__d4__s2__5000K_2.0gcc,5000K_2.0gcc,gamma_bulk,40,4,2,True,,10.0,55.33100885543072,465.80334463607346,5097.168429141717,1.0194336858283433,-15.50701984619087,0.9239505964200682,0.0,0.9182021912350598,2.547132000711486,5.834154987022618,True
gamma_bulk__k40__d4__s3__5000K_2.0gcc,5000K_2.0gcc,gamma_bulk,40,4,3,True,,10.0,-0.027679494297394244,0.6727330307343209,4998.029127145708,0.9996058254291417,32.82591216625419,0.9512911724183079,0.0,0.9187001992031872,2.536373813376824,5.960344086021507,False
gamma_bulk__k40__d4__s4__5000K_2.0gcc,5000K_2.0gcc,gamma_bulk,40,4,4,True,,10.0,-0.0620198425790743,0.5638213833281043,4933.883468063872,0.9867766936127744,-65.55471202109554,0.9424500118823279,0.0,0.9153386454183267,2.556188901965208,5.952946236559138,False
gamma_bulk__k40__d4__s5__5000K_2.0gcc,5000K_2.0gcc,gamma_bulk,40,4,5,True,,10.0,0.0224851385008401,0.6247682707499962,5057.58090259481,1.011516180518962,65.81133114604738,0.9608312916625895,0.0,0.9131598605577689,2.538883490958861,5.587842788283277,False
gamma_bulk__k40__d5__s1__5000K_2.0gcc,5000K_2.0gcc,gamma_bulk,40,5,1,True,,10.0,-0.055598614761268324,0.5269076932030998,4987.828738323354,0.9975657476646708,56.03303622635743,0.9514687623611191,0.0,0.920816733067729,2.5291362391402994,5.518436781609195,False
gamma_bulk__k40__d5__s2__5000K_2.0gcc,5000K_2.0gcc,gamma_bulk,40,5,2,True,,10.0,0.00504095150217776,0.6486591795937784,4952.676225548902,0.9905352451097804,16.563358015225738,0.9082465284899246,0.0,0.9023904382470119,2.5366795830716136,5.533379310344828,False
gamma_bulk__k40__d5__s3__5000K_2.0gcc,5000K_2.0gcc,gamma_bulk,40,5,3,True,,10.0,201.1732117439544,1540.2690833796094,5017.895287025948,1.0035790574051897,90.9314276175591,0.7629275301219645,0.001996007984031936,0.9092380478087649,2.551653747644357,5.662761692886278,True
gamma_bulk__k40__d5__s4__5000K_2.0gcc,5000K_2.0gcc,gamma_bulk,40,5,4,True,,10.0,621.4365622319871,4155.592442390391,5370.873387425151,1.0741746774850303,29.536177454534208,0.5203979626458971,0.023952095808383235,0.8931772908366534,2.547408190348238,5.8464920281794575,True
gamma_bulk__k40__d5__s5__5000K_2.0gcc,5000K_2.0gcc,gamma_bulk,40,5,5,True,,10.0,-0.0009023865930014395,0.5014245088125335,5194.105751297405,1.038821150259481,59.104064175350985,0.9439177520499334,0.0,0.8867654382470119,2.5616520269851075,5.537566502463053,False
gamma_bulk__k40__d6__s1__5000K_2.0gcc,5000K_2.0gcc,gamma_bulk,40,6,1,True,,10.0,21.86249033786706,1073.9711894772656,5010.953979041917,1.0021907958083833,137.00192260621932,0.6598264607281216,0.001996007984031936,0.9081175298804781,2.5813428475791143,5.10400039296591,True
gamma_bulk__k40__d6__s2__5000K_2.0gcc,5000K_2.0gcc,gamma_bulk,40,6,2,True,,10.0,905.0299349188302,6558.209416183547,4907.590030339321,0.9815180060678642,-12.542637187343978,0.44254759897778145,0.01996007984031936,0.929656374501992,2.537953937507689,5.861231950844854,True
gamma_bulk__k40__d6__s3__5000K_2.0gcc,5000K_2.0gcc,gamma_bulk,40,6,3,True,,10.0,0.010775699040220495,0.4725535041093849,5132.174961876248,1.0264349923752496,47.58316810174773,0.7814473640610735,0.001996007984031936,0.8990288844621513,2.5406169125733387,5.885290322580647,True
gamma_bulk__k40__d6__s4__5000K_2.0gcc,5000K_2.0gcc,gamma_bulk,40,6,4,True,,10.0,327.3624314226359,2460.552529373859,5180.0052618762475,1.0360010523752494,41.41308733691145,0.6232032270046425,0.005988023952095809,0.8849601593625498,2.5674128714141893,5.5262208803432395,True
gamma_bulk__k40__d6__s5__5000K_2.0gcc,5000K_2.0gcc,gamma_bulk,40,6,5,True,,10.0,-0.03219989247819922,0.44952987726566107,4990.2174259481035,0.9980434851896207,36.06258208536283,0.9407317264018483,0.0,0.9266683266932271,2.545464793432225,5.6031264367816105,False
gamma_bulk__k40__d7__s1__5000K_2.0gcc,5000K_2.0gcc,gamma_bulk,40,7,1,True,,10.0,48.397157418224516,343.9827555194063,5078.431553692614,1.0156863107385228,38.58864885711268,0.9293732280424265,0.0,0.9269173306772909,2.5603997527271862,5.586068965517243,True
gamma_bulk__k40__d7__s2__5000K_2.0gcc,5000K_2.0gcc,gamma_bulk,40,7,2,True,,10.0,0.06333746160516843,0.8529108662344242,4970.897475249501,0.9941794950499003,-41.487714401321234,0.9511266512242205,0.0,0.9469621513944223,2.522055754006919,6.042610215053766,False
gamma_bulk__k40__d7__s3__5000K_2.0gcc,5000K_2.0gcc,gamma_bulk,40,7,3,True,,10.0,0.03143535312345408,0.5881256062500597,4888.880351497005,0.977776070299401,17.844487240518596,0.9547091861305202,0.0,0.9194472111553785,2.5394390385200554,6.0135510752688175,False
gamma_bulk__k40__d7__s4__5000K_2.0gcc,5000K_2.0gcc,gamma_bulk,40,7,4,True,,10.0,0.023063898793452987,0.518770148812564,4999.786913972056,0.9999573827944112,66.9729830790209,0.9601417652123045,0.0,0.9119770916334662,2.552487277643541,5.550285714285715,False
gamma_bulk__k40__d7__s5__5000K_2.0gcc,5000K_2.0gcc,gamma_bulk,40,7,5,True,,10.0,-0.007911868204099644,0.5006588614219254,5035.76122754491,1.007152245508982,104.89659957648566,0.9394089690150934,0.0,0.9421065737051793,2.550952681065176,5.38621082802173,False
gamma_bulk__k40__d8__s1__5000K_2.0gcc,5000K_2.0gcc,gamma_bulk,40,8,1,True,,10.0,0.024214758500631754,0.8822290632186878,5039.612301996009,1.0079224603992016,39.169222886863004,0.9582210019499678,0.0,0.9363794820717132,2.5323866342616563,5.9061327400815715,False
gamma_bulk__k40__d8__s2__5000K_2.0gcc,5000K_2.0gcc,gamma_bulk,40,8,2,True,,10.0,267.5321037726483,4874.853390758203,5028.4004169660675,1.0056800833932136,26.948330135421127,0.45749371717980947,0.021956087824351298,0.9078685258964143,2.5393900875714697,5.570329996292178,True
gamma_bulk__k40__d8__s3__5000K_2.0gcc,5000K_2.0gcc,gamma_bulk,40,8,3,True,,10.0,17.866772273630495,446.96693021845306,5061.552627544909,1.012310525508982,134.79848287227114,0.9330328341178571,0.0,0.9270418326693227,2.5569633952604294,5.314665619059388,True
gamma_bulk__k40__d8__s4__5000K_2.0gcc,5000K_2.0gcc,gamma_bulk,40,8,4,True,,10.0,-0.04322442852240804,0.5913440355469675,5074.668761477045,1.0149337522954092,41.96237370257274,0.9180259391313518,0.0,0.9241160358565738,2.5588142483917995,5.563678160919539,False
gamma_bulk__k40__d8__s5__5000K_2.0gcc,5000K_2.0gcc,gamma_bulk,40,8,5,True,,10.0,-0.038447355997482384,0.6392681416874666,5115.06006487026,1.023012012974052,90.0756249310814,0.9495062921950544,0.0,0.9053784860557769,2.5386337152099148,5.500685770785882,False
gamma_bulk__k40__d9__s1__5000K_2.0gcc,5000K_2.0gcc,gamma_bulk,40,9,1,True,,10.0,99.10334215484829,1553.9035356182812,5103.751952694611,1.0207503905389221,27.7819644016564,0.9424847561127979,0.0,0.9059387450199203,2.551454251628478,5.63319540229885,True
gamma_bulk__k40__d9__s2__5000K_2.0gcc,5000K_2.0gcc,gamma_bulk,40,9,2,True,,10.0,-0.01614649235326422,0.5176521681093504,4954.98172015968,0.9909963440319359,-40.55501270677762,0.9124122780717053,0.0,0.9500747011952191,2.5249370638138693,6.075671274961597,False
gamma_bulk__k40__d9__s3__5000K_2.0gcc,5000K_2.0gcc,gamma_bulk,40,9,3,True,,10.0,238.89888412838323,1750.1660643979687,4939.29419001996,0.9878588380039921,68.59799594775028,0.5767005752476752,0.001996007984031936,0.9214392430278885,2.5424948269776113,5.861502410085279,True
gamma_bulk__k40__d9__s4__5000K_2.0gcc,5000K_2.0gcc,gamma_bulk,40,9,4,True,,10.0,294.4269664444368,4700.234934512813,5206.682687824351,1.0413365375648702,147.40668639097555,0.5267123815186042,0.007984031936127744,0.9028884462151394,2.5549266247417184,5.117536524777903,True
gamma_bulk__k40__d9__s5__5000K_2.0gcc,5000K_2.0gcc,gamma_bulk,40,9,5,True,,10.0,-0.015023503390306796,0.6869279978437248,5042.292671656687,1.0084585343313375,88.83904557339073,0.9438956383107193,0.0,0.9168326693227091,2.5394498246305877,5.415635467980294,False
gamma_cluster__k2__d0__s2__5000K_2.0gcc,5000K_2.0gcc,gamma_cluster,2,0,2,True,,10.0,0.00196466510706547,0.40985850140577895,5153.412624750498,1.0306825249500997,49.583645258900404,0.945223755862071,0.0,0.9184511952191236,2.5370405032059047,5.696287727104191,False
gamma_cluster__k2__d0__s3__5000K_2.0gcc,5000K_2.0gcc,gamma_cluster,2,0,3,True,,10.0,0.01963392121750501,0.4977385603124276,4985.649307385228,0.9971298614770456,112.6260964096517,0.9205632682320103,0.0,0.9294073705179283,2.5414097006647562,5.69066814979607,False
gamma_cluster__k2__d0__s4__5000K_2.0gcc,5000K_2.0gcc,gamma_cluster,2,0,4,True,,10.0,0.058714529203393734,1.030371669844044,4952.199300199602,0.9904398600399204,29.417220136219797,0.9649674687164327,0.0,0.9165836653386454,2.551954250709216,5.684913183961014,False
gamma_cluster__k2__d0__s5__5000K_2.0gcc,5000K_2.0gcc,gamma_cluster,2,0,5,True,,10.0,0.025909662343537507,0.6631997043750744,5063.774770459082,1.0127549540918164,35.73706927111772,0.94173853040268,0.0,0.8982818725099602,2.541816729741321,5.720754912866149,False
gamma_cluster__k2__d1__s2__5000K_2.0gcc,5000K_2.0gcc,gamma_cluster,2,1,2,True,,10.0,0.04935952893261048,0.7675445700001546,5024.199467864272,1.0048398935728544,23.15323838429921,0.9485391654017247,0.0,0.9134711155378487,2.5444731808548675,5.661170189098998,False
gamma_cluster__k2__d1__s3__5000K_2.0gcc,5000K_2.0gcc,gamma_cluster,2,1,3,True,,10.0,-0.009489003665397587,0.6246463092188606,5127.91693233533,1.025583386467066,89.10352151409813,0.9503621608260711,0.0,0.9302788844621513,2.53717674544118,5.874949944382646,False
gamma_cluster__k2__d1__s4__5000K_2.0gcc,5000K_2.0gcc,gamma_cluster,2,1,4,True,,10.0,0.03969995132011658,0.8422798860938201,5071.823761077844,1.0143647522155688,17.949940359440994,0.9639157573040287,0.0,0.9172061752988048,2.5518957286943817,5.7521142009640345,False
gamma_cluster__k2__d1__s5__5000K_2.0gcc,5000K_2.0gcc,gamma_cluster,2,1,5,True,,10.0,-0.01130922413019331,0.2866773548439596,4945.614860878243,0.9891229721756486,32.333099941879055,0.9585746255633933,0.0,0.9047559760956175,2.579773269458627,5.586866995073892,False
gamma_cluster__k2__d2__s2__5000K_2.0gcc,5000K_2.0gcc,gamma_cluster,2,2,2,True,,10.0,-0.04179041805734084,0.5207079820306717,5067.999727744512,1.0135999455489024,59.70971423508759,0.9354203203977342,0.0,0.9204432270916335,2.539143131800077,5.5540696011441275,False
gamma_cluster__k2__d2__s3__5000K_2.0gcc,5000K_2.0gcc,gamma_cluster,2,2,3,True,,10.0,-0.07692641836347437,0.6310154114057696,4906.471977844312,0.9812943955688624,25.738311593914915,0.9413131093897503,0.0,0.9320219123505976,2.5574422185981156,5.90215053763441,False
gamma_cluster__k2__d2__s4__5000K_2.0gcc,5000K_2.0gcc,gamma_cluster,2,2,4,True,,10.0,0.03150142810967226,0.6877952798440674,5010.400790818364,1.0020801581636727,107.93774621848011,0.9554167524645988,0.0,0.9244272908366534,2.558833388984212,5.598857142857143,False
gamma_cluster__k2__d2__s5__5000K_2.0gcc,5000K_2.0gcc,gamma_cluster,2,2,5,True,,10.0,0.06568818842916044,1.0635723089062594,4965.776433133732,0.9931552866267465,14.477766858399978,0.9358627650195299,0.0,0.9275398406374502,2.5357765560227232,5.847149332591768,False
gamma_cluster__k2__d3__s2__5000K_2.0gcc,5000K_2.0gcc,gamma_cluster,2,3,2,True,,10.0,-0.04802695217487339,0.4578300370312718,5010.916433932135,1.002183286786427,23.214146697527905,0.9512962443849972,0.0,0.90824203187251,2.530492578711462,5.893806451612904,False
gamma_cluster__k2__d3__s3__5000K_2.0gcc,5000K_2.0gcc,gamma_cluster,2,3,3,True,,10.0,0.032481002692326,0.657237140624602,4978.213393013973,0.9956426786027945,103.92371144151963,0.9578963689402942,0.0,0.920941235059761,2.560387052402814,5.5101149425287375,False
gamma_cluster__k2__d3__s4__5000K_2.0gcc,5000K_2.0gcc,gamma_cluster,2,3,4,True,,10.0,0.0014873606693656743,0.3584991454686133,4964.878108383234,0.9929756216766468,-10.969085949523262,0.9174970909136446,0.0,0.9204432270916335,2.538444048154686,5.879612903225807,False
gamma_cluster__k2__d3__s5__5000K_2.0gcc,5000K_2.0gcc,gamma_cluster,2,3,5,True,,10.0,-0.05335308763411525,0.4669093954685195,5061.5636674650705,1.012312733493014,60.42400300161821,0.9478203430582187,0.0,0.9301543824701195,2.516289654490369,5.6790443349753685,False
gamma_cluster__k2__d4__s2__5000K_2.0gcc,5000K_2.0gcc,gamma_cluster,2,4,2,True,,10.0,0.045071141686142506,0.7251968160935576,4992.14889241517,0.9984297784830339,-31.833558731831996,0.9093988815431879,0.0,0.922808764940239,2.5464742565992973,5.927569892473119,False
gamma_cluster__k2__d4__s3__5000K_2.0gcc,5000K_2.0gcc,gamma_cluster,2,4,3,True,,10.0,-0.010476077104796432,0.3301769676559161,4958.020913373253,0.9916041826746507,50.86485712139309,0.9486884837980275,0.0,0.9135956175298805,2.5503296575237444,5.914193548387097,False
gamma_cluster__k2__d4__s4__5000K_2.0gcc,5000K_2.0gcc,gamma_cluster,2,4,4,True,,10.0,-0.02174405935020741,0.6311509242191278,4950.870106786428,0.9901740213572855,91.7921165716059,0.9449909719955002,0.0,0.8944223107569721,2.5715247575353435,5.289191753329686,False
gamma_cluster__k2__d4__s5__5000K_2.0gcc,5000K_2.0gcc,gamma_cluster,2,4,5,True,,10.0,-0.0016943870579337386,0.6949097024998991,4982.348556287425,0.996469711257485,104.75953800256697,0.9362587195513852,0.0,0.9023904382470119,2.5419048289228168,5.4895632183908045,False
gamma_cluster__k2__d5__s1__5000K_2.0gcc,5000K_2.0gcc,gamma_cluster,2,5,1,True,,10.0,0.02624965482723961,0.5708477226562536,4929.301132135729,0.9858602264271458,12.694188508380925,0.9010334243350795,0.0,0.9133466135458167,2.5467471683587775,5.849250595900207,False
gamma_cluster__k2__d5__s2__5000K_2.0gcc,5000K_2.0gcc,gamma_cluster,2,5,2,True,,10.0,-0.04802695217487339,0.4578300370312718,5010.916433932135,1.002183286786427,23.214146697527905,0.9512962443849972,0.0,0.90824203187251,2.530492578711462,5.893806451612904,False
gamma_cluster__k2__d5__s3__5000K_2.0gcc,5000K_2.0gcc,gamma_cluster,2,5,3,True,,10.0,0.032481002692326,0.657237140624602,4978.213393013973,0.9956426786027945,103.92371144151963,0.9578963689402942,0.0,0.920941235059761,2.560387052402814,5.5101149425287375,False
gamma_cluster__k2__d5__s4__5000K_2.0gcc,5000K_2.0gcc,gamma_cluster,2,5,4,True,,10.0,0.0014873606693656743,0.3584991454686133,4964.878108383234,0.9929756216766468,-10.969085949523262,0.9174970909136446,0.0,0.9204432270916335,2.538444048154686,5.879612903225807,False
gamma_cluster__k2__d5__s5__5000K_2.0gcc,5000K_2.0gcc,gamma_cluster,2,5,5,True,,10.0,-0.05335308763411525,0.4669093954685195,5061.5636674650705,1.012312733493014,60.42400300161821,0.9478203430582187,0.0,0.9301543824701195,2.516289654490369,5.6790443349753685,False
gamma_cluster__k2__d6__s1__5000K_2.0gcc,5000K_2.0gcc,gamma_cluster,2,6,1,True,,10.0,0.02624965482723961,0.5708477226562536,4929.301132135729,0.9858602264271458,12.694188508380925,0.9010334243350795,0.0,0.9133466135458167,2.5467471683587775,5.849250595900207,False
gamma_cluster__k2__d6__s2__5000K_2.0gcc,5000K_2.0gcc,gamma_cluster,2,6,2,True,,10.0,-0.04802695217487339,0.4578300370312718,5010.916433932135,1.002183286786427,23.214146697527905,0.9512962443849972,0.0,0.90824203187251,2.530492578711462,5.893806451612904,False
gamma_cluster__k2__d6__s3__5000K_2.0gcc,5000K_2.0gcc,gamma_cluster,2,6,3,True,,10.0,0.032481002692326,0.657237140624602,4978.213393013973,0.9956426786027945,103.92371144151963,0.9578963689402942,0.0,0.920941235059761,2.560387052402814,5.5101149425287375,False
gamma_cluster__k2__d6__s4__5000K_2.0gcc,5000K_2.0gcc,gamma_cluster,2,6,4,True,,10.0,0.0014873606693656743,0.3584991454686133,4964.878108383234,0.9929756216766468,-10.969085949523262,0.9174970909136446,0.0,0.9204432270916335,2.538444048154686,5.879612903225807,False
gamma_cluster__k2__d6__s5__5000K_2.0gcc,5000K_2.0gcc,gamma_cluster,2,6,5,True,,10.0,-0.05335308763411525,0.4669093954685195,5061.5636674650705,1.012312733493014,60.42400300161821,0.9478203430582187,0.0,0.9301543824701195,2.516289654490369,5.6790443349753685,False
gamma_cluster__k2__d7__s1__5000K_2.0gcc,5000K_2.0gcc,gamma_cluster,2,7,1,True,,10.0,0.0592394834992522,0.7596848268754002,4897.317671856287,0.9794635343712574,43.205693023570596,0.9597099108407707,0.0,0.9236802788844621,2.543827936344992,5.690058583611421,False
gamma_cluster__k2__d7__s2__5000K_2.0gcc,5000K_2.0gcc,gamma_cluster,2,7,2,True,,10.0,-0.04179041805734084,0.5207079820306717,5067.999727744512,1.0135999455489024,59.70971423508759,0.9354203203977342,0.0,0.9204432270916335,2.539143131800077,5.5540696011441275,False
gamma_cluster__k2__d7__s3__5000K_2.0gcc,5000K_2.0gcc,gamma_cluster,2,7,3,True,,10.0,-0.07692641836347437,0.6310154114057696,4906.471977844312,0.9812943955688624,25.738311593914915,0.9413131093897503,0.0,0.9320219123505976,2.5574422185981156,5.90215053763441,False
gamma_cluster__k2__d7__s4__5000K_2.0gcc,5000K_2.0gcc,gamma_cluster,2,7,4,True,,10.0,0.03150142810967226,0.6877952798440674,5010.400790818364,1.0020801581636727,107.93774621848011,0.9554167524645988,0.0,0.9244272908366534,2.558833388984212,5.598857142857143,False
gamma_cluster__k2__d7__s5__5000K_2.0gcc,5000K_2.0gcc,gamma_cluster,2,7,5,True,,10.0,0.06568818842916044,1.0635723089062594,4965.776433133732,0.9931552866267465,14.477766858399978,0.9358627650195299,0.0,0.9275398406374502,2.5357765560227232,5.847149332591768,False
gamma_cluster__k2__d8__s1__5000K_2.0gcc,5000K_2.0gcc,gamma_cluster,2,8,1,True,,10.0,0.02624965482723961,0.5708477226562536,4929.301132135729,0.9858602264271458,12.694188508380925,0.9010334243350795,0.0,0.9133466135458167,2.5467471683587775,5.849250595900207,False
gamma_cluster__k2__d8__s2__5000K_2.0gcc,5000K_2.0gcc,gamma_cluster,2,8,2,True,,10.0,-0.04802695217487339,0.4578300370312718,5010.916433932135,1.002183286786427,23.214146697527905,0.9512962443849972,0.0,0.90824203187251,2.530492578711462,5.893806451612904,False
gamma_cluster__k2__d8__s3__5000K_2.0gcc,5000K_2.0gcc,gamma_cluster,2,8,3,True,,10.0,0.032481002692326,0.657237140624602,4978.213393013973,0.9956426786027945,103.92371144151963,0.9578963689402942,0.0,0.920941235059761,2.560387052402814,5.5101149425287375,False
gamma_cluster__k2__d8__s4__5000K_2.0gcc,5000K_2.0gcc,gamma_cluster,2,8,4,True,,10.0,0.0014873606693656743,0.3584991454686133,4964.878108383234,0.9929756216766468,-10.969085949523262,0.9174970909136446,0.0,0.9204432270916335,2.538444048154686,5.879612903225807,False
gamma_cluster__k2__d8__s5__5000K_2.0gcc,5000K_2.0gcc,gamma_cluster,2,8,5,True,,10.0,-0.05335308763411525,0.4669093954685195,5061.5636674650705,1.012312733493014,60.42400300161821,0.9478203430582187,0.0,0.9301543824701195,2.516289654490369,5.6790443349753685,False
gamma_cluster__k2__d9__s1__5000K_2.0gcc,5000K_2.0gcc,gamma_cluster,2,9,1,True,,10.0,0.02624965482723961,0.5708477226562536,4929.301132135729,0.9858602264271458,12.694188508380925,0.9010334243350795,0.0,0.9133466135458167,2.5467471683587775,5.849250595900207,False
gamma_cluster__k2__d9__s2__5000K_2.0gcc,5000K_2.0gcc,gamma_cluster,2,9,2,True,,10.0,-0.04802695217487339,0.4578300370312718,5010.916433932135,1.002183286786427,23.214146697527905,0.9512962443849972,0.0,0.90824203187251,2.530492578711462,5.893806451612904,False
gamma_cluster__k2__d9__s3__5000K_2.0gcc,5000K_2.0gcc,gamma_cluster,2,9,3,True,,10.0,0.032481002692326,0.657237140624602,4978.213393013973,0.9956426786027945,103.92371144151963,0.9578963689402942,0.0,0.920941235059761,2.560387052402814,5.5101149425287375,False
gamma_cluster__k2__d9__s4__5000K_2.0gcc,5000K_2.0gcc,gamma_cluster,2,9,4,True,,10.0,0.0014873606693656743,0.3584991454686133,4964.878108383234,0.9929756216766468,-10.969085949523262,0.9174970909136446,0.0,0.9204432270916335,2.538444048154686,5.879612903225807,False
gamma_cluster__k2__d9__s5__5000K_2.0gcc,5000K_2.0gcc,gamma_cluster,2,9,5,True,,10.0,-0.05335308763411525,0.4669093954685195,5061.5636674650705,1.012312733493014,60.42400300161821,0.9478203430582187,0.0,0.9301543824701195,2.516289654490369,5.6790443349753685,False
gamma_cluster__k5__d0__s2__5000K_2.0gcc,5000K_2.0gcc,gamma_cluster,5,0,2,True,,10.0,0.06049167694546464,1.0119419273432868,5038.808524351298,1.0077617048702596,29.386961625464963,0.9328278236143054,0.0,0.9113545816733067,2.553036723423358,5.612463054187192,False
gamma_cluster__k5__d0__s3__5000K_2.0gcc,5000K_2.0gcc,gamma_cluster,5,0,3,True,,10.0,0.06159810642770743,0.8708053331247356,5067.202852694611,1.013440570538922,98.16286363582289,0.8838992428014633,0.0,0.9064990039840638,2.562267074019623,5.6465747126436785,False
gamma_cluster__k5__d0__s4__5000K_2.0gcc,5000K_2.0gcc,gamma_cluster,5,0,4,True,,10.0,-0.04623859623563709,0.6810196392189027,4876.811038922156,0.9753622077844312,13.575252746887738,0.9291393516200892,0.0,0.9265438247011952,2.532254121780809,5.903024100852801,False
gamma_cluster__k5__d0__s5__5000K_2.0gcc,5000K_2.0gcc,gamma_cluster,5,0,5,True,,10.0,145.82646168917694,1008.4645330621875,4989.144720758482,0.9978289441516965,4.2286579812246305,0.5315864512588708,0.007984031936127744,0.9396165338645418,2.5360792087764086,5.823354838709679,True
gamma_cluster__k5__d1__s2__5000K_2.0gcc,5000K_2.0gcc,gamma_cluster,5,1,2,True,,10.0,0.0208415732187515,0.4297111284377024,5001.967561477046,1.000393512295409,-12.146973195646154,0.9651660684390021,0.0,0.9038844621513944,2.5330368817558884,6.028616981831664,False
gamma_cluster__k5__d1__s3__5000K_2.0gcc,5000K_2.0gcc,gamma_cluster,5,1,3,True,,10.0,-0.01207044755665485,0.5131192645312694,5036.9840750499,1.00739681500998,36.35568391846752,0.9390157463099319,0.0,0.9137201195219123,2.5520166371035815,6.072970430107526,False
gamma_cluster__k5__d1__s4__5000K_2.0gcc,5000K_2.0gcc,gamma_cluster,5,1,4,True,,10.0,-0.043538558873880945,0.4156177959375782,4847.057175449101,0.9694114350898202,60.861030907126285,0.9327253715558517,0.0,0.920816733067729,2.5734128232715374,5.4738128078817745,False
gamma_cluster__k5__d1__s5__5000K_2.0gcc,5000K_2.0gcc,gamma_cluster,5,1,5,True,,10.0,0.055942264981145066,0.6927414974998101,4993.229846307385,0.998645969261477,-7.308293006380538,0.95557180586024,0.0,0.9152141434262948,2.548783575365139,6.004989247311827,False
gamma_cluster__k5__d2__s2__5000K_2.0gcc,5000K_2.0gcc,gamma_cluster,5,2,2,True,,10.0,-0.009829660390307372,0.31770978890608603,4942.387428143712,0.9884774856287424,9.1261498772993,0.9259954069194944,0.0,0.9261080677290837,2.530452760131146,5.861720430107527,False
gamma_cluster__k5__d2__s3__5000K_2.0gcc,5000K_2.0gcc,gamma_cluster,5,2,3,True,,10.0,-0.0035720575716602946,0.3499618382807057,4976.556878443113,0.9953113756886227,114.93715521101156,0.9497219696858656,0.0,0.9307768924302788,2.5368137183388417,5.64711986863711,False
gamma_cluster__k5__d2__s4__5000K_2.0gcc,5000K_2.0gcc,gamma_cluster,5,2,4,True,,10.0,0.0014510770846410778,1.0782076926561786,5053.501883233533,1.0107003766467066,-3.191767120520934,0.9306294128094168,0.0,0.9167081673306773,2.544614525737212,5.864078076169287,False
gamma_cluster__k5__d2__s5__5000K_2.0gcc,5000K_2.0gcc,gamma_cluster,5,2,5,True,,10.0,0.03280968645920576,0.6195645787497597,5002.165295608782,1.0004330591217563,29.228792131886784,0.9402051189660686,0.0,0.9373754980079682,2.5195995392721593,5.893699666295884,False
gamma_cluster__k5__d3__s2__5000K_2.0gcc,5000K_2.0gcc,gamma_cluster,5,3,2,True,,10.0,-0.04152082792009154,0.6360293854695556,5126.860035528942,1.0253720071057884,30.02299839034402,0.9409295733889967,0.0,0.9330179282868526,2.540590107376394,5.788152762328513,False
gamma_cluster__k5__d3__s3__5000K_2.0gcc,5000K_2.0gcc,gamma_cluster,5,3,3,True,,10.0,0.06538737587738014,1.0014396843748727,4882.9294347305395,0.9765858869461079,25.81088827994767,0.9240847374175155,0.0,0.9553037848605578,2.553443071252322,5.912541342232109,False
gamma_cluster__k5__d3__s4__5000K_2.0gcc,5000K_2.0gcc,gamma_cluster,5,3,4,True,,10.0,0.022781813723699224,0.937748662499871,4964.801505988024,0.9929603011976047,-1.090512158451742,0.9443206620031146,0.0,0.9321464143426295,2.5426546627887605,5.974352150537634,False
gamma_cluster__k5__d3__s5__5000K_2.0gcc,5000K_2.0gcc,gamma_cluster,5,3,5,True,,10.0,0.056729262893259934,0.7195052779684374,5082.932223552893,1.0165864447105788,124.56746215017202,0.9226723263374705,0.0,0.9000249003984063,2.554479134438393,5.366988505747125,False
gamma_cluster__k5__d4__s2__5000K_2.0gcc,5000K_2.0gcc,gamma_cluster,5,4,2,True,,10.0,0.015215276397941178,0.34941978703136556,4988.557007984033,0.9977114015968065,-19.963031490724767,0.9279195327376178,0.0,0.9508217131474104,2.5354923519076853,5.8833726362625125,False
gamma_cluster__k5__d4__s3__5000K_2.0gcc,5000K_2.0gcc,gamma_cluster,5,4,3,True,,10.0,-0.07084638501844166,0.6700431014064634,4987.771386427145,0.9975542772854291,35.786243223757275,0.9429101880041384,0.0,0.9450946215139442,2.5290194153409673,6.089204301075269,False
gamma_cluster__k5__d4__s4__5000K_2.0gcc,5000K_2.0gcc,gamma_cluster,5,4,4,True,,10.0,0.07600140388558875,0.9419495596876004,4895.45494491018,0.979090988982036,-7.050392791356131,0.9579257704963362,0.0,0.9244272908366534,2.5331189595330783,5.930967741935483,False
gamma_cluster__k5__d4__s5__5000K_2.0gcc,5000K_2.0gcc,gamma_cluster,5,4,5,True,,10.0,-0.02262034467982569,0.32224946812493727,4927.04557005988,0.9854091140119761,5.227821025956596,0.9467152582165347,0.0,0.9245517928286853,2.5311496409243652,5.827371153133113,False
gamma_cluster__k5__d5__s1__5000K_2.0gcc,5000K_2.0gcc,gamma_cluster,5,5,1,True,,10.0,0.04818476975764824,0.769712774999789,5024.731077245509,1.0049462154491018,21.06214054053329,0.9502065528504845,0.0,0.9301543824701195,2.5596386588894644,5.677793103448277,False
gamma_cluster__k5__d5__s2__5000K_2.0gcc,5000K_2.0gcc,gamma_cluster,5,5,2,True,,10.0,0.04180489249948292,0.964444686562274,4995.760354491018,0.9991520708982036,-26.200856647400588,0.9404882894395864,0.0,0.9259213147410359,2.546482695086931,5.8245294771968865,False
gamma_cluster__k5__d5__s3__5000K_2.0gcc,5000K_2.0gcc,gamma_cluster,5,5,3,True,,10.0,0.042592924143490425,0.5749131070315343,4978.286925748503,0.9956573851497005,30.386605734582538,0.9371562855159222,0.0,0.9216882470119522,2.549540307891189,6.067997311827956,False
gamma_cluster__k5__d5__s4__5000K_2.0gcc,5000K_2.0gcc,gamma_cluster,5,5,4,True,,10.0,0.051494727373492075,0.8758870635938365,4924.618240918163,0.9849236481836325,0.4393037523239247,0.9198176271185508,0.0,0.9346364541832669,2.5561949756389954,5.840223303670747,False
gamma_cluster__k5__d5__s5__5000K_2.0gcc,5000K_2.0gcc,gamma_cluster,5,5,5,True,,10.0,0.024568649950676695,0.48066394593752193,5077.329206187625,1.0154658412375248,34.78169290436896,0.9605962049029754,0.0,0.9444721115537849,2.5173658313148213,5.741342232109753,False
gamma_cluster__k5__d6__s1__5000K_2.0gcc,5000K_2.0gcc,gamma_cluster,5,6,1,True,,10.0,0.04818476975764824,0.769712774999789,5024.731077245509,1.0049462154491018,21.06214054053329,0.9502065528504845,0.0,0.9301543824701195,2.5596386588894644,5.677793103448277,False
gamma_cluster__k5__d6__s2__5000K_2.0gcc,5000K_2.0gcc,gamma_cluster,5,6,2,True,,10.0,0.04180489249948292,0.964444686562274,4995.760354491018,0.9991520708982036,-26.200856647400588,0.9404882894395864,0.0,0.9259213147410359,2.546482695086931,5.8245294771968865,False
gamma_cluster__k5__d6__s3__5000K_2.0gcc,5000K_2.0gcc,gamma_cluster,5,6,3,True,,10.0,0.042592924143490425,0.5749131070315343,4978.286925748503,0.9956573851497005,30.386605734582538,0.9371562855159222,0.0,0.9216882470119522,2.549540307891189,6.067997311827956,False
gamma_cluster__k5__d6__s4__5000K_2.0gcc,5000K_2.0gcc,gamma_cluster,5,6,4,True,,10.0,0.051494727373492075,0.8758870635938365,4924.618240918163,0.9849236481836325,0.4393037523239247,0.9198176271185508,0.0,0.9346364541832669,2.5561949756389954,5.840223303670747,False
gamma_cluster__k5__d6__s5__5000K_2.0gcc,5000K_2.0gcc,gamma_cluster,5,6,5,True,,10.0,0.024568649950676695,0.48066394593752193,5077.329206187625,1.0154658412375248,34.78169290436896,0.9605962049029754,0.0,0.9444721115537849,2.5173658313148213,5.741342232109753,False
gamma_cluster__k5__d7__s1__5000K_2.0gcc,5000K_2.0gcc,gamma_cluster,5,7,1,True,,10.0,0.03281732085423119,0.6436858593747274,4858.27958502994,0.971655917005988,21.012320797983488,0.9561500112037854,0.0,0.9267928286852589,2.538781029238928,5.918353726362628,False
gamma_cluster__k5__d7__s2__5000K_2.0gcc,5000K_2.0gcc,gamma_cluster,5,7,2,True,,10.0,-0.020387863040822116,0.35727953015612,4895.6447982035925,0.9791289596407184,16.91762808757499,0.9415011023875649,0.0,0.921812749003984,2.5535786000739105,5.7676114200964035,False
gamma_cluster__k5__d7__s3__5000K_2.0gcc,5000K_2.0gcc,gamma_cluster,5,7,3,True,,10.0,0.0066015899101965455,0.5805368887495206,4897.936860878243,0.9795873721756486,54.906645007737026,0.9495372914240919,0.0,0.9431025896414342,2.5464331715660524,5.950924731182795,False
gamma_cluster__k5__d7__s4__5000K_2.0gcc,5000K_2.0gcc,gamma_cluster,5,7,4,True,,10.0,0.04987573695470882,0.742000404843111,5062.850254690618,1.0125700509381237,7.892314196663407,0.9354087617480393,0.0,0.9201942231075697,2.5379051244972004,5.895230255839822,False
gamma_cluster__k5__d7__s5__5000K_2.0gcc,5000K_2.0gcc,gamma_cluster,5,7,5,True,,10.0,-0.025772638491878996,0.3200135067181691,5024.257073652694,1.0048514147305387,47.01759055897268,0.9430802951148962,0.0,0.9225597609561753,2.5600086969420697,5.741655172413793,False
gamma_cluster__k5__d8__s1__5000K_2.0gcc,5000K_2.0gcc,gamma_cluster,5,8,1,True,,10.0,-0.006220422095068816,0.4444820249991608,4771.5218495009985,0.9543043699001997,-14.269397857067096,0.952323051186938,0.0,0.9475846613545816,2.546188301145693,5.925349647756764,False
gamma_cluster__k5__d8__s2__5000K_2.0gcc,5000K_2.0gcc,gamma_cluster,5,8,2,True,,10.0,-0.08119623312223247,0.9043447542189824,4981.757931736526,0.9963515863473053,12.739689527119694,0.9040228688954717,0.0,0.9368774900398407,2.530843076442479,5.765665554319615,False
gamma_cluster__k5__d8__s3__5000K_2.0gcc,5000K_2.0gcc,gamma_cluster,5,8,3,True,,10.0,-0.05992778007443872,0.5000422781249654,4941.864100598803,0.9883728201197606,69.76338363109737,0.9054999620988397,0.0,0.9285358565737052,2.5510464278614156,5.755129297102601,False
gamma_cluster__k5__d8__s4__5000K_2.0gcc,5000K_2.0gcc,gamma_cluster,5,8,4,True,,10.0,0.002155781242065329,0.5246378535939584,4994.417110379241,0.9988834220758482,-16.951372058614076,0.956599859819141,0.0,0.9356324701195219,2.577324244872111,5.937373377827214,False
gamma_cluster__k5__d8__s5__5000K_2.0gcc,5000K_2.0gcc,gamma_cluster,5,8,5,True,,10.0,-0.039718259213456474,0.620242142812458,5075.312914770459,1.0150625829540918,2.8560558388772757,0.9391956427954725,0.0,0.9310258964143426,2.5395701829047024,5.84,False
gamma_cluster__k5__d9__s1__5000K_2.0gcc,5000K_2.0gcc,gamma_cluster,5,9,1,True,,10.0,0.006031185923510599,0.375167221405718,4882.15700499002,0.9764314009980041,47.711285891027934,0.9129956572651371,0.0,0.9620268924302788,2.5278444919822642,5.721930186980242,False
gamma_cluster__k5__d9__s2__5000K_2.0gcc,5000K_2.0gcc,gamma_cluster,5,9,2,True,,10.0,-0.04152082792009154,0.6360293854695556,5126.860035528942,1.0253720071057884,30.02299839034402,0.9409295733889967,0.0,0.9330179282868526,2.540590107376394,5.788152762328513,False
gamma_cluster__k5__d9__s3__5000K_2.0gcc,5000K_2.0gcc,gamma_cluster,5,9,3,True,,10.0,0.06538737587738014,1.0014396843748727,4882.9294347305395,0.9765858869461079,25.81088827994767,0.9240847374175155,0.0,0.9553037848605578,2.553443071252322,5.912541342232109,False
gamma_cluster__k5__d9__s4__5000K_2.0gcc,5000K_2.0gcc,gamma_cluster,5,9,4,True,,10.0,0.022781813723699224,0.937748662499871,4964.801505988024,0.9929603011976047,-1.090512158451742,0.9443206620031146,0.0,0.9321464143426295,2.5426546627887605,5.974352150537634,False
gamma_cluster__k5__d9__s5__5000K_2.0gcc,5000K_2.0gcc,gamma_cluster,5,9,5,True,,10.0,0.056729262893259934,0.7195052779684374,5082.932223552893,1.0165864447105788,124.56746215017202,0.9226723263374705,0.0,0.9000249003984063,2.554479134438393,5.366988505747125,False
gamma_cluster__k10__d0__s2__5000K_2.0gcc,5000K_2.0gcc,gamma_cluster,10,0,2,True,,10.0,0.031707525581817664,0.6880663054680554,5033.2103828343315,1.0066420765668662,47.71356246968535,0.9452285131940324,0.0,0.9069970119521913,2.5400852777990504,5.593819481964087,False
gamma_cluster__k10__d0__s3__5000K_2.0gcc,5000K_2.0gcc,gamma_cluster,10,0,3,True,,10.0,0.08533995604140142,1.1292282665617677,4934.072772255489,0.9868145544510979,65.03091755485015,0.9477916667501354,0.0,0.9382470119521913,2.550449096673238,5.823485354097145,False
gamma_cluster__k10__d0__s4__5000K_2.0gcc,5000K_2.0gcc,gamma_cluster,10,0,4,True,,10.0,0.07671502844302563,1.057813014374915,4898.4285217564875,0.9796857043512975,-4.163869195794267,0.9600679361680607,0.0,0.9162101593625498,2.5669290323303677,5.700045977011495,False
gamma_cluster__k10__d0__s5__5000K_2.0gcc,5000K_2.0gcc,gamma_cluster,10,0,5,True,,10.0,0.01885381142360931,0.5074954828123737,5053.629400798404,1.0107258801596808,53.13738423891836,0.9324682319098073,0.0,0.9203187250996016,2.5403520474769694,5.63167816091954,False
gamma_cluster__k10__d1__s2__5000K_2.0gcc,5000K_2.0gcc,gamma_cluster,10,1,2,True,,10.0,0.04736979922014102,0.7348182257810549,5028.886237125749,1.0057772474251498,10.26334369919641,0.938555082754337,0.0,0.9246762948207171,2.566708441362872,5.742925154934054,False
gamma_cluster__k10__d1__s3__5000K_2.0gcc,5000K_2.0gcc,gamma_cluster,10,1,3,True,,10.0,0.026631146251200027,0.5991699004689508,4896.9109802395205,0.9793821960479041,64.71091185444872,0.9328526408050731,0.0,0.944347609561753,2.5324468406054375,5.77216611049314,False
gamma_cluster__k10__d1__s4__5000K_2.0gcc,5000K_2.0gcc,gamma_cluster,10,1,4,True,,10.0,0.04115800804427117,0.5535020826564505,4970.11778263473,0.9940235565269461,34.867292481456516,0.9508217958513573,0.0,0.9190737051792829,2.534732681668885,5.984670374490175,False
gamma_cluster__k10__d1__s5__5000K_2.0gcc,5000K_2.0gcc,gamma_cluster,10,1,5,True,,10.0,0.08427466735703437,1.0473107714069556,4988.261636926148,0.9976523273852296,-86.28363173957423,0.9368880739757554,0.0,0.956050796812749,2.5402509384424743,6.247575268817204,False
gamma_cluster__k10__d2__s2__5000K_2.0gcc,5000K_2.0gcc,gamma_cluster,10,2,2,True,,10.0,-0.04444136302130815,0.5346658017178925,4950.369994810379,0.9900739989620757,62.83080520323037,0.9363149127985732,0.0,0.9220617529880478,2.555553811036133,5.545123152709363,False
gamma_cluster__k10__d2__s3__5000K_2.0gcc,5000K_2.0gcc,gamma_cluster,10,2,3,True,,10.0,-0.007571814857160559,0.5166425976558457,4987.97963493014,0.997595926986028,69.97052923592936,0.9327663160540268,0.0,0.9107320717131474,2.5414794839113166,5.797300704486466,False
gamma_cluster__k10__d2__s4__5000K_2.0gcc,5000K_2.0gcc,gamma_cluster,10,2,4,True,,10.0,-0.06962837704939943,0.6687557296882005,4969.440167265469,0.9938880334530938,54.15807826918632,0.954636518811741,0.0,0.9064990039840638,2.579364604576038,5.655300127713923,False
gamma_cluster__k10__d2__s5__5000K_2.0gcc,5000K_2.0gcc,gamma_cluster,10,2,5,True,,10.0,-0.006530228735500386,0.44482080703073734,4958.909305389221,0.9917818610778443,34.69289865236639,0.9426856094149311,0.0,0.9304033864541833,2.5341879360115365,5.839795328142381,False
gamma_cluster__k10__d3__s2__5000K_2.0gcc,5000K_2.0gcc,gamma_cluster,10,3,2,True,,10.0,-0.06553674598949977,0.5851443243745962,4982.925857884231,0.9965851715768462,-45.844707224079094,0.8991304491546263,0.0,0.9470866533864541,2.5219864502711657,6.137650537634409,False
gamma_cluster__k10__d3__s3__5000K_2.0gcc,5000K_2.0gcc,gamma_cluster,10,3,3,True,,10.0,54.06669943668194,450.4029863165624,5013.5606323353295,1.002712126467066,120.3021117879531,0.9472691841641424,0.0,0.9183266932270916,2.5368897559872905,5.665538852693468,True
gamma_cluster__k10__d3__s4__5000K_2.0gcc,5000K_2.0gcc,gamma_cluster,10,3,4,True,,10.0,0.0659097596237325,0.7512830325003961,4950.227406786427,0.9900454813572854,-10.879288524591455,0.9445616513648012,0.0,0.9523157370517928,2.5235328553888285,6.039919354838711,False
gamma_cluster__k10__d3__s5__5000K_2.0gcc,5000K_2.0gcc,gamma_cluster,10,3,5,True,,10.0,0.027993858106026073,0.699381625312526,4952.169740319362,0.9904339480638724,-8.111959303282312,0.9432176189183491,0.0,0.9144671314741036,2.5472981407725537,5.916645161290323,False
gamma_cluster__k10__d4__s2__5000K_2.0gcc,5000K_2.0gcc,gamma_cluster,10,4,2,True,,10.0,0.02840038527623775,0.8014905295303834,4859.6418335329345,0.9719283667065869,90.53720340375344,0.942194915346606,0.0,0.8982818725099602,2.56921458545117,5.438989965334793,False
gamma_cluster__k10__d4__s3__5000K_2.0gcc,5000K_2.0gcc,gamma_cluster,10,4,3,True,,10.0,-0.02492708465168799,0.5095959314057836,4966.55397764471,0.9933107955289421,72.31989272801125,0.913059474523977,0.0,0.9050049800796812,2.544753256127877,5.742180200222471,False
gamma_cluster__k10__d4__s4__5000K_2.0gcc,5000K_2.0gcc,gamma_cluster,10,4,4,True,,10.0,0.03381522254288645,0.6095366306244614,4952.043993413175,0.9904087986826349,-11.662095423304343,0.9520270699313123,0.0,0.9235557768924303,2.5534620910264745,5.953057471264367,False
gamma_cluster__k10__d4__s5__5000K_2.0gcc,5000K_2.0gcc,gamma_cluster,10,4,5,True,,10.0,0.00030723771056070286,0.4278817054682804,5012.196132934132,1.0024392265868265,13.315356675742306,0.9427006898888961,0.0,0.9188247011952191,2.5557229083733786,5.694022988505745,False
gamma_cluster__k10__d5__s1__5000K_2.0gcc,5000K_2.0gcc,gamma_cluster,10,5,1,True,,10.0,0.053745723457202674,0.9506223796879567,4942.497716566866,0.9884995433133732,49.98378318597605,0.9361788755515691,0.0,0.9086155378486056,2.550629272532013,5.71092059960803,False
gamma_cluster__k10__d5__s2__5000K_2.0gcc,5000K_2.0gcc,gamma_cluster,10,5,2,True,,10.0,-0.07543938730115098,0.7945793760936795,4950.304086427146,0.9900608172854293,-47.12466836795846,0.9232643915547699,0.0,0.9455926294820717,2.547116588967025,6.082967741935484,False
gamma_cluster__k10__d5__s3__5000K_2.0gcc,5000K_2.0gcc,gamma_cluster,10,5,3,True,,10.0,-0.02031102321394094,0.8384177709376672,5077.469476047904,1.0154938952095809,83.89280510805442,0.9355525872638053,0.0,0.9164591633466136,2.527971619197258,5.858249907304412,False
gamma_cluster__k10__d5__s4__5000K_2.0gcc,5000K_2.0gcc,gamma_cluster,10,5,4,True,,10.0,0.08292762296763037,1.0874225639063297,4992.270064271458,0.9984540128542916,-11.65918574000806,0.8969921646513973,0.0,0.9299053784860558,2.5527638677576387,6.078752688172043,False
gamma_cluster__k10__d5__s5__5000K_2.0gcc,5000K_2.0gcc,gamma_cluster,10,5,5,True,,10.0,0.003943170166165972,0.4800541382810479,4905.8871467065865,0.9811774293413172,16.594610489894933,0.9434542535009316,0.0,0.9411105577689243,2.5392118927093965,5.815015255045288,False
gamma_cluster__k10__d6__s1__5000K_2.0gcc,5000K_2.0gcc,gamma_cluster,10,6,1,True,,10.0,0.06780832090244095,0.9987971845312131,4992.3857027944105,0.9984771405588821,65.95755843580535,0.967272145332429,0.0,0.922808764940239,2.5438818357019564,5.690162826420892,False
gamma_cluster__k10__d6__s2__5000K_2.0gcc,5000K_2.0gcc,gamma_cluster,10,6,2,True,,10.0,-0.05629600654363188,0.6181416942190481,5006.259889620757,1.0012519779241515,-92.35445955405963,0.9566260111208555,0.0,0.9337649402390438,2.5544004497741035,6.206405913978495,False
gamma_cluster__k10__d6__s3__5000K_2.0gcc,5000K_2.0gcc,gamma_cluster,10,6,3,True,,10.0,0.014035834298556843,0.6764799599995968,4979.453498203593,0.9958906996407186,75.99862288373775,0.9372480485522494,0.0,0.9099850597609562,2.5395793693672073,5.798743974786801,False
gamma_cluster__k10__d6__s4__5000K_2.0gcc,5000K_2.0gcc,gamma_cluster,10,6,4,True,,10.0,-0.05635299979527088,0.5354788785934943,4886.6838223552895,0.9773367644710579,-41.719285611230156,0.9489403738586529,0.0,0.942355577689243,2.5512762450844066,6.194607526881721,False
gamma_cluster__k10__d6__s5__5000K_2.0gcc,5000K_2.0gcc,gamma_cluster,10,6,5,True,,10.0,319.9706866739104,2577.8037233446876,5136.930922355289,1.027386184471058,38.17796386172052,0.7899704135295196,0.003992015968063872,0.9038222111553785,2.5665605169625723,5.674988505747126,True
gamma_cluster__k10__d7__s1__5000K_2.0gcc,5000K_2.0gcc,gamma_cluster,10,7,1,True,,10.0,0.026526192826981616,0.7583974551553183,4932.13562754491,0.9864271255089819,71.86033060304673,0.9654706248695506,0.0,0.9312749003984063,2.5373071561480325,5.748132634143761,False
gamma_cluster__k10__d7__s2__5000K_2.0gcc,5000K_2.0gcc,gamma_cluster,10,7,2,True,,10.0,-0.024104613717095005,0.43452183328099636,4847.475454491018,0.9694950908982036,33.410108937718846,0.9575967801371305,0.0,0.9220617529880478,2.5446256995018426,5.675448275862068,False
gamma_cluster__k10__d7__s3__5000K_2.0gcc,5000K_2.0gcc,gamma_cluster,10,7,3,True,,10.0,-0.06426438008917199,0.6124501560943827,5082.309076247505,1.016461815249501,35.26404399091951,0.953653510514694,0.0,0.9358814741035857,2.5175871216621295,6.136975806451614,False
gamma_cluster__k10__d7__s4__5000K_2.0gcc,5000K_2.0gcc,gamma_cluster,10,7,4,True,,10.0,0.009928978140613174,0.41012952703113115,4993.528747904191,0.9987057495808381,15.733967032050561,0.9420409578765672,0.0,0.9462151394422311,2.5341042387389083,6.144763440860216,False
gamma_cluster__k10__d7__s5__5000K_2.0gcc,5000K_2.0gcc,gamma_cluster,10,7,5,True,,10.0,-0.01605009805051565,0.3709663242179886,5006.217176247505,1.001243435249501,75.48337828797128,0.9166630671320843,0.0,0.9145916334661355,2.5327250382679694,5.554725779967157,False
gamma_cluster__k10__d8__s1__5000K_2.0gcc,5000K_2.0gcc,gamma_cluster,10,8,1,True,,10.0,-0.002442818613202896,0.26831536875124584,4999.741396407186,0.9999482792814371,-65.85254759362029,0.9632311628077654,0.0,0.9490786852589641,2.5324419602906163,6.228588709677419,False
gamma_cluster__k10__d8__s2__5000K_2.0gcc,5000K_2.0gcc,gamma_cluster,10,8,2,True,,10.0,0.008661094044155262,0.6472769489055281,4961.649810778444,0.9923299621556887,-9.634091418039828,0.9357237193808857,0.0,0.9413595617529881,2.5390214149803687,5.924736559139785,False
gamma_cluster__k10__d8__s3__5000K_2.0gcc,5000K_2.0gcc,gamma_cluster,10,8,3,True,,10.0,0.03813700918567028,0.583518170624302,5096.931424151697,1.0193862848303394,82.67699153371386,0.9188557196105384,0.0,0.9245517928286853,2.5450367224270662,5.790064516129035,False
gamma_cluster__k10__d8__s4__5000K_2.0gcc,5000K_2.0gcc,gamma_cluster,10,8,4,True,,10.0,0.03734426194828198,0.684542972343479,4982.147337524949,0.9964294675049897,16.137768196119236,0.9228493328458334,0.0,0.9270418326693227,2.5569253704542123,5.778048201705599,False
gamma_cluster__k10__d8__s5__5000K_2.0gcc,5000K_2.0gcc,gamma_cluster,10,8,5,True,,10.0,-0.024328144722722676,0.3449478642196482,4991.037805788424,0.9982075611576847,97.66605963821988,0.9172986472567162,0.0,0.9289093625498008,2.5324286722221636,5.552389321468298,False
gamma_cluster__k10__d9__s1__5000K_2.0gcc,5000K_2.0gcc,gamma_cluster,10,9,1,True,,10.0,0.00590888019311454,0.44421099937517283,4979.526643512975,0.9959053287025951,-64.71665828075155,0.938148084874131,0.0,0.973605577689243,2.5334876454797013,6.144706989247312,False
gamma_cluster__k10__d9__s2__5000K_2.0gcc,5000K_2.0gcc,gamma_cluster,10,9,2,True,,10.0,0.0016069419082341085,0.3984076687502238,4973.446412175648,0.9946892824351297,-9.774266737301645,0.9361109114784433,0.0,0.9368152390438247,2.5411165771044506,5.9355461624026695,False
gamma_cluster__k10__d9__s3__5000K_2.0gcc,5000K_2.0gcc,gamma_cluster,10,9,3,True,,10.0,-0.05292429857772926,0.5387311860940827,4981.807530938124,0.9963615061876248,69.27621134996082,0.9548625600058894,0.0,0.9332669322709163,2.549640294846855,5.86192213570634,False
gamma_cluster__k10__d9__s4__5000K_2.0gcc,5000K_2.0gcc,gamma_cluster,10,9,4,True,,10.0,0.0037701783134181876,0.4467857428126081,5019.552044311376,1.0039104088622752,-6.502435512429336,0.9480554426097663,0.0,0.9397410358565738,2.539808189215944,5.980043010752688,False
gamma_cluster__k10__d9__s5__5000K_2.0gcc,5000K_2.0gcc,gamma_cluster,10,9,5,True,,10.0,0.06356324843600882,0.9245361632820277,5020.1035041916175,1.0040207008383235,59.64119122395276,0.9476518713182605,0.0,0.9200697211155379,2.5385893540297513,5.605198686371102,False
gamma_cluster__k20__d0__s2__5000K_2.0gcc,5000K_2.0gcc,gamma_cluster,20,0,2,True,,10.0,0.04921133976632389,1.0269838495314616,4987.903322754491,0.9975806645508981,5.446606034830246,0.9541506291178556,0.0,0.9426045816733067,2.5340005846422593,5.822634037819803,False
gamma_cluster__k20__d0__s3__5000K_2.0gcc,5000K_2.0gcc,gamma_cluster,20,0,3,True,,10.0,-0.022332862914013627,0.4351993973436947,4955.997718363274,0.9911995436726547,61.02819364569045,0.943143387057345,0.0,0.9152141434262948,2.5362574203060317,5.941591397849462,False
gamma_cluster__k20__d0__s4__5000K_2.0gcc,5000K_2.0gcc,gamma_cluster,20,0,4,True,,10.0,-0.05514838592369079,0.603845092499796,4972.203471856287,0.9944406943712575,-10.021829190929118,0.956228575750589,0.0,0.9144671314741036,2.5686568438701682,6.001687801260659,False
gamma_cluster__k20__d0__s5__5000K_2.0gcc,5000K_2.0gcc,gamma_cluster,20,0,5,True,,10.0,0.008789604438650738,0.42767843624960733,5088.765725748503,1.0177531451497006,41.502811699581095,0.9427022811354602,0.0,0.9287848605577689,2.5624459913719586,5.612093543090207,False
gamma_cluster__k20__d1__s2__5000K_2.0gcc,5000K_2.0gcc,gamma_cluster,20,1,2,True,,10.0,-0.03887800560198463,0.4789022793756885,4981.207962075849,0.9962415924151697,95.813760923573,0.9203560764448724,0.0,0.916085657370518,2.53714953502351,5.5859110946318955,False
gamma_cluster__k20__d1__s3__5000K_2.0gcc,5000K_2.0gcc,gamma_cluster,20,1,3,True,,10.0,-0.0012689762767771355,0.4544422167182347,4970.407329341318,0.9940814658682635,50.00920690207556,0.9587421931437047,0.0,0.9431025896414342,2.5473477177884742,6.052586021505376,False
gamma_cluster__k20__d1__s4__5000K_2.0gcc,5000K_2.0gcc,gamma_cluster,20,1,4,True,,10.0,0.040234658141286475,0.6787159214063649,4972.703922355289,0.9945407844710579,-30.120124179853917,0.9597458835889834,0.0,0.9436005976095617,2.560379301119355,5.931741935483873,False
gamma_cluster__k20__d1__s5__5000K_2.0gcc,5000K_2.0gcc,gamma_cluster,20,1,5,True,,10.0,-0.0389951664225412,0.6009315670316937,4989.964490818364,0.9979928981636728,-6.71959339176362,0.9382073480707769,0.0,0.9221862549800797,2.551872748124494,5.963260752688172,False
gamma_cluster__k20__d2__s2__5000K_2.0gcc,5000K_2.0gcc,gamma_cluster,20,2,2,True,,10.0,0.03497250854387084,0.919251163593799,5010.689480239521,1.0021378960479042,2.703460422721634,0.946027461459233,0.0,0.9551792828685259,2.5363295753052175,5.834981090100111,False
gamma_cluster__k20__d2__s3__5000K_2.0gcc,5000K_2.0gcc,gamma_cluster,20,2,3,True,,10.0,0.034159914893674606,0.6947741896874504,4997.835115568863,0.9995670231137727,43.655716254076516,0.9443501087250411,0.0,0.9368774900398407,2.5370905072001464,6.092774193548388,False
gamma_cluster__k20__d2__s4__5000K_2.0gcc,5000K_2.0gcc,gamma_cluster,20,2,4,True,,10.0,0.034822930097221726,0.6395527185941319,4943.1213393213575,0.9886242678642715,35.727388582196944,0.9064995934213099,0.0,0.9117280876494024,2.564762593153617,5.678775041050903,False
gamma_cluster__k20__d2__s5__5000K_2.0gcc,5000K_2.0gcc,gamma_cluster,20,2,5,True,,10.0,-0.08184264391850857,0.7052764326563192,5087.962757884231,1.0175925515768462,-20.240986016342767,0.9377180245110995,0.0,0.9592878486055777,2.5373835675051173,5.984190860215055,False
gamma_cluster__k20__d3__s2__5000K_2.0gcc,5000K_2.0gcc,gamma_cluster,20,3,2,True,,10.0,0.03461693411705337,0.6084525281248716,4870.443683632734,0.9740887367265468,-9.394795794854566,0.92848798008698,0.0,0.9342629482071713,2.5379984656158805,5.891397849462366,False
gamma_cluster__k20__d3__s3__5000K_2.0gcc,5000K_2.0gcc,gamma_cluster,20,3,3,True,,10.0,0.007501837612247594,0.6947741896874504,5078.5720411177645,1.015714408223553,46.40799599082611,0.9456650409748687,0.0,0.931648406374502,2.526908101076066,5.980266129032258,False
gamma_cluster__k20__d3__s4__5000K_2.0gcc,5000K_2.0gcc,gamma_cluster,20,3,4,True,,10.0,-0.0006383499212454221,0.35450151750046643,4923.594468263474,0.9847188936526947,-22.979640433788116,0.9567605527868508,0.0,0.9528137450199203,2.5626920071571213,5.957290322580646,False
gamma_cluster__k20__d3__s5__5000K_2.0gcc,5000K_2.0gcc,gamma_cluster,20,3,5,True,,10.0,-0.01592341038722963,0.4256457440624217,4957.749558682634,0.9915499117365268,0.4372402617727763,0.9296223714616597,0.0,0.9413595617529881,2.5331937182734534,5.913991935483872,False
gamma_cluster__k20__d4__s2__5000K_2.0gcc,5000K_2.0gcc,gamma_cluster,20,4,2,True,,10.0,0.05859598104827448,1.0262385290625389,5096.368196207584,1.019273639241517,41.311041676071056,0.9445990677986089,0.0,0.9239292828685259,2.525720739984488,5.835483870967742,False
gamma_cluster__k20__d4__s3__5000K_2.0gcc,5000K_2.0gcc,gamma_cluster,20,4,3,True,,10.0,-0.046007962535093413,0.6392816929683249,4945.954682235528,0.9891909364471055,46.717021677161746,0.9341866197939254,0.0,0.9449701195219123,2.5506193681276783,5.984129032258065,False
gamma_cluster__k20__d4__s4__5000K_2.0gcc,5000K_2.0gcc,gamma_cluster,20,4,4,True,,10.0,0.09471996587481975,1.2281526196879895,4942.416233133733,0.9884832466267466,-9.524428924754128,0.9323761024184389,0.0,0.9464641434262948,2.5469141115856515,5.862322580645161,False
gamma_cluster__k20__d4__s5__5000K_2.0gcc,5000K_2.0gcc,gamma_cluster,20,4,5,True,,10.0,0.010301798193253662,0.4696874081250826,5151.345812375249,1.0302691624750497,52.36290893869784,0.9257473087981408,0.0,0.9407370517928287,2.523504623875299,5.728879264732712,False
gamma_cluster__k20__d5__s1__5000K_2.0gcc,5000K_2.0gcc,gamma_cluster,20,5,1,True,,10.0,0.02124529288718328,0.6402302826563755,4925.052392814371,0.9850104785628743,-16.977860971283754,0.9486186278036078,0.0,0.946277390438247,2.547925320658127,5.823612903225807,False
gamma_cluster__k20__d5__s2__5000K_2.0gcc,5000K_2.0gcc,gamma_cluster,20,5,2,True,,10.0,-0.050332819165460216,0.8119250160939373,5081.156753293413,1.0162313506586826,-64.2119371513834,0.9343069847084529,0.0,0.9495766932270916,2.5441315559379296,6.226293010752688,False
gamma_cluster__k20__d5__s3__5000K_2.0gcc,5000K_2.0gcc,gamma_cluster,20,5,3,True,,10.0,-0.0022415019102975217,0.3490132485940194,5004.625330938123,1.0009250661876246,55.40205441871304,0.9170278778428725,0.0,0.9327689243027888,2.5492445142792035,5.863737486095663,False
gamma_cluster__k20__d5__s4__5000K_2.0gcc,5000K_2.0gcc,gamma_cluster,20,5,4,True,,10.0,-0.002946650786874701,0.5490979162505027,4911.290795608782,0.9822581591217564,37.91044534734013,0.9616778595070177,0.0,0.9321464143426295,2.542886287480028,5.819913978494624,False
gamma_cluster__k20__d5__s5__5000K_2.0gcc,5000K_2.0gcc,gamma_cluster,20,5,5,True,,10.0,479.938186252341,3637.5249613889064,4994.429805988024,0.9988859611976048,67.15368929251579,0.717772891241373,0.007984031936127744,0.9292828685258964,2.5424253613881382,5.555626992955135,True
gamma_cluster__k20__d6__s1__5000K_2.0gcc,5000K_2.0gcc,gamma_cluster,20,6,1,True,,10.0,0.022813949651980713,0.4597949728126878,4870.320438522954,0.9740640877045907,43.94354040591618,0.9270890868271502,0.0,0.9045069721115537,2.552143612583863,5.672837226548017,False
gamma_cluster__k20__d6__s2__5000K_2.0gcc,5000K_2.0gcc,gamma_cluster,20,6,2,True,,10.0,0.031857128023474346,0.7827220050003234,4938.5651502994015,0.9877130300598803,-46.21674020855399,0.9229190413514069,0.0,0.9582918326693227,2.546717736123374,5.965290322580646,False
gamma_cluster__k20__d6__s3__5000K_2.0gcc,5000K_2.0gcc,gamma_cluster,20,6,3,True,,10.0,0.02641205092350633,0.6318962446875958,5107.281651097805,1.021456330219561,108.45394629545133,0.9385165624697301,0.0,0.9495766932270916,2.5458433344553377,5.65390804597701,False
gamma_cluster__k20__d6__s4__5000K_2.0gcc,5000K_2.0gcc,gamma_cluster,20,6,4,True,,10.0,277.748191383024,1853.9958458226563,5233.546015169661,1.0467092030339322,24.222188209965314,0.4835746727218041,0.001996007984031936,0.8924302788844621,2.557527849011949,5.878629588431591,True
gamma_cluster__k20__d6__s5__5000K_2.0gcc,5000K_2.0gcc,gamma_cluster,20,6,5,True,,10.0,0.029412655616709377,0.6064198359372313,4947.435787824351,0.9894871575648702,9.855830386671599,0.9541158364695561,0.0,0.9407370517928287,2.559713399284034,5.815101223581755,False
gamma_cluster__k20__d7__s1__5000K_2.0gcc,5000K_2.0gcc,gamma_cluster,20,7,1,True,,10.0,0.004822121052676926,0.39115773328194337,4929.593352694611,0.9859186705389222,8.986176668504324,0.9605600647507676,0.0,0.9526892430278885,2.5401428527558334,5.922909899888765,False
gamma_cluster__k20__d7__s2__5000K_2.0gcc,5000K_2.0gcc,gamma_cluster,20,7,2,True,,10.0,-0.036893906860974435,0.47544670265597233,4980.699731337326,0.9961399462674652,-7.279382000392255,0.9251368705759165,0.0,0.9272908366533864,2.55664312041144,5.7149217649239885,False
gamma_cluster__k20__d7__s3__5000K_2.0gcc,5000K_2.0gcc,gamma_cluster,20,7,3,True,,10.0,0.02376804474209467,0.7450494431250263,5004.718438123752,1.0009436876247504,73.87394634333762,0.9514652096787352,0.0,0.9184511952191236,2.546517028555746,5.834279569892472,False
gamma_cluster__k20__d7__s4__5000K_2.0gcc,5000K_2.0gcc,gamma_cluster,20,7,4,True,,10.0,0.02724674643971124,0.5002455473431837,5007.284647704591,1.0014569295409184,52.69695838927734,0.919105655953112,0.0,0.9338894422310757,2.5530968813414097,5.829052743789397,False
gamma_cluster__k20__d7__s5__5000K_2.0gcc,5000K_2.0gcc,gamma_cluster,20,7,5,True,,10.0,-0.00512664181146132,0.29318196984331735,5045.567235728544,1.0091134471457088,34.07373506224833,0.9215249292563931,0.0,0.9175796812749004,2.5345914348711127,5.78993548387097,False
gamma_cluster__k20__d8__s1__5000K_2.0gcc,5000K_2.0gcc,gamma_cluster,20,8,1,True,,10.0,-0.006520726779341968,0.37652234953111474,4906.307568463074,0.9812615136926148,90.37133419658223,0.9472972674398465,0.0,0.9158366533864541,2.540937891648544,5.633148165804451,False
gamma_cluster__k20__d8__s2__5000K_2.0gcc,5000K_2.0gcc,gamma_cluster,20,8,2,True,,10.0,11.774511971651268,740.9605066231875,4934.259814770459,0.9868519629540918,-2158.892436514495,0.45617634584226296,0.562874251497006,0.8809760956175299,2.5546645464434103,5.693806451612903,True
gamma_cluster__k20__d8__s3__5000K_2.0gcc,5000K_2.0gcc,gamma_cluster,20,8,3,True,,10.0,-0.06303040155498506,0.7193697651564435,4992.58136766467,0.998516273532934,124.2181492121266,0.9515244928077261,0.0,0.928660358565737,2.5499930242406985,5.601442437511403,False
gamma_cluster__k20__d8__s4__5000K_2.0gcc,5000K_2.0gcc,gamma_cluster,20,8,4,True,,10.0,0.08287531304499662,1.089387499687291,5107.206605588822,1.0214413211177644,3.4838722453015607,0.9037089817933648,0.0,0.9474601593625498,2.5458438692305836,5.959327030033369,False
gamma_cluster__k20__d8__s5__5000K_2.0gcc,5000K_2.0gcc,gamma_cluster,20,8,5,True,,10.0,0.01550163890807419,0.49726426546885705,5024.536381636727,1.0049072763273454,46.87134161887713,0.9544840932723803,0.0,0.9096115537848606,2.561268132307623,5.602206896551724,False
gamma_cluster__k20__d9__s1__5000K_2.0gcc,5000K_2.0gcc,gamma_cluster,20,9,1,True,,10.0,-0.03385973869669722,0.6446344490623233,5055.821030938124,1.0111642061876247,36.77881273464026,0.931966068121045,0.0,0.9184511952191236,2.522376346202933,5.883311827956988,False
gamma_cluster__k20__d9__s2__5000K_2.0gcc,5000K_2.0gcc,gamma_cluster,20,9,2,True,,10.0,-0.029083819611910783,0.596866182656413,5018.948605988024,1.0037897211976048,13.881615319817696,0.9284038800936801,0.0,0.921937250996016,2.528957537850275,5.897075268817205,False
gamma_cluster__k20__d9__s3__5000K_2.0gcc,5000K_2.0gcc,gamma_cluster,20,9,3,True,,10.0,-0.0307215825041547,0.38722786171865664,5168.234888622755,1.033646977724551,79.5404972962122,0.9320693127289402,0.0,0.9246762948207171,2.535942355085699,5.871273266592511,False
gamma_cluster__k20__d9__s4__5000K_2.0gcc,5000K_2.0gcc,gamma_cluster,20,9,4,True,,10.0,-0.0289531309379311,0.34630299234368067,4888.861158882235,0.977772231776447,-41.52039244394382,0.9576336878666077,0.0,0.9357569721115537,2.5289326566627937,6.02489247311828,False
gamma_cluster__k20__d9__s5__5000K_2.0gcc,5000K_2.0gcc,gamma_cluster,20,9,5,True,,10.0,-0.015668607032293846,0.6167865660931966,4949.232556287425,0.989846511257485,-28.943020492965623,0.9349913838116369,0.0,0.9367529880478087,2.546960550197086,6.020473118279569,False
gamma_cluster__k40__d0__s2__5000K_2.0gcc,5000K_2.0gcc,gamma_cluster,40,0,2,True,,10.0,0.052244587347843915,1.136789881499908,4956.456450698603,0.9912912901397205,-19.692263901148696,0.8504834122932686,0.001996007984031936,0.9428535856573705,2.542119019156934,6.021763440860215,True
gamma_cluster__k40__d0__s3__5000K_2.0gcc,5000K_2.0gcc,gamma_cluster,40,0,3,True,,10.0,0.018469645104318193,0.5192173410937357,5061.435323952095,1.012287064790419,26.132499093628716,0.9516092637942319,0.0,0.9338894422310757,2.5404858053406105,6.074860215053764,False
gamma_cluster__k40__d0__s4__5000K_2.0gcc,5000K_2.0gcc,gamma_cluster,40,0,4,True,,10.0,0.010108898942993376,0.3548470751717332,4964.527561876247,0.9929055123752494,-4.910449775134478,0.9618222097695602,0.0,0.9582918326693227,2.549679632248107,5.95488172043011,False
gamma_cluster__k40__d0__s5__5000K_2.0gcc,5000K_2.0gcc,gamma_cluster,40,0,5,True,,10.0,0.04536750365232816,0.7243905148592376,4962.258700399201,0.9924517400798403,-21.86887807493444,0.9463451712636358,0.0,0.9335159362549801,2.519489427245099,6.047212365591398,False
gamma_cluster__k40__d1__s2__5000K_2.0gcc,5000K_2.0gcc,gamma_cluster,40,1,2,True,,10.0,-0.002526087652375125,0.39678151499981595,4978.856578443114,0.9957713156886228,-9.205052852740783,0.9403234190947274,0.0,0.9299053784860558,2.5316979016579535,5.899139784946239,False
gamma_cluster__k40__d1__s3__5000K_2.0gcc,5000K_2.0gcc,gamma_cluster,40,1,3,True,,10.0,0.04464520536474586,0.6220715657813116,5056.881015568862,1.0113762031137723,22.994108591554635,0.9630480190281273,0.0,0.953187250996016,2.520267269228553,6.113454301075268,False
gamma_cluster__k40__d1__s4__5000K_2.0gcc,5000K_2.0gcc,gamma_cluster,40,1,4,True,,10.0,0.011304456412559987,0.34420254375004333,4912.669642514969,0.9825339285029939,-24.174814467584806,0.9510206150625756,0.0,0.943351593625498,2.567595127550477,6.054451612903226,False
gamma_cluster__k40__d1__s5__5000K_2.0gcc,5000K_2.0gcc,gamma_cluster,40,1,5,True,,10.0,0.02291823632124365,0.46318279312504274,5029.716095009981,1.0059432190019961,-2.4509821228974786,0.9558581490420012,0.0,0.9223107569721115,2.5560013708863165,5.890338895068595,False
gamma_cluster__k40__d2__s2__5000K_2.0gcc,5000K_2.0gcc,gamma_cluster,40,2,2,True,,10.0,0.0562987620496887,0.9118860422343005,5111.4661199600805,1.0222932239920162,77.18252191000892,0.7194986426151192,0.001996007984031936,0.9234312749003984,2.5539540630173905,5.531333698230251,True
gamma_cluster__k40__d2__s3__5000K_2.0gcc,5000K_2.0gcc,gamma_cluster,40,2,3,True,,10.0,-0.038839384673376394,0.36148042734373576,5015.413826546906,1.0030827653093812,20.963519292122754,0.921062339194802,0.0,0.9291583665338645,2.552510485187867,5.949317945865776,False
gamma_cluster__k40__d2__s4__5000K_2.0gcc,5000K_2.0gcc,gamma_cluster,40,2,4,True,,10.0,0.018812631245320226,0.6249444374061568,4865.245030738523,0.9730490061477047,-85.84678746551265,0.9460194591814696,0.0,0.9551792828685259,2.554286177848478,6.240282258064516,False
gamma_cluster__k40__d2__s5__5000K_2.0gcc,5000K_2.0gcc,gamma_cluster,40,2,5,True,,10.0,-0.029590178228150698,0.5237163664688751,5020.030889421157,1.0040061778842313,-4.582380879430018,0.9283251760137715,0.0,0.9391185258964143,2.542313533238865,5.814752688172042,False
gamma_cluster__k40__d3__s2__5000K_2.0gcc,5000K_2.0gcc,gamma_cluster,40,3,2,True,,10.0,-0.0007592519741456678,0.46414493409372426,4809.482259081837,0.9618964518163673,9.191127965959804,0.8910524310639639,0.0,0.9408615537848606,2.558699268800014,5.633662588060808,False
gamma_cluster__k40__d3__s3__5000K_2.0gcc,5000K_2.0gcc,gamma_cluster,40,3,3,True,,10.0,0.013495671823274713,0.6394239814218281,4938.337734331338,0.9876675468662676,109.29422184824837,0.7977900160631243,0.003992015968063872,0.9297808764940239,2.54992198276059,5.490882038243552,True
gamma_cluster__k40__d3__s4__5000K_2.0gcc,5000K_2.0gcc,gamma_cluster,40,3,4,True,,10.0,0.013252366868209693,0.5557719222657624,5042.790919361278,1.0085581838722555,7.326187284211951,0.9346009010256732,0.0,0.9231822709163346,2.5664346656168027,5.849483129403041,False
gamma_cluster__k40__d3__s5__5000K_2.0gcc,5000K_2.0gcc,gamma_cluster,40,3,5,True,,10.0,0.04422037510929228,0.7284220210311787,5086.043978043913,1.0172087956087825,-15.660549215184856,0.8737341749307963,0.0,0.9277888446215139,2.5483905986157804,5.89840860215054,False
gamma_cluster__k40__d4__s2__5000K_2.0gcc,5000K_2.0gcc,gamma_cluster,40,4,2,True,,10.0,-0.024385201082800085,0.7229744059686709,4868.620684231537,0.9737241368463073,-47.95828287445051,0.8613388391591303,0.0,0.9641434262948207,2.5332630925862656,6.109021505376344,False
gamma_cluster__k40__d4__s3__5000K_2.0gcc,5000K_2.0gcc,gamma_cluster,40,4,3,True,,10.0,-0.008755812966356238,0.5861403435468446,4893.7972277445115,0.9787594455489023,71.89840378763276,0.9605199737579636,0.0,0.9215637450199203,2.5799692604556133,5.779264367816093,False
gamma_cluster__k40__d4__s4__5000K_2.0gcc,5000K_2.0gcc,gamma_cluster,40,4,4,True,,10.0,-0.009196271987412897,0.5278766098125516,4985.3151363273455,0.9970630272654691,26.973162339923267,0.9541530109646986,0.0,0.9431025896414342,2.5418323271747107,5.744373642671752,False
gamma_cluster__k40__d4__s5__5000K_2.0gcc,5000K_2.0gcc,gamma_cluster,40,4,5,True,,10.0,0.014273263800004463,0.4177792252968402,5002.0557750499,1.0004111550099801,29.48975925434349,0.9556015894785862,0.0,0.923804780876494,2.5352621954101426,5.815583240637746,False
gamma_cluster__k40__d5__s1__5000K_2.0gcc,5000K_2.0gcc,gamma_cluster,40,5,1,True,,10.0,-0.01925907151711601,0.39458620743744177,4962.914265868263,0.9925828531736526,25.895674658186785,0.9458502576898739,0.0,0.9299053784860558,2.55096645465285,5.720987764182426,False
gamma_cluster__k40__d5__s2__5000K_2.0gcc,5000K_2.0gcc,gamma_cluster,40,5,2,True,,10.0,-0.013293016058780489,0.3764071636406925,5036.668800998004,1.0073337601996009,13.830994819742461,0.8799124631831281,0.0,0.9232445219123506,2.5483218143446362,5.816882461994807,False
gamma_cluster__k40__d5__s3__5000K_2.0gcc,5000K_2.0gcc,gamma_cluster,40,5,3,True,,10.0,-0.05806601781958566,0.5113440466874408,4830.327329540919,0.9660654659081838,46.95039614667561,0.9298488299148416,0.0,0.9401145418326693,2.530620435438072,5.926193548387097,False
gamma_cluster__k40__d5__s4__5000K_2.0gcc,5000K_2.0gcc,gamma_cluster,40,5,4,True,,10.0,0.0074052058396714545,0.3159413467031982,4903.408906986028,0.9806817813972056,-16.829291968898346,0.9445908640819048,0.0,0.9346364541832669,2.5496389098525447,5.955784946236559,False
gamma_cluster__k40__d5__s5__5000K_2.0gcc,5000K_2.0gcc,gamma_cluster,40,5,5,True,,10.0,0.002318032792710311,0.46167182526562556,5121.519409780439,1.0243038819560877,43.6209794168888,0.9487098553346016,0.0,0.920816733067729,2.5761446678672657,5.662121510673234,False
gamma_cluster__k40__d6__s1__5000K_2.0gcc,5000K_2.0gcc,gamma_cluster,40,6,1,True,,10.0,0.11172971293576968,1.075761686390706,4980.503663872255,0.996100732774451,50.954672537451735,0.9432728081615627,0.0,0.9251743027888446,2.555045858897008,5.698166852057844,False
gamma_cluster__k40__d6__s2__5000K_2.0gcc,5000K_2.0gcc,gamma_cluster,40,6,2,True,,10.0,0.0799169591222222,0.9494027643750087,4961.201509580837,0.9922403019161675,-22.3306831138081,0.9466950042426545,0.0,0.9416085657370518,2.520782692453832,6.027774193548387,False
gamma_cluster__k40__d6__s3__5000K_2.0gcc,5000K_2.0gcc,gamma_cluster,40,6,3,True,,10.0,-0.018616710492166733,0.4591174087499894,5025.950266267465,1.005190053253493,111.88036177910841,0.9345236974550186,0.0,0.9215637450199203,2.5523376790459396,5.662767519466072,False
gamma_cluster__k40__d6__s4__5000K_2.0gcc,5000K_2.0gcc,gamma_cluster,40,6,4,True,,10.0,0.07450173578623369,0.9202675096875055,4848.540906387226,0.9697081812774452,44.71912414239618,0.9515865511181841,0.0,0.9103585657370518,2.540841750191931,5.677333333333336,False
gamma_cluster__k40__d6__s5__5000K_2.0gcc,5000K_2.0gcc,gamma_cluster,40,6,5,True,,10.0,0.022172332659453037,0.48758187501562134,5080.259697005988,1.0160519394011975,24.676713734741096,0.885708832355758,0.0,0.9572958167330677,2.5503966338018786,5.71160511679644,False
gamma_cluster__k40__d7__s1__5000K_2.0gcc,5000K_2.0gcc,gamma_cluster,40,7,1,True,,10.0,-0.04678520159838038,1.0179722474999835,4908.925226546906,0.9817850453093812,-59.31146391244696,0.9565327051627669,0.0,0.9778386454183267,2.542015484069252,6.282782258064517,False
gamma_cluster__k40__d7__s2__5000K_2.0gcc,5000K_2.0gcc,gamma_cluster,40,7,2,True,,10.0,-0.008316313901053172,0.4003048481249607,4990.86565508982,0.9981731310179641,16.028845290536484,0.9502787934353787,0.0,0.9434760956175299,2.5392507712892445,5.804707452725251,False
gamma_cluster__k40__d7__s3__5000K_2.0gcc,5000K_2.0gcc,gamma_cluster,40,7,3,True,,10.0,0.08027938693025251,1.0433131434374445,5120.641892614771,1.0241283785229542,106.3538743565738,0.9367102549652152,0.0,0.9118525896414342,2.5594246007826253,5.535768631813125,False
gamma_cluster__k40__d7__s4__5000K_2.0gcc,5000K_2.0gcc,gamma_cluster,40,7,4,True,,10.0,0.05258124510453248,0.6232234246874668,4940.787767065868,0.9881575534131736,-22.802477862042057,0.9472317542740011,0.0,0.9404880478087649,2.5760374135016146,6.053816833518725,False
gamma_cluster__k40__d7__s5__5000K_2.0gcc,5000K_2.0gcc,gamma_cluster,40,7,5,True,,10.0,0.023495311578083346,0.6661132298438588,5010.014570658683,1.0020029141317366,11.222194670565644,0.9466229293108211,0.0,0.9294073705179283,2.5400898185145153,5.963096774193548,False
gamma_cluster__k40__d8__s1__5000K_2.0gcc,5000K_2.0gcc,gamma_cluster,40,8,1,True,,10.0,0.07781978175798655,0.9282017848593682,4890.358394011976,0.9780716788023952,-3.727627898859909,0.9414302709744363,0.0,0.9261703187250996,2.545595964045493,5.90555580274379,False
gamma_cluster__k40__d8__s2__5000K_2.0gcc,5000K_2.0gcc,gamma_cluster,40,8,2,True,,10.0,-0.04191849264188022,0.41735235993746755,4978.85839481038,0.995771678962076,10.697264933839055,0.9252414100249725,0.0,0.9279133466135459,2.5637562340260147,5.668253615127921,False
gamma_cluster__k40__d8__s3__5000K_2.0gcc,5000K_2.0gcc,gamma_cluster,40,8,3,True,,10.0,0.008288247856455506,0.6370660584844359,4945.45085528942,0.9890901710578841,89.0692941001879,0.9572024387087613,0.0,0.9198207171314741,2.544275134214559,5.714027437893955,False
gamma_cluster__k40__d8__s4__5000K_2.0gcc,5000K_2.0gcc,gamma_cluster,40,8,4,True,,10.0,0.00394923486455734,0.8706833715937705,4965.39303752495,0.99307860750499,44.99214873384821,0.9329028344077428,0.0,0.9139691235059761,2.5416439193741143,5.789026325546904,False
gamma_cluster__k40__d8__s5__5000K_2.0gcc,5000K_2.0gcc,gamma_cluster,40,8,5,True,,10.0,-0.002347280487701924,0.3835215862969221,4939.140595608783,0.9878281191217566,30.845263729282948,0.9188618840010727,0.0,0.9259213147410359,2.518774518899273,5.931370411568411,False
gamma_cluster__k40__d9__s1__5000K_2.0gcc,5000K_2.0gcc,gamma_cluster,40,9,1,True,,10.0,-0.015055838420359844,0.38255266968747037,4838.174123552893,0.9676348247105787,-45.990929695873255,0.9416440955907911,0.0,0.9460906374501992,2.5387391610765127,6.213427419354839,False
gamma_cluster__k40__d9__s2__5000K_2.0gcc,5000K_2.0gcc,gamma_cluster,40,9,2,True,,10.0,-0.002900597085888459,0.543745160156277,5045.62688003992,1.0091253760079841,-26.589666081471066,0.7645012899465898,0.001996007984031936,0.9635209163346613,2.5350673826725183,6.023951612903225,True
gamma_cluster__k40__d9__s3__5000K_2.0gcc,5000K_2.0gcc,gamma_cluster,40,9,3,True,,10.0,-0.10508999559256003,0.8535274495312706,4793.9201415169655,0.958784028303393,2.4125912577348396,0.9447745446115703,0.0,0.9413595617529881,2.5606424909624583,6.0172983870967744,False
gamma_cluster__k40__d9__s4__5000K_2.0gcc,5000K_2.0gcc,gamma_cluster,40,9,4,True,,10.0,0.06713252290730008,0.9275174451562407,4951.290465269461,0.9902580930538921,44.563703814687095,0.9631177887615824,0.0,0.9626494023904383,2.5537697847098686,5.760164627363738,False
gamma_cluster__k40__d9__s5__5000K_2.0gcc,5000K_2.0gcc,gamma_cluster,40,9,5,True,,10.0,-0.03493348393121123,0.8452611679687152,4998.669094411178,0.9997338188822356,41.207149150018395,0.9610105137536218,0.0,0.9495766932270916,2.5326408603272625,5.794056637004078,False
random__k2__d0__s2__5000K_2.0gcc,5000K_2.0gcc,random,2,0,2,True,,10.0,-0.05305150926769661,0.6774285496871926,4896.896244311377,0.9793792488622753,6.027272398693386,0.9353181005011074,0.0,0.959910358565737,2.549764179461062,5.825819005243923,False
random__k2__d0__s3__5000K_2.0gcc,5000K_2.0gcc,random,2,0,3,True,,10.0,0.0353910249661394,0.680138805937986,4852.564237524951,0.9705128475049901,86.29347142124925,0.9428076787611566,0.0,0.9244272908366534,2.541848395431017,5.75816536892844,False
random__k2__d0__s4__5000K_2.0gcc,5000K_2.0gcc,random,2,0,4,True,,10.0,86.28766576234747,627.7531437145317,5011.788721556887,1.0023577443113774,-35.28839714360295,0.9392997818769045,0.0,0.9282868525896414,2.534817545919203,6.28133064516129,True
random__k2__d0__s5__5000K_2.0gcc,5000K_2.0gcc,random,2,0,5,True,,10.0,-0.08330229582622961,0.8428219373431602,5134.582000199602,1.0269164000399202,64.27915272612053,0.9295584086925359,0.0,0.9234312749003984,2.5392210466991685,5.545194307608101,False
random__k2__d1__s2__5000K_2.0gcc,5000K_2.0gcc,random,2,1,2,True,,10.0,-0.054238851248162474,0.5127127260934685,5037.358308782435,1.0074716617564872,54.171376942844205,0.9462105154171557,0.0,0.9158366533864541,2.53862010829231,5.500488585200486,False
random__k2__d1__s3__5000K_2.0gcc,5000K_2.0gcc,random,2,1,3,True,,10.0,0.6268950997850259,872.9055106931248,4935.953958283433,0.9871907916566867,-63.716543292055626,0.44184877882483764,0.007984031936127744,0.922808764940239,2.553461062421274,6.007078142380421,True
random__k2__d1__s4__5000K_2.0gcc,5000K_2.0gcc,random,2,1,4,True,,10.0,0.00935856077844757,0.4055220914065103,4860.697116966067,0.9721394233932135,38.90877305499073,0.9417271571325746,0.0,0.927664342629482,2.554601196680277,5.681192436040044,False
random__k2__d1__s5__5000K_2.0gcc,5000K_2.0gcc,random,2,1,5,True,,10.0,0.03044754598716424,0.6550689356249677,5036.074298203593,1.0072148596407184,76.86799709910416,0.948416606650263,0.0,0.9068725099601593,2.539871347862908,5.43720853858785,False
random__k2__d2__s2__5000K_2.0gcc,5000K_2.0gcc,random,2,2,2,True,,10.0,-0.0006100071554853714,0.5511306084376884,5082.85549760479,1.016571099520958,35.99080249764863,0.9381306054691956,0.0,0.9225597609561753,2.5384206314383384,5.644683722654801,False
random__k2__d2__s3__5000K_2.0gcc,5000K_2.0gcc,random,2,2,3,True,,10.0,-0.031016023804121957,0.5704411842184527,4859.547752694611,0.9719095505389221,63.72188952255458,0.9488551706672628,0.0,0.9215637450199203,2.5532271448676536,5.903971820541342,False
random__k2__d2__s4__5000K_2.0gcc,5000K_2.0gcc,random,2,2,4,True,,10.0,86.01469207445828,1228.7202828590625,5014.057158283434,1.0028114316566867,74.42842147141378,0.6697943727032943,0.001996007984031936,0.9240537848605578,2.5561875782056087,5.6876211663753375,True
random__k2__d2__s5__5000K_2.0gcc,5000K_2.0gcc,random,2,2,5,True,,10.0,0.057870642531921486,1.008283081405807,5090.605574051896,1.0181211148103793,88.92585476394669,0.9373006683466085,0.0,0.9033864541832669,2.549878516137764,5.447395624768262,False
random__k2__d3__s2__5000K_2.0gcc,5000K_2.0gcc,random,2,3,2,True,,10.0,31.198930868684755,2296.142818382522,5275.390519361277,1.0550781038722554,74.59253889189448,0.5151367571325115,0.005988023952095809,0.8977838645418327,2.548691294382876,5.370720531065359,True
random__k2__d3__s3__5000K_2.0gcc,5000K_2.0gcc,random,2,3,3,True,,10.0,302.1886797219111,2672.850939718172,5127.9108628742515,1.0255821725748504,79.51826404693348,0.7158999898107269,0.001996007984031936,0.9028884462151394,2.53953836191746,5.810539117538006,True
random__k2__d3__s4__5000K_2.0gcc,5000K_2.0gcc,random,2,3,4,True,,10.0,0.00013612882056039576,0.5470652240624077,4897.39850758483,0.9794797015169661,24.399758173962283,0.9588841187072606,0.0,0.9065612549800797,2.5614236535395754,5.643267651888342,False
random__k2__d3__s5__5000K_2.0gcc,5000K_2.0gcc,random,2,3,5,True,,10.0,0.009034679506437935,0.43574144859394437,4914.195526147704,0.9828391052295409,-2.062377299755328,0.9342425046298211,0.0,0.9249252988047809,2.566167789984383,5.829233963663329,False
random__k2__d4__s2__5000K_2.0gcc,5000K_2.0gcc,random,2,4,2,True,,10.0,0.023930455591751144,0.7567035449997093,4918.262730139721,0.9836525460279442,-35.978562433980706,0.9404937830161347,0.0,0.9305278884462151,2.536659072765018,5.990857526881721,False
random__k2__d4__s3__5000K_2.0gcc,5000K_2.0gcc,random,2,4,3,True,,10.0,0.05441901688880156,0.828593092031042,5079.092279441117,1.0158184558882235,136.91468431208506,0.9390418565287714,0.0,0.9155876494023905,2.5476803408051962,5.545203241697126,False
random__k2__d4__s4__5000K_2.0gcc,5000K_2.0gcc,random,2,4,4,True,,10.0,0.022203725486955476,0.5403573398434673,4921.390258682635,0.984278051736527,-40.73062322381216,0.9352554206637888,0.0,0.944347609561753,2.557104951339593,5.944516129032257,False
random__k2__d4__s5__5000K_2.0gcc,5000K_2.0gcc,random,2,4,5,True,,10.0,11.962471567069715,569.8300214343749,5115.341525149701,1.02306830502994,-1.2498811416785691,0.7819782145514034,0.001996007984031936,0.9275398406374502,2.555133143927342,5.700520472482651,True
random__k2__d5__s2__5000K_2.0gcc,5000K_2.0gcc,random,2,5,2,True,,10.0,74.2596304346808,1209.7761337228126,4967.259831936129,0.9934519663872258,-56.22370994999418,0.47986180153248287,0.001996007984031936,0.9328934262948207,2.560608863567719,5.9090752688172055,True
random__k2__d5__s3__5000K_2.0gcc,5000K_2.0gcc,random,2,5,3,True,,10.0,368.221441758514,2535.5406039654845,5054.936580638723,1.0109873161277447,96.40104692366326,0.5585514475292315,0.005988023952095809,0.896414342629482,2.5738830926210836,5.606028497272101,True
random__k2__d5__s4__5000K_2.0gcc,5000K_2.0gcc,random,2,5,4,True,,10.0,-0.029230450154305015,0.5526212493750791,4991.23206746507,0.998246413493014,51.46611960315147,0.9469417477696294,0.0,0.9028884462151394,2.5569762174184287,5.615187774776208,False
random__k2__d5__s5__5000K_2.0gcc,5000K_2.0gcc,random,2,5,5,True,,10.0,-0.02411795398809255,0.535478878593949,4983.745056487026,0.9967490112974052,5.58373280370785,0.9393985441440704,0.0,0.9244272908366534,2.5418158850480497,5.916602150537633,False
random__k2__d6__s2__5000K_2.0gcc,5000K_2.0gcc,random,2,6,2,True,,10.0,108.77023398406443,910.8394090270313,5086.216348502995,1.017243269700599,45.94268865929552,0.9482129820968489,0.0,0.9128486055776892,2.5410343063073784,5.573082649151615,True
random__k2__d6__s3__5000K_2.0gcc,5000K_2.0gcc,random,2,6,3,True,,10.0,-0.03061236704180919,0.47070375421890276,4978.06058223553,0.995612116447106,87.75759588001449,0.9032829797018206,0.0,0.9221862549800797,2.555568093099096,5.776956618464961,False
random__k2__d6__s4__5000K_2.0gcc,5000K_2.0gcc,random,2,6,4,True,,10.0,-0.0515201959227558,0.5957143237496894,4982.073938922155,0.996414787784431,2.4549169343958392,0.9221320855614997,0.0,0.9340761952191236,2.547842631516348,5.861096032628848,False
random__k2__d6__s5__5000K_2.0gcc,5000K_2.0gcc,random,2,6,5,True,,10.0,511.67550110916494,7979.790605529844,5716.106615369262,1.1432213230738524,146.71251594684983,0.5283628122994652,0.015968063872255488,0.9060632470119522,2.5343844549602443,5.378642218573255,True
random__k2__d7__s2__5000K_2.0gcc,5000K_2.0gcc,random,2,7,2,True,,10.0,0.0037035575374556665,0.3217074168746876,4918.527450499002,0.9837054900998005,-10.548726668833371,0.9187097316203854,0.0,0.9342629482071713,2.5550766323482925,5.752533926585096,False
random__k2__d7__s3__5000K_2.0gcc,5000K_2.0gcc,random,2,7,3,True,,10.0,-0.011522324263909227,0.8562377057810409,4898.7742383233535,0.9797548476646707,104.10688615933535,0.9520953120885534,0.0,0.9261703187250996,2.5652676545968514,5.494048896186828,False
random__k2__d7__s4__5000K_2.0gcc,5000K_2.0gcc,random,2,7,4,True,,10.0,0.02806802840322438,0.45037683234340875,4968.322505788424,0.9936645011576848,-11.20010852160196,0.9097572332512669,0.0,0.8999003984063745,2.5553771470086906,5.95410752688172,False
random__k2__d7__s5__5000K_2.0gcc,5000K_2.0gcc,random,2,7,5,True,,10.0,92.47972401287939,769.4817256546871,5117.116262674651,1.0234232525349303,37.896376775506326,0.9442506061237134,0.0,0.9270418326693227,2.5387973970377007,5.756393029291807,True
random__k2__d8__s2__5000K_2.0gcc,5000K_2.0gcc,random,2,8,2,True,,10.0,-0.05595728725606949,0.6188870146875161,4984.923321556886,0.9969846643113771,17.655557192318913,0.9513027779256197,0.0,0.9203187250996016,2.5486892603877873,5.733956459558239,False
random__k2__d8__s3__5000K_2.0gcc,5000K_2.0gcc,random,2,8,3,True,,10.0,-0.027601506980666525,0.47334625406256237,4991.73594251497,0.998347188502994,92.29586587529077,0.9494205169502068,0.0,0.9170816733067729,2.528320092050555,5.739394777265747,False
random__k2__d8__s4__5000K_2.0gcc,5000K_2.0gcc,random,2,8,4,True,,10.0,-0.01283455719733085,0.3426441464062009,4946.079085229541,0.9892158170459082,-34.905993220877576,0.9562621286362857,0.0,0.9205677290836654,2.5550976226738986,5.973806451612903,False
random__k2__d8__s5__5000K_2.0gcc,5000K_2.0gcc,random,2,8,5,True,,10.0,91.74642839072918,677.8090696649999,4956.341461876247,0.9912682923752495,-31.73439994520092,0.5644470651717485,0.001996007984031936,0.9230577689243028,2.5450118135132107,5.947483870967742,True
random__k2__d9__s2__5000K_2.0gcc,5000K_2.0gcc,random,2,9,2,True,,10.0,0.032763763919688986,0.8902514217184034,4967.534784031936,0.9935069568063872,12.239114528735314,0.9446252793584348,0.0,0.9343874501992032,2.5323383509706754,5.8292918057100485,False
random__k2__d9__s3__5000K_2.0gcc,5000K_2.0gcc,random,2,9,3,True,,10.0,-0.0094637560171867,0.6545946407809424,5031.897661277445,1.006379532255489,42.589893346915964,0.9434361837639054,0.0,0.9077440239043825,2.524960456024415,6.101696236559139,False
random__k2__d9__s4__5000K_2.0gcc,5000K_2.0gcc,random,2,9,4,True,,10.0,-0.019403177189814363,0.39454555359407095,5017.569125948104,1.0035138251896207,0.8779931839659743,0.932666704501667,0.0,0.927664342629482,2.536827529429159,5.961204301075269,False
random__k2__d9__s5__5000K_2.0gcc,5000K_2.0gcc,random,2,9,5,True,,10.0,-0.03733302780987012,0.6151604123438119,5020.799854491018,1.0041599708982036,70.6149232137856,0.9230878845884609,0.0,0.9399900398406374,2.5261726525797035,5.654613379945974,False
random__k5__d0__s2__5000K_2.0gcc,5000K_2.0gcc,random,5,0,2,True,,10.0,0.023952939027606174,0.48181580484379083,4974.232527744511,0.9948465055489021,-23.232164290799766,0.9202908723577561,0.0,0.9168949203187251,2.5363189744026653,5.87876612903226,False
random__k5__d0__s3__5000K_2.0gcc,5000K_2.0gcc,random,5,0,3,True,,10.0,-0.01608064511731995,0.4812059971875442,4869.316735329341,0.9738633470658682,47.050253171916346,0.9523251669256668,0.0,0.9495766932270916,2.522567485815112,5.997682795698926,False
random__k5__d0__s4__5000K_2.0gcc,5000K_2.0gcc,random,5,0,4,True,,10.0,838.7824804015665,5711.804269378594,4958.507331536926,0.9917014663073853,-3.151223175102028,0.4163830208990276,0.017964071856287425,0.9133466135458167,2.5796810437931104,5.7231753800519085,True
random__k5__d0__s5__5000K_2.0gcc,5000K_2.0gcc,random,5,0,5,True,,10.0,558.6321158489894,6962.16967499625,5385.434506387225,1.077086901277445,183.02414697967149,0.36788911435648636,0.007984031936127744,0.8860806772908366,2.5296731919435347,5.224798534798535,True
random__k5__d1__s2__5000K_2.0gcc,5000K_2.0gcc,random,5,1,2,True,,10.0,-0.03920098162855858,0.4374353587497808,4979.990146706587,0.9959980293413175,50.19034398776699,0.9259990921318446,0.0,0.9327689243027888,2.5231511489241423,5.596309338418348,False
random__k5__d1__s3__5000K_2.0gcc,5000K_2.0gcc,random,5,1,3,True,,10.0,-0.0009887969480189107,0.407080488749898,4913.50893493014,0.982701786986028,78.51808111887017,0.9346537489177471,0.0,0.9193227091633466,2.5542456044901725,5.678243009575601,False
random__k5__d1__s4__5000K_2.0gcc,5000K_2.0gcc,random,5,1,4,True,,10.0,87.12078070309215,635.6689213874997,4989.354221756486,0.9978708443512972,10.058407099576748,0.8112472249431736,0.001996007984031936,0.9018924302788844,2.564880499248758,5.577057471264368,True
random__k5__d1__s5__5000K_2.0gcc,5000K_2.0gcc,random,5,1,5,True,,10.0,0.0561373205997673,0.8969593059375711,4998.402960878243,0.9996805921756486,20.567304040157268,0.9100991378888342,0.0,0.9089890438247012,2.5516558846820714,5.608203612479473,False
random__k5__d2__s2__5000K_2.0gcc,5000K_2.0gcc,random,5,2,2,True,,10.0,-0.07156171897990807,0.9407977007813315,4901.6302279441115,0.9803260455888223,-26.185683603455605,0.946339462762174,0.0,0.9178286852589641,2.546397492337787,5.855762699295513,False
random__k5__d2__s3__5000K_2.0gcc,5000K_2.0gcc,random,5,2,3,True,,10.0,0.01334150143040731,0.7148300859375922,5039.297353293413,1.0078594706586825,78.81270622088435,0.9382259340633256,0.0,0.9064990039840638,2.5510476364913597,5.642111976269931,False
random__k5__d2__s4__5000K_2.0gcc,5000K_2.0gcc,random,5,2,4,True,,10.0,-0.01229006331674084,0.4536968962497667,4866.231569461078,0.9732463138922156,6.380469041244602,0.9419150316010463,0.0,0.896414342629482,2.5711469141604004,5.518512315270936,False
random__k5__d2__s5__5000K_2.0gcc,5000K_2.0gcc,random,5,2,5,True,,10.0,-0.04140275480121666,0.5497754803122916,5087.35834510978,1.017471669021956,-21.61415478764626,0.9565574086593027,0.0,0.9518177290836654,2.515823608525119,6.111572580645162,False
random__k5__d3__s2__5000K_2.0gcc,5000K_2.0gcc,random,5,3,2,True,,10.0,-0.0217913227744693,0.3935292075002508,4874.972623153692,0.9749945246307384,25.029090164953214,0.9274137397758354,0.0,0.9360059760956175,2.538675595559206,5.697048572487949,False
random__k5__d3__s3__5000K_2.0gcc,5000K_2.0gcc,random,5,3,3,True,,10.0,1405.6365758115812,13688.995671408282,5568.200552894212,1.1136401105788423,138.70245563099795,0.34930403804565435,0.03792415169660679,0.8919322709163346,2.5645764450130435,5.379133369823027,True
random__k5__d3__s4__5000K_2.0gcc,5000K_2.0gcc,random,5,3,4,True,,10.0,-0.0372654086457031,0.4230032442187621,4997.814534730538,0.9995629069461076,22.619683946207907,0.9295348089716707,0.0,0.9108565737051793,2.5617464389060087,5.718942528735632,False
random__k5__d3__s5__5000K_2.0gcc,5000K_2.0gcc,random,5,3,5,True,,10.0,-0.026897292613739788,0.4429913840624522,5005.812820359282,1.0011625640718564,68.47150272656013,0.9541027211642358,0.0,0.9047559760956175,2.5469957646196697,5.6160964034111975,False
random__k5__d4__s2__5000K_2.0gcc,5000K_2.0gcc,random,5,4,2,True,,10.0,509.3270977423148,5133.418036719375,5000.648844510978,1.0001297689021955,34.24518889757198,0.467701147265003,0.005988023952095809,0.9178286852589641,2.53826913764565,5.587172413793102,True
random__k5__d4__s3__5000K_2.0gcc,5000K_2.0gcc,random,5,4,3,True,,10.0,-0.04323114436191174,0.7113745092187855,4992.523053892215,0.998504610778443,54.8679539652265,0.7807473091557855,0.001996007984031936,0.9203187250996016,2.551736030721452,5.8219978812437105,True
random__k5__d4__s4__5000K_2.0gcc,5000K_2.0gcc,random,5,4,4,True,,10.0,0.0939216489503268,1.2386548626564036,4980.826403393213,0.9961652806786425,65.68956727322531,0.9419501559387304,0.0,0.9007096613545816,2.560375031226854,5.630988505747127,False
random__k5__d4__s5__5000K_2.0gcc,5000K_2.0gcc,random,5,4,5,True,,10.0,0.038639502581866304,0.6567628457814862,5021.4269475049905,1.004285389500998,2.633412861953959,0.9675575690727659,0.0,0.9184511952191236,2.5367361535085524,5.876978865406008,False
random__k5__d5__s2__5000K_2.0gcc,5000K_2.0gcc,random,5,5,2,True,,10.0,0.006426723120320366,0.415211257500232,4937.943360479043,0.9875886720958086,92.63883916780419,0.9559772950630154,0.0,0.8979083665338645,2.526854114475853,5.38873965782086,False
random__k5__d5__s3__5000K_2.0gcc,5000K_2.0gcc,random,5,5,3,True,,10.0,234.62845049977656,3352.142499225,5022.052148303394,1.0044104296606786,74.10095738244183,0.39232430286817604,0.001996007984031936,0.9255478087649402,2.5511776568554403,5.768539859102707,True
random__k5__d5__s4__5000K_2.0gcc,5000K_2.0gcc,random,5,5,4,True,,10.0,-0.006233326645570691,0.5842634910936795,4892.955302594811,0.9785910605189622,-18.830654777293248,0.9367776929352021,0.0,0.9201942231075697,2.5493066835332976,5.74831145717464,False
random__k5__d5__s5__5000K_2.0gcc,5000K_2.0gcc,random,5,5,5,True,,10.0,-0.04414467364467171,0.5602777232816152,5082.752003592815,1.0165504007185628,11.186368729955374,0.9468907649243385,0.0,0.9269173306772909,2.577546244983722,5.653008527994068,False
random__k5__d6__s2__5000K_2.0gcc,5000K_2.0gcc,random,5,6,2,True,,10.0,41.3043645981705,395.96626992000006,5002.719030339321,1.0005438060678642,-0.6046601209543613,0.5019370339803597,0.001996007984031936,0.9173306772908366,2.5465792370291798,5.7593118279569895,True
random__k5__d6__s3__5000K_2.0gcc,5000K_2.0gcc,random,5,6,3,True,,10.0,63.085935460429205,596.5468467135938,4948.579394610779,0.9897158789221557,69.66794364049076,0.8924677278501434,0.0,0.9230577689243028,2.543186839018129,5.821077281635679,True
random__k5__d6__s4__5000K_2.0gcc,5000K_2.0gcc,random,5,6,4,True,,10.0,278.0521891183432,3059.515860886875,5148.494849101798,1.0296989698203596,-13.288080544625604,0.27494959293841537,0.001996007984031936,0.9154631474103586,2.563250117531896,6.025275491286615,True
random__k5__d6__s5__5000K_2.0gcc,5000K_2.0gcc,random,5,6,5,True,,10.0,956.2992368069513,6447.541746323438,5052.742869261478,1.0105485738522955,123.11296641951641,0.4301952489858524,0.011976047904191617,0.9038222111553785,2.565799403176548,5.3160388194181305,True
random__k5__d7__s2__5000K_2.0gcc,5000K_2.0gcc,random,5,7,2,True,,10.0,-0.06236951453323943,0.5858896448439737,5039.511990618762,1.0079023981237525,-10.292853169284438,0.9478121843540523,0.0,0.9233067729083665,2.5325802682260736,5.918924731182797,False
random__k5__d7__s3__5000K_2.0gcc,5000K_2.0gcc,random,5,7,3,True,,10.0,-0.003370377781362862,0.7361733539059969,4986.390065269461,0.9972780130538922,134.64143193877143,0.9477014237221552,0.0,0.9097360557768924,2.528128006243106,5.589215836526185,False
random__k5__d7__s4__5000K_2.0gcc,5000K_2.0gcc,random,5,7,4,True,,10.0,-0.04496017904476755,0.7628693779688547,5009.130090618763,1.0018260181237526,34.61931543912616,0.950767566213741,0.0,0.9362549800796812,2.55288708423591,5.778693362995921,False
random__k5__d7__s5__5000K_2.0gcc,5000K_2.0gcc,random,5,7,5,True,,10.0,0.01596135854679305,0.5729481712501183,5124.152901596806,1.0248305803193614,-10.40643315379878,0.9268209665717536,0.0,0.9212524900398407,2.5413031293800445,5.835193177604748,False
random__k5__d8__s2__5000K_2.0gcc,5000K_2.0gcc,random,5,8,2,True,,10.0,133.718739338732,1392.4899424446562,4960.8105189620765,0.9921621037924153,15.310410393023012,0.44444545413244996,0.001996007984031936,0.9318974103585658,2.5442957141695874,5.6666043752317385,True
random__k5__d8__s3__5000K_2.0gcc,5000K_2.0gcc,random,5,8,3,True,,10.0,-0.014993319418422388,0.36927241406237954,5019.773215968064,1.0039546431936128,59.31532956484163,0.9457548785864128,0.0,0.9335159362549801,2.5583010009571217,5.878132740081574,False
random__k5__d8__s4__5000K_2.0gcc,5000K_2.0gcc,random,5,8,4,True,,10.0,-0.08864668640520106,0.8814430889065079,4927.565753093812,0.9855131506187624,-35.02722229988651,0.938714718263222,0.0,0.8972858565737052,2.5614524674148695,6.002418984056359,False
random__k5__d8__s5__5000K_2.0gcc,5000K_2.0gcc,random,5,8,5,True,,10.0,-0.0010682688525261892,0.45078337078120967,5038.994954291417,1.0077989908582834,71.66178365818605,0.8059737212905892,0.001996007984031936,0.8954183266932271,2.550084464709038,5.57912643678161,True
random__k5__d9__s2__5000K_2.0gcc,5000K_2.0gcc,random,5,9,2,True,,10.0,270.00658593125786,1802.314346794589,5072.340291616767,1.0144680583233534,36.6962731124797,0.6805702097858821,0.001996007984031936,0.9156499003984063,2.5502470463864615,5.567871921182266,True
random__k5__d9__s3__5000K_2.0gcc,5000K_2.0gcc,random,5,9,3,True,,10.0,234.3061933596827,2176.4948336893126,4972.654729540918,0.9945309459081837,72.2068736396879,0.41609693455491875,0.005988023952095809,0.9255478087649402,2.5685833494802837,5.828553207267333,True
random__k5__d9__s4__5000K_2.0gcc,5000K_2.0gcc,random,5,9,4,True,,10.0,524.123343251316,3688.087569745313,5283.479811377245,1.056695962275449,-36.77085437575455,0.6504709862023058,0.00998003992015968,0.9119770916334662,2.549094341686544,5.953760752688173,True
random__k5__d9__s5__5000K_2.0gcc,5000K_2.0gcc,random,5,9,5,True,,10.0,0.0345469963508796,0.6844752159377094,4999.113291816368,0.9998226583632736,12.605411820596135,0.9509086602681672,0.0,0.9191982071713147,2.551537065573392,5.774235076010384,False
random__k10__d0__s2__5000K_2.0gcc,5000K_2.0gcc,random,10,0,2,True,,10.0,0.0022287792684795027,0.6093333614062431,4987.387081636726,0.9974774163273452,6.898980642344995,0.9206630938953724,0.0,0.9073705179282868,2.5276658278121102,5.877469781238414,False
random__k10__d0__s3__5000K_2.0gcc,5000K_2.0gcc,random,10,0,3,True,,10.0,0.08461860005373802,1.0269160931250099,4910.537541317365,0.982107508263473,60.79587985972005,0.9648690938826882,0.0,0.9311503984063745,2.5577182709622694,5.772387096774192,False
random__k10__d0__s4__5000K_2.0gcc,5000K_2.0gcc,random,10,0,4,True,,10.0,-0.10900457939466468,1.1809941609374164,5041.619013772456,1.0083238027544912,19.74211297837923,0.9465197490026293,0.0,0.9127241035856574,2.527232195124841,5.81647756766778,False
random__k10__d0__s5__5000K_2.0gcc,5000K_2.0gcc,random,10,0,5,True,,10.0,0.021881972964086234,0.806504503593942,5046.560585828343,1.0093121171656687,44.702608289671744,0.9452780857488444,0.0,0.9135956175298805,2.564189204336673,5.594563165421896,False
random__k10__d1__s2__5000K_2.0gcc,5000K_2.0gcc,random,10,1,2,True,,10.0,-0.05989890593180087,0.4837129842187551,5005.4946241516955,1.001098924830339,24.166199585105034,0.8918568845868711,0.0,0.9152141434262948,2.5680300389366124,5.634154881084804,False
random__k10__d1__s3__5000K_2.0gcc,5000K_2.0gcc,random,10,1,3,True,,10.0,0.005231245847671013,0.7035147660935763,4974.1251630738525,0.9948250326147705,25.173916586436953,0.9637574128259666,0.0,0.9301543824701195,2.5483693238718064,6.0752607526881715,False
random__k10__d1__s4__5000K_2.0gcc,5000K_2.0gcc,random,10,1,4,True,,10.0,-0.036090736695973756,0.48967554796877266,5021.608760479042,1.0043217520958083,-5.489287996752519,0.9377531525828103,0.0,0.9201942231075697,2.5755516170636836,5.702022988505749,False
random__k10__d1__s5__5000K_2.0gcc,5000K_2.0gcc,random,10,1,5,True,,10.0,-0.01802843003678852,0.5582450310939748,5037.477700399201,1.0074955400798402,98.47293427109288,0.9419580263520237,0.0,0.9153386454183267,2.5478795937342373,5.3034573982849835,False
random__k10__d2__s2__5000K_2.0gcc,5000K_2.0gcc,random,10,2,2,True,,10.0,83.1863198439221,1002.5735200771877,5024.0932900199605,1.0048186580039922,9.565811256597824,0.9554373074273371,0.0,0.9061254980079682,2.550205854313634,5.618895068594733,True
random__k10__d2__s3__5000K_2.0gcc,5000K_2.0gcc,random,10,2,3,True,,10.0,1383.9650676591943,10267.52685000047,4984.315821357285,0.996863164271457,85.16070115958065,0.5099232875413713,0.017964071856287425,0.9318974103585658,2.5249633809081784,5.8310537634408615,True
random__k10__d2__s4__5000K_2.0gcc,5000K_2.0gcc,random,10,2,4,True,,10.0,0.0007959456304548041,0.34311844125022617,4942.360238922156,0.9884720477844312,-14.029754242837644,0.9419704164277138,0.0,0.9428535856573705,2.5600709778252275,6.038408602150536,False
random__k10__d2__s5__5000K_2.0gcc,5000K_2.0gcc,random,10,2,5,True,,10.0,-0.007694644506514199,0.5137968285941952,5032.92147764471,1.006584295528942,33.83205332799908,0.9547905410968429,0.0,0.9312749003984063,2.553661037306388,5.700835001853912,False
random__k10__d3__s2__5000K_2.0gcc,5000K_2.0gcc,random,10,3,2,True,,10.0,27.193496454335207,1812.4698280601249,5151.03464231537,1.030206928463074,-61.957872465316775,0.46768430711538755,0.007984031936127744,0.9154631474103586,2.5390294499865362,5.67751608783422,True
random__k10__d3__s3__5000K_2.0gcc,5000K_2.0gcc,random,10,3,3,True,,10.0,-0.007331523719841276,0.711645534843683,4929.412906786428,0.9858825813572856,76.1881542624196,0.9427299112561355,0.0,0.9220617529880478,2.557931392654829,5.78477779543408,False
random__k10__d3__s4__5000K_2.0gcc,5000K_2.0gcc,random,10,3,4,True,,10.0,0.024366932303330716,0.35294312015616924,4837.741474650699,0.9675482949301398,19.825666080249164,0.9242920562030166,0.0,0.9345119521912351,2.54769714691425,5.825831664812754,False
random__k10__d3__s5__5000K_2.0gcc,5000K_2.0gcc,random,10,3,5,True,,10.0,0.05773851650628273,0.7857710432811018,4988.989173652694,0.9977978347305388,-19.490694081372723,0.9467327242817795,0.0,0.9373754980079682,2.525275218538384,6.082118279569893,False
random__k10__d4__s2__5000K_2.0gcc,5000K_2.0gcc,random,10,4,2,True,,10.0,-0.03293238154143687,0.5192850974999601,5044.331396407186,1.0088662792814371,23.43880901051618,0.9230192642469608,0.0,0.9200697211155379,2.5573212659163804,5.6401290322580655,False
random__k10__d4__s3__5000K_2.0gcc,5000K_2.0gcc,random,10,4,3,True,,10.0,208.03725427212768,6481.80168904125,5584.8539530938115,1.1169707906187623,168.24152392388794,0.41875467343421985,0.013972055888223553,0.9244272908366534,2.51630958354835,5.158625270514927,True
random__k10__d4__s4__5000K_2.0gcc,5000K_2.0gcc,random,10,4,4,True,,10.0,-0.00616300122931483,0.32638260890621495,4873.838486227545,0.974767697245509,7.634902669383027,0.9427486740849864,0.0,0.9377490039840638,2.5567911431553982,5.777161290322581,False
random__k10__d4__s5__5000K_2.0gcc,5000K_2.0gcc,random,10,4,5,True,,10.0,423.9403709152329,3129.6253116131247,4850.933311177644,0.9701866622355289,5.914622463859677,0.6787572098062755,0.003992015968063872,0.9475846613545816,2.542218511730563,5.777305153874677,True
random__k10__d5__s2__5000K_2.0gcc,5000K_2.0gcc,random,10,5,2,True,,10.0,-0.039732882327160726,0.5608197745309553,5015.921655089821,1.0031843310179642,28.051105410574735,0.955826746414328,0.0,0.9133466135458167,2.518314543143684,5.843072580645161,False
random__k10__d5__s3__5000K_2.0gcc,5000K_2.0gcc,random,10,5,3,True,,10.0,0.022690347297227974,0.773913672187291,5017.673367065869,1.0035346734131738,130.77898397720173,0.9423454481393759,0.0,0.8962275896414342,2.5590365547939884,5.683219238307114,False
random__k10__d5__s4__5000K_2.0gcc,5000K_2.0gcc,random,10,5,4,True,,10.0,0.0024346898063400953,0.6765477164062759,4950.388781636727,0.9900777563273454,50.57721294178996,0.9415941961954737,0.0,0.9129731075697212,2.531788203034526,5.709585571269664,False
random__k10__d5__s5__5000K_2.0gcc,5000K_2.0gcc,random,10,5,5,True,,10.0,0.012385826233925638,0.4411619610937123,5091.753792814371,1.0183507585628742,35.79469392959728,0.9467829300943278,0.0,0.9226842629482072,2.5518161231636007,5.567448275862067,False
random__k10__d6__s2__5000K_2.0gcc,5000K_2.0gcc,random,10,6,2,True,,10.0,0.015459710003306227,0.3556533764060532,5015.0602217564865,1.0030120443512973,43.92936535101862,0.9245072660904289,0.0,0.9448456175298805,2.5191381731356355,5.777825308543885,False
random__k10__d6__s3__5000K_2.0gcc,5000K_2.0gcc,random,10,6,3,True,,10.0,-0.0322659007565936,0.3396628645311921,4938.004153892216,0.9876008307784432,18.261780467592782,0.9489158838532533,0.0,0.9287848605577689,2.532873481499166,6.1655860215053755,False
random__k10__d6__s4__5000K_2.0gcc,5000K_2.0gcc,random,10,6,4,True,,10.0,0.016279394026763292,0.41758273171853943,4848.13398003992,0.969626796007984,1.1198424491316903,0.9397245961408057,0.0,0.944347609561753,2.5449764499636673,5.96645430107527,False
random__k10__d6__s5__5000K_2.0gcc,5000K_2.0gcc,random,10,6,5,True,,10.0,-0.06470445022014444,0.49401195796872344,5039.864204990019,1.0079728409980038,12.228191049494443,0.9286525100671399,0.0,0.9188247011952191,2.5259147952799905,5.82335632183908,False
random__k10__d7__s2__5000K_2.0gcc,5000K_2.0gcc,random,10,7,2,True,,10.0,0.0014896596539034379,0.5369695195313398,4961.067560878244,0.9922135121756488,1.0643345837234506,0.926849273018002,0.0,0.9318974103585658,2.524069460966185,5.874623655913979,False
random__k10__d7__s3__5000K_2.0gcc,5000K_2.0gcc,random,10,7,3,True,,10.0,-0.04053541119211533,0.49313112468757936,4984.260011576846,0.9968520023153693,30.434645392534375,0.9467929255808789,0.0,0.9503237051792829,2.5377225397545145,6.054450778642938,False
random__k10__d7__s4__5000K_2.0gcc,5000K_2.0gcc,random,10,7,4,True,,10.0,0.0029341402096295286,0.4335732435938553,4948.453742115768,0.9896907484231536,40.719902952803245,0.9501237691611556,0.0,0.9370019920318725,2.546991488931381,5.770978123841306,False
random__k10__d7__s5__5000K_2.0gcc,5000K_2.0gcc,random,10,7,5,True,,10.0,241.7352332625971,1646.9599603658908,5125.596032534931,1.025119206506986,46.981392354540894,0.6327855513623866,0.001996007984031936,0.9018924302788844,2.559007364542205,5.651543196143863,True
random__k10__d8__s2__5000K_2.0gcc,5000K_2.0gcc,random,10,8,2,True,,10.0,71.88185981723814,621.6890266628437,5013.070160878244,1.0026140321756487,17.65326201266736,0.9356326910684551,0.0,0.9387450199203188,2.5319030030011556,5.769669156205308,True
random__k10__d8__s3__5000K_2.0gcc,5000K_2.0gcc,random,10,8,3,True,,10.0,0.06373864984532905,0.8783262942185956,5017.13975249501,1.003427950499002,41.59729840451165,0.9288927924906084,0.0,0.9294073705179283,2.5374057799759804,6.060541898405637,False
random__k10__d8__s4__5000K_2.0gcc,5000K_2.0gcc,random,10,8,4,True,,10.0,115.86297320639231,1041.4782389754844,5082.805033133733,1.0165610066267465,-6.317660743243091,0.6678574402288259,0.001996007984031936,0.9103585657370518,2.5708647893689376,5.797933471052492,True
random__k10__d8__s5__5000K_2.0gcc,5000K_2.0gcc,random,10,8,5,True,,10.0,0.037065824611394266,0.732107969531171,4970.551063273452,0.9941102126546905,48.78926774932677,0.9361980081692118,0.0,0.9145916334661355,2.550474829962573,5.643744901742678,False
random__k10__d9__s2__5000K_2.0gcc,5000K_2.0gcc,random,10,9,2,True,,10.0,-0.04948393722878475,0.4909629196874903,4997.882797005987,0.9995765594011975,23.555474015561153,0.9333968437626085,0.0,0.9307768924302788,2.525963478696491,5.820686688913608,False
random__k10__d9__s3__5000K_2.0gcc,5000K_2.0gcc,random,10,9,3,True,,10.0,-0.05881730653635217,0.7953924529688265,5003.563489221557,1.0007126978443113,119.18275015925943,0.9408852108775018,0.0,0.9056274900398407,2.539094457013354,5.781830075745537,False
random__k10__d9__s4__5000K_2.0gcc,5000K_2.0gcc,random,10,9,4,True,,10.0,-0.017476093911848428,0.6223425914063228,4895.813323153692,0.9791626646307384,-1.0182787674793183,0.9326612891591461,0.0,0.922808764940239,2.5579198150523874,5.7240615498702265,False
random__k10__d9__s5__5000K_2.0gcc,5000K_2.0gcc,random,10,9,5,True,,10.0,171.66098050368774,1155.7048276251562,5212.3542213572855,1.0424708442714572,42.89477418299333,0.4778160061843887,0.001996007984031936,0.906187749003984,2.5466611236019516,5.644519095291064,True
random__k20__d0__s2__5000K_2.0gcc,5000K_2.0gcc,random,20,0,2,True,,10.0,0.01709321466711963,0.5735579789061376,4946.346080239521,0.9892692160479042,-9.064906075330006,0.9214749749081645,0.0,0.9169571713147411,2.540312450697791,5.9346666666666685,False
random__k20__d0__s3__5000K_2.0gcc,5000K_2.0gcc,random,20,0,3,True,,10.0,706.2755525921788,4923.2986452975,5364.21350499002,1.072842700998004,85.6528542379249,0.4446201759805782,0.05588822355289421,0.9175796812749004,2.5602786866808276,5.714712643678159,True
random__k20__d0__s4__5000K_2.0gcc,5000K_2.0gcc,random,20,0,4,True,,10.0,-0.035724733343057445,0.6291859884374844,4920.920350499001,0.9841840700998002,2.304662316067838,0.9422602973165108,0.0,0.929656374501992,2.5438758435838085,5.896305524657026,False
random__k20__d0__s5__5000K_2.0gcc,5000K_2.0gcc,random,20,0,5,True,,10.0,-0.05348912371693478,0.7527736734375594,4988.278259481038,0.9976556518962075,69.53779273211434,0.9403693398037811,0.0,0.9017679282868526,2.5759313661298937,5.339261083743843,False
random__k20__d1__s2__5000K_2.0gcc,5000K_2.0gcc,random,20,1,2,True,,10.0,-0.040861624685152725,0.4301176668748212,4953.864126546906,0.9907728253093812,39.894725796029014,0.9103061845560533,0.0,0.9292828685258964,2.543002733100157,5.7580177975528395,False
random__k20__d1__s3__5000K_2.0gcc,5000K_2.0gcc,random,20,1,3,True,,10.0,48.385255810357044,865.9521246876093,5074.393079441117,1.0148786158882235,125.41163762998255,0.6144013159824777,0.001996007984031936,0.9163969123505976,2.5457415985805905,5.701839080459771,True
random__k20__d1__s4__5000K_2.0gcc,5000K_2.0gcc,random,20,1,4,True,,10.0,81.59800741618899,692.0739613856249,4969.335004590818,0.9938670009181636,-11.661413956083843,0.9392621930531431,0.0,0.9245517928286853,2.5580285373858094,5.869997775305897,True
random__k20__d1__s5__5000K_2.0gcc,5000K_2.0gcc,random,20,1,5,True,,10.0,0.013940291957478923,0.5907681060936056,5020.589665469062,1.0041179330938124,15.759517051944126,0.9304241969580336,0.0,0.9325199203187251,2.5435542136649976,5.730151067323481,False
random__k20__d2__s2__5000K_2.0gcc,5000K_2.0gcc,random,20,2,2,True,,10.0,854.3282894739478,7737.160199748282,4907.9022259481035,0.9815804451896207,-34.54720810800173,0.4756605075397791,0.08183632734530938,0.9133466135458167,2.556126557334027,5.8839999999999995,True
random__k20__d2__s3__5000K_2.0gcc,5000K_2.0gcc,random,20,2,3,True,,10.0,-0.05405645568943908,0.48852368906250376,5036.110702195609,1.0072221404391217,148.98192169567187,0.9201719298788679,0.0,0.9013321713147411,2.5508156348661304,5.388627257799673,False
random__k20__d2__s4__5000K_2.0gcc,5000K_2.0gcc,random,20,2,4,True,,10.0,137.89601522805154,1191.8949132096095,5098.904520958084,1.0197809041916168,-76.10901587768302,0.6012765160997057,0.001996007984031936,0.9378735059760956,2.5609193286282363,6.078551075268817,True
random__k20__d2__s5__5000K_2.0gcc,5000K_2.0gcc,random,20,2,5,True,,10.0,29.507498168853363,650.3418828404062,5194.120025548903,1.0388240051097806,63.34166124522731,0.6554357247152456,0.001996007984031936,0.922933266932271,2.553260815180032,5.573890036548546,True
random__k20__d3__s2__5000K_2.0gcc,5000K_2.0gcc,random,20,3,2,True,,10.0,-0.039499932294870754,0.5831793885937486,4966.68716487026,0.993337432974052,2.621634712797566,0.9355326347247327,0.0,0.9262948207171314,2.553379911185885,5.554344827586207,False
random__k20__d3__s3__5000K_2.0gcc,5000K_2.0gcc,random,20,3,3,True,,10.0,-0.05865781765048767,0.7071736120312835,5029.671785828344,1.0059343571656687,91.74462481964227,0.9562654709828228,0.0,0.9104830677290837,2.542243051882652,5.648539859102706,False
random__k20__d3__s4__5000K_2.0gcc,5000K_2.0gcc,random,20,3,4,True,,10.0,0.040086172360884804,0.4866265096875395,4962.194519560877,0.9924389039121754,-17.583632760801574,0.9511817590476599,0.0,0.9328934262948207,2.5425373645963005,5.9027526881720425,False
random__k20__d3__s5__5000K_2.0gcc,5000K_2.0gcc,random,20,3,5,True,,10.0,0.009068784487077909,0.6109595151561962,4965.757709381238,0.9931515418762475,57.94058397815933,0.9561806661447398,0.0,0.9289093625498008,2.535734684359559,5.770367074527253,False
random__k20__d4__s2__5000K_2.0gcc,5000K_2.0gcc,random,20,4,2,True,,10.0,272.4934927524098,3372.8120652464067,5105.710721756487,1.0211421443512974,22.145488754994307,0.4799444289811058,0.013972055888223553,0.9190737051792829,2.537906424251828,5.74988632872504,True
random__k20__d4__s3__5000K_2.0gcc,5000K_2.0gcc,random,20,4,3,True,,10.0,-0.013479202898867613,0.4284915131250955,4976.400718762475,0.995280143752495,136.1669732802284,0.9254463246634027,0.0,0.9122260956175299,2.5643255193854846,5.493388432767742,False
random__k20__d4__s4__5000K_2.0gcc,5000K_2.0gcc,random,20,4,4,True,,10.0,38.22464083279348,304.28994153309384,5023.08437265469,1.004616874530938,-19.754627604909167,0.9515162714015982,0.0,0.9266683266932271,2.5444711270898894,5.946916852057842,True
random__k20__d4__s5__5000K_2.0gcc,5000K_2.0gcc,random,20,4,5,True,,10.0,306.92806362839553,2070.0189206775003,4912.322736127744,0.9824645472255488,28.72863843076113,0.7525765840185301,0.003992015968063872,0.9240537848605578,2.5527098558252077,5.690362413263416,True
random__k20__d5__s2__5000K_2.0gcc,5000K_2.0gcc,random,20,5,2,True,,10.0,0.04104290163699043,0.7652408521873895,4900.128351696607,0.9800256703393214,46.02809039499581,0.9385103767891966,0.0,0.9216882470119522,2.560966053736271,5.535822660098521,False
random__k20__d5__s3__5000K_2.0gcc,5000K_2.0gcc,random,20,5,3,True,,10.0,-0.036217588676325164,0.37611581109376857,5049.832914770459,1.0099665829540918,83.33888349675719,0.9500192971782204,0.0,0.9159611553784861,2.571776882823183,5.728919540229885,False
random__k20__d5__s4__5000K_2.0gcc,5000K_2.0gcc,random,20,5,4,True,,10.0,-0.017597354398775085,0.3234690834374305,4940.514156686626,0.9881028313373252,26.910178521726714,0.9590276191200127,0.0,0.9172061752988048,2.5761676578520807,5.632147783251231,False
random__k20__d5__s5__5000K_2.0gcc,5000K_2.0gcc,random,20,5,5,True,,10.0,-0.01583944841059241,0.6380620776562864,4982.7397636726555,0.9965479527345311,44.41144449714228,0.934517614774061,0.0,0.9372509960159362,2.5368258616834645,5.672622914349277,False
random__k20__d6__s2__5000K_2.0gcc,5000K_2.0gcc,random,20,6,2,True,,10.0,364.0220115207464,4006.8930474970316,5063.735776047904,1.0127471552095808,53.34750905207218,0.6317634342394317,0.003992015968063872,0.9027639442231076,2.545470514960769,5.545500821018063,True
random__k20__d6__s3__5000K_2.0gcc,5000K_2.0gcc,random,20,6,3,True,,10.0,0.038503935132064855,0.8916743062500245,4974.369258083832,0.9948738516167664,-2.9128202166511894,0.8915463010018041,0.0,0.920941235059761,2.5425355942856105,6.202403225806453,False
random__k20__d6__s4__5000K_2.0gcc,5000K_2.0gcc,random,20,6,4,True,,10.0,-0.1136286142388794,0.9673582120312858,4902.46243233533,0.980492486467066,-30.77457013466051,0.9401281076730982,0.0,0.9490786852589641,2.5636373661757217,5.866776418242491,False
random__k20__d6__s5__5000K_2.0gcc,5000K_2.0gcc,random,20,6,5,True,,10.0,0.01789963113456399,0.4679934979687914,5002.598786626746,1.0005197573253493,52.215701102136435,0.9210179842815225,0.0,0.9093625498007968,2.5559527101813573,5.627654113035649,False
random__k20__d7__s2__5000K_2.0gcc,5000K_2.0gcc,random,20,7,2,True,,10.0,0.020027121006010912,0.9739983398437744,4931.423719760479,0.9862847439520958,22.071862363054585,0.8782433663592341,0.0,0.9154631474103586,2.5727795662481325,5.738543566926215,False
random__k20__d7__s3__5000K_2.0gcc,5000K_2.0gcc,random,20,7,3,True,,10.0,-0.03089021633804487,0.4909629196874903,4967.783256886228,0.9935566513772456,21.329225926202948,0.9416190088438102,0.0,0.9368774900398407,2.5449966198675855,5.83010752688172,False
random__k20__d7__s4__5000K_2.0gcc,5000K_2.0gcc,random,20,7,4,True,,10.0,0.033105498800317636,0.6110272715625342,4891.964338922156,0.9783928677844311,128.0753899932472,0.9569055344154926,0.0,0.9032619521912351,2.5896168536107003,5.1793687283342456,False
random__k20__d7__s5__5000K_2.0gcc,5000K_2.0gcc,random,20,7,5,True,,10.0,-0.1220727019027639,1.2668415276561973,5131.459144510977,1.0262918289021954,57.27935854055539,0.7846218265412962,0.001996007984031936,0.9053784860557769,2.545166080057623,5.724413793103449,True
random__k20__d8__s2__5000K_2.0gcc,5000K_2.0gcc,random,20,8,2,True,,10.0,0.08689055434779232,1.0430421178124334,5022.791397804392,1.0045582795608783,-11.155142357664166,0.9335502838540626,0.0,0.9125996015936255,2.536955597986097,5.794502039302929,False
random__k20__d8__s3__5000K_2.0gcc,5000K_2.0gcc,random,20,8,3,True,,10.0,-0.035967500995515364,0.5946302212499859,4884.882863273453,0.9769765726546906,98.10818287426859,0.9319962735655112,0.0,0.9204432270916335,2.558961293091478,5.588535303776683,False
random__k20__d8__s4__5000K_2.0gcc,5000K_2.0gcc,random,20,8,4,True,,10.0,-0.0003950359761911601,0.5867027217187797,4977.683998602794,0.9955367997205589,6.542274083777666,0.9254059959439425,0.0,0.928660358565737,2.5386814105087847,5.781950950791886,False
random__k20__d8__s5__5000K_2.0gcc,5000K_2.0gcc,random,20,8,5,True,,10.0,0.01761537337850927,0.5915134265625284,4897.729163473054,0.9795458326946107,-17.775383817396687,0.9366351014140993,0.0,0.9304033864541833,2.5455309335226315,5.98886318131257,False
random__k20__d9__s2__5000K_2.0gcc,5000K_2.0gcc,random,20,9,2,True,,10.0,69.04489277980528,801.6822666096563,5034.080589421158,1.0068161178842316,30.7524743497732,0.6944441176754255,0.001996007984031936,0.912039342629482,2.549310462895079,5.594850574712643,True
random__k20__d9__s3__5000K_2.0gcc,5000K_2.0gcc,random,20,9,3,True,,10.0,0.003962630064611535,0.5301938789062888,4969.253721956088,0.9938507443912177,84.9557642550262,0.9329350298552416,0.0,0.9412350597609562,2.5368806357753715,5.658391958142793,False
random__k20__d9__s4__5000K_2.0gcc,5000K_2.0gcc,random,20,9,4,True,,10.0,0.036178998892524634,0.6390784237499929,4900.179608183632,0.9800359216367264,26.509560079145086,0.9431322059271434,0.0,0.9031374501992032,2.5506338604323635,5.604505747126435,False
random__k20__d9__s5__5000K_2.0gcc,5000K_2.0gcc,random,20,9,5,True,,10.0,-0.0106324138039352,0.45308708859374747,4983.484862674651,0.9966969725349302,-3.9082348257409927,0.950991527024821,0.0,0.9478336653386454,2.537327270094616,5.8016774193548395,False
random__k40__d0__s2__5000K_2.0gcc,5000K_2.0gcc,random,40,0,2,True,,10.0,85.08439982680156,568.4387791448437,5065.504592814371,1.013100918562874,88.98155943396677,0.6150429315145404,0.001996007984031936,0.9196962151394422,2.5612193430036045,5.424446633825945,True
random__k40__d0__s3__5000K_2.0gcc,5000K_2.0gcc,random,40,0,3,True,,10.0,397.1273093509476,6102.9333417,5448.924257884231,1.0897848515768462,157.35160837720497,0.3657439074338758,0.005988023952095809,0.9094248007968128,2.571427506081455,5.2712141243175745,True
random__k40__d0__s4__5000K_2.0gcc,5000K_2.0gcc,random,40,0,4,True,,10.0,-0.05957006838658786,0.6504615000001195,5042.779793812375,1.008555958762475,52.51197193468352,0.9398054440744643,0.0,0.9259213147410359,2.570897144938009,5.629592775041052,False
random__k40__d0__s5__5000K_2.0gcc,5000K_2.0gcc,random,40,0,5,True,,10.0,-0.0827095833406061,0.9159988560938928,5037.271703792414,1.0074543407584828,-10.230678036908698,0.8324704827391785,0.003992015968063872,0.9371264940239044,2.5400581141477776,5.908903225806451,True
random__k40__d1__s2__5000K_2.0gcc,5000K_2.0gcc,random,40,1,2,True,,10.0,0.04886983397341651,0.6486320770310385,5047.2013898203595,1.0094402779640719,-18.260413995910998,0.9570062075054685,0.0,0.9363794820717132,2.5450496851979385,5.877263626251391,False
random__k40__d1__s3__5000K_2.0gcc,5000K_2.0gcc,random,40,1,3,True,,10.0,40.26678153759427,1013.2275509472187,5062.149832135729,1.0124299664271459,140.83908370621188,0.5638143060875629,0.001996007984031936,0.9284113545816733,2.5521001552497493,5.332707170224414,True
random__k40__d1__s4__5000K_2.0gcc,5000K_2.0gcc,random,40,1,4,True,,10.0,0.12326553388399762,1.3699667779686706,4972.76480499002,0.9945529609980039,74.83334497674637,0.9430318096570235,0.0,0.915089641434263,2.5674930339035997,5.6339132369299225,False
random__k40__d1__s5__5000K_2.0gcc,5000K_2.0gcc,random,40,1,5,True,,10.0,0.025482067526753405,0.5537731082811206,4968.722702794412,0.9937445405588824,5.916601792540985,0.9621032104758822,0.0,0.9285358565737052,2.566396965636055,5.815509084167594,False
random__k40__d2__s2__5000K_2.0gcc,5000K_2.0gcc,random,40,2,2,True,,10.0,-0.023859780869742903,0.35023286390639896,5092.997454491018,1.0185994908982037,19.581978853953096,0.922951866856014,0.0,0.9290338645418327,2.5441360997855913,5.667586206896552,False
random__k40__d2__s3__5000K_2.0gcc,5000K_2.0gcc,random,40,2,3,True,,10.0,154.6227167521046,1036.5300157296094,4994.634049101795,0.9989268098203591,93.1137998661388,0.9016701468380767,0.0,0.9315239043824701,2.551676494949811,5.57601928068224,True
random__k40__d2__s4__5000K_2.0gcc,5000K_2.0gcc,random,40,2,4,True,,10.0,0.06766829013138276,0.7611077114062255,5030.124443512974,1.0060248887025947,0.02731229632615701,0.9460083369077678,0.0,0.9305278884462151,2.577285890257045,5.753505376344085,False
random__k40__d2__s5__5000K_2.0gcc,5000K_2.0gcc,random,40,2,5,True,,10.0,0.07029386406680166,1.024409106093799,4998.178746107785,0.999635749221557,29.437002750331025,0.9450319806556815,0.0,0.9182021912350598,2.5512948836270617,5.573189469781238,False
random__k40__d3__s2__5000K_2.0gcc,5000K_2.0gcc,random,40,3,2,True,,10.0,-0.07068058612555936,0.5182687514062536,5135.005842714571,1.0270011685429143,-7.617501714296451,0.8645520968437936,0.0,0.9417330677290837,2.5368762204873256,5.954551075268816,False
random__k40__d3__s3__5000K_2.0gcc,5000K_2.0gcc,random,40,3,3,True,,10.0,-0.08138028052047372,0.8444616423749949,5048.657284431137,1.0097314568862275,99.14138866468392,0.9456781333630384,0.0,0.9240537848605578,2.539144941158985,5.789591080036018,False
random__k40__d3__s4__5000K_2.0gcc,5000K_2.0gcc,random,40,3,4,True,,10.0,2525.9433131171463,18212.729808953674,4877.645378443113,0.9755290756886227,-19.40588849227016,0.45322439867906483,0.033932135728542916,0.9396165338645418,2.557929837220644,6.0921129032258055,True
random__k40__d3__s5__5000K_2.0gcc,5000K_2.0gcc,random,40,3,5,True,,10.0,0.02836060198991843,0.6272752577812071,5094.905146307386,1.0189810292614772,84.71925725621328,0.9448262932042059,0.0,0.9210657370517928,2.5381077119975,5.613645320197044,False
random__k40__d4__s2__5000K_2.0gcc,5000K_2.0gcc,random,40,4,2,True,,10.0,0.051438902137662085,0.8065180548750277,4948.6079596806385,0.9897215919361277,12.550832602170306,0.932680689136964,0.0,0.9056274900398407,2.5389219555418197,5.739095926691033,False
random__k40__d4__s3__5000K_2.0gcc,5000K_2.0gcc,random,40,4,3,True,,10.0,50.08592229739995,1150.4280400140938,5161.83284730539,1.032366569461078,-2223.965780862225,0.5065970467955767,0.8682634730538922,0.889566733067729,2.541560135205762,5.865357722572405,True
random__k40__d4__s4__5000K_2.0gcc,5000K_2.0gcc,random,40,4,4,True,,10.0,842.129185532054,5652.220180106907,5054.756761077844,1.0109513522155689,46.537583868470364,0.5374158000087085,0.013972055888223553,0.9173306772908366,2.5750215347586574,5.363897463966429,True
random__k40__d4__s5__5000K_2.0gcc,5000K_2.0gcc,random,40,4,5,True,,10.0,297.3889265228359,2014.8480771705,5019.252542115768,1.0038505084231535,82.02594334007935,0.7728446287048906,0.001996007984031936,0.9206922310756972,2.556231009707886,5.505638752052546,True
random__k40__d5__s2__5000K_2.0gcc,5000K_2.0gcc,random,40,5,2,True,,10.0,488.0039519249743,3843.7682798348437,4983.527441317366,0.9967054882634732,-4.202315437029344,0.5148524596950085,0.013972055888223553,0.9077440239043825,2.5321532485121665,5.838769002595477,True
random__k40__d5__s3__5000K_2.0gcc,5000K_2.0gcc,random,40,5,3,True,,10.0,0.06614065629639372,0.9176927662499565,4979.610579640718,0.9959221159281436,95.24116617120269,0.9137956200513327,0.0,0.931648406374502,2.5728037274955096,5.585876582446105,False
random__k40__d5__s4__5000K_2.0gcc,5000K_2.0gcc,random,40,5,4,True,,10.0,86.06129023656581,976.8341690414532,4921.965222355289,0.9843930444710579,-57.1155681316406,0.7516237181489154,0.001996007984031936,0.9448456175298805,2.574948698004476,6.0582795698924725,True
random__k40__d5__s5__5000K_2.0gcc,5000K_2.0gcc,random,40,5,5,True,,10.0,-0.022803538964756447,0.6375200264062642,5033.122402195609,1.0066244804391218,49.47148663424524,0.9400336027536462,0.0,0.9030129482071713,2.5316749405162633,5.661035224323323,False
random__k40__d6__s2__5000K_2.0gcc,5000K_2.0gcc,random,40,6,2,True,,10.0,0.06914859017831738,0.8095535418750615,5033.4336445109775,1.0066867289021955,7.722603731841558,0.9386498418505167,0.0,0.9356324701195219,2.531976045605566,5.899870967741934,False
random__k40__d6__s3__5000K_2.0gcc,5000K_2.0gcc,random,40,6,3,True,,10.0,-0.07640297640320104,0.8679595640624029,5101.785814171657,1.0203571628343313,126.24373478328863,0.9541703743173955,0.0,0.8952938247011952,2.55583509515322,5.517027914614121,False
random__k40__d6__s4__5000K_2.0gcc,5000K_2.0gcc,random,40,6,4,True,,10.0,-0.004391711439037186,0.35043613312495836,5076.4903834331335,1.0152980766866266,-10.00446610868672,0.9512827603551952,0.0,0.9215014940239044,2.574940649517543,5.7288431590656295,False
random__k40__d6__s5__5000K_2.0gcc,5000K_2.0gcc,random,40,6,5,True,,10.0,0.024077577465347444,0.5427288140626843,5022.368808582834,1.0044737617165669,4.780554462706079,0.9505096526274727,0.0,0.9201942231075697,2.543079394453024,5.833893956247682,False
random__k40__d7__s2__5000K_2.0gcc,5000K_2.0gcc,random,40,7,2,True,,10.0,0.04314094237685856,0.6732954089061423,4948.631890618763,0.9897263781237525,-25.06570393387796,0.9322312382349138,0.0,0.9559262948207171,2.548277939983614,5.968043010752687,False
random__k40__d7__s3__5000K_2.0gcc,5000K_2.0gcc,random,40,7,3,True,,10.0,0.015632824182255572,0.7571778398437345,4890.272606586826,0.9780545213173653,75.45891462709056,0.9561252475999156,0.0,0.9117903386454184,2.561528156633114,5.652,False
random__k40__d7__s4__5000K_2.0gcc,5000K_2.0gcc,random,40,7,4,True,,10.0,-0.023183987090104698,0.5080375340626233,5020.8621415169655,1.004172428303393,11.854136106519457,0.9502830097234194,0.0,0.9282868525896414,2.5439790536328086,5.769457916203188,False
random__k40__d7__s5__5000K_2.0gcc,5000K_2.0gcc,random,40,7,5,True,,10.0,-0.02556496885803634,0.4934021503125905,5056.298922155689,1.0112597844311377,91.75937339501253,0.957248730331882,0.0,0.9215637450199203,2.548463110953045,5.419674241220403,False
random__k40__d8__s2__5000K_2.0gcc,5000K_2.0gcc,random,40,8,2,True,,10.0,0.013603005644363429,0.4405521534374657,4973.330553093811,0.9946661106187623,79.35229244281598,0.8255758928438984,0.001996007984031936,0.9182021912350598,2.554313099755439,5.264581280788178,True
random__k40__d8__s3__5000K_2.0gcc,5000K_2.0gcc,random,40,8,3,True,,10.0,0.12485849470819042,1.0656727575000104,5021.755210778444,1.0043510421556887,51.468521631788185,0.9412324805748048,0.0,0.931648406374502,2.524764245744162,5.8530337411939195,False
random__k40__d8__s4__5000K_2.0gcc,5000K_2.0gcc,random,40,8,4,True,,10.0,0.05279864780851458,0.7201828420312495,4894.347550099801,0.9788695100199603,1.9226986575153504,0.9614332477223785,0.0,0.9411105577689243,2.5686890596241314,5.712836484983314,False
random__k40__d8__s5__5000K_2.0gcc,5000K_2.0gcc,random,40,8,5,True,,10.0,0.02810200457277576,0.5189463154687246,5128.413411776447,1.0256826823552894,34.119354029582716,0.9502030690236694,0.0,0.8991533864541833,2.5384886092519587,5.699117538005192,False
random__k40__d9__s2__5000K_2.0gcc,5000K_2.0gcc,random,40,9,2,True,,10.0,0.018702757767992823,0.7539255323438283,5097.065100399201,1.0194130200798401,-13.696954535081378,0.9441206914107961,0.0,0.923804780876494,2.554265422865741,5.655988134964776,False
random__k40__d9__s3__5000K_2.0gcc,5000K_2.0gcc,random,40,9,3,True,,10.0,0.052501994667660465,0.9450663543750579,4935.3376532934135,0.9870675306586827,52.76902882334737,0.9300932624941436,0.0,0.9170816733067729,2.538156571007745,5.825333333333333,False
random__k40__d9__s4__5000K_2.0gcc,5000K_2.0gcc,random,40,9,4,True,,10.0,-0.01448606519544952,0.4005081173436338,4916.517898403194,0.9833035796806388,-46.38688752228405,0.752762059302274,0.001996007984031936,0.9586653386454184,2.5435246816833046,6.07040053763441,True
random__k40__d9__s5__5000K_2.0gcc,5000K_2.0gcc,random,40,9,5,True,,10.0,-0.019117137153060484,0.5853475935936103,5066.977151297405,1.013395430259481,18.30806169128668,0.9544066389506105,0.0,0.9383715139442231,2.5314018757166408,5.672177975528366,False
random_5000K__k2__d0__s1__5000K_2.0gcc,5000K_2.0gcc,random_5000K,2,0,1,True,,10.0,114.71538233251566,3204.8972381174535,5048.07941277445,1.00961588255489,-11.65686482390068,0.4817099238691273,0.011976047904191617,0.9065612549800797,2.535628688802873,5.588450414991015,True
random_5000K__k2__d0__s2__5000K_2.0gcc,5000K_2.0gcc,random_5000K,2,0,2,True,,10.0,0.022583688442091472,0.590768106093492,4953.703718163673,0.9907407436327347,68.94696498086684,0.9123747450795636,0.0,0.9112300796812749,2.5477286198479003,5.580742200328407,False
random_5000K__k2__d0__s3__5000K_2.0gcc,5000K_2.0gcc,random_5000K,2,0,3,True,,10.0,-0.0024851107676156785,0.49645118859370996,4912.925870259481,0.9825851740518962,78.5424155485869,0.959213142262449,0.0,0.9178286852589641,2.5421745474572193,5.746909899888765,False
random_5000K__k2__d0__s4__5000K_2.0gcc,5000K_2.0gcc,random_5000K,2,0,4,True,,10.0,-0.042716496666135674,0.5415091987497362,5074.391658083831,1.0148783316167662,5.793871826799685,0.9305128212647038,0.0,0.9224352589641435,2.5483042671582163,5.870939562476829,False
random_5000K__k2__d0__s5__5000K_2.0gcc,5000K_2.0gcc,random_5000K,2,0,5,True,,10.0,60.36375497577194,520.2006898176564,5013.947283632733,1.0027894567265467,-24.002763997765932,0.9280261158954528,0.0,0.9226842629482072,2.5319735891366957,6.017811827956989,True
random_5000K__k2__d1__s1__5000K_2.0gcc,5000K_2.0gcc,random_5000K,2,1,1,True,,10.0,-0.03759317298035603,0.7386125845314382,4919.802910778443,0.9839605821556886,9.627330963142766,0.9177973674760678,0.0,0.9262948207171314,2.530834064520976,5.904903225806451,False
random_5000K__k2__d1__s2__5000K_2.0gcc,5000K_2.0gcc,random_5000K,2,1,2,True,,10.0,273.8226542974637,2787.19879878375,4974.386021157685,0.9948772042315369,-13.42415187482801,0.5751498602607853,0.003992015968063872,0.9409860557768924,2.5335987876506083,5.913241935483874,True
random_5000K__k2__d1__s3__5000K_2.0gcc,5000K_2.0gcc,random_5000K,2,1,3,True,,10.0,358.1918496115718,3039.8033541037503,5111.591277844312,1.0223182555688624,140.92827851993772,0.47520839506683815,0.003992015968063872,0.8914342629482072,2.5557252834078756,5.54696551724138,True
random_5000K__k2__d1__s4__5000K_2.0gcc,5000K_2.0gcc,random_5000K,2,1,4,True,,10.0,827.6098243913586,5974.5235687800005,4999.583254091816,0.9999166508183632,-24.55809214911565,0.4786331605812535,0.013972055888223553,0.8991533864541833,2.53942541783745,6.0502795698924725,True
random_5000K__k2__d1__s5__5000K_2.0gcc,5000K_2.0gcc,random_5000K,2,1,5,True,,10.0,741.6217696379829,5134.9878848957815,5083.305035928143,1.0166610071856286,44.29239984563818,0.3767701320115492,0.043912175648702596,0.9143426294820717,2.5450538957437847,5.6290764341331645,True
random_5000K__k2__d2__s1__5000K_2.0gcc,5000K_2.0gcc,random_5000K,2,2,1,True,,10.0,-0.015135443027648991,0.5692215689059594,4965.424486227545,0.9930848972455089,24.353351744236672,0.9241640514042948,0.0,0.9142181274900398,2.553438910039022,5.813493511308865,False
random_5000K__k2__d2__s2__5000K_2.0gcc,5000K_2.0gcc,random_5000K,2,2,2,True,,10.0,0.041844215509705414,0.7725585440625764,5031.519406986028,1.0063038813972056,31.247852230541028,0.9495025970454215,0.0,0.9117280876494024,2.542206715953576,5.818110493140526,False
random_5000K__k2__d2__s3__5000K_2.0gcc,5000K_2.0gcc,random_5000K,2,2,3,True,,10.0,84.40480828981177,566.1162928078124,5007.328403193614,1.0014656806387228,132.87954381099206,0.66932714976908,0.001996007984031936,0.9084910358565738,2.536754672705027,5.681076540070978,True
random_5000K__k2__d2__s4__5000K_2.0gcc,5000K_2.0gcc,random_5000K,2,2,4,True,,10.0,0.006640880656692728,0.7055474582812167,5014.020903592815,1.002804180718563,101.9693793853797,0.9600314821634754,0.0,0.9284113545816733,2.535649784572289,5.58003056894492,False
random_5000K__k2__d2__s5__5000K_2.0gcc,5000K_2.0gcc,random_5000K,2,2,5,True,,10.0,-0.00972479808368867,0.6308798985937756,5051.574001197605,1.010314800239521,-8.08497688490571,0.9537044963283956,0.0,0.9336404382470119,2.5477355964400075,5.8767311827957,False
random_5000K__k2__d3__s1__5000K_2.0gcc,5000K_2.0gcc,random_5000K,2,3,1,True,,10.0,0.06732513662481575,1.0434486562498932,4915.753106387225,0.9831506212774449,15.86972507273049,0.9590189399615628,0.0,0.9240537848605578,2.53521683890371,5.924393029291806,False
random_5000K__k2__d3__s2__5000K_2.0gcc,5000K_2.0gcc,random_5000K,2,3,2,True,,10.0,0.004396077969130885,0.43574144859394437,4874.175957884231,0.9748351915768463,47.513609594643015,0.957982915972931,0.0,0.9388072709163346,2.532270923380858,5.560964775676677,False
random_5000K__k2__d3__s3__5000K_2.0gcc,5000K_2.0gcc,random_5000K,2,3,3,True,,10.0,-0.0003595242052345803,0.4721266387500691,5031.200777445109,1.006240155489022,44.55392310730988,0.9377398426376053,0.0,0.9262948207171314,2.5832045681208062,5.7594304783092305,False
random_5000K__k2__d3__s4__5000K_2.0gcc,5000K_2.0gcc,random_5000K,2,3,4,True,,10.0,-0.029245965705295623,0.4196154239061798,4982.755185029941,0.9965510370059881,2.6408539912409057,0.8930763085123244,0.0,0.9346364541832669,2.522255827414035,6.034485817575082,False
random_5000K__k2__d3__s5__5000K_2.0gcc,5000K_2.0gcc,random_5000K,2,3,5,True,,10.0,390.12944968105495,3548.8570784202657,5031.71833752495,1.00634366750499,29.17940393239111,0.454457442608216,0.005988023952095809,0.9174551792828686,2.5415281185444876,5.781055988134965,True
random_5000K__k2__d4__s1__5000K_2.0gcc,5000K_2.0gcc,random_5000K,2,4,1,True,,10.0,0.002055457808070354,0.40199875828147924,4873.157294610779,0.9746314589221557,17.92708376342423,0.9368472531405531,0.0,0.9142181274900398,2.5595946477900364,5.586420361247947,False
random_5000K__k2__d4__s2__5000K_2.0gcc,5000K_2.0gcc,random_5000K,2,4,2,True,,10.0,0.02935228708937812,0.7980349528129409,4941.5190225548895,0.9883038045109779,-12.788737236951484,0.9628572910925067,0.0,0.9301543824701195,2.5320945500769043,5.819270300333706,False
random_5000K__k2__d4__s3__5000K_2.0gcc,5000K_2.0gcc,random_5000K,2,4,3,True,,10.0,0.07667917490522744,1.0450748100001874,4998.247060678643,0.9996494121357286,41.80793038442985,0.9499058474733164,0.0,0.9157121513944223,2.537344479808068,5.865591397849463,False
random_5000K__k2__d4__s4__5000K_2.0gcc,5000K_2.0gcc,random_5000K,2,4,4,True,,10.0,132.39455845753056,928.6642223320318,5028.0778806387225,1.0056155761277445,32.43158281109562,0.8793833632597332,0.0,0.9177041832669323,2.550118284881874,5.720172784575454,True
random_5000K__k2__d4__s5__5000K_2.0gcc,5000K_2.0gcc,random_5000K,2,4,5,True,,10.0,-0.041729008015660374,0.5031590728121955,5104.478703592815,1.020895740718563,39.241842202711005,0.940840581937769,0.0,0.9309013944223108,2.5287102169158784,5.7976006144393235,False
random_5000K__k2__d5__s1__5000K_2.0gcc,5000K_2.0gcc,random_5000K,2,5,1,True,,10.0,1597.853887708086,12534.891859906405,5876.331364471057,1.1752662728942114,16.039299597830347,0.5009433405985165,0.01996007984031936,0.8965388446215139,2.5428359199657358,5.768194289951798,True
random_5000K__k2__d5__s2__5000K_2.0gcc,5000K_2.0gcc,random_5000K,2,5,2,True,,10.0,119.2982539357868,1877.7263752528122,5268.170059281437,1.0536340118562875,40.329029052387526,0.5083918781737161,0.007984031936127744,0.8990288844621513,2.5523842611397685,5.502692939244663,True
random_5000K__k2__d5__s3__5000K_2.0gcc,5000K_2.0gcc,random_5000K,2,5,3,True,,10.0,-0.029964577422080776,0.3942067715634039,5019.6683015968065,1.0039336603193614,57.5712423440045,0.9384025195032243,0.0,0.9256723107569721,2.549226890090304,5.863724137931035,False
random_5000K__k2__d5__s4__5000K_2.0gcc,5000K_2.0gcc,random_5000K,2,5,4,True,,10.0,-0.014609308759187398,0.739696687031028,4933.683833333333,0.9867367666666665,-52.62325399513707,0.9558615315389565,0.0,0.9343874501992032,2.567417635189699,5.924860215053764,False
random_5000K__k2__d5__s5__5000K_2.0gcc,5000K_2.0gcc,random_5000K,2,5,5,True,,10.0,97.54422796534138,707.8599844265623,5093.341891217565,1.0186683782435129,42.674940565976286,0.9457876996541037,0.0,0.913097609561753,2.547833389432641,5.630154987022618,True
random_5000K__k2__d6__s1__5000K_2.0gcc,5000K_2.0gcc,random_5000K,2,6,1,True,,10.0,369.37101112948875,2836.1238025575003,4868.97349500998,0.973794699001996,22.430648207771682,0.7506395609138918,0.001996007984031936,0.915089641434263,2.55520721524071,5.658469410456061,True
random_5000K__k2__d6__s2__5000K_2.0gcc,5000K_2.0gcc,random_5000K,2,6,2,True,,10.0,0.06314590023229812,0.8716861664061071,5015.160180439122,1.0030320360878244,55.85275137110817,0.9512083956915012,0.0,0.90625,2.555288396876934,5.558766989777001,False
random_5000K__k2__d6__s3__5000K_2.0gcc,5000K_2.0gcc,random_5000K,2,6,3,True,,10.0,0.0019073437881991214,0.6310831678129034,4948.655140718563,0.9897310281437127,19.960420033196364,0.9467786381441022,0.0,0.9330179282868526,2.536200853109114,6.060618464961067,False
random_5000K__k2__d6__s4__5000K_2.0gcc,5000K_2.0gcc,random_5000K,2,6,4,True,,10.0,0.021647751032304322,0.4794443306254834,5087.487292015968,1.0174974584031935,-11.564709219883847,0.9535381306329606,0.0,0.922933266932271,2.562874579899163,5.810199480904711,False
random_5000K__k2__d6__s5__5000K_2.0gcc,5000K_2.0gcc,random_5000K,2,6,5,True,,10.0,-0.0436024061150125,0.5864316960937686,5015.873483233533,1.0031746966467066,4.628879765243171,0.9622196438755553,0.0,0.9492031872509961,2.531517412958419,5.874924731182796,False
random_5000K__k2__d7__s1__5000K_2.0gcc,5000K_2.0gcc,random_5000K,2,7,1,True,,10.0,0.021943243169223497,0.630405603750205,4870.011266067865,0.974002253213573,-9.409046778400265,0.9573079841440787,0.0,0.9280378486055777,2.553327376267288,5.978992955135335,False
random_5000K__k2__d7__s2__5000K_2.0gcc,5000K_2.0gcc,random_5000K,2,7,2,True,,10.0,-0.037269479940107215,0.3965104893750322,4960.102298802395,0.992020459760479,38.45372560462909,0.9728960299035041,0.0,0.9194472111553785,2.5491402702154495,5.642712643678161,False
random_5000K__k2__d7__s3__5000K_2.0gcc,5000K_2.0gcc,random_5000K,2,7,3,True,,10.0,0.07411037786074942,1.0772591029685827,5066.230281237526,1.0132460562475052,113.12366628029835,0.9074860960863258,0.0,0.9143426294820717,2.544599039837996,5.65406896551724,False
random_5000K__k2__d7__s4__5000K_2.0gcc,5000K_2.0gcc,random_5000K,2,7,4,True,,10.0,-0.02199635206223183,0.5715930431251763,4914.243453692615,0.982848690738523,7.70306890736139,0.9572987947600267,0.0,0.9277888446215139,2.5484462669490657,5.81465331850204,False
random_5000K__k2__d7__s5__5000K_2.0gcc,5000K_2.0gcc,random_5000K,2,7,5,True,,10.0,-0.011797202633265547,0.33397132640629934,5021.965483433135,1.004393096686627,-20.284195392665524,0.9333410222523167,0.0,0.9274153386454184,2.5427710153986407,5.819741935483871,False
random_5000K__k2__d8__s1__5000K_2.0gcc,5000K_2.0gcc,random_5000K,2,8,1,True,,10.0,0.04673781746931454,0.7787921334374914,5057.270835728543,1.0114541671457085,11.74219990095969,0.9572142368252783,0.0,0.9279133466135459,2.5293168796971335,5.883096774193549,False
random_5000K__k2__d8__s2__5000K_2.0gcc,5000K_2.0gcc,random_5000K,2,8,2,True,,10.0,0.08389673838707795,1.141221150468482,5065.424525948104,1.013084905189621,88.3596683893027,0.9410486016864379,0.0,0.9213147410358565,2.549341635457564,5.490701626145453,False
random_5000K__k2__d8__s3__5000K_2.0gcc,5000K_2.0gcc,random_5000K,2,8,3,True,,10.0,0.03975035120452721,0.6670618195312272,4932.140359281438,0.9864280718562876,27.88547697954362,0.9159488839918961,0.0,0.9124750996015937,2.5453543677172474,5.846461994809048,False
random_5000K__k2__d8__s4__5000K_2.0gcc,5000K_2.0gcc,random_5000K,2,8,4,True,,10.0,-0.04667893825632767,0.7434910457809565,4984.388205389222,0.9968776410778444,-0.9412385748236016,0.9570457127102131,0.0,0.9200697211155379,2.5602512984561927,5.774138672599184,False
random_5000K__k2__d8__s5__5000K_2.0gcc,5000K_2.0gcc,random_5000K,2,8,5,True,,10.0,0.009540330438813832,0.5086473417190973,4975.500569660679,0.9951001139321357,17.703001923409314,0.9577765576516268,0.0,0.9157121513944223,2.542092986861288,5.823138301816833,False
random_5000K__k2__d9__s1__5000K_2.0gcc,5000K_2.0gcc,random_5000K,2,9,1,True,,10.0,0.03261172241418226,0.5077665084372711,4917.827729740518,0.9835655459481036,52.50167826678988,0.9490647688419372,0.0,0.9165836653386454,2.547131088590681,5.8291212458286985,False
random_5000K__k2__d9__s2__5000K_2.0gcc,5000K_2.0gcc,random_5000K,2,9,2,True,,10.0,-0.048830737213523,0.521521058907183,4796.731821357285,0.959346364271457,-13.52384624810131,0.9419929994676179,0.0,0.9281623505976095,2.562578603925297,5.65777467026855,False
random_5000K__k2__d9__s3__5000K_2.0gcc,5000K_2.0gcc,random_5000K,2,9,3,True,,10.0,0.024024987385027598,0.4791055485934521,4976.229091616766,0.9952458183233531,98.7263563426431,0.9410269875959988,0.0,0.8957918326693227,2.5456665644981022,5.745521690767517,False
random_5000K__k2__d9__s4__5000K_2.0gcc,5000K_2.0gcc,random_5000K,2,9,4,True,,10.0,0.01875641968092137,0.6242397707810596,4933.194772255489,0.9866389544510977,67.33323590177343,0.9379503674747397,0.0,0.9007719123505976,2.5590888082127012,5.543977011494253,False
random_5000K__k2__d9__s5__5000K_2.0gcc,5000K_2.0gcc,random_5000K,2,9,5,True,,10.0,0.007042774757121598,0.40755478359324115,5088.094337125749,1.0176188674251498,31.34695320162662,0.9396946521918702,0.0,0.9235557768924303,2.5601467508957994,5.6148013136289,False
random_5000K__k5__d0__s1__5000K_2.0gcc,5000K_2.0gcc,random_5000K,5,0,1,True,,10.0,0.09281955470821078,1.1007028195313069,4942.499196207586,0.9884998392415171,-34.78483311801179,0.9172268621873215,0.0,0.928660358565737,2.5485775499166796,6.037978494623655,False
random_5000K__k5__d0__s2__5000K_2.0gcc,5000K_2.0gcc,random_5000K,5,0,2,True,,10.0,-0.03070929728516595,0.582772850155834,5013.723789221557,1.0027447578443114,84.05318592434526,0.9475767364419623,0.0,0.9200697211155379,2.552770858245737,5.521057471264368,False
random_5000K__k5__d0__s3__5000K_2.0gcc,5000K_2.0gcc,random_5000K,5,0,3,True,,10.0,-0.009700784153142492,0.4299821540621451,5068.248915768463,1.0136497831536926,104.80077140448805,0.9514627380817386,0.0,0.9183266932270916,2.5406956738740694,5.6318887652947724,False
random_5000K__k5__d0__s4__5000K_2.0gcc,5000K_2.0gcc,random_5000K,5,0,4,True,,10.0,0.07495764386128125,1.0807824360936138,4979.637230339322,0.9959274460678643,27.94996095263083,0.9488702753121728,0.0,0.9213769920318725,2.5418711566225993,5.653142009640341,False
random_5000K__k5__d0__s5__5000K_2.0gcc,5000K_2.0gcc,random_5000K,5,0,5,True,,10.0,-0.0355811904602071,0.4016599762499027,4937.056063872255,0.9874112127744511,53.922567856722594,0.9470727431602071,0.0,0.9149651394422311,2.532850196912883,5.747433444568039,False
random_5000K__k5__d1__s1__5000K_2.0gcc,5000K_2.0gcc,random_5000K,5,1,1,True,,10.0,0.029556204417563573,0.7055474582816714,4931.399176646706,0.9862798353293413,28.3277274341908,0.9605740023522392,0.0,0.921937250996016,2.5358534598024494,5.91083870967742,False
random_5000K__k5__d1__s2__5000K_2.0gcc,5000K_2.0gcc,random_5000K,5,1,2,True,,10.0,175.8675846751973,1179.7255577432811,5130.321662275449,1.0260643324550898,-16.39697377398614,0.6427973544609534,0.001996007984031936,0.9515687250996016,2.525334533629964,6.027330645161292,True
random_5000K__k5__d1__s3__5000K_2.0gcc,5000K_2.0gcc,random_5000K,5,1,3,True,,10.0,0.05480011733884194,0.8421443732813714,5083.700041317365,1.016740008263473,-1.1284992905742006,0.9526538890121644,0.0,0.9577938247011952,2.5417840528586253,6.2908467741935485,False
random_5000K__k5__d1__s4__5000K_2.0gcc,5000K_2.0gcc,random_5000K,5,1,4,True,,10.0,-0.03620039679594819,0.4219868981244872,5058.489626746507,1.0116979253493015,41.15098158969856,0.9481538513189727,0.0,0.9256723107569721,2.5448577282635894,5.764493882091212,False
random_5000K__k5__d1__s5__5000K_2.0gcc,5000K_2.0gcc,random_5000K,5,1,5,True,,10.0,0.018536637657484943,0.6349452829686015,4878.344695808382,0.9756689391616764,-1.1093888126955724,0.9552370579856082,0.0,0.93949203187251,2.53581698401507,5.939139784946236,False
random_5000K__k5__d2__s1__5000K_2.0gcc,5000K_2.0gcc,random_5000K,5,2,1,True,,10.0,116.40510519921561,1397.0631746357808,5028.933128742515,1.0057866257485029,25.649506425264136,0.9501777080893865,0.0,0.9226842629482072,2.5424303748428496,5.945668520578421,True
random_5000K__k5__d2__s2__5000K_2.0gcc,5000K_2.0gcc,random_5000K,5,2,2,True,,10.0,0.014611670081557754,0.6369102187495628,5057.291570658683,1.0114583141317366,36.75839811365281,0.9454394730266976,0.0,0.9266683266932271,2.5489279011730153,5.796472800466127,False
random_5000K__k5__d2__s3__5000K_2.0gcc,5000K_2.0gcc,random_5000K,5,2,3,True,,10.0,-0.060313720470609206,0.6902345104685992,5006.409763672654,1.0012819527345307,50.55039982294743,0.9396548874352754,0.0,0.9409860557768924,2.516620888747303,5.972145902855025,False
random_5000K__k5__d2__s4__5000K_2.0gcc,5000K_2.0gcc,random_5000K,5,2,4,True,,10.0,328.31768896618144,2318.069500177031,5219.519934331338,1.0439039868662676,39.65662966249425,0.6128582695142493,0.003992015968063872,0.896414342629482,2.5454299011616466,5.71512643678161,True
random_5000K__k5__d2__s5__5000K_2.0gcc,5000K_2.0gcc,random_5000K,5,2,5,True,,10.0,40.34018590856921,411.2374797862499,5055.106017165668,1.0110212034331336,-4.421857170915117,0.9453512158208713,0.0,0.9417330677290837,2.5412549373551023,5.928093437152393,True
random_5000K__k5__d3__s1__5000K_2.0gcc,5000K_2.0gcc,random_5000K,5,3,1,True,,10.0,0.050019513870100916,1.0423645537498487,4921.567365069861,0.9843134730139722,135.81937779327134,0.9421235085921593,0.0,0.8807270916334662,2.5618180428777872,5.145624885969713,False
random_5000K__k5__d3__s2__5000K_2.0gcc,5000K_2.0gcc,random_5000K,5,3,2,True,,10.0,0.020171601965625303,0.7398321998434767,4962.086609181636,0.9924173218363272,38.96753353283388,0.936895769666508,0.0,0.9280378486055777,2.5603446192364676,5.6199552942422795,False
random_5000K__k5__d3__s3__5000K_2.0gcc,5000K_2.0gcc,random_5000K,5,3,3,True,,10.0,0.035431344662803524,0.9973065435938224,5071.910395209581,1.0143820790419162,26.361356693011935,0.9437155622442599,0.0,0.9311503984063745,2.547443762639252,6.00561957730812,False
random_5000K__k5__d3__s4__5000K_2.0gcc,5000K_2.0gcc,random_5000K,5,3,4,True,,10.0,-0.0066541425383324195,0.3022613282810198,5050.765235928143,1.0101530471856286,12.29530020215502,0.9403828401379942,0.0,0.9240537848605578,2.56065621251718,5.646644419725619,False
random_5000K__k5__d3__s5__5000K_2.0gcc,5000K_2.0gcc,random_5000K,5,3,5,True,,10.0,252.28356914878387,1803.5762712398437,5021.992126347305,1.004398425269461,59.580607726760974,0.6440006970097162,0.005988023952095809,0.9221862549800797,2.542895129064396,5.537957307060753,True
random_5000K__k5__d4__s1__5000K_2.0gcc,5000K_2.0gcc,random_5000K,5,4,1,True,,10.0,0.12646850700910758,1.3580416504682944,5023.357278443114,1.004671455688623,24.774487265737548,0.9399480866627687,0.0,0.9127241035856574,2.5337097538729982,5.916249165739711,False
random_5000K__k5__d4__s2__5000K_2.0gcc,5000K_2.0gcc,random_5000K,5,4,2,True,,10.0,360.5752438677277,4537.727658083344,5165.503730938123,1.0331007461876247,22.994146586371688,0.3992584558015023,0.021956087824351298,0.9204432270916335,2.5472401171775547,5.584830552465703,True
random_5000K__k5__d4__s3__5000K_2.0gcc,5000K_2.0gcc,random_5000K,5,4,3,True,,10.0,171.62599777873552,2035.8423183393747,5198.682742914171,1.0397365485828343,59.48528275738128,0.9642232506909385,0.0,0.9153386454183267,2.558867000692436,5.910981090100111,True
random_5000K__k5__d4__s4__5000K_2.0gcc,5000K_2.0gcc,random_5000K,5,4,4,True,,10.0,313.5349499120274,2250.2287372012497,5231.920143512974,1.046384028702595,61.89281484978739,0.7955806361457021,0.001996007984031936,0.8960408366533864,2.5697360430346765,5.570324393358876,True
random_5000K__k5__d4__s5__5000K_2.0gcc,5000K_2.0gcc,random_5000K,5,4,5,True,,10.0,0.002238200078541716,0.6009993234370086,4952.172984031936,0.9904345968063871,48.622108243067345,0.9487853104159025,0.0,0.9307768924302788,2.5452174396924345,5.62831855500821,False
random_5000K__k5__d5__s1__5000K_2.0gcc,5000K_2.0gcc,random_5000K,5,5,1,True,,10.0,-0.04412456969003822,0.6285084243750134,4986.372029341317,0.9972744058682634,8.08431609223054,0.9572978735487722,0.0,0.9284736055776892,2.540894727342319,5.950408602150537,False
random_5000K__k5__d5__s2__5000K_2.0gcc,5000K_2.0gcc,random_5000K,5,5,2,True,,10.0,0.012454019090642159,0.4366900382815402,5092.908103393214,1.0185816206786429,39.59509727067978,0.9670935077219781,0.0,0.9416085657370518,2.5411168091273693,5.700294030404153,False
random_5000K__k5__d5__s3__5000K_2.0gcc,5000K_2.0gcc,random_5000K,5,5,3,True,,10.0,62.12811131767147,578.5964130314069,5006.477208183633,1.0012954416367266,59.74604392719709,0.8058466438522908,0.001996007984031936,0.9064990039840638,2.540775550122071,5.891040322580645,True
random_5000K__k5__d5__s4__5000K_2.0gcc,5000K_2.0gcc,random_5000K,5,5,4,True,,10.0,-0.05269510012144953,0.5740322737497081,4916.8501708582835,0.9833700341716567,36.59446993541366,0.9388437967532188,0.0,0.9498256972111554,2.5535956271000857,5.677592351289793,False
random_5000K__k5__d5__s5__5000K_2.0gcc,5000K_2.0gcc,random_5000K,5,5,5,True,,10.0,0.05256252394549047,0.8928939215629725,4980.91968223553,0.9961839364471059,62.927325332190094,0.9177356990168801,0.0,0.9214392430278885,2.550413277072595,5.615632183908047,False
random_5000K__k5__d6__s1__5000K_2.0gcc,5000K_2.0gcc,random_5000K,5,6,1,True,,10.0,0.09043225608297546,0.9368000728122752,5042.50068003992,1.008500136007984,56.547953383648625,0.9419587267959243,0.0,0.9058764940239044,2.537268646103092,5.761567455903384,False
random_5000K__k5__d6__s2__5000K_2.0gcc,5000K_2.0gcc,random_5000K,5,6,2,True,,10.0,0.015871861902489882,0.4473277940619482,4992.462014371258,0.9984924028742517,60.20268557418969,0.9440388793381338,0.0,0.9142181274900398,2.560774071035594,5.534254886381693,False
random_5000K__k5__d6__s3__5000K_2.0gcc,5000K_2.0gcc,random_5000K,5,6,3,True,,10.0,-0.0017833322212147391,0.7469466224997632,4982.4555616766465,0.9964911123353293,125.51006555003174,0.9495634559185607,0.0,0.9077440239043825,2.539830584458875,5.671399014778325,False
random_5000K__k5__d6__s4__5000K_2.0gcc,5000K_2.0gcc,random_5000K,5,6,4,True,,10.0,34.04149099373185,1282.166468352656,5013.950265668663,1.0027900531337326,101.99015870781469,0.6645194642995794,0.001996007984031936,0.90824203187251,2.5450994683179884,5.40656814449918,True
random_5000K__k5__d6__s5__5000K_2.0gcc,5000K_2.0gcc,random_5000K,5,6,5,True,,10.0,-0.014563146188731422,0.6583889995308709,5021.635833532934,1.0043271667065867,-22.067373546880706,0.9490765971690597,0.0,0.945343625498008,2.523993826365634,5.990750926955876,False
random_5000K__k5__d7__s1__5000K_2.0gcc,5000K_2.0gcc,random_5000K,5,7,1,True,,10.0,0.0052616353255383755,0.4058608734376321,4963.5600355289425,0.9927120071057886,-28.076010616353685,0.9520372776756172,0.0,0.9230577689243028,2.556619308080034,5.943859102706711,False
random_5000K__k5__d7__s2__5000K_2.0gcc,5000K_2.0gcc,random_5000K,5,7,2,True,,10.0,0.01481763776999949,1.16737512328109,4983.495643912175,0.996699128782435,79.33719758403086,0.9388320907670339,0.0,0.8970368525896414,2.5355317395217116,5.424045977011494,False
random_5000K__k5__d7__s3__5000K_2.0gcc,5000K_2.0gcc,random_5000K,5,7,3,True,,10.0,-0.002905701788266689,0.5737612481252654,4937.648167864273,0.9875296335728546,74.27761022597467,0.9377863333915676,0.0,0.936503984063745,2.5391915107618,5.8393544679273255,False
random_5000K__k5__d7__s4__5000K_2.0gcc,5000K_2.0gcc,random_5000K,5,7,4,True,,10.0,-0.00638564863365728,0.3287540831252045,5026.496400798404,1.0052992801596807,24.725600927146616,0.9394174598095354,0.0,0.9274153386454184,2.5432874270072494,5.803279199110124,False
random_5000K__k5__d7__s5__5000K_2.0gcc,5000K_2.0gcc,random_5000K,5,7,5,True,,10.0,-0.06846058665099876,0.6306766293751025,4975.980751896207,0.9951961503792414,26.539948979815918,0.9431299763791838,0.0,0.8989043824701195,2.55596615574981,5.714143121987393,False
random_5000K__k5__d8__s1__5000K_2.0gcc,5000K_2.0gcc,random_5000K,5,8,1,True,,10.0,-0.015596047970149404,0.4010501685934287,4995.880764071856,0.9991761528143712,50.22096909056262,0.9425448710782949,0.0,0.9224352589641435,2.532627073032887,5.784123099740453,False
random_5000K__k5__d8__s2__5000K_2.0gcc,5000K_2.0gcc,random_5000K,5,8,2,True,,10.0,-0.03805470529893445,0.44841189656199276,5001.715520558882,1.0003431041117765,1.4111040036060105,0.9589596000948106,0.0,0.8986553784860558,2.5374181782040943,5.8807133852428635,False
random_5000K__k5__d8__s3__5000K_2.0gcc,5000K_2.0gcc,random_5000K,5,8,3,True,,10.0,-0.06596986298919202,0.7699838006255959,4997.9832978043905,0.9995966595608781,44.60893307595937,0.9408614375209562,0.0,0.9356324701195219,2.545759329371292,5.913677419354839,False
random_5000K__k5__d8__s4__5000K_2.0gcc,5000K_2.0gcc,random_5000K,5,8,4,True,,10.0,0.02671246358472985,0.5472007368753111,5012.5553766467065,1.0025110753293414,-4.765408557914991,0.9491215400458467,0.0,0.9276020916334662,2.556665199856552,5.925720430107528,False
random_5000K__k5__d8__s5__5000K_2.0gcc,5000K_2.0gcc,random_5000K,5,8,5,True,,10.0,-0.03300932253663598,0.5493011854687211,5013.974506187625,1.002794901237525,-65.91433545940897,0.9380076265196353,0.0,0.9621513944223108,2.538307552155982,6.152922043010753,False
random_5000K__k5__d9__s1__5000K_2.0gcc,5000K_2.0gcc,random_5000K,5,9,1,True,,10.0,-0.03754827266249698,0.4673836903125448,4948.349510978044,0.9896699021956088,28.93196058610972,0.9325897429470266,0.0,0.9402390438247012,2.535510935997591,5.9250349462365595,False
random_5000K__k5__d9__s2__5000K_2.0gcc,5000K_2.0gcc,random_5000K,5,9,2,True,,10.0,-0.06260989646285646,0.6325738087493846,4932.258466866268,0.9864516933732536,-31.10593329682859,0.9586298170440977,0.0,0.9562998007968128,2.561211097405321,5.995387560252133,False
random_5000K__k5__d9__s3__5000K_2.0gcc,5000K_2.0gcc,random_5000K,5,9,3,True,,10.0,0.03398661142916992,0.9129498178122049,5013.801428542914,1.0027602857085829,55.54440294390068,0.9147014403733046,0.0,0.9134711155378487,2.5609034328799964,5.761221674876846,False
random_5000K__k5__d9__s4__5000K_2.0gcc,5000K_2.0gcc,random_5000K,5,9,4,True,,10.0,-2.4557466626507347e-05,0.44868292218825445,5048.368875449101,1.0096737750898204,39.660895022796055,0.9505714108708511,0.0,0.9317729083665338,2.559417298770855,5.746946978123842,False
random_5000K__k5__d9__s5__5000K_2.0gcc,5000K_2.0gcc,random_5000K,5,9,5,True,,10.0,0.057551611257896235,0.9128820614055257,4985.385582834331,0.9970771165668663,8.222620334497826,0.9434929968733209,0.0,0.9225597609561753,2.53753419126087,5.894553948832037,False
random_5000K__k10__d0__s1__5000K_2.0gcc,5000K_2.0gcc,random_5000K,10,0,1,True,,10.0,-45.32557450878911,889.8176452059374,5121.92596467066,1.0243851929341319,-2068.093963188504,0.48298547213037385,0.0998003992015968,0.90625,2.5471484185205733,5.798840192806824,True
random_5000K__k10__d0__s2__5000K_2.0gcc,5000K_2.0gcc,random_5000K,10,0,2,True,,10.0,-0.07523044090387324,0.7379350204687398,4919.118789221556,0.9838237578443112,-41.151940913074256,0.9538166456264008,0.0,0.9245517928286853,2.5562455236140305,5.894967741935484,False
random_5000K__k10__d0__s3__5000K_2.0gcc,5000K_2.0gcc,random_5000K,10,0,3,True,,10.0,0.05237015333988689,1.06662134718772,4927.095748303393,0.9854191496606786,17.212190495093285,0.9562949699444208,0.0,0.9548057768924303,2.5673185687527864,5.90056979977753,False
random_5000K__k10__d0__s4__5000K_2.0gcc,5000K_2.0gcc,random_5000K,10,0,4,True,,10.0,-0.07796528347952734,0.7543320707814019,4892.176047105789,0.9784352094211577,41.7093174912196,0.9340682435909059,0.0,0.897410358565737,2.5683388032063514,5.680834154351394,False
random_5000K__k10__d0__s5__5000K_2.0gcc,5000K_2.0gcc,random_5000K,10,0,5,True,,10.0,-0.00299268568136368,0.36154818375052855,5066.612779041916,1.0133225558083832,60.85230100342146,0.9362804513958413,0.0,0.9190737051792829,2.54208470727496,5.559843212034536,False
random_5000K__k10__d1__s1__5000K_2.0gcc,5000K_2.0gcc,random_5000K,10,1,1,True,,10.0,-0.03465257826618984,0.47490465140617744,5008.631589221556,1.0017263178443112,13.421254083970942,0.9416627347272483,0.0,0.9490786852589641,2.5500564548878506,5.856846866889134,False
random_5000K__k10__d1__s2__5000K_2.0gcc,5000K_2.0gcc,random_5000K,10,1,2,True,,10.0,0.04687496948371262,0.982942185468346,4950.450424351298,0.9900900848702596,52.13885856790637,0.9374126111094306,0.0,0.9350099601593626,2.559324083157141,5.611549340537104,False
random_5000K__k10__d1__s3__5000K_2.0gcc,5000K_2.0gcc,random_5000K,10,1,3,True,,10.0,103.37918100961959,1206.2696041865624,5032.690848303393,1.0065381696606785,147.1403693544142,0.6205060284985151,0.003992015968063872,0.9157121513944223,2.554094759745878,5.524951921888516,True
random_5000K__k10__d1__s4__5000K_2.0gcc,5000K_2.0gcc,random_5000K,10,1,4,True,,10.0,0.037977163373916815,0.6058777846874364,4955.781614371257,0.9911563228742514,25.866722303105835,0.9383822507112969,0.0,0.920941235059761,2.5554477006212934,5.725234705228031,False
random_5000K__k10__d1__s5__5000K_2.0gcc,5000K_2.0gcc,random_5000K,10,1,5,True,,10.0,-0.006280790379536348,0.5147454182815636,5041.229867065868,1.0082459734131737,66.88563787491428,0.9494742997274859,0.0,0.9053784860557769,2.5321337327698714,5.515376344086023,False
random_5000K__k10__d2__s1__5000K_2.0gcc,5000K_2.0gcc,random_5000K,10,2,1,True,,10.0,0.057004053226566626,0.7733716209377235,4941.787750299401,0.9883575500598801,10.981796404876182,0.9547035202899379,0.0,0.9392430278884463,2.541980431319156,5.890365591397852,False
random_5000K__k10__d2__s2__5000K_2.0gcc,5000K_2.0gcc,random_5000K,10,2,2,True,,10.0,140.565061526156,1292.8213665046878,5104.229210578842,1.0208458421157685,55.828218673097105,0.6517364372735348,0.001996007984031936,0.9196339641434262,2.5268957217095886,5.6941001112347065,True
random_5000K__k10__d2__s3__5000K_2.0gcc,5000K_2.0gcc,random_5000K,10,2,3,True,,10.0,-0.008004317794968666,0.5402218270314734,5006.627648103793,1.0013255296207586,-0.9800326241464837,0.9464246661250963,0.0,0.961902390438247,2.534416164850964,6.130806451612903,False
random_5000K__k10__d2__s4__5000K_2.0gcc,5000K_2.0gcc,random_5000K,10,2,4,True,,10.0,483.84093067738047,3716.451715875844,5008.647017564871,1.0017294035129742,-19.175393334594258,0.5814630855987333,0.003992015968063872,0.9220617529880478,2.562930743915755,5.938236559139785,True
random_5000K__k10__d2__s5__5000K_2.0gcc,5000K_2.0gcc,random_5000K,10,2,5,True,,10.0,-0.009456704149777468,0.41053606546893207,5183.364428143712,1.0366728856287424,73.31153279908136,0.9099814289159972,0.0,0.9037599601593626,2.5598164545242876,5.592026272577997,False
random_5000K__k10__d3__s1__5000K_2.0gcc,5000K_2.0gcc,random_5000K,10,3,1,True,,10.0,0.010692725180542192,0.8703310382816198,5069.402089221557,1.0138804178443113,11.26930379094288,0.9368739179099821,0.0,0.9117280876494024,2.5320227694855526,6.004282258064518,False
random_5000K__k10__d3__s2__5000K_2.0gcc,5000K_2.0gcc,random_5000K,10,3,2,True,,10.0,-0.003973147998992898,0.4991614448435939,4949.372347105789,0.9898744694211579,6.535054214833797,0.9457056648371097,0.0,0.9312749003984063,2.5419776358925663,5.828169540229885,False
random_5000K__k10__d3__s3__5000K_2.0gcc,5000K_2.0gcc,random_5000K,10,3,3,True,,10.0,216.7763715955616,1510.4983752360945,4957.887697804391,0.9915775395608781,113.7193304118587,0.525249694358788,0.003992015968063872,0.9099850597609562,2.558408607192576,5.662643678160919,True
random_5000K__k10__d3__s4__5000K_2.0gcc,5000K_2.0gcc,random_5000K,10,3,4,True,,10.0,-0.0009524031161141396,0.5121029184383588,4857.704369461078,0.9715408738922157,-8.905817204773037,0.9478046948195604,0.0,0.9490786852589641,2.532907694765663,5.988074156470152,False
random_5000K__k10__d3__s5__5000K_2.0gcc,5000K_2.0gcc,random_5000K,10,3,5,True,,10.0,-0.05246377599674955,0.6402980390621451,4905.50079520958,0.981100159041916,2.3948463367338864,0.9528504919791977,0.0,0.9103585657370518,2.552288389787247,5.880043010752688,False
random_5000K__k10__d4__s1__5000K_2.0gcc,5000K_2.0gcc,random_5000K,10,4,1,True,,10.0,-0.006953720723799209,0.3502328639060579,4865.840138522954,0.9731680277045908,19.510808768959112,0.9388183703683054,0.0,0.930652390438247,2.5341890820423134,5.949179087875417,False
random_5000K__k10__d4__s2__5000K_2.0gcc,5000K_2.0gcc,random_5000K,10,4,2,True,,10.0,0.02405978522233172,0.925484752968714,4959.291380838324,0.9918582761676648,7.95595594115209,0.9548435155914293,0.0,0.9347609561752988,2.5377740556427955,5.902862439747867,False
random_5000K__k10__d4__s3__5000K_2.0gcc,5000K_2.0gcc,random_5000K,10,4,3,True,,10.0,-0.019545408694628695,0.5056660598438611,4958.271219161677,0.9916542438323355,-1.1959476521719279,0.9492908512895296,0.0,0.9439741035856574,2.533824414824515,6.242680107526882,False
random_5000K__k10__d4__s4__5000K_2.0gcc,5000K_2.0gcc,random_5000K,10,4,4,True,,10.0,-0.006307719626306695,0.4673159339063204,4953.795491616766,0.9907590983233533,108.69789631414523,0.9451923574839142,0.0,0.9281623505976095,2.553332218874766,5.267980295566503,False
random_5000K__k10__d4__s5__5000K_2.0gcc,5000K_2.0gcc,random_5000K,10,4,5,True,,10.0,0.07053575241494701,0.8478359114064915,5000.578824950099,1.0001157649900199,41.074551448647,0.9471105453895022,0.0,0.9182021912350598,2.557644471930975,5.709368928439005,False
random_5000K__k10__d5__s1__5000K_2.0gcc,5000K_2.0gcc,random_5000K,10,5,1,True,,10.0,106.62462142121248,742.9669499789061,4939.822649900199,0.9879645299800399,-18.865318796163933,0.9101975648775377,0.0,0.9213147410358565,2.5522881907693153,5.794952910641453,True
random_5000K__k10__d5__s2__5000K_2.0gcc,5000K_2.0gcc,random_5000K,10,5,2,True,,10.0,-0.024126953020759408,0.4852713815625975,5115.826612774451,1.0231653225548902,-23.99969349211027,0.9337836846438257,0.0,0.9255478087649402,2.557982674692005,5.934164163885803,False
random_5000K__k10__d5__s3__5000K_2.0gcc,5000K_2.0gcc,random_5000K,10,5,3,True,,10.0,-0.02849303969977739,0.7947148889061282,4995.928577844312,0.9991857155688624,127.79212942747598,0.9260757184777058,0.0,0.9005229083665338,2.5641424409071156,5.552522167487684,False
random_5000K__k10__d5__s4__5000K_2.0gcc,5000K_2.0gcc,random_5000K,10,5,4,True,,10.0,-0.0184134848858887,0.28688062406308745,5105.999965269461,1.0211999930538922,-21.999924209491358,0.9394344865768987,0.0,0.9246762948207171,2.5602405890976963,6.022924731182797,False
random_5000K__k10__d5__s5__5000K_2.0gcc,5000K_2.0gcc,random_5000K,10,5,5,True,,10.0,-0.01735678715619326,0.4307952309372922,4940.1907211576845,0.9880381442315369,21.823089869052573,0.9561420549594084,0.0,0.9125996015936255,2.5433180137815348,5.935253985910272,False
random_5000K__k10__d6__s1__5000K_2.0gcc,5000K_2.0gcc,random_5000K,10,6,1,True,,10.0,0.0033145271313665334,0.6146861174993319,4983.263265069861,0.9966526530139721,89.68510066835924,0.9271374833933756,0.0,0.9098605577689243,2.554517250649793,5.641214471105459,False
random_5000K__k10__d6__s2__5000K_2.0gcc,5000K_2.0gcc,random_5000K,10,6,2,True,,10.0,-0.009622295639933059,0.7907850173432962,4986.191670858284,0.9972383341716567,12.186471338316883,0.9210743579945108,0.0,0.9256723107569721,2.529224212323844,5.8569892473118275,False
random_5000K__k10__d6__s3__5000K_2.0gcc,5000K_2.0gcc,random_5000K,10,6,3,True,,10.0,0.0476534583159767,0.8523755906244332,5129.876158083832,1.0259752316167663,90.21666772750206,0.9580430556556422,0.0,0.9167081673306773,2.5138596168596563,5.895483870967744,False
random_5000K__k10__d6__s4__5000K_2.0gcc,5000K_2.0gcc,random_5000K,10,6,4,True,,10.0,399.47620937007844,2808.2966530490626,4972.334154291417,0.9944668308582834,-7.171892713029911,0.6409956644322955,0.001996007984031936,0.9239292828685259,2.535994532837392,6.014881720430107,True
random_5000K__k10__d6__s5__5000K_2.0gcc,5000K_2.0gcc,random_5000K,10,6,5,True,,10.0,-0.023000745949352436,0.3734733112496542,5018.546545309381,1.0037093090618763,80.26828959127555,0.9558162801234341,0.0,0.9137201195219123,2.550048280600091,5.430909688013137,False
random_5000K__k10__d7__s1__5000K_2.0gcc,5000K_2.0gcc,random_5000K,10,7,1,True,,10.0,0.059024505186534675,0.964444686562274,4985.300278443115,0.9970600556886229,48.349325769465345,0.9548576300569627,0.0,0.9159611553784861,2.5785357723686464,5.463103448275862,False
random_5000K__k10__d7__s2__5000K_2.0gcc,5000K_2.0gcc,random_5000K,10,7,2,True,,10.0,-0.10692026065799831,0.9393070598439408,4900.014349500998,0.9800028699001996,-33.21246252489613,0.9416045802803858,0.0,0.9381225099601593,2.5338590360834647,5.976432795698924,False
random_5000K__k10__d7__s3__5000K_2.0gcc,5000K_2.0gcc,random_5000K,10,7,3,True,,10.0,-0.0032787800306843186,0.5443549678125237,5066.511169261476,1.0133022338522952,70.87695199557538,0.9467750687053395,0.0,0.9154631474103586,2.535459367022855,5.848698553948832,False
random_5000K__k10__d7__s4__5000K_2.0gcc,5000K_2.0gcc,random_5000K,10,7,4,True,,10.0,0.017591527737387168,0.6738374601563919,4987.82881477046,0.9975657629540919,-23.74100550976075,0.9349070501868088,0.0,0.9239292828685259,2.5630439759987973,5.943784946236558,False
random_5000K__k10__d7__s5__5000K_2.0gcc,5000K_2.0gcc,random_5000K,10,7,5,True,,10.0,-0.05336851831085562,0.6840686775003633,5024.452648702594,1.0048905297405188,41.416460093469276,0.9381225236273776,0.0,0.9311503984063745,2.5657775569882477,5.799737486095663,False
random_5000K__k10__d8__s1__5000K_2.0gcc,5000K_2.0gcc,random_5000K,10,8,1,True,,10.0,-0.024046564602889186,0.3866858104693165,4993.162640119761,0.9986325280239522,68.14214316584744,0.9451815652836232,0.0,0.9135956175298805,2.5530743364585256,5.466177339901477,False
random_5000K__k10__d8__s2__5000K_2.0gcc,5000K_2.0gcc,random_5000K,10,8,2,True,,10.0,0.0060753782244922965,0.6075716948444096,5059.33877005988,1.0118677540119758,-88.41145550710692,0.9304607583186945,0.0,0.9480826693227091,2.5421331236819835,6.2962096774193546,False
random_5000K__k10__d8__s3__5000K_2.0gcc,5000K_2.0gcc,random_5000K,10,8,3,True,,10.0,0.03060357180468107,0.7286523928132738,4995.7570439121755,0.9991514087824351,95.93892206967335,0.9383462542052371,0.0,0.9153386454183267,2.5758687349662717,5.5029162561576355,False
random_5000K__k10__d8__s4__5000K_2.0gcc,5000K_2.0gcc,random_5000K,10,8,4,True,,10.0,0.031006532143637258,0.4885236890631859,4962.003055089821,0.9924006110179642,43.00892744403153,0.9379099060720064,0.0,0.9060009960159362,2.55870662698423,5.722375973303671,False
random_5000K__k10__d8__s5__5000K_2.0gcc,5000K_2.0gcc,random_5000K,10,8,5,True,,10.0,0.03656472260390426,0.9022443056255725,4948.72860239521,0.9897457204790421,65.93531378198078,0.9333315121836399,0.0,0.9200697211155379,2.546953262704564,5.425401027596803,False
random_5000K__k10__d9__s1__5000K_2.0gcc,5000K_2.0gcc,random_5000K,10,9,1,True,,10.0,0.0002169219920885241,0.5045142009375922,4882.064433932135,0.976412886786427,-22.260649336073058,0.9305057026912835,0.0,0.9331424302788844,2.5560513485773275,6.0126451612903224,False
random_5000K__k10__d9__s2__5000K_2.0gcc,5000K_2.0gcc,random_5000K,10,9,2,True,,10.0,0.03401636398468002,0.5696958637499847,4866.537473652694,0.9733074947305388,-5.137865462083438,0.9291288747821804,0.0,0.9406125498007968,2.5369273418501255,5.977935483870969,False
random_5000K__k10__d9__s3__5000K_2.0gcc,5000K_2.0gcc,random_5000K,10,9,3,True,,10.0,175.77647015202308,1264.2245042212508,4996.587260479042,0.9993174520958084,107.89356879765813,0.5016467856300884,0.001996007984031936,0.9299053784860558,2.550035473076321,5.7132532443455695,True
random_5000K__k10__d9__s4__5000K_2.0gcc,5000K_2.0gcc,random_5000K,10,9,4,True,,10.0,0.009004802679339495,0.5097992006244567,4965.060211377246,0.9930120422754491,47.5044380850549,0.9408100182342874,0.0,0.9244272908366534,2.5528858684192968,5.804640711902115,False
random_5000K__k10__d9__s5__5000K_2.0gcc,5000K_2.0gcc,random_5000K,10,9,5,True,,10.0,-0.025704486329288827,0.35199453046834606,4967.363750499002,0.9934727500998004,-56.714646950264545,0.9490208455592536,0.0,0.9703685258964143,2.5374932619169015,6.140201612903227,False
random_5000K__k20__d0__s1__5000K_2.0gcc,5000K_2.0gcc,random_5000K,20,0,1,True,,10.0,-0.002432414817234099,0.712255342500157,4960.987949101797,0.9921975898203594,9.008335391836981,0.9530357931148238,0.0,0.9205677290836654,2.5385053256456773,5.913682795698926,False
random_5000K__k20__d0__s2__5000K_2.0gcc,5000K_2.0gcc,random_5000K,20,0,2,True,,10.0,0.060633139961540565,1.003472376562513,4928.636631137724,0.9857273262275449,46.142486688690305,0.9417834171936772,0.0,0.936441733067729,2.5494156238359587,5.555985486519412,False
random_5000K__k20__d0__s3__5000K_2.0gcc,5000K_2.0gcc,random_5000K,20,0,3,True,,10.0,0.0005564772156782708,0.43458958968767547,4896.455200399201,0.9792910400798402,22.046179513769044,0.942004639585708,0.0,0.9494521912350598,2.561383117920915,6.006814516129031,False
random_5000K__k20__d0__s4__5000K_2.0gcc,5000K_2.0gcc,random_5000K,20,0,4,True,,10.0,-0.029906629394534954,0.3652070296875536,4966.10495988024,0.9932209919760481,-37.12082341048666,0.9501802803436835,0.0,0.9438496015936255,2.539022008702831,6.070188172043011,False
random_5000K__k20__d0__s5__5000K_2.0gcc,5000K_2.0gcc,random_5000K,20,0,5,True,,10.0,0.0037725592537751927,0.38709234890575317,4942.1300560878235,0.9884260112175647,109.3038130084497,0.9424780097943922,0.0,0.9109810756972112,2.566184316961942,5.178223681809889,False
random_5000K__k20__d1__s1__5000K_2.0gcc,5000K_2.0gcc,random_5000K,20,1,1,True,,10.0,26.0194233421801,337.35874018031245,4920.209239321357,0.9840418478642714,-40.41990216363311,0.8586804695281012,0.001996007984031936,0.9366284860557769,2.5640847709853434,5.95294623655914,True
random_5000K__k20__d1__s2__5000K_2.0gcc,5000K_2.0gcc,random_5000K,20,1,2,True,,10.0,-0.029851272427019602,0.4112136295311757,5006.118461676647,1.0012236923353293,25.96510076280921,0.9579086895967701,0.0,0.9318974103585658,2.5478192017875676,5.716315906562846,False
random_5000K__k20__d1__s3__5000K_2.0gcc,5000K_2.0gcc,random_5000K,20,1,3,True,,10.0,0.05057499610249561,0.9252814837500409,4999.646421556886,0.9999292843113772,59.98969145104508,0.950552511644149,0.0,0.9448456175298805,2.5451860007109492,5.939096774193549,False
random_5000K__k20__d1__s4__5000K_2.0gcc,5000K_2.0gcc,random_5000K,20,1,4,True,,10.0,0.05815584152561452,0.5914456701561903,4984.365700798403,0.9968731401596805,-19.15877270643754,0.9426701781349612,0.0,0.9373754980079682,2.5627416234409024,5.845032258064516,False
random_5000K__k20__d1__s5__5000K_2.0gcc,5000K_2.0gcc,random_5000K,20,1,5,True,,10.0,0.03819681423511224,0.7826542485936443,4963.5659159680645,0.9927131831936129,-34.22578025491329,0.91530990091717,0.0,0.9281623505976095,2.5451961348645735,5.934153225806451,False
random_5000K__k20__d2__s1__5000K_2.0gcc,5000K_2.0gcc,random_5000K,20,2,1,True,,10.0,0.006197930390848822,0.5570931721877059,4920.126512175649,0.9840253024351298,-17.578702460716674,0.9249018458328429,0.0,0.9484561752988048,2.5451123009798406,6.040413978494624,False
random_5000K__k20__d2__s2__5000K_2.0gcc,5000K_2.0gcc,random_5000K,20,2,2,True,,10.0,-0.0038999366125926135,0.5583805439064236,4921.44503253493,0.9842890065069859,9.238827866091931,0.9570041869892723,0.0,0.9301543824701195,2.5600024197689413,5.776762328513163,False
random_5000K__k20__d2__s3__5000K_2.0gcc,5000K_2.0gcc,random_5000K,20,2,3,True,,10.0,0.017829104678961323,0.727297264687877,5046.346871856288,1.0092693743712575,83.47416376634345,0.9432030373010896,0.0,0.9392430278884463,2.5508608972431897,5.704964881614493,False
random_5000K__k20__d2__s4__5000K_2.0gcc,5000K_2.0gcc,random_5000K,20,2,4,True,,10.0,-0.017144113177918828,0.48662650968708476,4831.542629740519,0.9663085259481039,-55.73773325534657,0.9280007478364439,0.0,0.9479581673306773,2.5466042423533857,6.152137096774194,False
random_5000K__k20__d2__s5__5000K_2.0gcc,5000K_2.0gcc,random_5000K,20,2,5,True,,10.0,0.003315969670876483,0.4185313214056805,4940.13644750499,0.988027289500998,7.926479952852102,0.9597382412746714,0.0,0.9493276892430279,2.532772149663299,5.893696700037078,False
random_5000K__k20__d3__s1__5000K_2.0gcc,5000K_2.0gcc,random_5000K,20,3,1,True,,10.0,0.017093801086479645,0.4875073429684562,4914.211334530938,0.9828422669061876,55.741040329051195,0.9418799249304564,0.0,0.9304033864541833,2.542238011142032,5.7993948832035604,False
random_5000K__k20__d3__s2__5000K_2.0gcc,5000K_2.0gcc,random_5000K,20,3,2,True,,10.0,-0.04597804874292819,0.5288387507816878,5066.669847305389,1.013333969461078,-16.739644937571363,0.9607644641065778,0.0,0.9373754980079682,2.5413759892664154,5.863012235817576,False
random_5000K__k20__d3__s3__5000K_2.0gcc,5000K_2.0gcc,random_5000K,20,3,3,True,,10.0,-0.03463970314275153,0.398204399531096,4974.938426946108,0.9949876853892216,30.500937931081225,0.9446972891746858,0.0,0.9492031872509961,2.5331212009594264,6.049819892473119,False
random_5000K__k20__d3__s4__5000K_2.0gcc,5000K_2.0gcc,random_5000K,20,3,4,True,,10.0,0.02970261511354084,0.5369017631246606,4869.795847704591,0.9739591695409182,12.351442879832234,0.9520208949776265,0.0,0.936503984063745,2.5563694029467516,5.757804968483501,False
random_5000K__k20__d3__s5__5000K_2.0gcc,5000K_2.0gcc,random_5000K,20,3,5,True,,10.0,0.037732650892458953,0.5972727210937592,5069.252174251497,1.0138504348502995,71.24665400111189,0.9445207359423082,0.0,0.919945219123506,2.53154830996027,5.638252873563219,False
random_5000K__k20__d4__s1__5000K_2.0gcc,5000K_2.0gcc,random_5000K,20,4,1,True,,10.0,-0.03058258206071921,0.5996441953120666,4914.918272055888,0.9829836544111776,-22.169628331677828,0.9304512304473576,0.0,0.9436005976095617,2.5186498916745,6.117112903225808,False
random_5000K__k20__d4__s2__5000K_2.0gcc,5000K_2.0gcc,random_5000K,20,4,2,True,,10.0,0.03678516692250303,0.7565002757810362,5059.617923552894,1.011923584710579,53.155607052987385,0.8929423168189523,0.0,0.9099850597609562,2.5509416123324415,5.7056551724137945,False
random_5000K__k20__d4__s3__5000K_2.0gcc,5000K_2.0gcc,random_5000K,20,4,3,True,,10.0,0.02359073126885273,0.7913270685940006,4877.9033001996,0.9755806600399201,25.438981294333562,0.9482144217554389,0.0,0.9429780876494024,2.5539725697326285,5.873596774193548,False
random_5000K__k20__d4__s4__5000K_2.0gcc,5000K_2.0gcc,random_5000K,20,4,4,True,,10.0,0.01499169642965124,0.5210467640622483,4986.600905189621,0.9973201810379242,36.04312184781561,0.951582255587503,0.0,0.9134711155378487,2.550336161848276,5.677448275862071,False
random_5000K__k20__d4__s5__5000K_2.0gcc,5000K_2.0gcc,random_5000K,20,4,5,True,,10.0,0.0006747010323302151,0.5451680446876708,4980.299944311377,0.9960599888622753,28.919503348218203,0.9438098811927121,0.0,0.9363794820717132,2.534699192792269,5.9076232851316295,False
random_5000K__k20__d5__s1__5000K_2.0gcc,5000K_2.0gcc,random_5000K,20,5,1,True,,10.0,0.021105073965866777,0.4040314504691196,4929.7745339321355,0.985954906786427,0.9558794473914882,0.9390297767424635,0.0,0.9163346613545816,2.5529367526765583,5.770279569892474,False
random_5000K__k20__d5__s2__5000K_2.0gcc,5000K_2.0gcc,random_5000K,20,5,2,True,,10.0,0.030226990123631645,0.6911153437504254,4990.24664750499,0.9980493295009979,13.82779581476129,0.9398742877262899,0.0,0.9396165338645418,2.5377268695659088,5.777632925472748,False
random_5000K__k20__d5__s3__5000K_2.0gcc,5000K_2.0gcc,random_5000K,20,5,3,True,,10.0,90.92296070573697,649.0548092498439,5043.001489820359,1.0086002979640718,78.73520271101997,0.9436475376267348,0.0,0.9164591633466136,2.5449591950189,5.782922718364322,True
random_5000K__k20__d5__s4__5000K_2.0gcc,5000K_2.0gcc,random_5000K,20,5,4,True,,10.0,-0.03744797216943273,0.4625729854687961,4941.666678842315,0.988333335768463,55.910669193445734,0.9518280927693823,0.0,0.9107320717131474,2.5495675584972726,5.5827586206896544,False
random_5000K__k20__d5__s5__5000K_2.0gcc,5000K_2.0gcc,random_5000K,20,5,5,True,,10.0,0.10098445713578401,1.0988733965623396,5045.229757884231,1.0090459515768462,7.774546305163251,0.9534711819577982,0.0,0.9413595617529881,2.5374141301756143,5.839085279940675,False
random_5000K__k20__d6__s1__5000K_2.0gcc,5000K_2.0gcc,random_5000K,20,6,1,True,,10.0,0.06034917833317362,0.7110357271876637,5031.154962874252,1.0062309925748505,42.49886856133851,0.9311055474547449,0.0,0.9230577689243028,2.539215698991619,5.835578791249536,False
random_5000K__k20__d6__s2__5000K_2.0gcc,5000K_2.0gcc,random_5000K,20,6,2,True,,10.0,0.023531500398449916,0.8016260423437416,5062.043408183633,1.0124086816367266,45.194456128761765,0.8990434439814348,0.0,0.9179531872509961,2.5517707663685036,5.487158535939404,False
random_5000K__k20__d6__s3__5000K_2.0gcc,5000K_2.0gcc,random_5000K,20,6,3,True,,10.0,-0.042863365781056005,0.5921232342188887,4904.866594011975,0.9809733188023951,68.72247019879595,0.940391200006678,0.0,0.9631474103585658,2.531784816260559,5.950558676307008,False
random_5000K__k20__d6__s4__5000K_2.0gcc,5000K_2.0gcc,random_5000K,20,6,4,True,,10.0,0.017229423659997065,0.37909709296855,4996.3450700598805,0.9992690140119761,-22.22462152893985,0.9385488735643973,0.0,0.9388695219123506,2.5600079115468235,5.980258064516128,False
random_5000K__k20__d6__s5__5000K_2.0gcc,5000K_2.0gcc,random_5000K,20,6,5,True,,10.0,-0.015867385206003927,0.41819253937501344,5076.149556087825,1.015229911217565,92.8289570571603,0.9468796428538319,0.0,0.9179531872509961,2.5539346321424095,5.663752105514065,False
random_5000K__k20__d7__s1__5000K_2.0gcc,5000K_2.0gcc,random_5000K,20,7,1,True,,10.0,0.007334450628771185,0.5065468931243231,4917.403363672654,0.9834806727345309,19.942336757072386,0.9443087670322667,0.0,0.9321464143426295,2.56290817885226,5.870863922877272,False
random_5000K__k20__d7__s2__5000K_2.0gcc,5000K_2.0gcc,random_5000K,20,7,2,True,,10.0,-0.052599325125640126,0.6603539353127417,5012.500179840319,1.0025000359680638,12.981578494732256,0.9552769134999547,0.0,0.9484561752988048,2.5540801105092132,5.867038932146829,False
random_5000K__k20__d7__s3__5000K_2.0gcc,5000K_2.0gcc,random_5000K,20,7,3,True,,10.0,-0.10793230361367873,1.0885744228125986,5084.375232734532,1.0168750465469063,59.079501471801755,0.9607866629018114,0.0,0.9301543824701195,2.5396205380184953,5.917269558769002,False
random_5000K__k20__d7__s4__5000K_2.0gcc,5000K_2.0gcc,random_5000K,20,7,4,True,,10.0,362.6701494934243,2573.9394399834378,5279.167546506986,1.055833509301397,7.433506845130535,0.6221376842484305,0.00998003992015968,0.9269173306772909,2.5364914980591386,5.865687801260662,True
random_5000K__k20__d7__s5__5000K_2.0gcc,5000K_2.0gcc,random_5000K,20,7,5,True,,10.0,0.011638952815582354,0.4673159339063204,5041.461452095808,1.0082922904191618,76.44759262714648,0.9423745022468508,0.0,0.9101095617529881,2.550070555684333,5.601057471264368,False
random_5000K__k20__d8__s1__5000K_2.0gcc,5000K_2.0gcc,random_5000K,20,8,1,True,,10.0,-0.006201770084755568,0.7879392482814183,4983.941426546907,0.9967882853093813,20.106973297744183,0.925812779161101,0.0,0.936503984063745,2.5360986314004186,5.838344827586208,False
random_5000K__k20__d8__s2__5000K_2.0gcc,5000K_2.0gcc,random_5000K,20,8,2,True,,10.0,-0.09273530454761396,0.6946386768750017,4943.958412175649,0.9887916824351297,-24.857281934962177,0.945454202968076,0.0,0.9386205179282868,2.549445692566156,5.981174638487208,False
random_5000K__k20__d8__s3__5000K_2.0gcc,5000K_2.0gcc,random_5000K,20,8,3,True,,10.0,0.04473681592326603,0.8225627718748001,5089.472466267465,1.017894493253493,50.63945241530726,0.9561495659644467,0.0,0.9282868525896414,2.5361926979770115,5.891182795698926,False
random_5000K__k20__d8__s4__5000K_2.0gcc,5000K_2.0gcc,random_5000K,20,8,4,True,,10.0,-0.037546243622440155,0.5703056714064587,4993.9972,0.99879944,25.67474949827122,0.9373094564806226,0.0,0.9243027888446215,2.5361900414647933,5.985410456062291,False
random_5000K__k20__d8__s5__5000K_2.0gcc,5000K_2.0gcc,random_5000K,20,8,5,True,,10.0,-0.040610324849375705,0.5238247767183566,5039.122004191616,1.0078244008383233,56.23569624731922,0.950269822263656,0.0,0.9447211155378487,2.5406654455684348,5.703964404894326,False
random_5000K__k20__d9__s1__5000K_2.0gcc,5000K_2.0gcc,random_5000K,20,9,1,True,,10.0,-0.05971296688886649,0.7338696360948234,4881.183033532934,0.9762366067065869,-29.281049092493294,0.9590798225700509,0.0,0.9525647410358565,2.556324473890599,6.02158064516129,False
random_5000K__k20__d9__s2__5000K_2.0gcc,5000K_2.0gcc,random_5000K,20,9,2,True,,10.0,0.0705462317627131,0.9990004537494315,5040.651272455089,1.0081302544910178,-89.16409750990437,0.9550136175128604,0.0,0.9373754980079682,2.534861426570859,6.128795698924731,False
random_5000K__k20__d9__s3__5000K_2.0gcc,5000K_2.0gcc,random_5000K,20,9,3,True,,10.0,-0.05578367161290295,0.5594646464069228,5031.292530339321,1.0062585060678642,15.397142313221515,0.9423798849222118,0.0,0.9381225099601593,2.5362811477154765,6.081069892473119,False
random_5000K__k20__d9__s4__5000K_2.0gcc,5000K_2.0gcc,random_5000K,20,9,4,True,,10.0,0.03723200171024944,0.5829761193745071,5063.853590618762,1.0127707181237524,-10.016902794005162,0.9389368993526671,0.0,0.9270418326693227,2.5518793692718726,5.786631071560993,False
random_5000K__k20__d9__s5__5000K_2.0gcc,5000K_2.0gcc,random_5000K,20,9,5,True,,10.0,0.036667926902092224,0.8065722599994842,4975.352738722555,0.995070547744511,19.997731247900003,0.8999936016933673,0.0,0.9346364541832669,2.557730955349205,5.7801156840934365,False
random_5000K__k40__d0__s1__5000K_2.0gcc,5000K_2.0gcc,random_5000K,40,0,1,True,,10.0,-0.05692157124164965,0.5476750317184269,4964.144127145709,0.9928288254291417,-5.301307148107241,0.9404801827120014,0.0,0.945343625498008,2.531509338115912,5.847956989247313,False
random_5000K__k40__d0__s2__5000K_2.0gcc,5000K_2.0gcc,random_5000K,40,0,2,True,,10.0,-0.022708242897243984,0.3993562584373649,5004.48668483034,1.000897336966068,30.88292732608938,0.9621687131070098,0.0,0.9264193227091634,2.558490035447608,5.690329148789661,False
random_5000K__k40__d0__s3__5000K_2.0gcc,5000K_2.0gcc,random_5000K,40,0,3,True,,10.0,0.017793118762483132,0.8334715532819246,4918.903140918164,0.9837806281836329,46.69974245185762,0.9514848159981328,0.0,0.9398655378486056,2.5398103367906164,5.984903225806452,False
random_5000K__k40__d0__s4__5000K_2.0gcc,5000K_2.0gcc,random_5000K,40,0,4,True,,10.0,0.0044934547963350075,0.5085118289061938,4968.7056930139715,0.9937411386027943,-54.98007416815631,0.9451803739704926,0.0,0.9752241035856574,2.5570820033622086,6.261532258064516,False
random_5000K__k40__d0__s5__5000K_2.0gcc,5000K_2.0gcc,random_5000K,40,0,5,True,,10.0,0.0064610695101989185,0.4022020275006071,4976.831110778443,0.9953662221556886,-3.2187947911534573,0.9512847997991978,0.0,0.929656374501992,2.54023822390011,5.884860215053764,False
random_5000K__k40__d1__s1__5000K_2.0gcc,5000K_2.0gcc,random_5000K,40,1,1,True,,10.0,45.54076597076964,411.9435015393742,5017.417295808384,1.0034834591616768,36.29812744329863,0.9347380813201098,0.0,0.9444721115537849,2.5459179326479453,5.8245368928439,True
random_5000K__k40__d1__s2__5000K_2.0gcc,5000K_2.0gcc,random_5000K,40,1,2,True,,10.0,16.243365538509977,118.07177148000028,5079.78973013972,1.015957946027944,-35.834346795942686,0.9340354648063424,0.0,0.9591633466135459,2.505739147499656,6.166919354838709,True
random_5000K__k40__d1__s3__5000K_2.0gcc,5000K_2.0gcc,random_5000K,40,1,3,True,,10.0,0.01387923957166715,0.8264926434380868,5041.145337924151,1.0082290675848302,-18.61450549872286,0.952808832680512,0.0,0.9657619521912351,2.5287216382815916,6.150766129032259,False
random_5000K__k40__d1__s4__5000K_2.0gcc,5000K_2.0gcc,random_5000K,40,1,4,True,,10.0,-0.0034656551228306053,0.4904886248436924,4888.44469001996,0.977688938003992,-11.950374842089055,0.9417111611816011,0.0,0.9382470119521913,2.5563092447011195,5.956989247311827,False
random_5000K__k40__d1__s5__5000K_2.0gcc,5000K_2.0gcc,random_5000K,40,1,5,True,,10.0,0.06143163628119551,0.6874564978129456,4995.082575648702,0.9990165151297404,15.72029688739993,0.9493863690563495,0.0,0.922808764940239,2.5629824721824876,5.813554319614386,False
random_5000K__k40__d2__s1__5000K_2.0gcc,5000K_2.0gcc,random_5000K,40,2,1,True,,10.0,0.03177983512823751,0.4024730531255045,5007.116814570858,1.0014233629141716,4.92385230942377,0.9481183753988739,0.0,0.9347609561752988,2.5462881637411945,5.983575268817207,False
random_5000K__k40__d2__s2__5000K_2.0gcc,5000K_2.0gcc,random_5000K,40,2,2,True,,10.0,74.09612540295214,956.4108772298437,5016.020109181637,1.0032040218363274,4.787913686636459,0.9415653132847451,0.0,0.9372509960159362,2.5354838302188103,5.801825732295142,True
random_5000K__k40__d2__s3__5000K_2.0gcc,5000K_2.0gcc,random_5000K,40,2,3,True,,10.0,-0.06752312101684535,0.5944947084381056,4945.952625349301,0.9891905250698603,28.828661889154297,0.9580837877691072,0.0,0.9346364541832669,2.5431881103225566,6.001688172043011,False
random_5000K__k40__d2__s4__5000K_2.0gcc,5000K_2.0gcc,random_5000K,40,2,4,True,,10.0,-0.04872413591422861,0.7668670059374563,5073.730109381237,1.0147460218762474,-3.8562533428012213,0.9188801165228248,0.0,0.9419820717131474,2.5658572013736616,6.006623655913977,False
random_5000K__k40__d2__s5__5000K_2.0gcc,5000K_2.0gcc,random_5000K,40,2,5,True,,10.0,-0.002095946118449881,0.4288980515621006,4942.567948502994,0.9885135897005988,42.13425987377651,0.92833713679945,0.0,0.9040089641434262,2.558458980113752,5.6832315270935965,False
random_5000K__k40__d3__s1__5000K_2.0gcc,5000K_2.0gcc,random_5000K,40,3,1,True,,10.0,-0.03987602791368233,0.8542727700005344,4915.389702994012,0.9830779405988024,43.95873613697602,0.9380689037746641,0.0,0.9440986055776892,2.5430192964701335,5.84952169076752,False
random_5000K__k40__d3__s2__5000K_2.0gcc,5000K_2.0gcc,random_5000K,40,3,2,True,,10.0,-0.018056231455322463,0.3937324767184691,4858.031543512973,0.9716063087025947,1.7331330042153044,0.9386752158276038,0.0,0.9346364541832669,2.5759546269442506,5.787999999999999,False
random_5000K__k40__d3__s3__5000K_2.0gcc,5000K_2.0gcc,random_5000K,40,3,3,True,,10.0,0.013409839392100527,0.43262465390580473,4946.99902754491,0.989399805508982,43.69168716046342,0.9347203439836964,0.0,0.9323954183266933,2.5439470843472405,5.911400537634408,False
random_5000K__k40__d3__s4__5000K_2.0gcc,5000K_2.0gcc,random_5000K,40,3,4,True,,10.0,0.0912790755807563,0.8457354628126268,4973.919063273453,0.9947838126546905,65.8897856240878,0.9555243089168373,0.0,0.9431025896414342,2.559731915166145,5.63582922824302,False
random_5000K__k40__d3__s5__5000K_2.0gcc,5000K_2.0gcc,random_5000K,40,3,5,True,,10.0,-0.09666140134940095,1.094265960937264,5078.869690419162,1.0157739380838324,-31.751697588539415,0.94664850837362,0.0,0.9675049800796812,2.562413889345073,6.0278279569892455,False
random_5000K__k40__d4__s1__5000K_2.0gcc,5000K_2.0gcc,random_5000K,40,4,1,True,,10.0,-0.059177906383937585,0.7279070723438963,4837.195104590819,0.9674390209181638,12.582040861363952,0.9585107455047127,0.0,0.9576693227091634,2.54464872832006,5.8248883945124215,False
random_5000K__k40__d4__s2__5000K_2.0gcc,5000K_2.0gcc,random_5000K,40,4,2,True,,10.0,0.054425642600911296,0.614753873906011,4870.46406506986,0.974092813013972,3.3120727974187965,0.9530201805675469,0.0,0.954183266932271,2.5488720888907803,5.796621431219876,False
random_5000K__k40__d4__s3__5000K_2.0gcc,5000K_2.0gcc,random_5000K,40,4,3,True,,10.0,-0.08887333117267941,0.7770304668747485,5000.216234331338,1.0000432468662674,37.785977377940014,0.9504421329833816,0.0,0.9275398406374502,2.5507011707168106,5.914537634408602,False
random_5000K__k40__d4__s4__5000K_2.0gcc,5000K_2.0gcc,random_5000K,40,4,4,True,,10.0,0.07635999893147573,0.8012872603126198,4986.022617964072,0.9972045235928144,67.30228671478122,0.9511382601541165,0.0,0.9372509960159362,2.560616583776895,5.739540229885057,False
random_5000K__k40__d4__s5__5000K_2.0gcc,5000K_2.0gcc,random_5000K,40,4,5,True,,10.0,0.06374524864431681,0.8535274495307021,5063.856644311377,1.0127713288622753,4.2981900200316545,0.9268840466795181,0.0,0.9440986055776892,2.53324730553059,5.948268446421951,False
random_5000K__k40__d5__s1__5000K_2.0gcc,5000K_2.0gcc,random_5000K,40,5,1,True,,10.0,0.06709973408710825,0.663877268437318,4949.636311377246,0.9899272622754491,46.499003456132755,0.951413261045903,0.0,0.950199203187251,2.5530970738018075,5.639908045977011,False
random_5000K__k40__d5__s2__5000K_2.0gcc,5000K_2.0gcc,random_5000K,40,5,2,True,,10.0,0.0011071425234094542,0.5614973385936537,4916.370195409181,0.9832740390818362,-28.96074278783985,0.9512731644427896,0.0,0.9723605577689243,2.549616345239148,5.999870967741934,False
random_5000K__k40__d5__s3__5000K_2.0gcc,5000K_2.0gcc,random_5000K,40,5,3,True,,10.0,0.02694153274341568,0.9291435989052843,5052.158925948104,1.010431785189621,115.46856047200522,0.9247551485177034,0.0,0.9341384462151394,2.5533819198765535,5.690620689655174,False
random_5000K__k40__d5__s4__5000K_2.0gcc,5000K_2.0gcc,random_5000K,40,5,4,True,,10.0,-0.009223617118618467,0.34237312078039395,5057.963423952096,1.011592684790419,-36.63871492967826,0.9561766027732529,0.0,0.9422310756972112,2.5451393652049665,6.013223859844271,False
random_5000K__k40__d5__s5__5000K_2.0gcc,5000K_2.0gcc,random_5000K,40,5,5,True,,10.0,-0.04820245475259304,0.6444989362498745,5056.9837333333335,1.0113967466666667,52.6973408379015,0.935654324883928,0.0,0.9291583665338645,2.5606050923172297,5.668496848350019,False
random_5000K__k40__d6__s1__5000K_2.0gcc,5000K_2.0gcc,random_5000K,40,6,1,True,,10.0,0.09245128576912244,0.9689166093758104,4871.8116407185635,0.9743623281437127,19.63543316966554,0.9434047023891712,0.0,0.9450946215139442,2.541306164299744,5.820247682610309,False
random_5000K__k40__d6__s2__5000K_2.0gcc,5000K_2.0gcc,random_5000K,40,6,2,True,,10.0,-0.04582840220183395,0.4996357396867097,5090.969404191616,1.0181938808383233,-76.77562590652435,0.9363016441072823,0.0,0.9585408366533864,2.5412747189360356,6.205072580645162,False
random_5000K__k40__d6__s3__5000K_2.0gcc,5000K_2.0gcc,random_5000K,40,6,3,True,,10.0,-0.0011245865949529958,0.8807655248438095,4997.474596207584,0.9994949192415168,-33.23231789633795,0.9468499186565948,0.0,0.9622758964143426,2.5583607901104424,6.272862903225806,False
random_5000K__k40__d6__s4__5000K_2.0gcc,5000K_2.0gcc,random_5000K,40,6,4,True,,10.0,-0.015548917896567637,0.39224183578062366,4945.405357684631,0.9890810715369261,87.81702562770812,0.9540092179103926,0.0,0.9458416334661355,2.55386668472655,5.524364532019705,False
random_5000K__k40__d6__s5__5000K_2.0gcc,5000K_2.0gcc,random_5000K,40,6,5,True,,10.0,-0.04002182333177521,0.5070211879683484,5016.933918363274,1.0033867836726547,15.724038309551128,0.949249285259674,0.0,0.9297808764940239,2.5532686355927403,5.867895068594737,False
random_5000K__k40__d7__s1__5000K_2.0gcc,5000K_2.0gcc,random_5000K,40,7,1,True,,10.0,596.5904413511298,4469.761005737442,5197.028921357285,1.039405784271457,67.31761143305745,0.7407262066337317,0.003992015968063872,0.8833416334661355,2.54775655910363,5.521425287356322,True
random_5000K__k40__d7__s2__5000K_2.0gcc,5000K_2.0gcc,random_5000K,40,7,2,True,,10.0,0.007543681967236309,0.40728375796879845,5083.569149500997,1.0167138299001994,-29.06464854804105,0.9206013831735214,0.0,0.9375,2.5462642683423256,5.896145346681498,False
random_5000K__k40__d7__s3__5000K_2.0gcc,5000K_2.0gcc,random_5000K,40,7,3,True,,10.0,0.05913523436275139,0.9757600064058352,5032.87390279441,1.006574780558882,75.0059168842516,0.9403767318378304,0.0,0.9412350597609562,2.564337653119681,5.87420986281053,False
random_5000K__k40__d7__s4__5000K_2.0gcc,5000K_2.0gcc,random_5000K,40,7,4,True,,10.0,-0.04384201841921475,0.5648174025000117,5004.885487025947,1.0009770974051895,-27.01297919994805,0.9531512795988896,0.0,0.9548057768924303,2.557592324184398,6.012462365591398,False
random_5000K__k40__d7__s5__5000K_2.0gcc,5000K_2.0gcc,random_5000K,40,7,5,True,,10.0,0.017187884188227306,0.8096212982809448,4994.878822155688,0.9989757644311376,-23.109910022601706,0.9324481576591804,0.0,0.9651394422310757,2.535943370479868,5.884645161290323,False
random_5000K__k40__d8__s1__5000K_2.0gcc,5000K_2.0gcc,random_5000K,40,8,1,True,,10.0,-0.043601449717987774,0.6561530381250122,5027.75492275449,1.0055509845508979,64.60997688637879,0.9099380170967691,0.0,0.9239292828685259,2.544792312046763,5.791500185391175,False
random_5000K__k40__d8__s2__5000K_2.0gcc,5000K_2.0gcc,random_5000K,40,8,2,True,,10.0,0.06917156802537082,1.1250273693754025,5009.146939520959,1.0018293879041917,-16.828217319362167,0.9599244972918447,0.0,0.9261703187250996,2.551795536611184,5.835819058212829,False
random_5000K__k40__d8__s3__5000K_2.0gcc,5000K_2.0gcc,random_5000K,40,8,3,True,,10.0,0.04587309507574757,0.784009376719041,4996.7052455089815,0.9993410491017963,78.58328552978347,0.9523468341413229,0.0,0.9341384462151394,2.525927124902808,5.928989247311829,False
random_5000K__k40__d8__s4__5000K_2.0gcc,5000K_2.0gcc,random_5000K,40,8,4,True,,10.0,-0.039806910031965875,0.5599389412500386,4948.018371057884,0.9896036742115768,-3.182619517783207,0.9446002160014572,0.0,0.9335159362549801,2.533683033137749,5.925763440860217,False
random_5000K__k40__d8__s5__5000K_2.0gcc,5000K_2.0gcc,random_5000K,40,8,5,True,,10.0,-0.05092393679116629,0.5682729792183636,5056.250974451098,1.0112501948902195,23.455376763061643,0.9555517318659414,0.0,0.9519422310756972,2.535885892349846,5.888529569892475,False
random_5000K__k40__d9__s1__5000K_2.0gcc,5000K_2.0gcc,random_5000K,40,9,1,True,,10.0,-0.03449485877189792,0.6079104768750767,5064.364394011976,1.0128728788023953,27.42233394985401,0.9238234357289279,0.0,0.9438496015936255,2.549732856735235,5.9498450129773826,False
random_5000K__k40__d9__s2__5000K_2.0gcc,5000K_2.0gcc,random_5000K,40,9,2,True,,10.0,363.977029711103,5006.143454629687,4958.8595029940125,0.9917719005988025,-4.051061122020441,0.3344726100729328,0.011976047904191617,0.9567978087649402,2.533755589007545,5.9620215053763435,True
random_5000K__k40__d9__s3__5000K_2.0gcc,5000K_2.0gcc,random_5000K,40,9,3,True,,10.0,-0.025959334594296144,0.49170824015618564,4982.934035329342,0.9965868070658683,122.01814968620627,0.9576214747748719,0.0,0.9428535856573705,2.5485189769110197,5.5371954022988525,False
random_5000K__k40__d9__s4__5000K_2.0gcc,5000K_2.0gcc,random_5000K,40,9,4,True,,10.0,-0.05930965505554478,0.607165156406154,4989.154708782436,0.9978309417564871,10.613401774751079,0.9456919375044923,0.0,0.9436005976095617,2.5449618129882445,5.79983388950686,False
random_5000K__k40__d9__s5__5000K_2.0gcc,5000K_2.0gcc,random_5000K,40,9,5,True,,10.0,0.024123323040965473,0.49468952203096705,4904.864621556886,0.9809729243113772,31.287627741470526,0.9394259827298798,0.0,0.9284113545816733,2.5694235364905733,5.678827586206897,False
