run,seed,t,t_e,rmin,md_frame,gb_max,gc_max,sw_max,event
base__s10__5000K_2.0gcc,10,0.0,5.38,1.0310702502254634,-1,0.8928044464759279,1.0000000000000064,1.0000000000000064,True
base__s10__5000K_2.0gcc,10,0.04,5.38,1.0394396161365036,-1,0.644566913246886,1.1011084384286014,1.1011084384286014,True
base__s10__5000K_2.0gcc,10,0.08,5.38,1.042915524427554,-1,0.6173344168962471,0.8963103053634679,0.8963103053634679,True
base__s10__5000K_2.0gcc,10,0.12,5.38,1.0282585147539502,-1,0.6179355316644886,0.7433704345017406,0.7433704345017406,True
base__s10__5000K_2.0gcc,10,0.16,5.38,1.007782271904503,-1,0.6962001325647099,0.870293467702326,0.870293467702326,True
base__s10__5000K_2.0gcc,10,0.2,5.38,1.0474823301426144,-1,0.7263802750347714,0.9615734027501228,0.9615734027501228,True
base__s10__5000K_2.0gcc,10,0.24,5.38,1.0379741762958268,-1,0.7288437379823834,1.1940872708380208,1.1940872708380208,True
base__s10__5000K_2.0gcc,10,0.28,5.38,1.044472049354601,-1,0.6719450687188492,0.8471855284851368,0.8471855284851368,True
base__s10__5000K_2.0gcc,10,0.32,5.38,1.006202479625746,-1,0.886561463996362,1.2612169532924518,1.2612169532924518,True
base__s10__5000K_2.0gcc,10,0.36,5.38,1.0231959953938443,-1,0.6713711749074368,3.454274036924852,3.454274036924852,True
base__s10__5000K_2.0gcc,10,0.4,5.38,0.9852878668399404,-1,0.6508812292572642,1.7126103936978048,1.7126103936978048,True
base__s10__5000K_2.0gcc,10,0.44,5.38,1.048657589487627,-1,0.6878097315670142,1.9242522180144064,1.9242522180144064,True
base__s10__5000K_2.0gcc,10,0.48,5.38,1.029217581829032,-1,0.8197765884159631,1.2581477429887378,1.2581477429887378,True
base__s10__5000K_2.0gcc,10,0.52,5.38,1.0274254246756804,-1,0.6583339770558989,0.9857989214951954,0.9857989214951954,True
base__s10__5000K_2.0gcc,10,0.56,5.38,1.0219840058772935,-1,0.6958247879949923,1.1493208345406258,1.1493208345406258,True
base__s10__5000K_2.0gcc,10,0.6,5.38,1.0424360985336227,-1,0.742434713579504,1.2078105673530648,1.2078105673530648,True
base__s10__5000K_2.0gcc,10,0.64,5.38,0.9993429148360432,-1,0.6297175015303024,1.6820832967772765,1.6820832967772765,True
base__s10__5000K_2.0gcc,10,0.68,5.38,1.0003371583446252,-1,0.7962643055784272,1.4218526034880805,1.4218526034880805,True
base__s10__5000K_2.0gcc,10,0.72,5.38,0.965410750595828,-1,0.9802508032755677,1.544138001355852,1.1096137150049281,True
base__s10__5000K_2.0gcc,10,0.76,5.38,0.9905340736082736,-1,0.8008022078297354,1.4198902571891998,1.4198902571891998,True
base__s10__5000K_2.0gcc,10,0.8,5.38,0.9884126717793535,-1,0.7078751821804193,1.3612383458506956,1.3612383458506956,True
base__s10__5000K_2.0gcc,10,0.84,5.38,1.0473944792412266,-1,0.822018112939373,3.6616456038401615,3.6616456038401615,True
base__s10__5000K_2.0gcc,10,0.88,5.38,1.0360332314699172,-1,0.648804871104522,1.4104284102714262,1.4104284102714262,True
base__s10__5000K_2.0gcc,10,0.92,5.38,1.000646826358831,-1,0.7584753121404543,1.870360139614575,1.870360139614575,True
base__s10__5000K_2.0gcc,10,0.96,5.38,1.0032989402291823,-1,0.69289850965904,2.689660189605533,2.689660189605533,True
base__s10__5000K_2.0gcc,10,1.0,5.38,1.0240095579426982,-1,0.7280166772530551,1.4550154754956048,1.4550154754956048,True
base__s10__5000K_2.0gcc,10,1.04,5.38,1.042471920104326,-1,0.7214980584808149,1.1103390106404312,1.1103390106404312,True
base__s10__5000K_2.0gcc,10,1.08,5.38,1.0207336353780057,-1,0.6767959432067865,1.3429601220946101,1.3429601220946101,True
base__s10__5000K_2.0gcc,10,1.12,5.38,1.0378654162544394,-1,0.7170662653140365,1.0804374656718825,1.0804374656718825,True
base__s10__5000K_2.0gcc,10,1.16,5.38,0.991442172461914,-1,0.6595696892992463,2.4891835963276656,2.4891835963276656,True
base__s10__5000K_2.0gcc,10,1.2,5.38,1.0112240367564451,-1,0.6555800237288508,1.2031248322848662,1.2031248322848662,True
base__s10__5000K_2.0gcc,10,1.24,5.38,1.0499058710208269,-1,0.6783224778036666,1.1987090655555765,1.1987090655555765,True
base__s10__5000K_2.0gcc,10,1.28,5.38,0.964259263219182,-1,1.1621809823279545,1.6060647036512854,1.6060647036512854,True
base__s10__5000K_2.0gcc,10,1.32,5.38,1.059607951393816,-1,0.5913439584311759,0.8016536421025272,0.8016536421025272,True
base__s10__5000K_2.0gcc,10,1.36,5.38,1.0266478856423953,-1,0.6923093036932595,3.969725161206648,3.969725161206648,True
base__s10__5000K_2.0gcc,10,1.4,5.38,1.0712404583635735,-1,0.7408076258063392,1.4030949720493266,1.4030949720493266,True
base__s10__5000K_2.0gcc,10,1.44,5.38,0.9786785741442384,-1,0.7073647001105644,1.5947988228199648,1.5947988228199648,True
base__s10__5000K_2.0gcc,10,1.48,5.38,1.0680994521714733,-1,0.6885578360729367,0.8693655265518553,0.8693655265518553,True
base__s10__5000K_2.0gcc,10,1.52,5.38,1.0206686710142523,-1,0.619114894323746,1.543760800549253,1.543760800549253,True
base__s10__5000K_2.0gcc,10,1.56,5.38,1.029933090759783,-1,0.7247251081854321,1.029409614753528,1.029409614753528,True
base__s10__5000K_2.0gcc,10,1.6,5.38,0.9918971104313188,-1,0.7786604190659695,1.5570752240048489,1.5570752240048489,True
base__s10__5000K_2.0gcc,10,1.64,5.38,1.0068411400990729,-1,0.7585133681794838,0.9292908872720087,0.9292908872720087,True
base__s10__5000K_2.0gcc,10,1.68,5.38,1.035754995659688,-1,0.6813253948755738,0.9488381712729395,0.9488381712729395,True
base__s10__5000K_2.0gcc,10,1.72,5.38,1.034059656117092,-1,0.6391804345193133,1.326896294001862,1.326896294001862,True
base__s10__5000K_2.0gcc,10,1.76,5.38,1.0473038123643963,-1,0.6184096265165653,1.3888680726831237,1.3888680726831237,True
base__s10__5000K_2.0gcc,10,1.8,5.38,1.0304465008863877,-1,0.7280308347743149,2.1421075642296215,2.1421075642296215,True
base__s10__5000K_2.0gcc,10,1.84,5.38,1.046295597144038,-1,0.8654183414125203,2.9494896091927663,2.9494896091927663,True
base__s10__5000K_2.0gcc,10,1.88,5.38,1.0393463800547915,-1,0.7394228944162551,1.5612924989052412,1.5612924989052412,True
base__s10__5000K_2.0gcc,10,1.92,5.38,1.0159454254756997,-1,1.5013265980044717,8.807781446010667,8.807781446010667,True
base__s10__5000K_2.0gcc,10,1.96,5.38,0.9974802489287702,-1,0.6627426489416666,1.4060830109494848,1.4060830109494848,True
base__s10__5000K_2.0gcc,10,2.0,5.38,0.9717467859586671,-1,1.4682987685693034,1.5980290145495157,1.4858078174660636,True
base__s10__5000K_2.0gcc,10,2.04,5.38,1.0341003649805944,-1,0.7549935837524658,0.7640638574195179,0.7640638574195179,True
base__s10__5000K_2.0gcc,10,2.08,5.38,1.027788719351403,-1,0.6748133310973397,1.5248379180456169,1.5248379180456169,True
base__s10__5000K_2.0gcc,10,2.12,5.38,1.0360666582850735,-1,0.6401516693671375,1.2499586972428347,1.2499586972428347,True
base__s10__5000K_2.0gcc,10,2.16,5.38,1.0391873292828393,-1,0.6632866915834605,9.04915438230337,9.04915438230337,True
base__s10__5000K_2.0gcc,10,2.2,5.38,1.0081239082935192,-1,0.732029958221657,1.0178476321075511,1.0178476321075511,True
base__s10__5000K_2.0gcc,10,2.24,5.38,1.0097132286614852,-1,0.9239098629279996,1.0689042873749561,1.0689042873749561,True
base__s10__5000K_2.0gcc,10,2.28,5.38,1.017133051478025,-1,0.6949147350911777,1.3657934814523403,1.3657934814523403,True
base__s10__5000K_2.0gcc,10,2.32,5.38,1.0208524793254894,-1,0.7265576121704245,1.314381023927846,1.314381023927846,True
base__s10__5000K_2.0gcc,10,2.36,5.38,1.0181216385692822,-1,0.6970382613368429,1.1351542248488709,1.1351542248488709,True
base__s10__5000K_2.0gcc,10,2.4,5.38,1.0411006466456547,-1,0.9247846328574802,1.5308753436765818,1.5308753436765818,True
base__s10__5000K_2.0gcc,10,2.44,5.38,0.9843483193854704,-1,0.9218440889531518,1.7814806468155755,1.7814806468155755,True
base__s10__5000K_2.0gcc,10,2.48,5.38,1.024439395826322,-1,0.6951749214634424,1.4488809884807121,1.4488809884807121,True
base__s10__5000K_2.0gcc,10,2.52,5.38,0.993459636467431,-1,0.6858218016588619,1.3537968807546414,1.3537968807546414,True
base__s10__5000K_2.0gcc,10,2.56,5.38,0.9962041041804636,-1,0.7347687593997778,1.5087307273208357,1.5087307273208357,True
base__s10__5000K_2.0gcc,10,2.6,5.38,1.0580673680938286,-1,0.6955738579505886,1.0954407065486456,1.0954407065486456,True
base__s10__5000K_2.0gcc,10,2.64,5.38,1.0375072009513966,-1,0.6733622426717821,1.6117965761138493,1.6117965761138493,True
base__s10__5000K_2.0gcc,10,2.68,5.38,1.0325722713151846,-1,0.6715688086778281,1.0092496703601386,1.0092496703601386,True
base__s10__5000K_2.0gcc,10,2.72,5.38,1.020330629073734,-1,0.8912857576710895,1.8221576445970988,1.8221576445970988,True
base__s10__5000K_2.0gcc,10,2.76,5.38,1.0522825663314008,-1,0.7265195067767631,1.1485917455809176,1.1373251550430912,True
base__s10__5000K_2.0gcc,10,2.8000000000000003,5.38,0.9932672003831604,-1,0.7984971977517061,1.1296723831128648,1.1296723831128648,True
base__s10__5000K_2.0gcc,10,2.84,5.38,1.0156874483826217,-1,0.7117255618344848,1.632683281873635,1.632683281873635,True
base__s10__5000K_2.0gcc,10,2.88,5.38,0.9963882040756,-1,0.7361367403222303,1.3390751947322315,1.3390751947322315,True
base__s10__5000K_2.0gcc,10,2.92,5.38,1.0209139280786603,-1,0.6335431262417558,2.6449891537998207,2.6449891537998207,True
base__s10__5000K_2.0gcc,10,2.96,5.38,1.0071652182705677,-1,0.9186066950176205,0.9962053735017722,0.9962053735017722,True
base__s10__5000K_2.0gcc,10,3.0,5.38,1.0370757106759374,-1,0.7521202891451388,8.093273052752147,8.093273052752147,True
base__s10__5000K_2.0gcc,10,3.04,5.38,1.006103483745584,-1,0.7726879891120287,1.907015781709656,1.907015781709656,True
base__s10__5000K_2.0gcc,10,3.08,5.38,1.0045228292199235,-1,0.7377869357714365,1.0210213158211414,1.0210213158211414,True
base__s10__5000K_2.0gcc,10,3.12,5.38,1.0152366079348207,-1,0.8138567086728987,1.6226597398521487,1.6226597398521487,True
base__s10__5000K_2.0gcc,10,3.16,5.38,1.0527447694127956,-1,0.6969827567756854,10.558898724490614,10.558898724490614,True
base__s10__5000K_2.0gcc,10,3.2,5.38,1.0413561438321663,-1,0.6356326979562708,1.0401390826879546,1.0401390826879546,True
base__s10__5000K_2.0gcc,10,3.24,5.38,1.0514618248429175,-1,0.737373049635701,0.9763498250397051,0.9763498250397051,True
base__s10__5000K_2.0gcc,10,3.28,5.38,1.0532989344910588,-1,0.647708910746919,1.0230355354280056,1.0230355354280056,True
base__s10__5000K_2.0gcc,10,3.3200000000000003,5.38,1.0255102062817318,-1,0.6845175458932549,1.119102765944786,1.119102765944786,True
base__s10__5000K_2.0gcc,10,3.36,5.38,1.0361765996469907,-1,0.6228630295199439,4.829582350298782,4.829582350298782,True
base__s10__5000K_2.0gcc,10,3.4,5.38,1.0168459717975975,-1,0.8632232016195894,1.8357979697602496,1.8357979697602496,True
base__s10__5000K_2.0gcc,10,3.44,5.38,1.060297076775655,-1,0.6314066886925193,1.8447088456877645,1.8447088456877645,True
base__s10__5000K_2.0gcc,10,3.48,5.38,1.011170688454229,-1,0.6158151032091539,1.0883854705981366,1.0883854705981366,True
base__s10__5000K_2.0gcc,10,3.52,5.38,1.0369906828009596,-1,0.7167815674717772,1.2998503551511171,1.2998503551511171,True
base__s10__5000K_2.0gcc,10,3.56,5.38,1.0010879725553594,-1,0.7281913666453261,0.8125269914618389,0.8125269914618389,True
base__s10__5000K_2.0gcc,10,3.6,5.38,0.9889372639095964,-1,0.6481736515328144,0.748126011860199,0.748126011860199,True
base__s10__5000K_2.0gcc,10,3.64,5.38,0.9883913348977718,-1,0.8536613046674961,0.9918302229144009,0.8536613046674961,True
base__s10__5000K_2.0gcc,10,3.68,5.38,0.9960409438958822,-1,0.7565228692244587,0.8588661842141463,0.8588661842141463,True
base__s10__5000K_2.0gcc,10,3.72,5.38,1.0556238684427333,-1,0.7068112509977308,1.2089750106767305,1.2089750106767305,True
base__s10__5000K_2.0gcc,10,3.76,5.38,1.008480220281985,-1,0.7723942103497461,0.8764910676408431,0.7927297516993741,True
base__s10__5000K_2.0gcc,10,3.8,5.38,1.022478194696102,-1,0.6861054489384371,2.0347892517787063,2.0347892517787063,True
base__s10__5000K_2.0gcc,10,3.84,5.38,1.0415208054969425,-1,0.7496681668850618,0.9149246427430521,0.9149246427430521,True
base__s10__5000K_2.0gcc,10,3.88,5.38,0.976548863220884,-1,0.966511824793278,1.2154797699290922,1.1733814017841193,True
base__s10__5000K_2.0gcc,10,3.92,5.38,1.0279575603987738,-1,0.6364127134030012,4.7287748300256,4.7287748300256,True
base__s10__5000K_2.0gcc,10,3.96,5.38,1.0244878177050227,-1,0.7070568362338971,1.2698473180110565,1.2698473180110565,True
base__s10__5000K_2.0gcc,10,4.0,5.38,1.0317349471516408,-1,0.7538662764518737,1.4415029830210433,1.4415029830210433,True
base__s10__5000K_2.0gcc,10,4.04,5.38,0.9869740258740354,-1,0.912563650089045,15.067698115881708,15.067698115881708,True
base__s10__5000K_2.0gcc,10,4.08,5.38,1.0622053023540226,-1,0.7548380382196335,6.613167803438446,6.613167803438446,True
base__s10__5000K_2.0gcc,10,4.12,5.38,1.0206357464173983,-1,0.7902847776018203,1.8358034497874862,1.8358034497874862,True
base__s10__5000K_2.0gcc,10,4.16,5.38,1.013194235097101,-1,0.783942391011962,1.1359570738864158,1.1359570738864158,True
base__s10__5000K_2.0gcc,10,4.2,5.38,1.033358547325177,-1,0.6513333349178813,0.7099964882518547,0.6055207775704969,True
base__s10__5000K_2.0gcc,10,4.24,5.38,1.048879328817667,-1,0.6805849479719612,1.6039161031466758,1.6039161031466758,True
base__s10__5000K_2.0gcc,10,4.28,5.38,1.035275202355876,-1,0.6962588157993059,0.9435503165901308,0.9435503165901308,True
base__s10__5000K_2.0gcc,10,4.32,5.38,1.0513647776014756,-1,0.6197292124141567,1.1921893484082626,1.1921893484082626,True
base__s10__5000K_2.0gcc,10,4.36,5.38,1.0455163244703547,-1,0.7160251302282423,1.6053094645212624,1.6053094645212624,True
base__s10__5000K_2.0gcc,10,4.4,5.38,1.0193426678811206,-1,0.6976104059770302,1.4695502298120484,1.4695502298120484,True
base__s10__5000K_2.0gcc,10,4.44,5.38,1.0312872251734722,-1,0.6857108862335376,1.1052855122624898,1.1052855122624898,True
base__s10__5000K_2.0gcc,10,4.48,5.38,1.021792342531495,-1,0.6794127056886717,1.2221249174227427,1.2221249174227427,True
base__s10__5000K_2.0gcc,10,4.5200000000000005,5.38,1.0115138059196225,-1,0.7512713526864724,1.579391359304211,1.579391359304211,True
base__s10__5000K_2.0gcc,10,4.5600000000000005,5.38,1.0266541715158997,-1,0.7251992392350178,1.111479879896645,1.111479879896645,True
base__s10__5000K_2.0gcc,10,4.6000000000000005,5.38,1.0149120286832738,-1,0.7636960066539753,1.7171664382020075,1.7171664382020075,True
base__s10__5000K_2.0gcc,10,4.64,5.38,1.040475716521054,-1,0.7237437041034744,1.2713092438229576,1.2713092438229576,True
base__s10__5000K_2.0gcc,10,4.68,5.38,0.9984908323720352,-1,0.6641242860533432,1.5267729913740413,1.5267729913740413,True
base__s10__5000K_2.0gcc,10,4.72,5.38,1.012904707861505,-1,0.7497045319762797,1.0201411014352977,1.0201411014352977,True
base__s10__5000K_2.0gcc,10,4.76,5.38,1.0195918163829092,-1,0.7062939298861931,1.1155490573638809,1.1155490573638809,True
base__s10__5000K_2.0gcc,10,4.8,5.38,1.012983777221037,-1,0.6349410045888206,1.0152726281402633,1.0152726281402633,True
base__s10__5000K_2.0gcc,10,4.84,5.38,1.041106726881543,-1,0.6147186350265799,1.1680732494214376,1.1680732494214376,True
base__s10__5000K_2.0gcc,10,4.88,5.38,1.0401521960545002,-1,0.7926998022492828,2.3835205531870924,2.3835205531870924,True
base__s10__5000K_2.0gcc,10,4.92,5.38,1.0337071594649037,-1,0.807417214136571,4.776279274614267,4.776279274614267,True
base__s10__5000K_2.0gcc,10,4.96,5.38,1.0335844094634938,-1,0.6780353843372291,1.451821633205777,1.451821633205777,True
base__s10__5000K_2.0gcc,10,5.0,5.38,1.009815780454039,-1,0.731386005825231,2.3615566474450906,2.3615566474450906,True
base__s10__5000K_2.0gcc,10,5.04,5.38,1.0282149211103684,-1,0.7435804102637306,1.3784593191681154,1.3784593191681154,True
base__s10__5000K_2.0gcc,10,5.08,5.38,1.0271463766445366,-1,0.6306892171850509,1.0766981513518503,1.0766981513518503,True
base__s10__5000K_2.0gcc,10,5.12,5.38,1.042658630688875,-1,0.7923404549439177,1.213130062648902,1.213130062648902,True
base__s10__5000K_2.0gcc,10,5.16,5.38,1.0124691136691533,-1,0.6060090698386031,1.465761726627666,1.465761726627666,True
base__s10__5000K_2.0gcc,10,5.2,5.38,1.0661525741815754,-1,0.7081985696048775,1.2635213552384426,1.2635213552384426,True
base__s10__5000K_2.0gcc,10,5.24,5.38,1.03502999954639,-1,0.9043976624875985,1.2858928563981635,1.101616436874491,True
base__s10__5000K_2.0gcc,10,5.28,5.38,1.0232092238921622,-1,0.7560086993340741,1.066474101407159,1.066474101407159,True
base__s10__5000K_2.0gcc,10,5.32,5.38,1.0325940341615385,-1,0.702294268593499,0.9850416659031407,0.9850416659031407,True
base__s10__5000K_2.0gcc,10,5.36,5.38,1.0415138563355752,-1,0.6274174817507288,0.7076547737588659,0.7076547737588659,True
base__s11__5000K_2.0gcc,11,0.0,1.27,1.0310702502254634,-1,0.8928044464759279,1.0000000000000064,1.0000000000000064,True
base__s11__5000K_2.0gcc,11,0.04,1.27,1.027124724345588,-1,0.6567572990798992,0.851584464069308,0.851584464069308,True
base__s11__5000K_2.0gcc,11,0.08,1.27,1.023485999727402,-1,0.6915419426307372,0.8692130591631898,0.8692130591631898,True
base__s11__5000K_2.0gcc,11,0.12,1.27,1.002422323822649,-1,0.8453619553204874,1.8423113180423347,1.8423113180423347,True
base__s11__5000K_2.0gcc,11,0.16,1.27,0.9992715060252644,-1,0.7373723251027908,0.7834786715091644,0.7834786715091644,True
base__s11__5000K_2.0gcc,11,0.2,1.27,1.0385979154268503,-1,0.7065150919164027,1.4168102696761404,1.4168102696761404,True
base__s11__5000K_2.0gcc,11,0.24,1.27,1.043423860848984,-1,0.7419244677454782,0.8331792020540745,0.8331792020540745,True
base__s11__5000K_2.0gcc,11,0.28,1.27,1.0197129819954251,-1,0.7238616355938965,1.4531607515514917,1.4531607515514917,True
base__s11__5000K_2.0gcc,11,0.32,1.27,1.0247477571412391,-1,0.75545613284175,0.7382856491630443,0.75545613284175,True
base__s11__5000K_2.0gcc,11,0.36,1.27,1.0099760696100673,-1,0.8189981462868298,1.0773988261881875,1.0773988261881875,True
base__s11__5000K_2.0gcc,11,0.4,1.27,1.047869831594077,-1,0.6780932158678536,0.9662039722312045,0.7633468220126879,True
base__s11__5000K_2.0gcc,11,0.44,1.27,1.0033404919587363,-1,0.6785379330478398,1.0079589367571615,1.0079589367571615,True
base__s11__5000K_2.0gcc,11,0.48,1.27,1.0330572922171353,-1,0.6667854366620484,1.6159430333429223,1.6159430333429223,True
base__s11__5000K_2.0gcc,11,0.52,1.27,1.0582532627849537,-1,0.7247755934747737,1.189167493538537,1.189167493538537,True
base__s11__5000K_2.0gcc,11,0.56,1.27,1.0058689122435391,-1,0.6663170078908738,1.3474563223156366,1.3474563223156366,True
base__s11__5000K_2.0gcc,11,0.6,1.27,1.049255627189581,-1,0.811386880158015,1.151147949158497,1.151147949158497,True
base__s11__5000K_2.0gcc,11,0.64,1.27,1.0230471595024349,-1,0.7251734373169456,0.7898829125729946,0.7898829125729946,True
base__s11__5000K_2.0gcc,11,0.68,1.27,1.0470992641173038,-1,0.740412006091439,1.1215375231343074,1.1215375231343074,True
base__s11__5000K_2.0gcc,11,0.72,1.27,1.0494448757023878,-1,0.7813619509275809,1.0246775660026317,1.0246775660026317,True
base__s11__5000K_2.0gcc,11,0.76,1.27,1.0296464436795771,-1,0.7388428813008032,0.7834373059556168,0.7834373059556168,True
base__s11__5000K_2.0gcc,11,0.8,1.27,1.0338935164435454,-1,0.7775881188041566,2.1782598948850493,2.1782598948850493,True
base__s11__5000K_2.0gcc,11,0.84,1.27,1.047640814893158,-1,0.6988196155780759,1.1531046786276258,1.1531046786276258,True
base__s11__5000K_2.0gcc,11,0.88,1.27,1.0525745781910183,-1,0.677006193551749,0.7980804238388618,0.7980804238388618,True
base__s11__5000K_2.0gcc,11,0.92,1.27,1.0269773891211045,-1,0.6342673532572324,0.9135482037847481,0.9135482037847481,True
base__s11__5000K_2.0gcc,11,0.96,1.27,1.022318718135396,-1,0.6883247445865739,0.8618854285795395,0.8618854285795395,True
base__s11__5000K_2.0gcc,11,1.0,1.27,0.9908774963944836,-1,1.0719645571689163,1.2079891329429675,1.0719645571689163,True
base__s11__5000K_2.0gcc,11,1.04,1.27,1.0361638302141225,-1,0.780794739753935,1.2248775151311695,1.2248775151311695,True
base__s11__5000K_2.0gcc,11,1.08,1.27,1.0314862443959194,-1,0.7194271665957588,1.0070048995296903,1.0070048995296903,True
base__s11__5000K_2.0gcc,11,1.12,1.27,1.0288697940721174,-1,0.6590273548963974,1.403723075402695,1.403723075402695,True
base__s11__5000K_2.0gcc,11,1.16,1.27,1.0085384337971453,-1,0.8738562851790179,1.4187185010461807,1.4187185010461807,True
base__s11__5000K_2.0gcc,11,1.2,1.27,1.0288863589464097,-1,0.6720490033607429,1.4360564698012313,1.4360564698012313,True
base__s11__5000K_2.0gcc,11,1.24,1.27,1.0272812998332048,-1,0.6887850380367999,1.174771826553122,1.174771826553122,True
base__s12__5000K_2.0gcc,12,0.0,2.29,1.0310702502254634,-1,0.8928044464759279,1.0000000000000064,1.0000000000000064,True
base__s12__5000K_2.0gcc,12,0.04,2.29,0.9835211299418024,-1,0.922718190564175,1.08427509917375,1.0136345371856104,True
base__s12__5000K_2.0gcc,12,0.08,2.29,1.0166565104301453,-1,0.7019004647731907,1.1161979233556927,1.1161979233556927,True
base__s12__5000K_2.0gcc,12,0.12,2.29,1.0450613620998532,-1,0.654618200391984,0.8741130778998627,0.8741130778998627,True
base__s12__5000K_2.0gcc,12,0.16,2.29,1.0186349690502488,-1,0.8153121080438701,1.816541768765612,1.816541768765612,True
base__s12__5000K_2.0gcc,12,0.2,2.29,0.9833249672519256,-1,0.8424198011897259,0.9509669762381753,0.8464075363978747,True
base__s12__5000K_2.0gcc,12,0.24,2.29,1.0374874599425292,-1,0.7556762044292316,0.9724631695310457,0.9724631695310457,True
base__s12__5000K_2.0gcc,12,0.28,2.29,1.0298682186012933,-1,0.641611235421135,0.9819984349113458,0.8305613043627424,True
base__s12__5000K_2.0gcc,12,0.32,2.29,1.005379063480536,-1,0.6297088369202033,1.1685747315943922,1.1685747315943922,True
base__s12__5000K_2.0gcc,12,0.36,2.29,1.009272461017836,-1,0.6377381299357227,0.8932999287885593,0.8932999287885593,True
base__s12__5000K_2.0gcc,12,0.4,2.29,1.0437977279329556,-1,0.6991204844715199,0.7889650571331656,0.7889650571331656,True
base__s12__5000K_2.0gcc,12,0.44,2.29,1.0411821891052495,-1,0.8162737091943997,1.1100980738295019,1.1100980738295019,True
base__s12__5000K_2.0gcc,12,0.48,2.29,1.0643112338080436,-1,0.6719024175750539,1.830115514788974,1.830115514788974,True
base__s12__5000K_2.0gcc,12,0.52,2.29,0.9963637343269768,-1,0.7345118036008416,1.259103113477442,1.259103113477442,True
base__s12__5000K_2.0gcc,12,0.56,2.29,1.0531032415508936,-1,0.6817399419241534,2.045655633208219,2.045655633208219,True
base__s12__5000K_2.0gcc,12,0.6,2.29,1.014250422861139,-1,0.9315765023098148,6.389395807903035,6.389395807903035,True
base__s12__5000K_2.0gcc,12,0.64,2.29,0.9773189889120136,-1,0.8611918710392024,4.441778588963127,4.441778588963127,True
base__s12__5000K_2.0gcc,12,0.68,2.29,1.0018070826226972,-1,0.845630572075647,5.489577963651,5.489577963651,True
base__s12__5000K_2.0gcc,12,0.72,2.29,1.0355389246600053,-1,0.6853782926110137,0.9906219914193471,0.9906219914193471,True
base__s12__5000K_2.0gcc,12,0.76,2.29,1.0253942442865578,-1,0.7810570430448743,1.3213798368163607,1.3213798368163607,True
base__s12__5000K_2.0gcc,12,0.8,2.29,1.0234271034680482,-1,0.6846467708671072,0.9697077056133828,0.9697077056133828,True
base__s12__5000K_2.0gcc,12,0.84,2.29,1.017335378805338,-1,0.6483100362346124,7.744428871850983,7.744428871850983,True
base__s12__5000K_2.0gcc,12,0.88,2.29,1.0479203170384668,-1,0.6136028147725263,2.3311660756921295,2.3311660756921295,True
base__s12__5000K_2.0gcc,12,0.92,2.29,1.0368125175599487,-1,0.664846982532216,2.4625755723694893,2.4625755723694893,True
base__s12__5000K_2.0gcc,12,0.96,2.29,1.038587786985771,-1,0.7220697087885701,4.282819639688295,4.282819639688295,True
base__s12__5000K_2.0gcc,12,1.0,2.29,1.0289275668452091,-1,0.6739323149268526,1.212705173336134,1.212705173336134,True
base__s12__5000K_2.0gcc,12,1.04,2.29,1.0530757686002463,-1,0.671929061263154,1.908489196609803,1.908489196609803,True
base__s12__5000K_2.0gcc,12,1.08,2.29,1.022702870611499,-1,0.8503844247640225,1.0912623910556758,1.0912623910556758,True
base__s12__5000K_2.0gcc,12,1.12,2.29,1.0428008568106382,-1,0.7854331213684195,1.893949132869017,1.893949132869017,True
base__s12__5000K_2.0gcc,12,1.16,2.29,1.0427617472327986,-1,0.7496913284471491,1.3133850681856292,1.3133850681856292,True
base__s12__5000K_2.0gcc,12,1.2,2.29,1.0617822854224868,-1,0.6454013994716415,1.374276152957409,1.374276152957409,True
base__s12__5000K_2.0gcc,12,1.24,2.29,1.0399714941905855,-1,0.7311040802661987,0.6863669169482659,0.7311040802661987,True
base__s12__5000K_2.0gcc,12,1.28,2.29,1.027583101557241,-1,0.7598649590278523,2.2400405170168898,2.2400405170168898,True
base__s12__5000K_2.0gcc,12,1.32,2.29,1.032654354088046,-1,0.6349083994527447,1.109925422251165,1.109925422251165,True
base__s12__5000K_2.0gcc,12,1.36,2.29,1.0134707754903445,-1,0.7158527723650793,1.0528901075547605,1.0528901075547605,True
base__s12__5000K_2.0gcc,12,1.4,2.29,1.0487267206999151,-1,0.6850460133676383,1.572687599969479,1.572687599969479,True
base__s12__5000K_2.0gcc,12,1.44,2.29,1.0555986433062516,-1,0.7037913152637004,1.6132029471581675,1.6132029471581675,True
base__s12__5000K_2.0gcc,12,1.48,2.29,1.0084408397308195,-1,0.7265042648997007,0.8953615573300567,0.8953615573300567,True
base__s12__5000K_2.0gcc,12,1.52,2.29,1.0180880195488993,-1,0.7554116222157949,0.9308599041763117,0.9308599041763117,True
base__s12__5000K_2.0gcc,12,1.56,2.29,1.0499683744156298,-1,0.6568625154182345,0.9995711335883083,0.9995711335883083,True
base__s12__5000K_2.0gcc,12,1.6,2.29,1.0655579550160563,-1,0.615513183697559,1.4777201770213133,1.4777201770213133,True
base__s12__5000K_2.0gcc,12,1.64,2.29,1.0502731537600114,-1,0.749868908642753,2.217707861281709,2.217707861281709,True
base__s12__5000K_2.0gcc,12,1.68,2.29,1.0515059882763385,-1,0.7356816351458366,1.2309062605627479,1.2309062605627479,True
base__s12__5000K_2.0gcc,12,1.72,2.29,0.9998469088420486,-1,0.736126183516316,0.9985752293407654,0.9985752293407654,True
base__s12__5000K_2.0gcc,12,1.76,2.29,1.0440027183652352,-1,0.7040783224722785,1.1282643666400356,1.1282643666400356,True
base__s12__5000K_2.0gcc,12,1.8,2.29,1.0350795918585205,-1,0.746529208577161,5.5229867890361355,5.5229867890361355,True
base__s12__5000K_2.0gcc,12,1.84,2.29,1.0289056207529426,-1,0.6607188215897568,1.0209812921785482,1.0209812921785482,True
base__s12__5000K_2.0gcc,12,1.88,2.29,1.0494393959352777,-1,0.6871806581066526,0.9497584358637219,0.9497584358637219,True
base__s12__5000K_2.0gcc,12,1.92,2.29,1.0431743892231056,-1,0.6909018393941522,6.417106747768915,6.417106747768915,True
base__s12__5000K_2.0gcc,12,1.96,2.29,1.0209517059782995,-1,0.6911073197716423,2.2955766828700286,2.2955766828700286,True
base__s12__5000K_2.0gcc,12,2.0,2.29,1.0245024102968228,-1,0.7127807633714902,1.1674650826316955,1.1674650826316955,True
base__s12__5000K_2.0gcc,12,2.04,2.29,1.0280949829767674,-1,1.0075240669538565,13.10822048231675,13.10822048231675,True
base__s12__5000K_2.0gcc,12,2.08,2.29,1.0282411569432526,-1,0.9939571097022493,7.278705673335628,7.278705673335628,True
base__s12__5000K_2.0gcc,12,2.12,2.29,1.0149521905552987,-1,0.641720724904624,2.8366985236747198,2.8366985236747198,True
base__s12__5000K_2.0gcc,12,2.16,2.29,0.999455175016869,-1,0.6055769276187757,1.1073588415545372,1.1073588415545372,True
base__s12__5000K_2.0gcc,12,2.2,2.29,1.0237271744708154,-1,0.6976573705916616,1.0937801766906305,1.0937801766906305,True
base__s12__5000K_2.0gcc,12,2.24,2.29,0.9640910716841016,-1,0.9132489394340183,5.500246539032524,5.500246539032524,True
base__s12__5000K_2.0gcc,12,2.28,2.29,1.030244886885637,-1,0.7959711588506203,4.100639671746017,4.100639671746017,True
base__s13__5000K_2.0gcc,13,0.0,inf,1.0310702502254634,-1,0.8928044464759279,1.0000000000000064,1.0000000000000064,False
base__s13__5000K_2.0gcc,13,0.04,inf,1.031963203065401,-1,0.6260548652973545,1.0240777878492584,1.0240777878492584,False
base__s13__5000K_2.0gcc,13,0.08,inf,1.0415802847279712,-1,0.6345122014294755,1.1573368244340454,1.1573368244340454,False
base__s13__5000K_2.0gcc,13,0.12,inf,1.0104519264611258,-1,0.7285231773351751,1.4156437070765964,1.4156437070765964,False
base__s13__5000K_2.0gcc,13,0.16,inf,1.032727424148792,-1,0.7090571472241617,1.3422787581511635,1.3422787581511635,False
base__s13__5000K_2.0gcc,13,0.2,inf,1.0156086011865004,-1,0.6857404667538187,1.132337147919473,1.132337147919473,False
base__s13__5000K_2.0gcc,13,0.24,inf,1.0245992654511331,-1,0.9135893415728363,1.350260589624969,1.350260589624969,False
base__s13__5000K_2.0gcc,13,0.28,inf,1.035098876085758,-1,0.709473503663694,1.0347254582173746,1.0347254582173746,False
base__s13__5000K_2.0gcc,13,0.32,inf,1.0366735354768162,-1,0.6693763586969719,1.2015719854366949,1.2015719854366949,False
base__s13__5000K_2.0gcc,13,0.36,inf,1.041424435897776,-1,0.6827754321426582,1.6208609118569164,1.6208609118569164,False
base__s13__5000K_2.0gcc,13,0.4,inf,1.043809973062626,-1,0.5942378257290082,0.992823238807922,0.992823238807922,False
base__s13__5000K_2.0gcc,13,0.44,inf,1.0240677427733975,-1,0.702761100663524,1.09826621105621,1.09826621105621,False
base__s13__5000K_2.0gcc,13,0.48,inf,1.0554141256274705,-1,0.6206081210795908,1.3944906678362767,1.3944906678362767,False
base__s13__5000K_2.0gcc,13,0.52,inf,1.0345636166587342,-1,0.6917347875806901,1.193160829763681,1.193160829763681,False
base__s13__5000K_2.0gcc,13,0.56,inf,1.011934369655463,-1,0.6624581343861802,1.2455858503607788,1.2455858503607788,False
base__s13__5000K_2.0gcc,13,0.6,inf,1.0408749821059198,-1,0.6760003318649876,1.4425862925113786,1.4425862925113786,False
base__s13__5000K_2.0gcc,13,0.64,inf,1.044358487258565,-1,0.6614435352176298,1.116781374640285,1.116781374640285,False
base__s13__5000K_2.0gcc,13,0.68,inf,1.0507576836445214,-1,0.7154692412141882,1.40861878888463,1.40861878888463,False
base__s13__5000K_2.0gcc,13,0.72,inf,1.052344245540878,-1,0.7714701837724072,0.956084597273561,0.956084597273561,False
base__s13__5000K_2.0gcc,13,0.76,inf,1.044151386562792,-1,0.681278856391181,0.956257178933965,0.956257178933965,False
base__s13__5000K_2.0gcc,13,0.8,inf,1.0488300550484808,-1,0.7072446252858902,1.1101448831342196,1.1101448831342196,False
base__s13__5000K_2.0gcc,13,0.84,inf,1.0210452765950195,-1,0.7605078661017245,1.2256716606904408,1.2256716606904408,False
base__s13__5000K_2.0gcc,13,0.88,inf,1.054591358111283,-1,0.6884604958501557,0.8724926767628762,0.8724926767628762,False
base__s13__5000K_2.0gcc,13,0.92,inf,1.040031049349008,-1,0.6728593170350619,1.5530214385939456,1.5530214385939456,False
base__s13__5000K_2.0gcc,13,0.96,inf,1.044300614628758,-1,0.6750788319163288,0.9774688195404876,0.9774688195404876,False
base__s13__5000K_2.0gcc,13,1.0,inf,1.0310377334074634,-1,0.6926888001328342,1.9334836937804813,1.9334836937804813,False
base__s13__5000K_2.0gcc,13,1.04,inf,0.99467567802626,-1,0.6975808603182598,0.9143386067045366,0.8329746788856548,False
base__s13__5000K_2.0gcc,13,1.08,inf,1.04272851340989,-1,0.7411089491192211,1.1941212810117718,1.1941212810117718,False
base__s13__5000K_2.0gcc,13,1.12,inf,1.0036592437884484,-1,0.7639727074436171,0.8822335664273065,0.7639727074436171,False
base__s13__5000K_2.0gcc,13,1.16,inf,0.9968596423017636,-1,0.7591424871450945,0.9014425553937369,0.7866306862544438,False
base__s13__5000K_2.0gcc,13,1.2,inf,1.0131493653188557,-1,0.6327240771232617,0.8265900523137759,0.8265900523137759,False
base__s13__5000K_2.0gcc,13,1.24,inf,1.043217988816335,-1,0.7978058441793493,1.1775684847080048,1.1775684847080048,False
base__s13__5000K_2.0gcc,13,1.28,inf,1.0289309368567936,-1,0.7639928843455273,1.0730343598785523,1.0730343598785523,False
base__s13__5000K_2.0gcc,13,1.32,inf,1.028521841929475,-1,0.7009912831718509,0.990152944210217,0.990152944210217,False
base__s13__5000K_2.0gcc,13,1.36,inf,1.0296455238017597,-1,0.6482792564952915,0.9664404310520593,0.9664404310520593,False
base__s13__5000K_2.0gcc,13,1.4,inf,1.0273529574970812,-1,0.7618482192435585,1.0102415050128344,1.0102415050128344,False
base__s13__5000K_2.0gcc,13,1.44,inf,1.0535313317054218,-1,0.6431202457545504,1.0496646308218245,1.0496646308218245,False
base__s13__5000K_2.0gcc,13,1.48,inf,1.032943915426681,-1,0.6510750738549825,1.0968656769522531,1.0968656769522531,False
base__s13__5000K_2.0gcc,13,1.52,inf,1.052810140444135,-1,0.6716522320374276,1.026951512441142,1.026951512441142,False
base__s13__5000K_2.0gcc,13,1.56,inf,1.026334083911277,-1,0.7121171459720499,0.8562504714529663,0.8562504714529663,False
base__s13__5000K_2.0gcc,13,1.6,inf,1.0300745373617388,-1,0.6858926514141892,1.3174120996099077,1.3174120996099077,False
base__s13__5000K_2.0gcc,13,1.64,inf,1.0370558798883505,-1,0.7270170877995168,1.0486671928344033,1.0486671928344033,False
base__s13__5000K_2.0gcc,13,1.68,inf,1.025755334252764,-1,0.7092169418573758,1.1607834439016107,1.1607834439016107,False
base__s13__5000K_2.0gcc,13,1.72,inf,1.034197827781997,-1,0.7991929123830164,1.034036843228689,1.034036843228689,False
base__s13__5000K_2.0gcc,13,1.76,inf,1.0664535749736137,-1,0.7106102892224737,1.469982539936949,1.469982539936949,False
base__s13__5000K_2.0gcc,13,1.8,inf,1.02918203145702,-1,0.7701912116511116,1.5443776719472138,1.5443776719472138,False
base__s13__5000K_2.0gcc,13,1.84,inf,1.0223508586801306,-1,0.6536700055718002,0.986480034748506,0.986480034748506,False
base__s13__5000K_2.0gcc,13,1.88,inf,0.9749481578755862,-1,0.7086781671432794,0.9181678413743111,0.9181678413743111,False
base__s13__5000K_2.0gcc,13,1.92,inf,1.043956906515782,-1,0.5687147180065152,1.5804487037733361,1.5804487037733361,False
base__s13__5000K_2.0gcc,13,1.96,inf,1.0501510384420905,-1,0.6194061484145214,1.2606233954505972,1.2606233954505972,False
base__s13__5000K_2.0gcc,13,2.0,inf,1.0520837279290085,-1,0.7852692190271157,1.0563794865687832,1.0563794865687832,False
base__s13__5000K_2.0gcc,13,2.04,inf,1.002719033473983,-1,0.7922763366630563,0.9867120489515345,0.9867120489515345,False
base__s13__5000K_2.0gcc,13,2.08,inf,1.026576519390542,-1,0.7406061089427123,1.705565425237814,1.705565425237814,False
base__s13__5000K_2.0gcc,13,2.12,inf,1.0172794034821502,-1,0.6234258889008206,0.7491064652542854,0.7491064652542854,False
base__s13__5000K_2.0gcc,13,2.16,inf,1.0160725447609538,-1,0.6962454576771707,1.240167926093116,1.240167926093116,False
base__s13__5000K_2.0gcc,13,2.2,inf,1.0259112592256705,-1,0.736641787591464,0.8767319337101325,0.8767319337101325,False
base__s13__5000K_2.0gcc,13,2.24,inf,1.0294954457820586,-1,0.6689230928228579,1.0070943278871738,1.0070943278871738,False
base__s13__5000K_2.0gcc,13,2.28,inf,1.038428232532225,-1,0.7008677391363947,1.155444497596882,1.155444497596882,False
base__s13__5000K_2.0gcc,13,2.32,inf,1.054550063951921,-1,0.6928898136119981,0.7297476051221371,0.7297476051221371,False
base__s13__5000K_2.0gcc,13,2.36,inf,1.0213357541367083,-1,0.7427612019821087,1.0302856531266695,1.0302856531266695,False
base__s13__5000K_2.0gcc,13,2.4,inf,1.0107399567381323,-1,0.6861265289520203,0.9202829679573572,0.9202829679573572,False
base__s13__5000K_2.0gcc,13,2.44,inf,1.0324314800532772,-1,0.7610363732333207,1.3676908107702546,1.3676908107702546,False
base__s13__5000K_2.0gcc,13,2.48,inf,1.036600379620806,-1,0.7040051549026937,0.9576545197982351,0.9576545197982351,False
base__s13__5000K_2.0gcc,13,2.52,inf,1.0477751816582597,-1,0.702386453473138,1.019493169059779,1.019493169059779,False
base__s13__5000K_2.0gcc,13,2.56,inf,1.0340351727760524,-1,0.7141079656367672,2.9711208018287665,2.9711208018287665,False
base__s13__5000K_2.0gcc,13,2.6,inf,1.044928454424033,-1,0.6667184564378016,1.1566312498129923,1.1566312498129923,False
base__s13__5000K_2.0gcc,13,2.64,inf,1.0330532632299263,-1,0.709086040313424,1.1121371161494602,1.1121371161494602,False
base__s13__5000K_2.0gcc,13,2.68,inf,1.004325727923465,-1,0.7073892371489111,0.9972595612589954,0.9972595612589954,False
base__s13__5000K_2.0gcc,13,2.72,inf,1.0103765338026214,-1,0.6645788020813232,0.8896967956475134,0.8896967956475134,False
base__s13__5000K_2.0gcc,13,2.76,inf,1.011462155648445,-1,0.6272573941554288,1.3990059634061627,1.3990059634061627,False
base__s13__5000K_2.0gcc,13,2.8000000000000003,inf,1.01289426095373,-1,0.7931091801884191,0.7999409293425961,0.7999409293425961,False
base__s13__5000K_2.0gcc,13,2.84,inf,1.00161799762035,-1,0.7221140658504888,0.8073179842688635,0.8073179842688635,False
base__s13__5000K_2.0gcc,13,2.88,inf,1.0274845231282073,-1,0.8029716934344098,0.7795498541469035,0.7795498541469035,False
base__s13__5000K_2.0gcc,13,2.92,inf,1.0094840313546314,-1,0.6376711382755295,0.9056239860736689,0.9056239860736689,False
base__s13__5000K_2.0gcc,13,2.96,inf,1.0201543985495527,-1,0.7742487357467633,0.9329193876483147,0.9329193876483147,False
base__s13__5000K_2.0gcc,13,3.0,inf,1.045305734491589,-1,0.7684324907644039,0.75654249394735,0.75654249394735,False
base__s13__5000K_2.0gcc,13,3.04,inf,1.030359395467911,-1,0.6624725482715051,1.003156579974791,1.003156579974791,False
base__s13__5000K_2.0gcc,13,3.08,inf,1.0264453569874046,-1,0.6772252950870568,1.0149267004300806,1.0149267004300806,False
base__s13__5000K_2.0gcc,13,3.12,inf,0.9870009481824216,-1,0.8791395254889729,0.9466861877122106,0.8459712516952796,False
base__s13__5000K_2.0gcc,13,3.16,inf,1.0332664227071355,-1,0.6362302796651316,1.4862095636716022,1.4862095636716022,False
base__s13__5000K_2.0gcc,13,3.2,inf,1.0003858860609736,-1,0.8026769873152692,1.2514799839248836,1.2514799839248836,False
base__s13__5000K_2.0gcc,13,3.24,inf,0.991610166446976,-1,0.7684615422202282,2.192239472951286,2.192239472951286,False
base__s13__5000K_2.0gcc,13,3.28,inf,1.0022610904574714,-1,0.8374036613166055,1.1950439551519014,1.1950439551519014,False
base__s13__5000K_2.0gcc,13,3.3200000000000003,inf,1.0607356501117515,-1,0.7261808587478458,1.2557771526526307,1.2557771526526307,False
base__s13__5000K_2.0gcc,13,3.36,inf,1.0277058263987808,-1,0.672562076533623,0.9940660554117192,0.9940660554117192,False
base__s13__5000K_2.0gcc,13,3.4,inf,0.9887974851040024,-1,0.7620346865285331,1.2587664189727794,1.2587664189727794,False
base__s13__5000K_2.0gcc,13,3.44,inf,1.0100757924918302,-1,0.7917108695330308,1.5195416347809263,1.5195416347809263,False
base__s13__5000K_2.0gcc,13,3.48,inf,1.026950496934492,-1,0.648402827515848,1.7389375257481028,1.7389375257481028,False
base__s13__5000K_2.0gcc,13,3.52,inf,1.040744603852933,-1,0.8001386929879836,1.8135989161058894,1.8135989161058894,False
base__s13__5000K_2.0gcc,13,3.56,inf,1.0514666603677931,-1,0.6516726308823388,5.841137488578421,5.841137488578421,False
base__s13__5000K_2.0gcc,13,3.6,inf,1.0346642386876044,-1,0.7080518064269755,1.2580920667331175,1.2580920667331175,False
base__s13__5000K_2.0gcc,13,3.64,inf,1.0707108253627582,-1,0.7669883843408123,1.4943482708138531,1.4943482708138531,False
base__s13__5000K_2.0gcc,13,3.68,inf,1.0337939886960066,-1,0.6828563629854433,1.8313817739334026,1.8313817739334026,False
base__s13__5000K_2.0gcc,13,3.72,inf,1.0114127541142637,-1,0.6323229517689999,0.7935811094530579,0.7935811094530579,False
base__s13__5000K_2.0gcc,13,3.76,inf,1.0074542177374612,-1,0.6812081425625944,1.6053136185504921,1.6053136185504921,False
base__s13__5000K_2.0gcc,13,3.8,inf,0.9734231829795308,-1,0.8573953994639275,5.985999103838452,5.985999103838452,False
base__s13__5000K_2.0gcc,13,3.84,inf,1.075521496023673,-1,0.6874331689960401,0.9262459996681567,0.919723179482627,False
base__s13__5000K_2.0gcc,13,3.88,inf,1.0571338201424645,-1,0.6992849528112945,1.1576104010366666,1.1576104010366666,False
base__s13__5000K_2.0gcc,13,3.92,inf,1.035795936164069,-1,0.8252795252941831,1.2381960482586578,1.2381960482586578,False
base__s13__5000K_2.0gcc,13,3.96,inf,1.0494118052251935,-1,0.6684815640505808,1.6323921503125622,1.6323921503125622,False
base__s13__5000K_2.0gcc,13,4.0,inf,1.049512637965356,-1,0.7840760968000257,1.8112271091685517,1.8112271091685517,False
base__s13__5000K_2.0gcc,13,4.04,inf,1.0416089411909824,-1,0.6904503576869478,1.8237859918395785,1.8237859918395785,False
base__s13__5000K_2.0gcc,13,4.08,inf,0.9542010906831956,-1,1.5010362533241248,1.8083528740971293,1.531365127722152,False
base__s13__5000K_2.0gcc,13,4.12,inf,1.0635165957388726,-1,0.7518121491018114,1.0153173684122367,1.0153173684122367,False
base__s13__5000K_2.0gcc,13,4.16,inf,1.041632221847039,-1,0.7146109780425064,0.9157481816032031,0.9157481816032031,False
base__s13__5000K_2.0gcc,13,4.2,inf,1.0006963242072988,-1,0.7544995291624785,1.0159834483807189,1.0159834483807189,False
base__s13__5000K_2.0gcc,13,4.24,inf,1.032043725630363,-1,0.7221093966626261,0.8793433752866602,0.8793433752866602,False
base__s13__5000K_2.0gcc,13,4.28,inf,1.0069369174923526,-1,0.6403446404200809,0.991889078434723,0.991889078434723,False
base__s13__5000K_2.0gcc,13,4.32,inf,1.0557210777137116,-1,0.6501557220045479,1.1073745155214043,1.1073745155214043,False
base__s13__5000K_2.0gcc,13,4.36,inf,1.0001404871346826,-1,0.8656010158454229,1.2512916938378553,1.2512916938378553,False
base__s13__5000K_2.0gcc,13,4.4,inf,1.0230526892301297,-1,0.704099644711917,1.1511771231378851,1.1511771231378851,False
base__s13__5000K_2.0gcc,13,4.44,inf,1.0306590588667035,-1,0.7910555610775637,1.7502408138080028,1.7502408138080028,False
base__s13__5000K_2.0gcc,13,4.48,inf,1.0407430404643592,-1,0.6778714982083678,0.7518225886915068,0.7518225886915068,False
base__s13__5000K_2.0gcc,13,4.5200000000000005,inf,1.0196724302578748,-1,0.7427529858837449,1.4103561029595735,1.4103561029595735,False
base__s13__5000K_2.0gcc,13,4.5600000000000005,inf,1.021991477599006,-1,0.7106510800360694,1.8890853114675772,1.8890853114675772,False
base__s13__5000K_2.0gcc,13,4.6000000000000005,inf,1.0237821894407035,-1,0.6789935476912221,0.8892709564982475,0.8892709564982475,False
base__s13__5000K_2.0gcc,13,4.64,inf,1.017542037200429,-1,0.633494351003603,1.5094023238882126,1.5094023238882126,False
base__s13__5000K_2.0gcc,13,4.68,inf,1.0381468149447846,-1,0.6884095693422682,4.613749917725491,4.613749917725491,False
base__s13__5000K_2.0gcc,13,4.72,inf,1.0472404525131755,-1,0.6258789580859402,1.1682185366525317,1.1682185366525317,False
base__s13__5000K_2.0gcc,13,4.76,inf,1.018646282903934,-1,0.7036831481264819,1.4974242780737679,1.4974242780737679,False
base__s13__5000K_2.0gcc,13,4.8,inf,1.0484396411238943,-1,0.7718878947943133,1.2584717884420749,1.2584717884420749,False
base__s13__5000K_2.0gcc,13,4.84,inf,1.0438105052795743,-1,0.6999207389697206,1.2352065495953934,1.2352065495953934,False
base__s13__5000K_2.0gcc,13,4.88,inf,1.0240240935397955,-1,0.7325662265950438,1.8864565085743965,1.8864565085743965,False
base__s13__5000K_2.0gcc,13,4.92,inf,1.020558795600724,-1,0.6651939850246971,0.9791815498279022,0.8921009343219911,False
base__s13__5000K_2.0gcc,13,4.96,inf,1.0206593493266982,-1,0.6388075127886187,0.9384978532772863,0.9384978532772863,False
base__s13__5000K_2.0gcc,13,5.0,inf,1.0524191570139725,-1,0.7334002140673579,1.9711317522511653,1.9711317522511653,False
base__s13__5000K_2.0gcc,13,5.04,inf,1.0302805971161453,-1,0.7654951652296449,1.5289843963567489,1.5289843963567489,False
base__s13__5000K_2.0gcc,13,5.08,inf,1.040974095496137,-1,0.767241528702533,1.1389482937506383,1.1389482937506383,False
base__s13__5000K_2.0gcc,13,5.12,inf,1.0155492445159915,-1,0.7516475334500924,3.18371603293505,3.18371603293505,False
base__s13__5000K_2.0gcc,13,5.16,inf,1.0396247679196566,-1,0.637425157274387,1.1918121737100675,1.1918121737100675,False
base__s13__5000K_2.0gcc,13,5.2,inf,1.024642731653819,-1,0.661142140472001,2.681354581174535,2.681354581174535,False
base__s13__5000K_2.0gcc,13,5.24,inf,1.0644837391214583,-1,0.6841346129243812,1.024585418758112,1.024585418758112,False
base__s13__5000K_2.0gcc,13,5.28,inf,1.006667662502874,-1,0.7150493107304865,1.235760656059123,1.235760656059123,False
base__s13__5000K_2.0gcc,13,5.32,inf,1.032895413870639,-1,0.6694585183075009,1.1664531711414308,1.1664531711414308,False
base__s13__5000K_2.0gcc,13,5.36,inf,0.9911304556969276,-1,0.8031225240337175,1.0783353374869824,1.0783353374869824,False
base__s13__5000K_2.0gcc,13,5.4,inf,1.0550606117896733,-1,0.7169021803324053,1.0543453917614258,1.0543453917614258,False
base__s13__5000K_2.0gcc,13,5.44,inf,1.0281181453835937,-1,0.6905827640828602,0.9584178191195697,0.9584178191195697,False
base__s13__5000K_2.0gcc,13,5.48,inf,1.033246917341154,-1,0.6573136973367226,1.0209853873481456,1.0209853873481456,False
base__s13__5000K_2.0gcc,13,5.5200000000000005,inf,1.0478907494419447,-1,0.6401250996103423,1.043443421105186,1.043443421105186,False
base__s13__5000K_2.0gcc,13,5.5600000000000005,inf,1.0044288231537364,-1,0.7738669217970556,0.929993574759773,0.929993574759773,False
base__s13__5000K_2.0gcc,13,5.6000000000000005,inf,1.0618644196661828,-1,0.8643506396752405,1.899980578365767,1.899980578365767,False
base__s13__5000K_2.0gcc,13,5.64,inf,1.0265069013879058,-1,0.7329153683504395,1.2346754724376618,1.2346754724376618,False
base__s13__5000K_2.0gcc,13,5.68,inf,1.01906467981478,-1,0.8838201137823125,2.261554212375808,2.261554212375808,False
base__s13__5000K_2.0gcc,13,5.72,inf,1.013863353795273,-1,0.6067873017435927,0.9935941679281797,0.9935941679281797,False
base__s13__5000K_2.0gcc,13,5.76,inf,0.9937894569781872,-1,0.7616486288403372,1.2074886866918937,1.2074886866918937,False
base__s13__5000K_2.0gcc,13,5.8,inf,0.9881002779930794,-1,0.6254095050874202,1.0393350864879316,1.0393350864879316,False
base__s13__5000K_2.0gcc,13,5.84,inf,1.047957303703256,-1,0.7239533383649003,1.459875948453788,1.459875948453788,False
base__s13__5000K_2.0gcc,13,5.88,inf,0.996893111445757,-1,0.6527670831545382,1.0105321582800681,1.0105321582800681,False
base__s13__5000K_2.0gcc,13,5.92,inf,1.023031228641628,-1,0.7307272466018245,1.9995395616432936,1.9995395616432936,False
base__s13__5000K_2.0gcc,13,5.96,inf,1.014161919571032,-1,0.8213344835922095,2.7758891004465034,2.7758891004465034,False
base__s13__5000K_2.0gcc,13,6.0,inf,1.0321437638827258,-1,0.7290537367338025,4.705026590181538,4.705026590181538,False
base__s13__5000K_2.0gcc,13,6.04,inf,1.0086276243237635,-1,0.6199015196451749,0.8766972661258233,0.8766972661258233,False
base__s13__5000K_2.0gcc,13,6.08,inf,1.035090241083356,-1,0.6497284415278775,1.7152657001877558,1.7152657001877558,False
base__s13__5000K_2.0gcc,13,6.12,inf,1.0203060711737435,-1,0.7905660529773241,2.1826460326716104,2.1826460326716104,False
base__s13__5000K_2.0gcc,13,6.16,inf,1.0369004733464058,-1,0.7368848933195771,1.108930078239045,1.108930078239045,False
base__s13__5000K_2.0gcc,13,6.2,inf,1.0333257440541188,-1,0.6844432965098153,0.9481020057038686,0.9481020057038686,False
base__s13__5000K_2.0gcc,13,6.24,inf,1.0014599967951798,-1,0.8465664754861668,1.4601481727788286,1.4601481727788286,False
base__s13__5000K_2.0gcc,13,6.28,inf,1.043033492544223,-1,0.7432929664419246,1.1261311594882517,1.1261311594882517,False
base__s13__5000K_2.0gcc,13,6.32,inf,1.0174040975232015,-1,0.6728178176312157,0.8870446382891022,0.8870446382891022,False
base__s13__5000K_2.0gcc,13,6.36,inf,1.0453355109772176,-1,0.724749944014332,1.1881757462834466,1.1881757462834466,False
base__s13__5000K_2.0gcc,13,6.4,inf,1.0244359718103422,-1,0.6984706219367052,1.259088125657344,1.259088125657344,False
base__s13__5000K_2.0gcc,13,6.44,inf,1.0542994835899335,-1,0.6593039185759578,1.5310322517776693,1.5310322517776693,False
base__s13__5000K_2.0gcc,13,6.48,inf,1.0290756116894424,-1,0.6662378016888022,1.397920291317539,1.397920291317539,False
base__s13__5000K_2.0gcc,13,6.5200000000000005,inf,1.0098163824468285,-1,0.7190275286939943,1.0804021767672303,1.0804021767672303,False
base__s13__5000K_2.0gcc,13,6.5600000000000005,inf,0.9804032675904344,-1,0.8039231499086046,6.375100070570985,6.375100070570985,False
base__s13__5000K_2.0gcc,13,6.6000000000000005,inf,0.9986331075555236,-1,0.7197272287437421,1.1894285479075246,1.1894285479075246,False
base__s13__5000K_2.0gcc,13,6.640000000000001,inf,1.026060425621221,-1,0.6441158322095215,0.9112131066883808,0.9112131066883808,False
base__s13__5000K_2.0gcc,13,6.68,inf,1.0278590853263891,-1,0.6982254714359227,2.569856219883291,2.569856219883291,False
base__s13__5000K_2.0gcc,13,6.72,inf,1.0299635954605382,-1,0.7008354597437615,3.523009352601256,3.523009352601256,False
base__s13__5000K_2.0gcc,13,6.76,inf,1.0048825938610932,-1,0.6670154379182892,1.7155744045468566,1.7155744045468566,False
base__s13__5000K_2.0gcc,13,6.8,inf,1.0030046002387023,-1,0.6712004788001411,1.0637193625567725,1.0637193625567725,False
base__s13__5000K_2.0gcc,13,6.84,inf,1.0385960533465357,-1,0.628945288227891,1.5846645611491872,1.5846645611491872,False
base__s13__5000K_2.0gcc,13,6.88,inf,0.9706175426943406,-1,1.2339115274162187,1.5305774380464672,1.3282181750060196,False
base__s13__5000K_2.0gcc,13,6.92,inf,1.039318389125296,-1,0.7465347972709029,1.3337581470856823,1.3337581470856823,False
base__s13__5000K_2.0gcc,13,6.96,inf,1.0545588282504688,-1,0.6340925073997149,1.0663641147718999,1.0663641147718999,False
base__s13__5000K_2.0gcc,13,7.0,inf,0.9988125825829388,-1,0.7336789295222607,2.1332529976759096,2.1332529976759096,False
base__s13__5000K_2.0gcc,13,7.04,inf,1.0380659099272065,-1,0.6957197532717101,4.100897520824826,4.100897520824826,False
base__s13__5000K_2.0gcc,13,7.08,inf,1.0560800263512231,-1,0.6679754393700779,1.4215752429392512,1.4215752429392512,False
base__s13__5000K_2.0gcc,13,7.12,inf,1.044597066339457,-1,0.7019348997493164,3.278833074331253,3.278833074331253,False
base__s13__5000K_2.0gcc,13,7.16,inf,1.0355501877871491,-1,0.625698378993891,1.707306322949861,1.707306322949861,False
base__s13__5000K_2.0gcc,13,7.2,inf,1.0148619626412256,-1,0.6485631525286683,1.4917304979019625,1.4917304979019625,False
base__s13__5000K_2.0gcc,13,7.24,inf,1.044732701811808,-1,0.7787681019641919,1.078951386402596,1.078951386402596,False
base__s13__5000K_2.0gcc,13,7.28,inf,1.0228879799811903,-1,0.6428908508396057,1.1556767832331367,1.1556767832331367,False
base__s13__5000K_2.0gcc,13,7.32,inf,1.0024581162647146,-1,0.7032503422644845,1.0495521285879232,1.0495521285879232,False
base__s13__5000K_2.0gcc,13,7.36,inf,0.9906356164004002,-1,0.7925493664258835,1.091610711072096,1.091610711072096,False
base__s13__5000K_2.0gcc,13,7.4,inf,1.0630873145485271,-1,0.8896288658957259,1.2113418829171931,1.2113418829171931,False
base__s13__5000K_2.0gcc,13,7.44,inf,1.0319900363748673,-1,0.6298306387715036,0.9476399914384427,0.9476399914384427,False
base__s13__5000K_2.0gcc,13,7.48,inf,1.003571120423958,-1,0.61510649034922,1.0147514649319294,1.0147514649319294,False
base__s13__5000K_2.0gcc,13,7.52,inf,1.052945849355512,-1,0.6428145516611237,0.9499133444969787,0.9499133444969787,False
base__s13__5000K_2.0gcc,13,7.56,inf,1.0235516262021185,-1,0.6667591464193844,0.9247814932594162,0.9247814932594162,False
base__s13__5000K_2.0gcc,13,7.6,inf,0.9749085764783278,-1,0.6984532986599249,1.8467911294386687,1.8467911294386687,False
base__s13__5000K_2.0gcc,13,7.640000000000001,inf,1.0201008002138812,-1,0.8280096625593292,1.412471740625521,1.412471740625521,False
base__s13__5000K_2.0gcc,13,7.68,inf,1.0370432354410304,-1,0.6837234169007963,1.0461502107474092,1.0461502107474092,False
base__s13__5000K_2.0gcc,13,7.72,inf,1.023421975945895,-1,0.649198442068309,1.0836139028793066,1.0836139028793066,False
base__s13__5000K_2.0gcc,13,7.76,inf,1.0135573715133244,-1,0.6850675403912518,1.006110138837255,1.006110138837255,False
base__s13__5000K_2.0gcc,13,7.8,inf,1.033896049194018,-1,0.7388133571397301,2.465782549709873,2.465782549709873,False
base__s13__5000K_2.0gcc,13,7.84,inf,1.017599293243662,-1,0.6264544594689175,1.0598890418117102,1.0598890418117102,False
base__s13__5000K_2.0gcc,13,7.88,inf,1.0002314075747671,-1,0.7587683531725963,1.5798115586442225,1.5798115586442225,False
base__s13__5000K_2.0gcc,13,7.92,inf,0.9897253886679884,-1,0.8350554507573564,1.2590068423261038,1.2590068423261038,False
base__s13__5000K_2.0gcc,13,7.96,inf,1.0126322901601548,-1,0.7201269323113837,1.8617164395553405,1.8617164395553405,False
base__s13__5000K_2.0gcc,13,8.0,inf,1.0289342531629515,-1,0.8675821613689226,1.6476603518378945,1.6476603518378945,False
base__s13__5000K_2.0gcc,13,8.040000000000001,inf,0.9945128697794716,-1,0.7578901941266065,2.0326530609780553,2.0326530609780553,False
base__s13__5000K_2.0gcc,13,8.08,inf,1.0255508158467816,-1,0.6921962207727863,1.3134498830296213,1.3134498830296213,False
base__s13__5000K_2.0gcc,13,8.120000000000001,inf,1.0145843485841877,-1,0.7190026761547775,1.5232737192992594,1.5232737192992594,False
base__s13__5000K_2.0gcc,13,8.16,inf,1.008271150432759,-1,0.7303977777968296,1.0293289617266423,1.0293289617266423,False
base__s13__5000K_2.0gcc,13,8.2,inf,1.0123793340131948,-1,0.6269757659360435,1.1286789613923074,1.1286789613923074,False
base__s13__5000K_2.0gcc,13,8.24,inf,1.03352220137789,-1,0.5902084896988076,0.9811179133408665,0.9811179133408665,False
base__s13__5000K_2.0gcc,13,8.28,inf,0.9947990133795874,-1,0.8150318208735132,1.0167646811808009,1.0167646811808009,False
base__s13__5000K_2.0gcc,13,8.32,inf,1.013905219500816,-1,0.6662311520550122,1.1781065624248428,1.1781065624248428,False
base__s13__5000K_2.0gcc,13,8.36,inf,1.0508108109293524,-1,0.8279278118078729,1.2545656234872316,1.2545656234872316,False
base__s13__5000K_2.0gcc,13,8.4,inf,1.007616375437101,-1,0.8213983919832876,1.4677255501307562,1.4677255501307562,False
base__s13__5000K_2.0gcc,13,8.44,inf,0.9646524192174092,-1,1.2977520232217183,1.598972403519555,1.3140370597541662,False
base__s13__5000K_2.0gcc,13,8.48,inf,1.0259660126704977,-1,0.6763298905693838,2.582772678932161,2.582772678932161,False
base__s13__5000K_2.0gcc,13,8.52,inf,1.003048236637202,-1,0.7316882163537877,1.149082903060517,1.149082903060517,False
base__s13__5000K_2.0gcc,13,8.56,inf,0.964640400488182,-1,1.0816396745658425,1.6712194282168233,1.6712194282168233,False
base__s13__5000K_2.0gcc,13,8.6,inf,1.0034657251157115,-1,0.7474798771911555,0.94391883728143,0.94391883728143,False
base__s13__5000K_2.0gcc,13,8.64,inf,1.0430350386257403,-1,0.65209360971342,0.9191836276135676,0.9191836276135676,False
base__s13__5000K_2.0gcc,13,8.68,inf,0.9950690876446722,-1,0.7342140894808648,1.6751423577447935,1.6751423577447935,False
base__s13__5000K_2.0gcc,13,8.72,inf,1.0509549654309642,-1,0.6743257701562675,1.0599544776818355,1.0599544776818355,False
base__s13__5000K_2.0gcc,13,8.76,inf,1.0192912357108723,-1,0.7140931734952747,4.71669583951014,4.71669583951014,False
base__s13__5000K_2.0gcc,13,8.8,inf,1.0562262215647749,-1,0.6871209153506477,1.249112162534597,1.249112162534597,False
base__s13__5000K_2.0gcc,13,8.84,inf,1.0156067649100216,-1,0.6603546123729555,2.73490471052271,2.73490471052271,False
base__s13__5000K_2.0gcc,13,8.88,inf,1.0301945939840682,-1,0.6650186281128011,1.4197403656251606,1.4197403656251606,False
base__s13__5000K_2.0gcc,13,8.92,inf,1.0401679533411898,-1,0.660693774181155,1.2585924742033932,1.2585924742033932,False
base__s13__5000K_2.0gcc,13,8.96,inf,1.0206942502816403,-1,0.7517413089615729,1.337153389513627,1.337153389513627,False
base__s13__5000K_2.0gcc,13,9.0,inf,1.0337480692983176,-1,0.6474297014079846,1.0693722984146965,1.0693722984146965,False
base__s13__5000K_2.0gcc,13,9.04,inf,1.0299736902236865,-1,0.7428097664038613,1.6863136669104821,1.6863136669104821,False
base__s13__5000K_2.0gcc,13,9.08,inf,1.0577037208282858,-1,0.6463680243043786,0.9282746607380284,0.9282746607380284,False
base__s13__5000K_2.0gcc,13,9.12,inf,0.9813340634529096,-1,0.8056331141120101,1.9582396869922178,1.9582396869922178,False
base__s13__5000K_2.0gcc,13,9.16,inf,1.0428113470062554,-1,0.7025496701103708,1.5147402800851804,1.5147402800851804,False
base__s13__5000K_2.0gcc,13,9.2,inf,1.0064056463101747,-1,0.7356081244592424,1.2734522438929232,1.2734522438929232,False
base__s13__5000K_2.0gcc,13,9.24,inf,1.0091587452249524,-1,0.6315177382384123,0.9359676952096937,0.9359676952096937,False
base__s13__5000K_2.0gcc,13,9.28,inf,0.9992012759414394,-1,0.8390077125259887,1.34866547973885,1.34866547973885,False
base__s13__5000K_2.0gcc,13,9.32,inf,1.0530942021956062,-1,0.7055688510882844,1.4030169076029209,1.4030169076029209,False
base__s13__5000K_2.0gcc,13,9.36,inf,1.041674080962467,-1,0.7474824970583078,1.1108854497833374,1.1108854497833374,False
base__s13__5000K_2.0gcc,13,9.4,inf,1.0199419769477085,-1,0.703657260882066,1.1267926500623147,1.1267926500623147,False
base__s13__5000K_2.0gcc,13,9.44,inf,1.008217318817724,-1,0.801988823540225,1.3648135681721005,1.3648135681721005,False
base__s13__5000K_2.0gcc,13,9.48,inf,1.054062772074795,-1,0.701275743230992,1.5099993662210336,1.5099993662210336,False
base__s13__5000K_2.0gcc,13,9.52,inf,1.023590393720555,-1,0.7139548586182564,1.4371696775471834,1.4371696775471834,False
base__s13__5000K_2.0gcc,13,9.56,inf,1.0225128097026466,-1,0.7270906672057225,2.3961393033712737,2.3961393033712737,False
base__s13__5000K_2.0gcc,13,9.6,inf,1.0430879227591507,-1,0.688845022015004,1.7954807835533664,1.7954807835533664,False
base__s13__5000K_2.0gcc,13,9.64,inf,1.0046881949346274,-1,0.6912295320070811,1.1150830611722804,1.1150830611722804,False
base__s13__5000K_2.0gcc,13,9.68,inf,1.0626593154600406,-1,0.6648032861608878,1.8751587270067482,1.8751587270067482,False
base__s13__5000K_2.0gcc,13,9.72,inf,1.0247765156725637,-1,0.8622710576430302,1.47403244563549,1.47403244563549,False
base__s13__5000K_2.0gcc,13,9.76,inf,1.0029003714641846,-1,0.8283246230325625,1.275057314372083,1.275057314372083,False
base__s13__5000K_2.0gcc,13,9.8,inf,1.045021105287831,-1,0.7153924205471329,1.2701206671710639,1.2701206671710639,False
base__s13__5000K_2.0gcc,13,9.84,inf,1.0248778149462503,-1,0.6497481081436527,0.8438110726649096,0.8438110726649096,False
base__s13__5000K_2.0gcc,13,9.88,inf,1.0437500893954446,-1,0.6826009914156586,0.8901875186866821,0.8901875186866821,False
base__s13__5000K_2.0gcc,13,9.92,inf,1.0363989087552148,-1,0.8407141613408102,1.569133901788051,1.569133901788051,False
base__s13__5000K_2.0gcc,13,9.96,inf,0.9807283676538578,-1,0.7236955592915268,1.4890435693991926,1.4890435693991926,False
base__s13__5000K_2.0gcc,13,10.0,inf,0.9921457362933128,-1,0.722343647904151,1.419129133304137,1.419129133304137,False
base__s14__5000K_2.0gcc,14,0.0,inf,1.0310702502254634,-1,0.8928044464759279,1.0000000000000064,1.0000000000000064,False
base__s14__5000K_2.0gcc,14,0.04,inf,1.0500433434739729,-1,0.5811568144211732,0.8962156732945632,0.8962156732945632,False
base__s14__5000K_2.0gcc,14,0.08,inf,1.0603848228798824,-1,0.726948367249686,1.1023453508005798,1.1023453508005798,False
base__s14__5000K_2.0gcc,14,0.12,inf,1.0229487405095128,-1,0.6966858007652411,0.8939670781759169,0.8939670781759169,False
base__s14__5000K_2.0gcc,14,0.16,inf,1.0192750703151725,-1,0.6250003593776964,0.9619295514113924,0.9619295514113924,False
base__s14__5000K_2.0gcc,14,0.2,inf,1.0383342923167858,-1,0.660740879577253,1.0597964151802262,1.0597964151802262,False
base__s14__5000K_2.0gcc,14,0.24,inf,1.0273143247302647,-1,0.7187656837323678,1.1409965606004129,1.1409965606004129,False
base__s14__5000K_2.0gcc,14,0.28,inf,1.0356864447626029,-1,0.6751045674125419,1.4636169470860405,1.4636169470860405,False
base__s14__5000K_2.0gcc,14,0.32,inf,1.0466548916643916,-1,0.6806375941972764,0.9555603025504803,0.9555603025504803,False
base__s14__5000K_2.0gcc,14,0.36,inf,1.0222441981698904,-1,0.7178028956128334,3.5870546230343856,3.5870546230343856,False
base__s14__5000K_2.0gcc,14,0.4,inf,1.0171312992701584,-1,0.7167271707012659,1.119048095764005,1.119048095764005,False
base__s14__5000K_2.0gcc,14,0.44,inf,1.0796700335991545,-1,0.6741247325692061,1.4521803656290106,1.4521803656290106,False
base__s14__5000K_2.0gcc,14,0.48,inf,1.038196768003541,-1,0.6581490041269683,0.778173679207416,0.778173679207416,False
base__s14__5000K_2.0gcc,14,0.52,inf,1.0676510678067994,-1,0.6036065613655152,1.4128562651070764,1.4128562651070764,False
base__s14__5000K_2.0gcc,14,0.56,inf,1.0163630496810672,-1,0.796730298755171,1.5568405110799435,1.5568405110799435,False
base__s14__5000K_2.0gcc,14,0.6,inf,1.048847179656312,-1,0.7076764475747243,1.06842619340634,1.06842619340634,False
base__s14__5000K_2.0gcc,14,0.64,inf,1.0383637881065575,-1,0.8185402516772277,1.4574425063215664,1.4574425063215664,False
base__s14__5000K_2.0gcc,14,0.68,inf,1.0194529625254918,-1,0.6993464524259319,1.0930745741938919,1.0930745741938919,False
base__s14__5000K_2.0gcc,14,0.72,inf,1.0311062372447368,-1,0.8547619344755386,1.3603248306727256,1.3603248306727256,False
base__s14__5000K_2.0gcc,14,0.76,inf,1.0215697870405138,-1,0.7250072661303569,1.172280855306727,1.172280855306727,False
base__s14__5000K_2.0gcc,14,0.8,inf,1.0372855012242284,-1,0.6776140400797013,0.8762225475647949,0.8762225475647949,False
base__s14__5000K_2.0gcc,14,0.84,inf,1.0482890700269654,-1,0.7115783817062907,0.9828675215101164,0.9828675215101164,False
base__s14__5000K_2.0gcc,14,0.88,inf,1.0456125435346506,-1,0.7354598271863861,1.0745086695569834,1.0745086695569834,False
base__s14__5000K_2.0gcc,14,0.92,inf,1.0497908699636325,-1,0.7503947765879448,0.8800908813946784,0.8800908813946784,False
base__s14__5000K_2.0gcc,14,0.96,inf,1.049546779673017,-1,0.8130910792731335,2.179661420630817,2.179661420630817,False
base__s14__5000K_2.0gcc,14,1.0,inf,0.988383986539644,-1,0.9346799356629812,1.1625973789671558,1.1185841597815653,False
base__s14__5000K_2.0gcc,14,1.04,inf,1.0474247709129283,-1,0.6335501230920373,16.739477397578046,16.739477397578046,False
base__s14__5000K_2.0gcc,14,1.08,inf,1.0375374632662668,-1,0.7453115768595233,1.3939334307377476,1.3939334307377476,False
base__s14__5000K_2.0gcc,14,1.12,inf,1.0199231200879793,-1,0.7157397305310997,1.2227103954510614,1.2227103954510614,False
base__s14__5000K_2.0gcc,14,1.16,inf,1.0339464557214757,-1,0.7245222489830774,1.0297632956088816,1.0297632956088816,False
base__s14__5000K_2.0gcc,14,1.2,inf,1.0386302372697416,-1,0.7315234726179838,1.0734780012233578,1.0734780012233578,False
base__s14__5000K_2.0gcc,14,1.24,inf,1.022676319386051,-1,0.7661790862297793,7.5546227050415355,7.5546227050415355,False
base__s14__5000K_2.0gcc,14,1.28,inf,1.0438758669305466,-1,0.7304514730632624,1.0677633152790988,1.0677633152790988,False
base__s14__5000K_2.0gcc,14,1.32,inf,0.9635001403871198,-1,1.0163670445796147,1.317605373484223,1.0357045849085926,False
base__s14__5000K_2.0gcc,14,1.36,inf,1.005300068810303,-1,0.7904694924489754,0.9722223247092219,0.9722223247092219,False
base__s14__5000K_2.0gcc,14,1.4,inf,1.04367969676956,-1,0.6767375835148608,1.1198857218420288,1.1198857218420288,False
base__s14__5000K_2.0gcc,14,1.44,inf,1.0222226639387328,-1,0.6151781253889471,4.028148894809695,4.028148894809695,False
base__s14__5000K_2.0gcc,14,1.48,inf,0.9636518552610168,-1,1.3010340394379054,1.6295539440115747,1.316369908357529,False
base__s14__5000K_2.0gcc,14,1.52,inf,1.023614184267198,-1,0.8841374161336004,4.954565831466403,4.954565831466403,False
base__s14__5000K_2.0gcc,14,1.56,inf,0.9956639734177388,-1,0.7793575802793231,1.0552475297232076,1.0552475297232076,False
base__s14__5000K_2.0gcc,14,1.6,inf,1.0577065084133688,-1,0.7319877124939207,1.1699398043314961,1.1699398043314961,False
base__s14__5000K_2.0gcc,14,1.64,inf,1.0671818947808287,-1,0.7534992075256743,1.2746385142913845,1.2746385142913845,False
base__s14__5000K_2.0gcc,14,1.68,inf,1.0340429243532394,-1,0.6381982316809378,1.514950770612152,1.514950770612152,False
base__s14__5000K_2.0gcc,14,1.72,inf,0.9990449278931356,-1,0.8220188603858203,1.2733682740974486,1.2733682740974486,False
base__s14__5000K_2.0gcc,14,1.76,inf,1.0282429582355523,-1,0.7073875736645572,2.550781624703026,2.550781624703026,False
base__s14__5000K_2.0gcc,14,1.8,inf,1.0331929577450667,-1,0.8613911987746696,3.1859846652265786,3.1859846652265786,False
base__s14__5000K_2.0gcc,14,1.84,inf,1.02508723853436,-1,0.7766150095052426,1.75608295378353,1.75608295378353,False
base__s14__5000K_2.0gcc,14,1.88,inf,1.0198055072164496,-1,0.8605948127852425,2.095807318402517,2.095807318402517,False
base__s14__5000K_2.0gcc,14,1.92,inf,1.0297936566375814,-1,0.7409781270155148,1.776635587790992,1.776635587790992,False
base__s14__5000K_2.0gcc,14,1.96,inf,1.0474954301704618,-1,0.6622662043206671,1.184780814375858,1.184780814375858,False
base__s14__5000K_2.0gcc,14,2.0,inf,1.0199245627383433,-1,0.688139940402554,1.0571238513142682,1.0571238513142682,False
base__s14__5000K_2.0gcc,14,2.04,inf,1.0259757852020674,-1,0.6160751153565943,0.9549789120733237,0.9549789120733237,False
base__s14__5000K_2.0gcc,14,2.08,inf,1.039361313428107,-1,0.7699431095362637,0.8461175245647299,0.8443998823456129,False
base__s14__5000K_2.0gcc,14,2.12,inf,1.0088094396822416,-1,0.68020029544446,4.836927850343668,4.836927850343668,False
base__s14__5000K_2.0gcc,14,2.16,inf,1.0491300804518946,-1,0.7560761732423978,1.2775010777435092,1.2775010777435092,False
base__s14__5000K_2.0gcc,14,2.2,inf,1.021006575350521,-1,0.7374180886401863,0.8126580136676322,0.8126580136676322,False
base__s14__5000K_2.0gcc,14,2.24,inf,1.0470314237743774,-1,0.6837449238326954,0.9469614030007307,0.9469614030007307,False
base__s14__5000K_2.0gcc,14,2.28,inf,1.0119239888252478,-1,0.7387622898343569,1.0201977624172855,1.0201977624172855,False
base__s14__5000K_2.0gcc,14,2.32,inf,1.005306573351631,-1,0.8476125761568867,1.5234592327084602,1.5234592327084602,False
base__s14__5000K_2.0gcc,14,2.36,inf,1.029644453940291,-1,0.7466637097696036,2.8202298608798184,2.8202298608798184,False
base__s14__5000K_2.0gcc,14,2.4,inf,1.042391608010636,-1,0.7346962802641597,3.804716343941,3.804716343941,False
base__s14__5000K_2.0gcc,14,2.44,inf,1.0113435287640895,-1,0.7094383728529271,1.2403848262651078,1.2403848262651078,False
base__s14__5000K_2.0gcc,14,2.48,inf,1.0002765549456811,-1,0.840261728563032,1.1349136473407393,1.1349136473407393,False
base__s14__5000K_2.0gcc,14,2.52,inf,1.031942174692458,-1,0.6346048665630242,1.065524120242856,1.065524120242856,False
base__s14__5000K_2.0gcc,14,2.56,inf,1.05393846076372,-1,0.6779438365171093,1.2032162622880986,1.2032162622880986,False
base__s14__5000K_2.0gcc,14,2.6,inf,1.0448409208798248,-1,0.6717982945374382,0.8634549530066037,0.8634549530066037,False
base__s14__5000K_2.0gcc,14,2.64,inf,1.0414230084096463,-1,0.7052075735851193,1.310226740313855,1.310226740313855,False
base__s14__5000K_2.0gcc,14,2.68,inf,1.0391274651100315,-1,0.6335889251310337,0.9775148044856193,0.9775148044856193,False
base__s14__5000K_2.0gcc,14,2.72,inf,1.0064270935114976,-1,0.6488923261953518,1.3691537942132812,1.3691537942132812,False
base__s14__5000K_2.0gcc,14,2.76,inf,1.0096060495688404,-1,0.7975601316969743,1.3351221446311632,1.3351221446311632,False
base__s14__5000K_2.0gcc,14,2.8000000000000003,inf,1.0103917343629645,-1,0.7133233409556288,1.1490687632461427,1.1490687632461427,False
base__s14__5000K_2.0gcc,14,2.84,inf,1.0059485537645556,-1,0.9742369888403136,1.883070840707973,1.883070840707973,False
base__s14__5000K_2.0gcc,14,2.88,inf,1.0504906067362043,-1,0.6882816493516319,1.7007288459016785,1.7007288459016785,False
base__s14__5000K_2.0gcc,14,2.92,inf,1.019766773731131,-1,0.6820688047263912,1.285533199165963,1.285533199165963,False
base__s14__5000K_2.0gcc,14,2.96,inf,1.0119396703583667,-1,0.8283494804624614,1.0068668495118729,1.0068668495118729,False
base__s14__5000K_2.0gcc,14,3.0,inf,0.9995822809243864,-1,0.7437125708099154,1.183008165780551,1.183008165780551,False
base__s14__5000K_2.0gcc,14,3.04,inf,0.9982700707113292,-1,0.8529303363196942,1.712386404950052,1.712386404950052,False
base__s14__5000K_2.0gcc,14,3.08,inf,1.0267190841885625,-1,0.6479971429953391,1.3607883231891864,1.3607883231891864,False
base__s14__5000K_2.0gcc,14,3.12,inf,1.0555627568178971,-1,0.5835025370870494,2.1123127460521265,2.1123127460521265,False
base__s14__5000K_2.0gcc,14,3.16,inf,1.0338643128152745,-1,0.74943187415032,1.8122570881784157,1.8122570881784157,False
base__s14__5000K_2.0gcc,14,3.2,inf,1.0338072497390414,-1,0.6893552788667299,1.525516673421357,1.525516673421357,False
base__s14__5000K_2.0gcc,14,3.24,inf,0.9815804025391904,-1,0.9539207487627138,3.513400169785038,3.513400169785038,False
base__s14__5000K_2.0gcc,14,3.28,inf,1.0216435035632534,-1,0.6901446407068439,1.7816281437211667,1.7816281437211667,False
base__s14__5000K_2.0gcc,14,3.3200000000000003,inf,1.061484649900318,-1,0.7088693665056733,1.314008516460517,1.314008516460517,False
base__s14__5000K_2.0gcc,14,3.36,inf,1.0553518793070873,-1,0.8222778029764168,2.347435996945752,2.347435996945752,False
base__s14__5000K_2.0gcc,14,3.4,inf,1.0244749275423974,-1,0.763073320903638,1.0665069940348069,1.0665069940348069,False
base__s14__5000K_2.0gcc,14,3.44,inf,1.0246399757714904,-1,0.695272746050932,1.0769273831533326,1.0769273831533326,False
base__s14__5000K_2.0gcc,14,3.48,inf,1.0473559110755994,-1,0.6971010258532581,1.349416388305157,1.349416388305157,False
base__s14__5000K_2.0gcc,14,3.52,inf,1.0474114762561089,-1,0.6195250740047821,1.295659366709232,1.295659366709232,False
base__s14__5000K_2.0gcc,14,3.56,inf,1.0267647818010703,-1,0.7516464435991398,1.2284649737229376,1.2284649737229376,False
base__s14__5000K_2.0gcc,14,3.6,inf,1.0398999078132471,-1,0.682649629254577,2.0143423811161574,2.0143423811161574,False
base__s14__5000K_2.0gcc,14,3.64,inf,1.0193939092112525,-1,0.6656474004812869,0.9738802340436244,0.9738802340436244,False
base__s14__5000K_2.0gcc,14,3.68,inf,1.0052334742267588,-1,0.6437836234777254,1.158366246094571,1.158366246094571,False
base__s14__5000K_2.0gcc,14,3.72,inf,1.025523483367886,-1,0.699976245389273,1.0719423784325688,1.0719423784325688,False
base__s14__5000K_2.0gcc,14,3.76,inf,1.028826885284886,-1,0.662231993994898,1.49085879060549,1.49085879060549,False
base__s14__5000K_2.0gcc,14,3.8,inf,1.0597231606542346,-1,0.6540040136002727,2.153212635489939,2.153212635489939,False
base__s14__5000K_2.0gcc,14,3.84,inf,1.0343974180144686,-1,0.8261385549130889,1.2945739793207525,1.2945739793207525,False
base__s14__5000K_2.0gcc,14,3.88,inf,1.0178013700089033,-1,0.7281006560351313,1.1023053815758164,1.1023053815758164,False
base__s14__5000K_2.0gcc,14,3.92,inf,1.0229785921445274,-1,0.672508876645292,1.331760737188533,1.331760737188533,False
base__s14__5000K_2.0gcc,14,3.96,inf,1.0199435311594458,-1,0.8678451802087253,0.9504774789003922,0.9504774789003922,False
base__s14__5000K_2.0gcc,14,4.0,inf,1.066054982524823,-1,0.6306443160807993,1.0060796838911417,1.0060796838911417,False
base__s14__5000K_2.0gcc,14,4.04,inf,1.0113177286357646,-1,0.7018643089477024,1.3872756112059679,1.3872756112059679,False
base__s14__5000K_2.0gcc,14,4.08,inf,0.9981422551400172,-1,0.6747291361024924,1.0079284285549117,1.0079284285549117,False
base__s14__5000K_2.0gcc,14,4.12,inf,0.9754364811672772,-1,1.313211114883931,1.8185180529031542,1.8185180529031542,False
base__s14__5000K_2.0gcc,14,4.16,inf,1.0435460904286882,-1,0.6870852812517905,1.054874487021658,1.054874487021658,False
base__s14__5000K_2.0gcc,14,4.2,inf,1.0322700725149403,-1,0.7533429405603921,1.1350167483970945,1.1350167483970945,False
base__s14__5000K_2.0gcc,14,4.24,inf,1.0320455400848354,-1,0.636522635869952,0.9690557178215803,0.9690557178215803,False
base__s14__5000K_2.0gcc,14,4.28,inf,1.0322998547486089,-1,0.686918725128777,1.2518011300464646,1.2518011300464646,False
base__s14__5000K_2.0gcc,14,4.32,inf,1.0127706361146145,-1,0.7006285696547125,1.528214756202353,1.528214756202353,False
base__s14__5000K_2.0gcc,14,4.36,inf,1.010188711568784,-1,0.682128302377029,1.4537511069771525,1.4537511069771525,False
base__s14__5000K_2.0gcc,14,4.4,inf,1.037142402664649,-1,0.6751306150121792,1.4247794760076649,1.4247794760076649,False
base__s14__5000K_2.0gcc,14,4.44,inf,1.0298340242611912,-1,0.8330936466413726,1.920907262810023,1.920907262810023,False
base__s14__5000K_2.0gcc,14,4.48,inf,1.0000487987483413,-1,0.6771779759370758,0.8778263876265233,0.8778263876265233,False
base__s14__5000K_2.0gcc,14,4.5200000000000005,inf,0.9706249009318684,-1,1.033896808985946,1.613827573904904,1.613827573904904,False
base__s14__5000K_2.0gcc,14,4.5600000000000005,inf,1.0670861845394677,-1,0.6455226259365715,2.233779782880203,2.233779782880203,False
base__s14__5000K_2.0gcc,14,4.6000000000000005,inf,1.0049264093783183,-1,0.7128804761076459,1.691700045365332,1.691700045365332,False
base__s14__5000K_2.0gcc,14,4.64,inf,1.022298086343215,-1,0.6535857170246904,1.1093885955809597,1.1093885955809597,False
base__s14__5000K_2.0gcc,14,4.68,inf,0.985213028600414,-1,0.7805370165000044,1.5799109350394334,1.5799109350394334,False
base__s14__5000K_2.0gcc,14,4.72,inf,1.0513220899334323,-1,0.6386378189784052,0.974680258632385,0.974680258632385,False
base__s14__5000K_2.0gcc,14,4.76,inf,1.0278348112401134,-1,0.7421373899156055,3.4304747488786114,3.4304747488786114,False
base__s14__5000K_2.0gcc,14,4.8,inf,0.9804009759710562,-1,0.7076617812973545,3.666908643715028,3.666908643715028,False
base__s14__5000K_2.0gcc,14,4.84,inf,1.0512149093586909,-1,0.716406454173808,0.9501243019300315,0.9501243019300315,False
base__s14__5000K_2.0gcc,14,4.88,inf,1.039903695126621,-1,0.6443963964068569,1.1093274673246731,1.1093274673246731,False
base__s14__5000K_2.0gcc,14,4.92,inf,1.0545035719564924,-1,0.6526647460136176,0.8253486469239892,0.8253486469239892,False
base__s14__5000K_2.0gcc,14,4.96,inf,1.0166127297520924,-1,0.6296044158321205,0.9806923422872031,0.9806923422872031,False
base__s14__5000K_2.0gcc,14,5.0,inf,1.0179333289435022,-1,0.69449937792032,1.2771437337266878,1.2771437337266878,False
base__s14__5000K_2.0gcc,14,5.04,inf,0.985600988606444,-1,0.8200116330084486,1.0012510942520396,1.0012510942520396,False
base__s14__5000K_2.0gcc,14,5.08,inf,1.004204797929685,-1,0.6413441992557023,1.4633299233106791,1.4633299233106791,False
base__s14__5000K_2.0gcc,14,5.12,inf,1.0085454286253048,-1,0.7849445751809163,1.1460302213311384,1.1460302213311384,False
base__s14__5000K_2.0gcc,14,5.16,inf,1.0074977028703336,-1,0.7287171465471574,1.4770584034585341,1.4770584034585341,False
base__s14__5000K_2.0gcc,14,5.2,inf,1.0207635136117477,-1,0.7960541788746534,1.2460221188143499,1.2460221188143499,False
base__s14__5000K_2.0gcc,14,5.24,inf,1.0703603994192792,-1,0.6633251602237819,1.0960770918567788,1.0960770918567788,False
base__s14__5000K_2.0gcc,14,5.28,inf,1.0037137600337058,-1,0.7024172907616425,1.11307597519184,1.11307597519184,False
base__s14__5000K_2.0gcc,14,5.32,inf,1.0311813442639464,-1,0.6315564325460057,1.2340726652374745,1.2340726652374745,False
base__s14__5000K_2.0gcc,14,5.36,inf,1.0217606190145516,-1,0.8310853762294326,1.4302599534244587,1.4302599534244587,False
base__s14__5000K_2.0gcc,14,5.4,inf,1.045122135493742,-1,0.6746351232536175,1.6996425988411776,1.6996425988411776,False
base__s14__5000K_2.0gcc,14,5.44,inf,1.0286983653335902,-1,0.7508077452553232,1.333899278224398,1.333899278224398,False
base__s14__5000K_2.0gcc,14,5.48,inf,1.029786917023129,-1,0.6984992546662662,1.890145723296347,1.890145723296347,False
base__s14__5000K_2.0gcc,14,5.5200000000000005,inf,1.0253611398595133,-1,0.6993643040892432,0.8475765469022101,0.8475765469022101,False
base__s14__5000K_2.0gcc,14,5.5600000000000005,inf,1.0226885561176482,-1,0.680081680707425,1.0149946806679686,1.0149946806679686,False
base__s14__5000K_2.0gcc,14,5.6000000000000005,inf,1.0505451960072925,-1,0.7574067216933995,1.0223635512515121,1.0223635512515121,False
base__s14__5000K_2.0gcc,14,5.64,inf,1.0120457833107157,-1,0.6382522403080289,0.810910595999901,0.810910595999901,False
base__s14__5000K_2.0gcc,14,5.68,inf,0.9753661449025184,-1,0.8173470193085068,2.37014449233863,2.37014449233863,False
base__s14__5000K_2.0gcc,14,5.72,inf,0.9866898524582086,-1,0.9249452910494517,1.1995769155435456,0.9897989356512037,False
base__s14__5000K_2.0gcc,14,5.76,inf,1.0140112122915603,-1,0.6690902387085239,1.143151266822605,1.143151266822605,False
base__s14__5000K_2.0gcc,14,5.8,inf,1.0408939757083813,-1,0.7411459003359836,1.2028737623852463,1.2028737623852463,False
base__s14__5000K_2.0gcc,14,5.84,inf,1.0381293720216187,-1,0.6668281603207414,1.3696243635504377,1.3696243635504377,False
base__s14__5000K_2.0gcc,14,5.88,inf,1.0279209405372574,-1,0.7795250037691451,0.9955693758584833,0.9955693758584833,False
base__s14__5000K_2.0gcc,14,5.92,inf,1.0069992932360972,-1,0.8106710713256735,2.433868141280284,2.433868141280284,False
base__s14__5000K_2.0gcc,14,5.96,inf,1.0509895119600388,-1,0.6582090897425076,0.7725183592359145,0.6944044786692919,False
base__s14__5000K_2.0gcc,14,6.0,inf,1.026915296685175,-1,0.6785945511696261,1.7153747551129517,1.7153747551129517,False
base__s14__5000K_2.0gcc,14,6.04,inf,0.967583962518499,-1,0.9300825617616318,1.000726419600518,0.9838150110607689,False
base__s14__5000K_2.0gcc,14,6.08,inf,0.9903461047462144,-1,0.6679897946283956,1.074761140288611,1.074761140288611,False
base__s14__5000K_2.0gcc,14,6.12,inf,1.038471326638342,-1,0.6618310661897803,1.0934962735803182,1.0934962735803182,False
base__s14__5000K_2.0gcc,14,6.16,inf,1.0253129864899793,-1,0.6398100086248395,0.9060832796373932,0.9060832796373932,False
base__s14__5000K_2.0gcc,14,6.2,inf,1.0355210367138843,-1,0.6366789416012774,4.195237072835832,4.195237072835832,False
base__s14__5000K_2.0gcc,14,6.24,inf,1.0245009172807016,-1,0.7546959246381674,0.9499059857467753,0.9499059857467753,False
base__s14__5000K_2.0gcc,14,6.28,inf,1.0178960179679457,-1,0.816745065877196,6.584677136063095,6.584677136063095,False
base__s14__5000K_2.0gcc,14,6.32,inf,0.9818261030233412,-1,0.8318929499237064,1.160327181422756,1.160327181422756,False
base__s14__5000K_2.0gcc,14,6.36,inf,1.0069042058651858,-1,0.7016013550061346,1.1920638303267723,1.1920638303267723,False
base__s14__5000K_2.0gcc,14,6.4,inf,1.042581507210827,-1,0.6776694444380782,1.1227882548812653,1.1227882548812653,False
base__s14__5000K_2.0gcc,14,6.44,inf,1.011613488785613,-1,0.7344784905599955,1.3674050502386863,1.3674050502386863,False
base__s14__5000K_2.0gcc,14,6.48,inf,1.0226025395890626,-1,0.8401204560661698,1.5130575321969673,1.5130575321969673,False
base__s14__5000K_2.0gcc,14,6.5200000000000005,inf,1.0615731531185215,-1,0.6908523226728877,3.065276048199337,3.065276048199337,False
base__s14__5000K_2.0gcc,14,6.5600000000000005,inf,1.0048137278943794,-1,0.8130882456308542,5.139157996184408,5.139157996184408,False
base__s14__5000K_2.0gcc,14,6.6000000000000005,inf,1.0323510197452226,-1,0.7225204923235623,1.2318853070246116,1.2318853070246116,False
base__s14__5000K_2.0gcc,14,6.640000000000001,inf,1.0230472892398472,-1,0.6715281287729514,2.2549163757926927,2.2549163757926927,False
base__s14__5000K_2.0gcc,14,6.68,inf,1.022098966524279,-1,0.7788068005945324,0.9757519915869629,0.9757519915869629,False
base__s14__5000K_2.0gcc,14,6.72,inf,1.018952088661189,-1,0.7011851334084822,1.0816026059932267,1.0816026059932267,False
base__s14__5000K_2.0gcc,14,6.76,inf,1.0469301252194432,-1,0.7229828067890443,1.061589042010101,1.061589042010101,False
base__s14__5000K_2.0gcc,14,6.8,inf,1.0195318492617087,-1,0.6391389826850056,0.9317391981363418,0.9317391981363418,False
base__s14__5000K_2.0gcc,14,6.84,inf,1.0140550002637925,-1,0.6032005610361276,0.9300017249863736,0.9300017249863736,False
base__s14__5000K_2.0gcc,14,6.88,inf,1.0006583185808224,-1,0.7447852027118868,0.8647935300826459,0.7762263416576065,False
base__s14__5000K_2.0gcc,14,6.92,inf,0.9836309276151284,-1,0.7991077432188161,2.559668510011785,2.559668510011785,False
base__s14__5000K_2.0gcc,14,6.96,inf,1.039571072152838,-1,0.6009775114286244,1.0362291207394185,1.0362291207394185,False
base__s14__5000K_2.0gcc,14,7.0,inf,1.049618566448308,-1,0.6226681762159897,0.8234655540896579,0.8234655540896579,False
base__s14__5000K_2.0gcc,14,7.04,inf,1.0106366162617495,-1,0.6490273211738616,0.9171854439435656,0.9171854439435656,False
base__s14__5000K_2.0gcc,14,7.08,inf,1.0464302929775111,-1,0.6584528946703897,1.113521123383442,1.113521123383442,False
base__s14__5000K_2.0gcc,14,7.12,inf,1.0671059510910808,-1,0.6420391987492284,0.7166784179829077,0.6881420067079107,False
base__s14__5000K_2.0gcc,14,7.16,inf,1.0157564032581827,-1,0.8017461106938477,1.0133271618631627,1.0133271618631627,False
base__s14__5000K_2.0gcc,14,7.2,inf,1.0437712108182522,-1,0.7075661212387278,1.1917614250749922,1.1917614250749922,False
base__s14__5000K_2.0gcc,14,7.24,inf,1.011420329721526,-1,0.770956216363347,1.1471703181788524,1.1471703181788524,False
base__s14__5000K_2.0gcc,14,7.28,inf,1.0369653139555826,-1,0.5880716707995493,0.9108813908818421,0.9108813908818421,False
base__s14__5000K_2.0gcc,14,7.32,inf,1.0451605326470186,-1,0.7343113278731732,1.7558255857435647,1.7558255857435647,False
base__s14__5000K_2.0gcc,14,7.36,inf,1.013972418886234,-1,0.8582273681157433,1.103046556523513,1.103046556523513,False
base__s14__5000K_2.0gcc,14,7.4,inf,1.0282933602163349,-1,0.704775368341993,1.0959540502440372,1.0959540502440372,False
base__s14__5000K_2.0gcc,14,7.44,inf,0.9814574582797764,-1,0.7725816474545821,1.3390086606263087,1.3390086606263087,False
base__s14__5000K_2.0gcc,14,7.48,inf,0.9710831750952132,-1,0.9033749333857614,0.9784707247816332,0.9784707247816332,False
base__s14__5000K_2.0gcc,14,7.52,inf,1.022553339829762,-1,0.677242008940506,1.3572282129154423,1.3572282129154423,False
base__s14__5000K_2.0gcc,14,7.56,inf,1.0239376690678,-1,0.636623691927815,0.9449857590672325,0.9449857590672325,False
base__s14__5000K_2.0gcc,14,7.6,inf,1.0134556730286728,-1,0.6579504293571666,1.1280847238524399,1.1280847238524399,False
base__s14__5000K_2.0gcc,14,7.640000000000001,inf,0.976210209170648,-1,1.7620999439898557,7.268287278057626,7.268287278057626,False
base__s14__5000K_2.0gcc,14,7.68,inf,1.0157341308423185,-1,0.802458845415754,1.6241280384358145,1.6241280384358145,False
base__s14__5000K_2.0gcc,14,7.72,inf,1.012957766452284,-1,0.6235877984883113,1.4121236442521194,1.4121236442521194,False
base__s14__5000K_2.0gcc,14,7.76,inf,0.999905500036378,-1,0.9575344634654123,1.2205228155407586,0.894033391987899,False
base__s14__5000K_2.0gcc,14,7.8,inf,1.019410119259663,-1,0.8134485152109814,1.1513615879876422,1.1513615879876422,False
base__s14__5000K_2.0gcc,14,7.84,inf,1.0190854651946513,-1,0.6473340299974948,1.0902314283544292,1.0902314283544292,False
base__s14__5000K_2.0gcc,14,7.88,inf,1.0190770119465953,-1,0.6468220329011793,1.0636763447644317,1.0636763447644317,False
base__s14__5000K_2.0gcc,14,7.92,inf,1.02015339601307,-1,0.645344721573588,1.0142102435498193,1.0142102435498193,False
base__s14__5000K_2.0gcc,14,7.96,inf,1.0180577529379164,-1,0.7005526055735265,1.1822255336533154,1.1822255336533154,False
base__s14__5000K_2.0gcc,14,8.0,inf,1.0073474043968151,-1,0.6643498673079873,1.1813483492040118,1.1813483492040118,False
base__s14__5000K_2.0gcc,14,8.040000000000001,inf,1.0421584291910704,-1,1.0157769825990821,1.89730354268618,1.89730354268618,False
base__s14__5000K_2.0gcc,14,8.08,inf,1.0330954820567164,-1,0.7590188116441443,1.704947845690517,1.704947845690517,False
base__s14__5000K_2.0gcc,14,8.120000000000001,inf,1.0552768854741394,-1,0.7830887640177339,2.586562817833165,2.586562817833165,False
base__s14__5000K_2.0gcc,14,8.16,inf,1.055561905074733,-1,0.7743971505748987,1.3521128760479324,1.3521128760479324,False
base__s14__5000K_2.0gcc,14,8.2,inf,0.9757030372941348,-1,1.0242629758537536,2.4895743507811496,2.4895743507811496,False
base__s14__5000K_2.0gcc,14,8.24,inf,1.013194450179728,-1,0.777832190212122,1.2535337783750127,1.2535337783750127,False
base__s14__5000K_2.0gcc,14,8.28,inf,1.0230445292454298,-1,0.6997400715405895,2.3115653662531352,2.3115653662531352,False
base__s14__5000K_2.0gcc,14,8.32,inf,1.0293759013203096,-1,0.7003284983173749,5.185165419190466,5.185165419190466,False
base__s14__5000K_2.0gcc,14,8.36,inf,1.0168049830375545,-1,0.7873400352949597,2.0230486075852454,2.0230486075852454,False
base__s14__5000K_2.0gcc,14,8.4,inf,1.0537624600354674,-1,0.6585398888119547,1.0031965891841976,1.0031965891841976,False
base__s14__5000K_2.0gcc,14,8.44,inf,1.0189632352116538,-1,0.6753657650311444,0.9951547155932452,0.9951547155932452,False
base__s14__5000K_2.0gcc,14,8.48,inf,1.0182562864515006,-1,0.7249960959517656,1.0172588861081096,1.0172588861081096,False
base__s14__5000K_2.0gcc,14,8.52,inf,1.029516160903266,-1,0.6902219909169736,1.1091217766819788,1.1091217766819788,False
base__s14__5000K_2.0gcc,14,8.56,inf,1.0454083500761795,-1,0.7672041535818239,3.1238345614844913,3.1238345614844913,False
base__s14__5000K_2.0gcc,14,8.6,inf,1.0616390052677995,-1,0.6874627437968721,8.341666113187362,8.341666113187362,False
base__s14__5000K_2.0gcc,14,8.64,inf,1.0101586333452786,-1,0.7313323564349525,1.6809793732705014,1.6809793732705014,False
base__s14__5000K_2.0gcc,14,8.68,inf,1.046010332253941,-1,0.6925494367240997,0.839561331524371,0.839561331524371,False
base__s14__5000K_2.0gcc,14,8.72,inf,1.0262056101512993,-1,0.6912296523156906,1.0659712343704624,1.0659712343704624,False
base__s14__5000K_2.0gcc,14,8.76,inf,1.0447360509722063,-1,0.7482983583506131,1.5349222956647826,1.5349222956647826,False
base__s14__5000K_2.0gcc,14,8.8,inf,1.03130050361958,-1,0.6526169087505241,6.500781572831632,6.500781572831632,False
base__s14__5000K_2.0gcc,14,8.84,inf,1.0584107157337364,-1,0.7727816362828291,1.3079361565574805,1.3079361565574805,False
base__s14__5000K_2.0gcc,14,8.88,inf,1.037213409913793,-1,0.6945125702184862,7.00681380023766,7.00681380023766,False
base__s14__5000K_2.0gcc,14,8.92,inf,1.0229238283909512,-1,0.6978819794092357,2.1803370910312414,2.1803370910312414,False
base__s14__5000K_2.0gcc,14,8.96,inf,1.0273957996492875,-1,0.7769547361651394,1.9698234006732664,1.9698234006732664,False
base__s14__5000K_2.0gcc,14,9.0,inf,1.0200105316010224,-1,0.6809993143916532,1.004646760039003,1.004646760039003,False
base__s14__5000K_2.0gcc,14,9.04,inf,1.02209457645758,-1,0.807101645154469,1.2236977217918745,1.2236977217918745,False
base__s14__5000K_2.0gcc,14,9.08,inf,1.0125156429611344,-1,0.7622475206526614,1.1691853965759045,1.1691853965759045,False
base__s14__5000K_2.0gcc,14,9.12,inf,0.992287430375897,-1,0.7285177844974322,1.7835500940722422,1.7835500940722422,False
base__s14__5000K_2.0gcc,14,9.16,inf,1.0389862647263433,-1,0.6714446741064408,1.1464034025198235,1.1464034025198235,False
base__s14__5000K_2.0gcc,14,9.2,inf,0.9702989328779044,-1,1.6917132963801031,3.629760601989284,3.629760601989284,False
base__s14__5000K_2.0gcc,14,9.24,inf,1.0158598894537572,-1,0.6900373815303921,3.084568007900754,3.084568007900754,False
base__s14__5000K_2.0gcc,14,9.28,inf,1.018883255121018,-1,0.7093026139910439,1.204815618916782,1.204815618916782,False
base__s14__5000K_2.0gcc,14,9.32,inf,1.0320602657800564,-1,0.7193748480771542,1.0035070621060398,1.0035070621060398,False
base__s14__5000K_2.0gcc,14,9.36,inf,0.9945084636195916,-1,0.788413440722867,1.8638458924188057,1.8638458924188057,False
base__s14__5000K_2.0gcc,14,9.4,inf,1.0124631368395594,-1,0.6463051079044184,1.7475191520119886,1.7475191520119886,False
base__s14__5000K_2.0gcc,14,9.44,inf,1.0349419550197008,-1,0.6134173677637402,1.2302738948521306,1.2302738948521306,False
base__s14__5000K_2.0gcc,14,9.48,inf,1.020410868235438,-1,0.9389309694757528,1.0922187863630164,1.0585634894035274,False
base__s14__5000K_2.0gcc,14,9.52,inf,1.0035247460282184,-1,0.6781306553416121,1.499922260936188,1.499922260936188,False
base__s14__5000K_2.0gcc,14,9.56,inf,1.0079714824983887,-1,1.0143039958050497,10.16035541980437,10.16035541980437,False
base__s14__5000K_2.0gcc,14,9.6,inf,1.0067141094302792,-1,0.6632446892744611,1.5088190696562669,1.5088190696562669,False
base__s14__5000K_2.0gcc,14,9.64,inf,1.052268240203989,-1,0.6468132841202865,0.9869352838987918,0.9869352838987918,False
base__s14__5000K_2.0gcc,14,9.68,inf,1.0583074676997226,-1,0.7369389213446985,1.153866200538135,1.153866200538135,False
base__s14__5000K_2.0gcc,14,9.72,inf,1.046432176486369,-1,0.7342977091550416,0.9278002736492738,0.9278002736492738,False
base__s14__5000K_2.0gcc,14,9.76,inf,1.0201694094198277,-1,0.6891167556362923,2.010786123424359,2.010786123424359,False
base__s14__5000K_2.0gcc,14,9.8,inf,1.0412808930106223,-1,0.708174012065554,1.0305506466966938,1.0305506466966938,False
base__s14__5000K_2.0gcc,14,9.84,inf,1.0042222363366582,-1,0.6903422263399651,1.2632501843164956,1.2632501843164956,False
base__s14__5000K_2.0gcc,14,9.88,inf,1.0616686982448902,-1,0.6594174665004428,6.822303958974848,6.822303958974848,False
base__s14__5000K_2.0gcc,14,9.92,inf,1.0460937126022694,-1,0.6951061908180003,1.070447616250314,1.070447616250314,False
base__s14__5000K_2.0gcc,14,9.96,inf,1.0398007975593209,-1,0.6582189714897243,2.6305531746115536,2.6305531746115536,False
base__s14__5000K_2.0gcc,14,10.0,inf,1.0134578487164625,-1,0.7795735338382598,2.1685847806877323,2.1685847806877323,False
base__s15__5000K_2.0gcc,15,0.0,inf,1.0310702502254634,-1,0.8928044464759279,1.0000000000000064,1.0000000000000064,False
base__s15__5000K_2.0gcc,15,0.04,inf,1.0044103533874986,-1,0.7096077272168737,0.9030564012428186,0.9030564012428186,False
base__s15__5000K_2.0gcc,15,0.08,inf,1.0197307607491304,-1,0.6463994194892327,1.081193377895972,1.081193377895972,False
base__s15__5000K_2.0gcc,15,0.12,inf,1.0318203543345132,-1,0.7735950762332228,1.0794412174688313,1.0794412174688313,False
base__s15__5000K_2.0gcc,15,0.16,inf,1.0586588716673562,-1,0.6992243666208472,0.999546402180792,0.999546402180792,False
base__s15__5000K_2.0gcc,15,0.2,inf,1.0406626369602208,-1,0.7160697727900273,0.975949579413475,0.975949579413475,False
base__s15__5000K_2.0gcc,15,0.24,inf,1.0558000011986175,-1,0.7530174075187395,0.9751619719287865,0.9751619719287865,False
base__s15__5000K_2.0gcc,15,0.28,inf,1.00567466034399,-1,0.6994657377155371,0.898158959709842,0.898158959709842,False
base__s15__5000K_2.0gcc,15,0.32,inf,1.0477899449765684,-1,0.6429668122798253,0.8258840234177234,0.7805578629869752,False
base__s15__5000K_2.0gcc,15,0.36,inf,1.028552951767676,-1,0.7153907763003883,1.7715150629585104,1.7715150629585104,False
base__s15__5000K_2.0gcc,15,0.4,inf,1.0302823317882337,-1,0.7033035277637282,1.2856320621391242,1.2856320621391242,False
base__s15__5000K_2.0gcc,15,0.44,inf,0.9977486286700676,-1,0.845874615458231,1.2399590291660954,1.2399590291660954,False
base__s15__5000K_2.0gcc,15,0.48,inf,0.9952299582634156,-1,0.6692808242817533,1.933228544917668,1.933228544917668,False
base__s15__5000K_2.0gcc,15,0.52,inf,1.0381261769139625,-1,0.6702681956862463,0.7866986977962239,0.7866986977962239,False
base__s15__5000K_2.0gcc,15,0.56,inf,1.011666918858672,-1,0.7354228320718919,0.9479036999255308,0.9275626782420565,False
base__s15__5000K_2.0gcc,15,0.6,inf,1.017399256589565,-1,0.7893271781386612,1.1250292183769903,1.1250292183769903,False
base__s15__5000K_2.0gcc,15,0.64,inf,1.022369078501497,-1,0.6585340455873439,0.8297070404562336,0.8297070404562336,False
base__s15__5000K_2.0gcc,15,0.68,inf,0.9884422996659944,-1,0.78221956493423,0.9585482469283251,0.9585482469283251,False
base__s15__5000K_2.0gcc,15,0.72,inf,1.0401542221742888,-1,0.6190540486095084,2.058266421261565,2.058266421261565,False
base__s15__5000K_2.0gcc,15,0.76,inf,0.99885503890905,-1,0.7190129297159665,1.1916426385770928,1.1916426385770928,False
base__s15__5000K_2.0gcc,15,0.8,inf,1.036096720136204,-1,0.7291525521016856,1.3215452432852601,1.3215452432852601,False
base__s15__5000K_2.0gcc,15,0.84,inf,1.0665665549458228,-1,0.6288242471052087,1.2268433242162462,1.2268433242162462,False
base__s15__5000K_2.0gcc,15,0.88,inf,1.038034452292408,-1,0.6479546728684183,1.8370631481789608,1.8370631481789608,False
base__s15__5000K_2.0gcc,15,0.92,inf,1.0282410419804304,-1,0.6689886323444055,1.3532468033749454,1.3532468033749454,False
base__s15__5000K_2.0gcc,15,0.96,inf,1.032649215824037,-1,0.6202125438475995,1.6031964461063897,1.6031964461063897,False
base__s15__5000K_2.0gcc,15,1.0,inf,1.010558523827789,-1,0.6287137784412362,1.3169062622853307,1.3169062622853307,False
base__s15__5000K_2.0gcc,15,1.04,inf,1.0534572039703365,-1,0.6555284980926015,0.9851254502981103,0.9851254502981103,False
base__s15__5000K_2.0gcc,15,1.08,inf,1.0424378802777652,-1,0.8496687743058375,1.0855339193550715,1.0855339193550715,False
base__s15__5000K_2.0gcc,15,1.12,inf,1.0149199714755834,-1,0.8101491855412777,1.5747220219264249,1.5747220219264249,False
base__s15__5000K_2.0gcc,15,1.16,inf,1.0092980026825578,-1,0.6918239307030267,1.2937118666856648,1.2937118666856648,False
base__s15__5000K_2.0gcc,15,1.2,inf,1.0173341865291858,-1,0.638392460458442,1.1152412405787193,1.1152412405787193,False
base__s15__5000K_2.0gcc,15,1.24,inf,1.030945743812932,-1,0.7776237589807529,1.4232655077814749,1.4232655077814749,False
base__s15__5000K_2.0gcc,15,1.28,inf,1.003728897927125,-1,0.6374566605043603,0.8362473546076072,0.8241078929933707,False
base__s15__5000K_2.0gcc,15,1.32,inf,0.9916556869261628,-1,0.7094312619696479,1.2868238813150803,1.2868238813150803,False
base__s15__5000K_2.0gcc,15,1.36,inf,1.0396416026405435,-1,0.7198320427949415,1.3918681038567442,1.3918681038567442,False
base__s15__5000K_2.0gcc,15,1.4,inf,1.0405606003357042,-1,0.6503481180497441,1.099535937449127,1.099535937449127,False
base__s15__5000K_2.0gcc,15,1.44,inf,1.0231917450453754,-1,0.7975296691004706,0.9455625414768637,0.9455625414768637,False
base__s15__5000K_2.0gcc,15,1.48,inf,1.075938213347309,-1,0.6300594236892568,0.8966948251005654,0.8921491614325936,False
base__s15__5000K_2.0gcc,15,1.52,inf,1.0476284606047126,-1,0.7335501325505086,2.0129826707359717,2.0129826707359717,False
base__s15__5000K_2.0gcc,15,1.56,inf,1.0259863418988575,-1,0.67292083326917,1.2010091360312298,1.2010091360312298,False
base__s15__5000K_2.0gcc,15,1.6,inf,1.0286405780485235,-1,0.6871647499819862,1.2775071820301984,1.2775071820301984,False
base__s15__5000K_2.0gcc,15,1.64,inf,1.0558220608459556,-1,0.6382487540903766,1.0119342352095637,1.0119342352095637,False
base__s15__5000K_2.0gcc,15,1.68,inf,1.033175238468769,-1,0.5905863350381317,1.1548046654689448,1.1548046654689448,False
base__s15__5000K_2.0gcc,15,1.72,inf,1.0062722316123014,-1,0.7630725631614805,0.8706416165144686,0.8706416165144686,False
base__s15__5000K_2.0gcc,15,1.76,inf,1.0170059536020426,-1,0.6793554632903064,1.7114012576006463,1.7114012576006463,False
base__s15__5000K_2.0gcc,15,1.8,inf,0.9799979613825736,-1,0.837695058608303,1.8822632580405343,1.8822632580405343,False
base__s15__5000K_2.0gcc,15,1.84,inf,1.0141130059815813,-1,0.6711241028728141,1.0457148302332695,1.0457148302332695,False
base__s15__5000K_2.0gcc,15,1.88,inf,0.9934671091108151,-1,0.7986312425705119,1.257617731160251,1.257617731160251,False
base__s15__5000K_2.0gcc,15,1.92,inf,1.034936808819263,-1,0.7077241892571091,0.9237697840261412,0.9237697840261412,False
base__s15__5000K_2.0gcc,15,1.96,inf,0.9933991172499604,-1,0.8810130672420555,1.0238539104457671,1.0238539104457671,False
base__s15__5000K_2.0gcc,15,2.0,inf,1.0163540917318146,-1,0.710587989838618,1.3663086408938843,1.3663086408938843,False
base__s15__5000K_2.0gcc,15,2.04,inf,1.0030387761522492,-1,0.8320458243209122,1.2409213698076424,1.2409213698076424,False
base__s15__5000K_2.0gcc,15,2.08,inf,0.9972878141700116,-1,0.6522605907405612,0.8593616883545214,0.8593616883545214,False
base__s15__5000K_2.0gcc,15,2.12,inf,1.021296698560707,-1,0.7376890021129306,1.573680079043212,1.573680079043212,False
base__s15__5000K_2.0gcc,15,2.16,inf,0.9966243977793235,-1,0.7975792256757346,4.845554472113672,4.845554472113672,False
base__s15__5000K_2.0gcc,15,2.2,inf,1.018645104952162,-1,0.6848695595017273,0.8175197563115326,0.8175197563115326,False
base__s15__5000K_2.0gcc,15,2.24,inf,1.049837127267368,-1,0.6823420535283755,0.8423253124566396,0.8423253124566396,False
base__s15__5000K_2.0gcc,15,2.28,inf,1.0324337061666478,-1,0.7043986628751454,1.6709688527412208,1.6709688527412208,False
base__s15__5000K_2.0gcc,15,2.32,inf,0.9879262665391584,-1,0.7378552113390392,5.4118936683495615,5.4118936683495615,False
base__s15__5000K_2.0gcc,15,2.36,inf,1.0231778484730791,-1,0.9362718609874225,19.13451098481533,19.13451098481533,False
base__s15__5000K_2.0gcc,15,2.4,inf,0.9907486030361082,-1,0.9254153332990951,1.0806682587030212,1.025036420669963,False
base__s15__5000K_2.0gcc,15,2.44,inf,1.0554927338740896,-1,0.8462272678507373,1.1718750989010494,1.1718750989010494,False
base__s15__5000K_2.0gcc,15,2.48,inf,1.0250017865984429,-1,0.6888731817070806,1.403011507380052,1.403011507380052,False
base__s15__5000K_2.0gcc,15,2.52,inf,1.0387373090873364,-1,0.6763496665277209,0.8842509515854917,0.8842509515854917,False
base__s15__5000K_2.0gcc,15,2.56,inf,1.0380269646030402,-1,0.6994693989190205,1.1247049223722432,1.1247049223722432,False
base__s15__5000K_2.0gcc,15,2.6,inf,1.0483785162554595,-1,0.7463844772660151,1.8513445525077092,1.8513445525077092,False
base__s15__5000K_2.0gcc,15,2.64,inf,1.0463820484325983,-1,0.696839436124432,1.3825350828236864,1.3825350828236864,False
base__s15__5000K_2.0gcc,15,2.68,inf,1.0116853500347829,-1,0.6839575493712498,0.9225969256173385,0.9225969256173385,False
base__s15__5000K_2.0gcc,15,2.72,inf,1.0280918706584554,-1,0.8040486139399061,1.0850522393426931,1.0850522393426931,False
base__s15__5000K_2.0gcc,15,2.76,inf,1.0495941283472388,-1,0.7645240625274431,1.3968957548771699,1.3968957548771699,False
base__s15__5000K_2.0gcc,15,2.8000000000000003,inf,1.0256640201786358,-1,0.6797289145009836,1.0748747329260855,1.0748747329260855,False
base__s15__5000K_2.0gcc,15,2.84,inf,1.0219616721438234,-1,0.7033476832240981,0.9580285695484274,0.9580285695484274,False
base__s15__5000K_2.0gcc,15,2.88,inf,1.0643426153438569,-1,0.670243660990419,0.9033427730691965,0.9033427730691965,False
base__s15__5000K_2.0gcc,15,2.92,inf,1.0469855800692769,-1,0.6580171029741171,1.9852592618665323,1.9852592618665323,False
base__s15__5000K_2.0gcc,15,2.96,inf,1.0146837296049445,-1,0.7038005459557699,1.094251649136196,1.094251649136196,False
base__s15__5000K_2.0gcc,15,3.0,inf,1.0211415927372662,-1,0.7672897743147488,0.8775937052225842,0.8775937052225842,False
base__s15__5000K_2.0gcc,15,3.04,inf,1.0071281810996056,-1,0.8266236285665162,2.9712833191198733,2.9712833191198733,False
base__s15__5000K_2.0gcc,15,3.08,inf,1.0341352263538854,-1,0.7087144133184654,2.6840286090397063,2.6840286090397063,False
base__s15__5000K_2.0gcc,15,3.12,inf,1.020979298096195,-1,0.6422495722675691,1.8002764918197685,1.8002764918197685,False
base__s15__5000K_2.0gcc,15,3.16,inf,0.9902668722369746,-1,0.7186079522084047,1.2228264888095868,1.2228264888095868,False
base__s15__5000K_2.0gcc,15,3.2,inf,1.0276465839290276,-1,0.7980034745460015,1.5472695599388908,1.5472695599388908,False
base__s15__5000K_2.0gcc,15,3.24,inf,1.0153726058595438,-1,0.7163213965027301,0.9428687518038315,0.9428687518038315,False
base__s15__5000K_2.0gcc,15,3.28,inf,1.0438351164230872,-1,0.7332350279490619,1.0104165692145979,1.0104165692145979,False
base__s15__5000K_2.0gcc,15,3.3200000000000003,inf,1.0273411507255032,-1,0.6859915200897283,1.4015671800030602,1.4015671800030602,False
base__s15__5000K_2.0gcc,15,3.36,inf,1.0301697199418156,-1,0.8516487459407737,1.1945989318665835,1.1945989318665835,False
base__s15__5000K_2.0gcc,15,3.4,inf,1.0430565539384715,-1,0.6188593094682389,5.206351147289899,5.206351147289899,False
base__s15__5000K_2.0gcc,15,3.44,inf,1.0040090116871463,-1,0.7440428769813454,0.9742288768779346,0.9742288768779346,False
base__s15__5000K_2.0gcc,15,3.48,inf,0.981044093555942,-1,1.1435804433348085,4.815487579175664,4.815487579175664,False
base__s15__5000K_2.0gcc,15,3.52,inf,1.0160244664347406,-1,0.6223291163774078,0.7852381176678255,0.7852381176678255,False
base__s15__5000K_2.0gcc,15,3.56,inf,1.078378002483823,-1,0.7445785326577516,1.4355852411857124,1.4355852411857124,False
base__s15__5000K_2.0gcc,15,3.6,inf,1.0443882790791932,-1,0.6861671589980215,1.1760467572070026,1.1760467572070026,False
base__s15__5000K_2.0gcc,15,3.64,inf,1.014013604229253,-1,0.6864022149960081,1.4900485870873543,1.4900485870873543,False
base__s15__5000K_2.0gcc,15,3.68,inf,1.0185369959726551,-1,0.631896276922588,1.6853596729494065,1.6853596729494065,False
base__s15__5000K_2.0gcc,15,3.72,inf,1.0041893782325126,-1,0.766852212445962,1.0569343148518402,1.0569343148518402,False
base__s15__5000K_2.0gcc,15,3.76,inf,0.9779884935412076,-1,1.1432940427395537,1.2866073564289011,1.1353765429049087,False
base__s15__5000K_2.0gcc,15,3.8,inf,1.0078000951329589,-1,0.7022174459239088,1.21453935500747,1.21453935500747,False
base__s15__5000K_2.0gcc,15,3.84,inf,1.0296838932220895,-1,0.657106274994105,0.9499780229246533,0.9499780229246533,False
base__s15__5000K_2.0gcc,15,3.88,inf,1.0071572747202897,-1,0.712280565556062,0.9085013236051405,0.9085013236051405,False
base__s15__5000K_2.0gcc,15,3.92,inf,1.0476758186023007,-1,0.7468684854999801,1.734080687379271,1.734080687379271,False
base__s15__5000K_2.0gcc,15,3.96,inf,0.9802816357685162,-1,1.128174251433154,5.476110117618225,5.476110117618225,False
base__s15__5000K_2.0gcc,15,4.0,inf,1.0085976784892976,-1,0.9076381018918207,1.9204985468483629,1.9204985468483629,False
base__s15__5000K_2.0gcc,15,4.04,inf,1.039625878068163,-1,0.6696504531759399,1.449839708960365,1.449839708960365,False
base__s15__5000K_2.0gcc,15,4.08,inf,1.0230476955122865,-1,0.6758961395791029,1.2704828412603018,1.2704828412603018,False
base__s15__5000K_2.0gcc,15,4.12,inf,1.047730647815554,-1,0.7694161285199543,4.190521107246537,4.190521107246537,False
base__s15__5000K_2.0gcc,15,4.16,inf,1.01718955844867,-1,0.9384374588236305,1.0211808341885482,1.0211808341885482,False
base__s15__5000K_2.0gcc,15,4.2,inf,1.0154713133348472,-1,0.6320556134613801,1.0941788454809365,1.0941788454809365,False
base__s15__5000K_2.0gcc,15,4.24,inf,1.005336137751946,-1,0.7284185061618995,1.292028611286921,1.292028611286921,False
base__s15__5000K_2.0gcc,15,4.28,inf,1.029950069999026,-1,0.6597229469392006,1.4291391364431303,1.4291391364431303,False
base__s15__5000K_2.0gcc,15,4.32,inf,1.056583827128733,-1,0.708400512148929,1.0106809297721775,1.0106809297721775,False
base__s15__5000K_2.0gcc,15,4.36,inf,1.0223083108700624,-1,0.724054924986761,1.1058922958586799,1.1058922958586799,False
base__s15__5000K_2.0gcc,15,4.4,inf,1.0410439182868314,-1,0.691463938054308,1.100159960172952,1.100159960172952,False
base__s15__5000K_2.0gcc,15,4.44,inf,1.0549750664067843,-1,0.7397394326490179,2.585816184029808,2.585816184029808,False
base__s15__5000K_2.0gcc,15,4.48,inf,1.0202421319044808,-1,0.6846193140780068,1.6561828629596753,1.6561828629596753,False
base__s15__5000K_2.0gcc,15,4.5200000000000005,inf,1.0345357541395086,-1,0.6793226649497526,1.3602733025632001,1.3602733025632001,False
base__s15__5000K_2.0gcc,15,4.5600000000000005,inf,1.0322504312462168,-1,0.7109360091014783,3.0336718842299506,3.0336718842299506,False
base__s15__5000K_2.0gcc,15,4.6000000000000005,inf,1.0045861116728625,-1,0.7318846606578155,1.3537110807445212,1.3537110807445212,False
base__s15__5000K_2.0gcc,15,4.64,inf,0.9944267281831278,-1,0.7192612804043892,1.107389797749912,1.107389797749912,False
base__s15__5000K_2.0gcc,15,4.68,inf,1.0211351002335582,-1,0.7223703800198057,3.6468179492285224,3.6468179492285224,False
base__s15__5000K_2.0gcc,15,4.72,inf,0.9890311016333104,-1,0.7259563175081765,2.206603207737432,2.206603207737432,False
base__s15__5000K_2.0gcc,15,4.76,inf,0.9793472139486584,-1,0.7375872009339878,1.3461633315906547,1.3461633315906547,False
base__s15__5000K_2.0gcc,15,4.8,inf,1.0543138864783113,-1,0.7055970122413935,6.047002964917711,6.047002964917711,False
base__s15__5000K_2.0gcc,15,4.84,inf,1.0056240559304452,-1,0.6320610888400897,1.0136152573606094,1.0136152573606094,False
base__s15__5000K_2.0gcc,15,4.88,inf,1.0495023139798207,-1,0.792551533154527,1.4841948584848632,1.4841948584848632,False
base__s15__5000K_2.0gcc,15,4.92,inf,1.0017690603697045,-1,0.7831030342729054,1.9197420094885331,1.9197420094885331,False
base__s15__5000K_2.0gcc,15,4.96,inf,0.989108231073324,-1,0.7432016094316285,2.3450237765036817,2.3450237765036817,False
base__s15__5000K_2.0gcc,15,5.0,inf,1.031384992306462,-1,0.7614156770106633,0.9471150902682328,0.7842564740127426,False
base__s15__5000K_2.0gcc,15,5.04,inf,1.0012553206859875,-1,0.6950619745904861,0.9542389913356649,0.9542389913356649,False
base__s15__5000K_2.0gcc,15,5.08,inf,1.0319369959672924,-1,0.6963943826549859,1.4799868872286672,1.4799868872286672,False
base__s15__5000K_2.0gcc,15,5.12,inf,0.977861957425996,-1,0.8748587757806318,1.4345566385697721,1.4345566385697721,False
base__s15__5000K_2.0gcc,15,5.16,inf,0.985714855015384,-1,0.6704544204919336,1.18076230488015,1.18076230488015,False
base__s15__5000K_2.0gcc,15,5.2,inf,0.9915838082799656,-1,0.76916968113958,0.9493347096085859,0.9493347096085859,False
base__s15__5000K_2.0gcc,15,5.24,inf,1.0442837226333657,-1,0.7053390346630601,1.0196655680574085,1.0196655680574085,False
base__s15__5000K_2.0gcc,15,5.28,inf,1.026651765056195,-1,0.6848229930688146,1.392998717230058,1.392998717230058,False
base__s15__5000K_2.0gcc,15,5.32,inf,1.004275869939132,-1,0.6674255065807506,0.9036158390305268,0.8583137231470385,False
base__s15__5000K_2.0gcc,15,5.36,inf,0.9985782589271608,-1,0.8936827771224202,4.4306024720016755,4.4306024720016755,False
base__s15__5000K_2.0gcc,15,5.4,inf,1.039477194117793,-1,0.832256772376647,2.283843714805753,2.283843714805753,False
base__s15__5000K_2.0gcc,15,5.44,inf,1.0232918988797863,-1,0.6766985460393172,1.169434161604695,1.169434161604695,False
base__s15__5000K_2.0gcc,15,5.48,inf,1.0272781279561054,-1,0.676100192878868,1.4266973311773772,1.4266973311773772,False
base__s15__5000K_2.0gcc,15,5.5200000000000005,inf,1.063183577370343,-1,0.7922592052523748,1.608898986848215,1.608898986848215,False
base__s15__5000K_2.0gcc,15,5.5600000000000005,inf,0.9787487695588686,-1,0.6836559407444123,4.0946428544010125,4.0946428544010125,False
base__s15__5000K_2.0gcc,15,5.6000000000000005,inf,1.0227964156668714,-1,0.6611333407205643,1.4649112210483548,1.4649112210483548,False
base__s15__5000K_2.0gcc,15,5.64,inf,1.027676806005176,-1,0.8226610929268302,2.445084306891382,1.5358678098335088,False
base__s15__5000K_2.0gcc,15,5.68,inf,1.0268354579035532,-1,0.6530101173754812,1.3466606037600193,1.3466606037600193,False
base__s15__5000K_2.0gcc,15,5.72,inf,1.051489552993276,-1,0.7064555284649037,1.2998846091657632,1.2998846091657632,False
base__s15__5000K_2.0gcc,15,5.76,inf,1.0412864821330392,-1,0.6901797153089663,1.4225692743231502,1.4225692743231502,False
base__s15__5000K_2.0gcc,15,5.8,inf,1.009362750632794,-1,0.5717344686936199,1.2369366442714642,1.2369366442714642,False
base__s15__5000K_2.0gcc,15,5.84,inf,1.0358413962755106,-1,0.6762165200650063,1.1247983653599611,1.1247983653599611,False
base__s15__5000K_2.0gcc,15,5.88,inf,1.051251237024718,-1,0.7019518540592166,11.96521839361769,11.96521839361769,False
base__s15__5000K_2.0gcc,15,5.92,inf,1.0164299115718702,-1,0.6613227190788212,1.0820569921007945,1.0820569921007945,False
base__s15__5000K_2.0gcc,15,5.96,inf,1.0267680847562417,-1,0.7485651710686034,2.0193917278707088,2.0193917278707088,False
base__s15__5000K_2.0gcc,15,6.0,inf,1.0076703428507765,-1,0.713704191061168,1.0066311075993704,1.0066311075993704,False
base__s15__5000K_2.0gcc,15,6.04,inf,1.0529830336733828,-1,0.5954372033012947,1.0253677064941797,1.0253677064941797,False
base__s15__5000K_2.0gcc,15,6.08,inf,1.0443841704703298,-1,0.67373323791699,0.8060832362467159,0.8060832362467159,False
base__s15__5000K_2.0gcc,15,6.12,inf,1.0195038548956057,-1,0.6702108374910285,1.0358771953248562,1.0358771953248562,False
base__s15__5000K_2.0gcc,15,6.16,inf,1.0593108706484606,-1,0.682755565116483,1.6526540579703202,1.6526540579703202,False
base__s15__5000K_2.0gcc,15,6.2,inf,1.0611242399078435,-1,0.6675063877709722,1.2363098714345906,1.2363098714345906,False
base__s15__5000K_2.0gcc,15,6.24,inf,1.007688044633854,-1,0.6757818383365296,1.0518901084287393,1.0518901084287393,False
base__s15__5000K_2.0gcc,15,6.28,inf,1.0375441417048237,-1,0.8096594927261407,1.727237430538867,1.727237430538867,False
base__s15__5000K_2.0gcc,15,6.32,inf,0.9522122526732154,-1,1.800138095977811,2.247588013355009,1.800138095977811,False
base__s15__5000K_2.0gcc,15,6.36,inf,0.9981154908496312,-1,0.69539936534384,1.6222417069689286,1.6222417069689286,False
base__s15__5000K_2.0gcc,15,6.4,inf,1.0660715005519097,-1,0.6079289903428272,2.344081465836541,2.344081465836541,False
base__s15__5000K_2.0gcc,15,6.44,inf,1.0165371918164134,-1,0.6695166087471838,1.7906334476523724,1.7906334476523724,False
base__s15__5000K_2.0gcc,15,6.48,inf,1.0213293512643211,-1,0.6837587222865024,0.7849834060730773,0.7849834060730773,False
base__s15__5000K_2.0gcc,15,6.5200000000000005,inf,1.0307356120387998,-1,0.6937157720888807,4.738261163548787,4.738261163548787,False
base__s15__5000K_2.0gcc,15,6.5600000000000005,inf,1.0185759987237084,-1,0.6594099132544965,0.9489488040188728,0.9489488040188728,False
base__s15__5000K_2.0gcc,15,6.6000000000000005,inf,1.0138875427999892,-1,0.7806083572077437,3.085989268620984,3.085989268620984,False
base__s15__5000K_2.0gcc,15,6.640000000000001,inf,0.9926462629285416,-1,0.93052797639638,0.9414041977712195,0.9140259879474083,False
base__s15__5000K_2.0gcc,15,6.68,inf,1.0482720453341303,-1,0.7285731230972667,1.0034804060222478,1.0034804060222478,False
base__s15__5000K_2.0gcc,15,6.72,inf,1.0456910321007822,-1,0.606310061208301,1.3038974261441572,1.3038974261441572,False
base__s15__5000K_2.0gcc,15,6.76,inf,1.0194262255690698,-1,0.6814229760165678,1.9753804776522172,1.9753804776522172,False
base__s15__5000K_2.0gcc,15,6.8,inf,1.0392140403463568,-1,0.6601022132714827,0.9711418864561573,0.9711418864561573,False
base__s15__5000K_2.0gcc,15,6.84,inf,1.045601045342343,-1,0.7223841340746678,1.3308828134409207,1.3308828134409207,False
base__s15__5000K_2.0gcc,15,6.88,inf,1.0253246087717784,-1,0.7360411019588666,1.0041759110892579,1.0041759110892579,False
base__s15__5000K_2.0gcc,15,6.92,inf,1.019649014727127,-1,0.6398614655052559,2.864221948533376,2.864221948533376,False
base__s15__5000K_2.0gcc,15,6.96,inf,1.0173294846351402,-1,1.0455598952687217,1.1572335999554775,1.0595593179461138,False
base__s15__5000K_2.0gcc,15,7.0,inf,1.027797155151735,-1,0.7294764743299298,1.3166244194549273,1.3166244194549273,False
base__s15__5000K_2.0gcc,15,7.04,inf,0.9985776106052044,-1,1.1158634303125476,1.2740087960974065,1.1158634303125476,False
base__s15__5000K_2.0gcc,15,7.08,inf,1.0518987447972357,-1,0.7086244257528038,1.5945531106985702,1.5945531106985702,False
base__s15__5000K_2.0gcc,15,7.12,inf,1.0074589970852408,-1,0.6929598913152897,0.9383272057764949,0.9383272057764949,False
base__s15__5000K_2.0gcc,15,7.16,inf,1.0257439097996148,-1,0.7917991956337284,1.1152153393954534,1.1152153393954534,False
base__s15__5000K_2.0gcc,15,7.2,inf,1.0292661363141211,-1,0.8455615920119828,2.6838575300915792,2.6838575300915792,False
base__s15__5000K_2.0gcc,15,7.24,inf,1.0306493254458569,-1,0.6783587295067599,0.9112195157222981,0.9112195157222981,False
base__s15__5000K_2.0gcc,15,7.28,inf,0.9989550129255068,-1,0.7410801350090926,1.6806604293980456,1.6806604293980456,False
base__s15__5000K_2.0gcc,15,7.32,inf,1.0479655433863262,-1,0.786647166264568,1.489470923459233,1.489470923459233,False
base__s15__5000K_2.0gcc,15,7.36,inf,1.0133078844068082,-1,0.6601014220448576,1.0242292958493422,1.0242292958493422,False
base__s15__5000K_2.0gcc,15,7.4,inf,1.0413102710748607,-1,0.7035279829911821,1.105228682293219,1.105228682293219,False
base__s15__5000K_2.0gcc,15,7.44,inf,1.039925490942981,-1,0.6764075281758026,0.794106681063974,0.7413220818902393,False
base__s15__5000K_2.0gcc,15,7.48,inf,1.039159991316544,-1,0.6828017164391765,1.3336395491676878,1.3336395491676878,False
base__s15__5000K_2.0gcc,15,7.52,inf,1.0363060476842736,-1,0.6871990439443791,2.3533667046449813,2.3533667046449813,False
base__s15__5000K_2.0gcc,15,7.56,inf,1.0227179657980008,-1,0.6333174699658641,1.199487191563698,1.199487191563698,False
base__s15__5000K_2.0gcc,15,7.6,inf,0.9963281995718078,-1,0.6930175213269889,2.9720533730677894,2.9720533730677894,False
base__s15__5000K_2.0gcc,15,7.640000000000001,inf,1.0098973562006195,-1,0.8067595945347833,0.9240423060325256,0.9240423060325256,False
base__s15__5000K_2.0gcc,15,7.68,inf,1.0542632521652269,-1,0.7260241794148247,0.9834177372334556,0.9834177372334556,False
base__s15__5000K_2.0gcc,15,7.72,inf,1.015947783483974,-1,0.6325494353149289,1.1179993104240484,1.1179993104240484,False
base__s15__5000K_2.0gcc,15,7.76,inf,1.0273650566288504,-1,0.7194494175100091,1.127669529125154,1.127669529125154,False
base__s15__5000K_2.0gcc,15,7.8,inf,1.0513229003065614,-1,0.7296171943230688,3.049535755130541,3.049535755130541,False
base__s15__5000K_2.0gcc,15,7.84,inf,1.013390619506615,-1,1.0377533025319732,1.2514241087479003,1.2514241087479003,False
base__s15__5000K_2.0gcc,15,7.88,inf,1.0737460199996087,-1,0.7401587509925193,1.1322924457264825,1.1322924457264825,False
base__s15__5000K_2.0gcc,15,7.92,inf,0.9949442073257172,-1,0.756222360748609,2.022304404323818,2.022304404323818,False
base__s15__5000K_2.0gcc,15,7.96,inf,0.9944456575288568,-1,0.8739041150696364,1.6845578074113603,1.6845578074113603,False
base__s15__5000K_2.0gcc,15,8.0,inf,1.0523914261533107,-1,0.6757545197110842,0.9043470647233995,0.9043470647233995,False
base__s15__5000K_2.0gcc,15,8.040000000000001,inf,0.9982293926918804,-1,0.7585852416540174,1.3047505990908275,1.3047505990908275,False
base__s15__5000K_2.0gcc,15,8.08,inf,1.034081210252367,-1,0.7756651924953178,3.6090802622980065,3.6090802622980065,False
base__s15__5000K_2.0gcc,15,8.120000000000001,inf,1.004808717018318,-1,0.6678921665116928,1.180711430569616,1.180711430569616,False
base__s15__5000K_2.0gcc,15,8.16,inf,1.0436877635528743,-1,0.6692743001619613,1.0942437305233332,1.0942437305233332,False
base__s15__5000K_2.0gcc,15,8.2,inf,1.0394918290727448,-1,0.6370147901037777,1.0648783236454191,1.0648783236454191,False
base__s15__5000K_2.0gcc,15,8.24,inf,1.018624752283686,-1,0.750944939337512,1.1612963049498553,1.1612963049498553,False
base__s15__5000K_2.0gcc,15,8.28,inf,1.0104531489035016,-1,0.7099487728398866,1.2239317641551266,1.2239317641551266,False
base__s15__5000K_2.0gcc,15,8.32,inf,1.0279465440590771,-1,0.6631529179657132,1.0711806880432915,1.0711806880432915,False
base__s15__5000K_2.0gcc,15,8.36,inf,0.9804476108864772,-1,0.7407271214173584,1.3472767870078428,1.3472767870078428,False
base__s15__5000K_2.0gcc,15,8.4,inf,1.0356630123133683,-1,0.6408510494600776,2.256675715325168,2.256675715325168,False
base__s15__5000K_2.0gcc,15,8.44,inf,1.0197504252119731,-1,0.6736589500629419,3.1791085044046126,3.1791085044046126,False
base__s15__5000K_2.0gcc,15,8.48,inf,1.0306856614754083,-1,0.5963199117542249,0.9707979338366435,0.9707979338366435,False
base__s15__5000K_2.0gcc,15,8.52,inf,1.0352707519605675,-1,0.7141065982436162,2.9483222295202927,2.9483222295202927,False
base__s15__5000K_2.0gcc,15,8.56,inf,1.0496934179654558,-1,0.7680017324544932,2.828184841623569,2.828184841623569,False
base__s15__5000K_2.0gcc,15,8.6,inf,1.0316090699955092,-1,0.7029784365985526,1.107701289612867,1.107701289612867,False
base__s15__5000K_2.0gcc,15,8.64,inf,0.9905129993442792,-1,0.7380248059800822,1.5205213439562542,1.5205213439562542,False
base__s15__5000K_2.0gcc,15,8.68,inf,1.011676726890561,-1,0.6275367918515989,0.9335225672285452,0.9335225672285452,False
base__s15__5000K_2.0gcc,15,8.72,inf,0.9873022047098848,-1,0.6625450627585902,1.0980603320663949,1.0980603320663949,False
base__s15__5000K_2.0gcc,15,8.76,inf,0.9956371026679348,-1,0.7056701995600834,0.9229289299759811,0.9229289299759811,False
base__s15__5000K_2.0gcc,15,8.8,inf,1.0344185758555382,-1,0.645917369437164,0.8576913783515867,0.8576913783515867,False
base__s15__5000K_2.0gcc,15,8.84,inf,1.0161930379849102,-1,0.6672523427456196,1.015037346500513,1.015037346500513,False
base__s15__5000K_2.0gcc,15,8.88,inf,1.0158074063827258,-1,0.6502914421789683,0.9571518248020727,0.9571518248020727,False
base__s15__5000K_2.0gcc,15,8.92,inf,1.0004839521576552,-1,0.7837629891692691,1.1431117371128992,1.1431117371128992,False
base__s15__5000K_2.0gcc,15,8.96,inf,1.0185314269913324,-1,0.7445231573148556,0.852989389441803,0.8054188506463079,False
base__s15__5000K_2.0gcc,15,9.0,inf,1.0322938092931682,-1,0.6861423026866853,1.1022755316035355,1.1022755316035355,False
base__s15__5000K_2.0gcc,15,9.04,inf,1.036089336471523,-1,0.7449865790515438,1.1842427491097878,1.1842427491097878,False
base__s15__5000K_2.0gcc,15,9.08,inf,0.9948430342249976,-1,0.8051576739844798,0.9476616200840077,0.8073413087595325,False
base__s15__5000K_2.0gcc,15,9.12,inf,1.0344966813658705,-1,0.6869901517873515,0.9594618713979084,0.9594618713979084,False
base__s15__5000K_2.0gcc,15,9.16,inf,1.0616722268803118,-1,0.7114069460972753,1.2871426673478876,1.2871426673478876,False
base__s15__5000K_2.0gcc,15,9.2,inf,1.0057562393413229,-1,0.7167290066272841,0.8986411517388527,0.8986411517388527,False
base__s15__5000K_2.0gcc,15,9.24,inf,1.0065554014509086,-1,0.7309727977495329,1.0617158001539888,1.0617158001539888,False
base__s15__5000K_2.0gcc,15,9.28,inf,1.025011020101248,-1,0.6480953520186515,0.8642923268702678,0.8642923268702678,False
base__s15__5000K_2.0gcc,15,9.32,inf,1.031284386530214,-1,0.8050459930087575,1.2852427295807778,1.2852427295807778,False
base__s15__5000K_2.0gcc,15,9.36,inf,1.037110438461594,-1,0.6616473764998029,1.2371599031572909,1.2371599031572909,False
base__s15__5000K_2.0gcc,15,9.4,inf,0.9908021492775434,-1,0.7823452802050346,6.830689250160338,6.830689250160338,False
base__s15__5000K_2.0gcc,15,9.44,inf,1.040408072404766,-1,0.7465638419594632,0.9463369309192675,0.9463369309192675,False
base__s15__5000K_2.0gcc,15,9.48,inf,1.070400498640579,-1,0.6543514393287764,0.9299203477435448,0.9299203477435448,False
base__s15__5000K_2.0gcc,15,9.52,inf,1.0565554482534265,-1,0.7059669701314596,1.0569683415263005,1.0569683415263005,False
base__s15__5000K_2.0gcc,15,9.56,inf,1.0082597205045924,-1,0.7701463853870142,0.9007403501232811,0.9007403501232811,False
base__s15__5000K_2.0gcc,15,9.6,inf,1.07308454387201,-1,0.6719911846798226,1.448501648231223,1.448501648231223,False
base__s15__5000K_2.0gcc,15,9.64,inf,1.0076074468750218,-1,0.7705607684104646,1.5371293810513482,1.5371293810513482,False
base__s15__5000K_2.0gcc,15,9.68,inf,1.0392338866160018,-1,0.6253720514702168,0.8706481136223972,0.8706481136223972,False
base__s15__5000K_2.0gcc,15,9.72,inf,1.0268957263641716,-1,0.6978852137914516,1.2073757825073348,1.2073757825073348,False
base__s15__5000K_2.0gcc,15,9.76,inf,1.0642011703987173,-1,0.7310612747565199,1.199912133908067,1.199912133908067,False
base__s15__5000K_2.0gcc,15,9.8,inf,1.027589224782452,-1,0.6973145421157891,1.1705828136551253,1.1705828136551253,False
base__s15__5000K_2.0gcc,15,9.84,inf,1.0215416717520631,-1,0.8682372763066969,0.9742897199841589,0.8682372763066969,False
base__s15__5000K_2.0gcc,15,9.88,inf,1.0004084218373013,-1,0.7140706133354574,0.7602288152807993,0.7602288152807993,False
base__s15__5000K_2.0gcc,15,9.92,inf,1.0397142380702502,-1,0.6528420096804326,0.8741841334597803,0.8728220218346795,False
base__s15__5000K_2.0gcc,15,9.96,inf,1.0537593946570532,-1,0.6370530510868909,0.9131015841803002,0.9131015841803002,False
base__s15__5000K_2.0gcc,15,10.0,inf,1.0259709523968013,-1,0.7325443875988208,1.0447558157403012,1.0447558157403012,False
base__s16__5000K_2.0gcc,16,0.0,inf,1.0310702502254634,-1,0.8928044464759279,1.0000000000000064,1.0000000000000064,False
base__s16__5000K_2.0gcc,16,0.04,inf,1.0268225118066905,-1,0.7051771229682829,1.0373027815927731,1.0373027815927731,False
base__s16__5000K_2.0gcc,16,0.08,inf,1.0331251457074304,-1,0.6549282787475379,0.9495416465141968,0.9495416465141968,False
base__s16__5000K_2.0gcc,16,0.12,inf,1.0083348497007334,-1,0.6887321349451181,2.12996108795754,2.12996108795754,False
base__s16__5000K_2.0gcc,16,0.16,inf,1.0334439243945457,-1,0.6031457074969343,1.0277826405444161,1.0277826405444161,False
base__s16__5000K_2.0gcc,16,0.2,inf,0.9662357945610373,-1,1.370162975639182,1.5940660193628977,1.40697271495826,False
base__s16__5000K_2.0gcc,16,0.24,inf,1.0194098931823257,-1,0.7073902774515604,0.9567151901022418,0.9567151901022418,False
base__s16__5000K_2.0gcc,16,0.28,inf,1.0190152112240527,-1,0.6416378611406467,0.968035587547685,0.968035587547685,False
base__s16__5000K_2.0gcc,16,0.32,inf,1.010514793020369,-1,0.6465291036000547,0.986132598295824,0.7854801488662292,False
base__s16__5000K_2.0gcc,16,0.36,inf,1.019211786147511,-1,0.6553807279540598,1.1250151938646855,1.1250151938646855,False
base__s16__5000K_2.0gcc,16,0.4,inf,1.0417228021892393,-1,0.6769586897393967,0.7900982531231716,0.7900982531231716,False
base__s16__5000K_2.0gcc,16,0.44,inf,1.0341506758732015,-1,0.6573371597647576,0.9385224738721331,0.9385224738721331,False
base__s16__5000K_2.0gcc,16,0.48,inf,1.02053873080937,-1,0.6789237273953411,1.0048310125402278,1.0048310125402278,False
base__s16__5000K_2.0gcc,16,0.52,inf,1.0229352551193065,-1,0.7437912204171111,2.094168319408952,2.094168319408952,False
base__s16__5000K_2.0gcc,16,0.56,inf,1.0070877392506574,-1,0.8486516348968973,1.2569458183194802,1.2569458183194802,False
base__s16__5000K_2.0gcc,16,0.6,inf,1.0316045375709626,-1,0.7651547433067448,1.0584645158598913,1.0584645158598913,False
base__s16__5000K_2.0gcc,16,0.64,inf,1.047013299597001,-1,0.659518629980164,1.3049276259535207,1.3049276259535207,False
base__s16__5000K_2.0gcc,16,0.68,inf,1.0139146177168965,-1,0.7080419683350851,1.597685821875955,1.597685821875955,False
base__s16__5000K_2.0gcc,16,0.72,inf,1.0336916413945698,-1,0.7121745369521101,2.239628825707748,2.239628825707748,False
base__s16__5000K_2.0gcc,16,0.76,inf,1.0601566745821107,-1,0.6406808365174641,1.0211094641087026,1.0211094641087026,False
base__s16__5000K_2.0gcc,16,0.8,inf,1.057528684767463,-1,0.6069131522119864,0.825463733681671,0.825463733681671,False
base__s16__5000K_2.0gcc,16,0.84,inf,1.0326309207286986,-1,0.7413284576048843,2.1448056523263697,2.1448056523263697,False
base__s16__5000K_2.0gcc,16,0.88,inf,1.0307665972973707,-1,0.6298372743123651,6.757859024870382,6.757859024870382,False
base__s16__5000K_2.0gcc,16,0.92,inf,1.0725332314842273,-1,0.7290743990947647,1.9297588455413723,1.9297588455413723,False
base__s16__5000K_2.0gcc,16,0.96,inf,1.0127609153057788,-1,0.7826581378840558,1.15794010218999,1.15794010218999,False
base__s16__5000K_2.0gcc,16,1.0,inf,1.0450366416293737,-1,0.7832760295358451,1.099065377430582,1.099065377430582,False
base__s16__5000K_2.0gcc,16,1.04,inf,1.0098055963283228,-1,0.8051228321907151,1.2292942020644286,1.2292942020644286,False
base__s16__5000K_2.0gcc,16,1.08,inf,1.007641361849542,-1,0.7208219049592145,1.3176783660452311,1.3176783660452311,False
base__s16__5000K_2.0gcc,16,1.12,inf,1.0222587076102605,-1,0.6635974377914915,2.2944837357210615,2.2944837357210615,False
base__s16__5000K_2.0gcc,16,1.16,inf,1.0187978783895262,-1,0.6818733375686554,1.2166541936168453,1.2166541936168453,False
base__s16__5000K_2.0gcc,16,1.2,inf,1.013309081610838,-1,0.6350066134569536,1.1849394869747778,1.1849394869747778,False
base__s16__5000K_2.0gcc,16,1.24,inf,0.992181811706403,-1,1.1156712857866715,1.210522757699178,1.1156712857866715,False
base__s16__5000K_2.0gcc,16,1.28,inf,1.0146527186012957,-1,0.7682495727978396,1.052746713484501,1.052746713484501,False
base__s16__5000K_2.0gcc,16,1.32,inf,0.9830068229676738,-1,0.7044062947522913,1.9911962098990332,1.9911962098990332,False
base__s16__5000K_2.0gcc,16,1.36,inf,1.0378391663634592,-1,0.6688059522198129,0.8556881722866063,0.8556881722866063,False
base__s16__5000K_2.0gcc,16,1.4,inf,1.019248714440691,-1,0.6978634470734806,0.8263813480847307,0.8263813480847307,False
base__s16__5000K_2.0gcc,16,1.44,inf,1.010643483413414,-1,0.7134014313469406,1.4338174421603074,1.4338174421603074,False
base__s16__5000K_2.0gcc,16,1.48,inf,1.0367977738956604,-1,0.6609876929032744,1.0461168458370522,1.0461168458370522,False
base__s16__5000K_2.0gcc,16,1.52,inf,1.0284791168735512,-1,0.7612901423459538,1.3991793751640604,1.3991793751640604,False
base__s16__5000K_2.0gcc,16,1.56,inf,1.0333549539141915,-1,0.6964414582824743,1.183977579825934,1.183977579825934,False
base__s16__5000K_2.0gcc,16,1.6,inf,1.03962795511327,-1,0.78484623747787,1.799681687323806,1.799681687323806,False
base__s16__5000K_2.0gcc,16,1.64,inf,1.0189476639700394,-1,0.7267370342055314,6.060114163922149,6.060114163922149,False
base__s16__5000K_2.0gcc,16,1.68,inf,1.0309281140588806,-1,0.6801575341086296,0.9015952661757425,0.9015952661757425,False
base__s16__5000K_2.0gcc,16,1.72,inf,1.0331550887775756,-1,0.7112927593289295,1.110043078382206,1.110043078382206,False
base__s16__5000K_2.0gcc,16,1.76,inf,0.9924982218266188,-1,1.272853581574346,1.4896929415840445,1.2702877571632771,False
base__s16__5000K_2.0gcc,16,1.8,inf,1.0165245365582665,-1,0.7611437744045322,1.3989062030816122,1.3989062030816122,False
base__s16__5000K_2.0gcc,16,1.84,inf,1.0200847396530357,-1,0.755167409331351,1.201768486104464,1.201768486104464,False
base__s16__5000K_2.0gcc,16,1.88,inf,1.0090083404818806,-1,0.7356020089220899,1.1751698022962973,1.1751698022962973,False
base__s16__5000K_2.0gcc,16,1.92,inf,0.9779350323073618,-1,1.2828588447620697,1.3496649984256266,1.3022805560975166,False
base__s16__5000K_2.0gcc,16,1.96,inf,1.0423616673367262,-1,0.7179851383149998,0.980183650578933,0.980183650578933,False
base__s16__5000K_2.0gcc,16,2.0,inf,1.0414310713743853,-1,0.6179134754439004,1.633543706692763,1.633543706692763,False
base__s16__5000K_2.0gcc,16,2.04,inf,1.0475488227467016,-1,0.8641406335036178,2.3498403913365467,2.3498403913365467,False
base__s16__5000K_2.0gcc,16,2.08,inf,1.050371352791954,-1,0.7575107088469781,6.221707506881292,6.221707506881292,False
base__s16__5000K_2.0gcc,16,2.12,inf,1.02355352305241,-1,0.6602298994596859,1.0474402671169725,1.0474402671169725,False
base__s16__5000K_2.0gcc,16,2.16,inf,1.0664376271704783,-1,0.685813025804155,0.7440839596134783,0.7440839596134783,False
base__s16__5000K_2.0gcc,16,2.2,inf,1.0298401337571763,-1,0.6181257265098055,0.8660892660940591,0.8660892660940591,False
base__s16__5000K_2.0gcc,16,2.24,inf,1.0421727033601489,-1,0.7146713675845696,1.1594889820941676,1.1594889820941676,False
base__s16__5000K_2.0gcc,16,2.28,inf,1.0580401256672638,-1,0.6479428655720152,1.5066266431068236,1.5066266431068236,False
base__s16__5000K_2.0gcc,16,2.32,inf,0.9959402769669472,-1,0.6961230085095843,1.9766423686636514,1.9766423686636514,False
base__s16__5000K_2.0gcc,16,2.36,inf,1.0344168799212436,-1,0.637038081584771,0.741513181445422,0.741513181445422,False
base__s16__5000K_2.0gcc,16,2.4,inf,1.0271587313117678,-1,0.5641992769985391,1.1111523245610921,1.1111523245610921,False
base__s16__5000K_2.0gcc,16,2.44,inf,1.021265361343466,-1,0.7102037722214993,1.1327483724996321,1.1327483724996321,False
base__s16__5000K_2.0gcc,16,2.48,inf,1.0215807372528127,-1,0.6667031825662595,1.026058184496669,1.026058184496669,False
base__s16__5000K_2.0gcc,16,2.52,inf,1.0134436414788932,-1,0.8176196676287019,0.9137573067447062,0.9137573067447062,False
base__s16__5000K_2.0gcc,16,2.56,inf,1.0338364163860747,-1,0.6427931521839896,0.8758105805447904,0.8758105805447904,False
base__s16__5000K_2.0gcc,16,2.6,inf,1.017795631533659,-1,0.6841121819608267,1.0613927813756123,1.0613927813756123,False
base__s16__5000K_2.0gcc,16,2.64,inf,1.0439964478948194,-1,0.711254005467099,1.2324383277241762,1.2324383277241762,False
base__s16__5000K_2.0gcc,16,2.68,inf,1.026285792449647,-1,0.6285782559843327,1.0917635340393623,1.0917635340393623,False
base__s16__5000K_2.0gcc,16,2.72,inf,0.9976499651731562,-1,0.6575326335504734,0.9650760740965421,0.9650760740965421,False
base__s16__5000K_2.0gcc,16,2.76,inf,1.0285174452166574,-1,0.6444807890419172,1.1070058752189742,1.1070058752189742,False
base__s16__5000K_2.0gcc,16,2.8000000000000003,inf,0.9936738325169888,-1,0.6828787600987813,0.8229918545964544,0.8229918545964544,False
base__s16__5000K_2.0gcc,16,2.84,inf,1.0171818765737028,-1,0.7388721372698942,1.0991239050827484,1.0991239050827484,False
base__s16__5000K_2.0gcc,16,2.88,inf,1.0369402856828351,-1,0.8539306696211858,1.6523730727099917,1.6523730727099917,False
base__s16__5000K_2.0gcc,16,2.92,inf,1.049512102146516,-1,0.7256618740211408,1.2504839828027037,1.2504839828027037,False
base__s16__5000K_2.0gcc,16,2.96,inf,1.0045017530313225,-1,0.7412615657108601,2.0831853681878063,2.0831853681878063,False
base__s16__5000K_2.0gcc,16,3.0,inf,1.0481455574422855,-1,0.6516369134526793,1.658310042993167,1.658310042993167,False
base__s16__5000K_2.0gcc,16,3.04,inf,1.037899857162048,-1,0.7031084677652688,1.0935254613236693,1.0935254613236693,False
base__s16__5000K_2.0gcc,16,3.08,inf,0.999477885148041,-1,0.6319458080743264,1.2610484544871672,1.2610484544871672,False
base__s16__5000K_2.0gcc,16,3.12,inf,1.020308785084692,-1,0.7255565418937933,2.815528504703548,2.815528504703548,False
base__s16__5000K_2.0gcc,16,3.16,inf,1.0484154559815495,-1,0.6457767420015667,1.487954024480073,1.487954024480073,False
base__s16__5000K_2.0gcc,16,3.2,inf,1.0382065238063187,-1,0.7555964899072588,0.8241331200182251,0.8241331200182251,False
base__s16__5000K_2.0gcc,16,3.24,inf,1.0215490389927446,-1,0.6378129913555389,0.9461242049040308,0.9461242049040308,False
base__s16__5000K_2.0gcc,16,3.28,inf,1.0358472754344628,-1,0.6244553492975846,1.0796918903186232,1.0796918903186232,False
base__s16__5000K_2.0gcc,16,3.3200000000000003,inf,1.0305914465795842,-1,0.7265656991568207,0.9476840145358103,0.9476840145358103,False
base__s16__5000K_2.0gcc,16,3.36,inf,1.0161703928382275,-1,0.6641297234199535,0.8763681918986064,0.8763681918986064,False
base__s16__5000K_2.0gcc,16,3.4,inf,1.0067163334370812,-1,0.7763845908102753,2.002502556364602,2.002502556364602,False
base__s16__5000K_2.0gcc,16,3.44,inf,1.028760389368195,-1,0.7296525430112685,1.670357209918182,1.670357209918182,False
base__s16__5000K_2.0gcc,16,3.48,inf,1.0374027767077745,-1,0.7154516286241759,1.0519703526109332,1.0519703526109332,False
base__s16__5000K_2.0gcc,16,3.52,inf,0.9781412988755768,-1,0.8910372205136093,1.1341609557805374,0.8931345699165757,False
base__s16__5000K_2.0gcc,16,3.56,inf,0.9896331104010212,-1,0.8307762172096472,1.4502437011913996,1.4502437011913996,False
base__s16__5000K_2.0gcc,16,3.6,inf,0.990151405543617,-1,0.7221003314616231,2.6857988951993326,2.6857988951993326,False
base__s16__5000K_2.0gcc,16,3.64,inf,1.0544282073588511,-1,0.6513681010850928,1.2948583626852923,1.2948583626852923,False
base__s16__5000K_2.0gcc,16,3.68,inf,1.0300601382254342,-1,0.8007678618918804,1.2007101208686817,1.2007101208686817,False
base__s16__5000K_2.0gcc,16,3.72,inf,0.97299734926309,-1,1.0969270127574278,1.3869643022313585,1.112018691297979,False
base__s16__5000K_2.0gcc,16,3.76,inf,1.040040376122966,-1,0.6500789073057087,1.1272166905668026,1.1272166905668026,False
base__s16__5000K_2.0gcc,16,3.8,inf,1.0112410924220794,-1,0.7660360956211332,1.4035360586679395,1.4035360586679395,False
base__s16__5000K_2.0gcc,16,3.84,inf,1.027695938456993,-1,0.7708745354552032,1.8298456763798345,1.8298456763798345,False
base__s16__5000K_2.0gcc,16,3.88,inf,1.0267787559771586,-1,0.6870759401017824,1.0718033486473793,1.0718033486473793,False
base__s16__5000K_2.0gcc,16,3.92,inf,1.050422454318737,-1,0.6269320559152012,1.3632782211027774,1.3632782211027774,False
base__s16__5000K_2.0gcc,16,3.96,inf,0.999798592720054,-1,0.9014525096863191,2.138476804765285,2.138476804765285,False
base__s16__5000K_2.0gcc,16,4.0,inf,1.0172757889741595,-1,0.782223578539562,5.79888882186951,5.79888882186951,False
base__s16__5000K_2.0gcc,16,4.04,inf,1.0441806096672166,-1,0.7748497727758815,1.2163985219537614,1.2163985219537614,False
base__s16__5000K_2.0gcc,16,4.08,inf,1.0211270282075575,-1,0.7527705211316602,1.5821888017805676,1.5821888017805676,False
base__s16__5000K_2.0gcc,16,4.12,inf,1.024478294650013,-1,0.7686190562592401,2.098939798748473,2.098939798748473,False
base__s16__5000K_2.0gcc,16,4.16,inf,1.0556119755374127,-1,0.6346771932288133,1.1412002302284023,1.1412002302284023,False
base__s16__5000K_2.0gcc,16,4.2,inf,1.025002726017839,-1,0.7244626508106166,3.3298602129083177,3.3298602129083177,False
base__s16__5000K_2.0gcc,16,4.24,inf,1.0458963128809666,-1,0.6653929126439514,1.5877467598324158,1.5877467598324158,False
base__s16__5000K_2.0gcc,16,4.28,inf,1.0362670909886118,-1,0.7458314479472268,1.067779845188466,1.067779845188466,False
base__s16__5000K_2.0gcc,16,4.32,inf,1.0021103407589411,-1,0.6862799461483453,0.9591880919410964,0.9591880919410964,False
base__s16__5000K_2.0gcc,16,4.36,inf,1.0158320557060596,-1,0.6919369700649086,1.0774524866644655,1.0774524866644655,False
base__s16__5000K_2.0gcc,16,4.4,inf,1.042946758192382,-1,0.6917946165748653,1.9715484086950041,1.9715484086950041,False
base__s16__5000K_2.0gcc,16,4.44,inf,1.047585433714597,-1,0.6998850015299096,2.181734864509573,2.181734864509573,False
base__s16__5000K_2.0gcc,16,4.48,inf,1.0332192017679498,-1,0.633085963085804,1.1111593647699418,1.1111593647699418,False
base__s16__5000K_2.0gcc,16,4.5200000000000005,inf,1.0032768292405645,-1,0.7634348917985305,1.7096597056999865,1.7096597056999865,False
base__s16__5000K_2.0gcc,16,4.5600000000000005,inf,0.9782636474519534,-1,0.8962197855812164,1.1024063314384702,1.1024063314384702,False
base__s16__5000K_2.0gcc,16,4.6000000000000005,inf,1.016297755867836,-1,0.7599193278810208,1.2642477368535243,1.2642477368535243,False
base__s16__5000K_2.0gcc,16,4.64,inf,1.04445876751598,-1,0.6716680027699106,1.0835542698269918,1.0835542698269918,False
base__s16__5000K_2.0gcc,16,4.68,inf,1.012873133592752,-1,0.7397396525298314,3.615361353153536,3.615361353153536,False
base__s16__5000K_2.0gcc,16,4.72,inf,1.0657875263132892,-1,0.7972393283595016,9.91011328974874,9.91011328974874,False
base__s16__5000K_2.0gcc,16,4.76,inf,1.0394445460215764,-1,0.6563273686864708,1.429447728477117,1.429447728477117,False
base__s16__5000K_2.0gcc,16,4.8,inf,1.0277789420619587,-1,0.7104874272776144,1.025698256156716,1.025698256156716,False
base__s16__5000K_2.0gcc,16,4.84,inf,1.0379344936969772,-1,0.7265952904495867,0.9614519442846218,0.9614519442846218,False
base__s16__5000K_2.0gcc,16,4.88,inf,1.0163005750711744,-1,0.6777080024534807,1.141891366821436,1.141891366821436,False
base__s16__5000K_2.0gcc,16,4.92,inf,0.9866372599050772,-1,0.7734538130605071,5.747696469191879,5.747696469191879,False
base__s16__5000K_2.0gcc,16,4.96,inf,1.0440410452362494,-1,0.6373458259920592,0.8870224830659446,0.8870224830659446,False
base__s16__5000K_2.0gcc,16,5.0,inf,1.0627624268433655,-1,0.690895956991403,1.0536813462997894,1.0536813462997894,False
base__s16__5000K_2.0gcc,16,5.04,inf,0.9985834922974643,-1,0.7065187617153897,1.138403963624668,1.138403963624668,False
base__s16__5000K_2.0gcc,16,5.08,inf,1.0083337659158302,-1,0.716088689058517,2.3788053639663778,2.3788053639663778,False
base__s16__5000K_2.0gcc,16,5.12,inf,1.027449138389828,-1,0.6554113215174134,1.4759054299939554,1.4759054299939554,False
base__s16__5000K_2.0gcc,16,5.16,inf,1.0131950388656663,-1,0.7456684402329803,1.1304096575916351,1.1304096575916351,False
base__s16__5000K_2.0gcc,16,5.2,inf,1.018829119616239,-1,0.6964314783550494,0.9348940499375079,0.9348940499375079,False
base__s16__5000K_2.0gcc,16,5.24,inf,1.0551760437036084,-1,0.6549092805137772,1.0018694172575997,1.0018694172575997,False
base__s16__5000K_2.0gcc,16,5.28,inf,1.0196196968953677,-1,0.6764433092082294,0.9234895382234865,0.9234895382234865,False
base__s16__5000K_2.0gcc,16,5.32,inf,1.0369596678313966,-1,0.6406894478639701,0.8632539681539395,0.8632539681539395,False
base__s16__5000K_2.0gcc,16,5.36,inf,1.0575891445386534,-1,0.664634939265754,0.9335723597874251,0.9335723597874251,False
base__s16__5000K_2.0gcc,16,5.4,inf,1.048052193035251,-1,0.6597958707167348,1.2272040863601617,1.2272040863601617,False
base__s16__5000K_2.0gcc,16,5.44,inf,1.0215817408905663,-1,0.6293624738345655,1.7705411480967606,1.7705411480967606,False
base__s16__5000K_2.0gcc,16,5.48,inf,1.0569867423870558,-1,0.6968563407229491,0.915959360414228,0.8667677273876215,False
base__s16__5000K_2.0gcc,16,5.5200000000000005,inf,1.0352125838343542,-1,0.6362760101463104,0.6878649045223652,0.6878649045223652,False
base__s16__5000K_2.0gcc,16,5.5600000000000005,inf,1.0076213568985126,-1,0.7031174407401957,0.7935899888144626,0.731590048493114,False
base__s16__5000K_2.0gcc,16,5.6000000000000005,inf,1.0576389422194137,-1,0.6228151743313279,1.1491017757564361,1.1491017757564361,False
base__s16__5000K_2.0gcc,16,5.64,inf,1.01170608012703,-1,0.781018566400485,1.2441574522074565,1.2441574522074565,False
base__s16__5000K_2.0gcc,16,5.68,inf,1.0478440362277202,-1,0.669252811416561,1.7201274390583188,1.7201274390583188,False
base__s16__5000K_2.0gcc,16,5.72,inf,1.0233248021219856,-1,0.697174394849004,0.9907691423837204,0.9907691423837204,False
base__s16__5000K_2.0gcc,16,5.76,inf,1.04083735589236,-1,0.6898831018652198,1.1814686529185736,1.1814686529185736,False
base__s16__5000K_2.0gcc,16,5.8,inf,0.9849276675462,-1,0.8870459875204739,1.4160234660233242,1.4160234660233242,False
base__s16__5000K_2.0gcc,16,5.84,inf,1.012030617159876,-1,0.6143607678161214,1.199164165917137,1.199164165917137,False
base__s16__5000K_2.0gcc,16,5.88,inf,0.9970190718862904,-1,0.6523764191616876,1.1970610261532044,1.1970610261532044,False
base__s16__5000K_2.0gcc,16,5.92,inf,1.036699569330961,-1,0.7020622480613734,1.177400059460601,1.177400059460601,False
base__s16__5000K_2.0gcc,16,5.96,inf,1.0532814659771623,-1,0.8227698254471296,1.2962752479798152,1.2962752479798152,False
base__s16__5000K_2.0gcc,16,6.0,inf,1.0440146769792078,-1,0.6439451985509885,1.1859796070828144,1.1859796070828144,False
base__s16__5000K_2.0gcc,16,6.04,inf,1.0359200472401335,-1,0.7054410145097022,1.2462857253137816,1.2462857253137816,False
base__s16__5000K_2.0gcc,16,6.08,inf,1.0167693148920256,-1,0.6362219375541222,1.271767003253462,1.271767003253462,False
base__s16__5000K_2.0gcc,16,6.12,inf,1.044409139455415,-1,0.7093457706390696,1.1469337509187134,1.1469337509187134,False
base__s16__5000K_2.0gcc,16,6.16,inf,1.0404298403472474,-1,0.634562541290915,3.464220401849441,3.464220401849441,False
base__s16__5000K_2.0gcc,16,6.2,inf,1.0294221713631388,-1,0.6608906639974408,0.9254447097690092,0.9254447097690092,False
base__s16__5000K_2.0gcc,16,6.24,inf,1.0077412005296795,-1,0.674268905014156,2.319067037634633,2.319067037634633,False
base__s16__5000K_2.0gcc,16,6.28,inf,1.025457912522011,-1,0.6900558861773517,1.2141385883280662,1.2141385883280662,False
base__s16__5000K_2.0gcc,16,6.32,inf,1.040994324438419,-1,0.7859417848507888,1.8341100488170619,1.8341100488170619,False
base__s16__5000K_2.0gcc,16,6.36,inf,1.0121382935177383,-1,0.7275205539506338,2.85581368379629,2.85581368379629,False
base__s16__5000K_2.0gcc,16,6.4,inf,1.0362924184302411,-1,0.6662516942796946,1.4331786456341156,1.4331786456341156,False
base__s16__5000K_2.0gcc,16,6.44,inf,1.0146490274760038,-1,0.7203518443714106,1.0607711468267371,1.0607711468267371,False
base__s16__5000K_2.0gcc,16,6.48,inf,1.0235678562166757,-1,0.6302495735574901,0.7198987597523977,0.7198987597523977,False
base__s16__5000K_2.0gcc,16,6.5200000000000005,inf,1.006975891965642,-1,0.7544989368263904,0.9421390024965584,0.9421390024965584,False
base__s16__5000K_2.0gcc,16,6.5600000000000005,inf,1.0341972440448672,-1,0.613263305329915,0.7446092663791983,0.7446092663791983,False
base__s16__5000K_2.0gcc,16,6.6000000000000005,inf,1.0081500187655603,-1,0.6266997914663508,3.650214817309714,3.650214817309714,False
base__s16__5000K_2.0gcc,16,6.640000000000001,inf,1.0067306751112737,-1,1.3011158544568402,14.843084481136497,14.843084481136497,False
base__s16__5000K_2.0gcc,16,6.68,inf,1.039334727939464,-1,0.7333083381331847,1.0595109271104386,1.0595109271104386,False
base__s16__5000K_2.0gcc,16,6.72,inf,1.011422396934634,-1,0.7224707376957191,1.2309773314552903,1.2309773314552903,False
base__s16__5000K_2.0gcc,16,6.76,inf,1.0514601286235254,-1,0.7118822707576407,1.6762310863006475,1.6762310863006475,False
base__s16__5000K_2.0gcc,16,6.8,inf,1.0189117012278344,-1,0.70957898754471,1.2660108905578595,1.2660108905578595,False
base__s16__5000K_2.0gcc,16,6.84,inf,1.037988182701518,-1,0.7299552006812015,1.2573802933847222,1.2573802933847222,False
base__s16__5000K_2.0gcc,16,6.88,inf,1.0038247846995014,-1,0.6964299807160755,1.2839193275990053,1.2839193275990053,False
base__s16__5000K_2.0gcc,16,6.92,inf,1.0287756557214018,-1,0.6239006920778886,1.222061534275215,1.222061534275215,False
base__s16__5000K_2.0gcc,16,6.96,inf,0.9902786217161308,-1,0.7374824272162831,1.094824116850636,1.094824116850636,False
base__s16__5000K_2.0gcc,16,7.0,inf,1.0613270639901726,-1,0.6780803699751397,1.1277098327539177,1.1277098327539177,False
base__s16__5000K_2.0gcc,16,7.04,inf,1.0485829633624617,-1,0.6874747083976382,0.990738549886915,0.990738549886915,False
base__s16__5000K_2.0gcc,16,7.08,inf,1.0293971107638684,-1,0.7181022789607241,1.4158629302986248,1.4158629302986248,False
base__s16__5000K_2.0gcc,16,7.12,inf,1.019331725890056,-1,0.7805661069127023,1.303939059595829,1.303939059595829,False
base__s16__5000K_2.0gcc,16,7.16,inf,1.0104636752526035,-1,0.7204317269319275,1.143561251566238,1.143561251566238,False
base__s16__5000K_2.0gcc,16,7.2,inf,1.0234824859146354,-1,0.7120844813176217,3.193059932771147,3.193059932771147,False
base__s16__5000K_2.0gcc,16,7.24,inf,1.0096492797610463,-1,0.6974406918394844,0.818249677521089,0.818249677521089,False
base__s16__5000K_2.0gcc,16,7.28,inf,1.0236135478782995,-1,0.686353882892899,1.1871302997718378,1.1871302997718378,False
base__s16__5000K_2.0gcc,16,7.32,inf,1.0344089065369657,-1,0.7097501872328463,0.8296673365270599,0.8296673365270599,False
base__s16__5000K_2.0gcc,16,7.36,inf,0.9834250485339486,-1,0.825904799045567,1.2922899832931989,1.2922899832931989,False
base__s16__5000K_2.0gcc,16,7.4,inf,0.9746952946823946,-1,0.7740804083531783,1.27389264869592,1.27389264869592,False
base__s16__5000K_2.0gcc,16,7.44,inf,1.034060218002801,-1,0.7198711462944681,1.0448115661437047,1.0448115661437047,False
base__s16__5000K_2.0gcc,16,7.48,inf,1.013081807544188,-1,0.7090662787060432,0.8689523544809843,0.7376365021551097,False
base__s16__5000K_2.0gcc,16,7.52,inf,1.0641060897852237,-1,0.7455517598138981,1.4492023669854974,1.4492023669854974,False
base__s16__5000K_2.0gcc,16,7.56,inf,1.0543707057529628,-1,0.6883411393873246,0.9851660408970873,0.9851660408970873,False
base__s16__5000K_2.0gcc,16,7.6,inf,1.053074919242691,-1,0.6186312456765003,0.8337564598811207,0.8337564598811207,False
base__s16__5000K_2.0gcc,16,7.640000000000001,inf,1.0211718449506917,-1,0.6069953266728024,0.7407862362997403,0.7403926476094311,False
base__s16__5000K_2.0gcc,16,7.68,inf,1.0225912683589664,-1,0.68754006693461,1.0390493364725961,1.0390493364725961,False
base__s16__5000K_2.0gcc,16,7.72,inf,1.0180158257694225,-1,0.6692734863454957,1.065672130400838,1.065672130400838,False
base__s16__5000K_2.0gcc,16,7.76,inf,1.0704788531652556,-1,0.7234690708784609,1.7182200682464839,1.7182200682464839,False
base__s16__5000K_2.0gcc,16,7.8,inf,1.0299008206866327,-1,0.6850549567224642,1.4400777606646962,1.4400777606646962,False
base__s16__5000K_2.0gcc,16,7.84,inf,1.0024053178076218,-1,0.8564106373509286,1.1325285228331077,1.1325285228331077,False
base__s16__5000K_2.0gcc,16,7.88,inf,1.0132769483315014,-1,0.6266177200367494,1.0136188038622418,1.0136188038622418,False
base__s16__5000K_2.0gcc,16,7.92,inf,1.0163965435291482,-1,0.7463965637086931,1.2628147107684657,1.2628147107684657,False
base__s16__5000K_2.0gcc,16,7.96,inf,1.014008670840146,-1,0.7866575248083205,1.0852848247925948,0.8450531069043936,False
base__s16__5000K_2.0gcc,16,8.0,inf,1.0133653190582348,-1,0.6579743666841611,4.073831712513856,4.073831712513856,False
base__s16__5000K_2.0gcc,16,8.040000000000001,inf,1.056101813895327,-1,0.7102772336844885,1.0135227719716424,1.0135227719716424,False
base__s16__5000K_2.0gcc,16,8.08,inf,1.0287154182824323,-1,0.6733742329334438,1.3866715600211614,1.3866715600211614,False
base__s16__5000K_2.0gcc,16,8.120000000000001,inf,1.0394739817855,-1,0.7982570654222783,1.6487380808882446,1.6487380808882446,False
base__s16__5000K_2.0gcc,16,8.16,inf,1.042469076008492,-1,0.6697654970354733,1.5421106169850767,1.5421106169850767,False
base__s16__5000K_2.0gcc,16,8.2,inf,1.030599142841678,-1,0.7192578997050719,0.9019190971108959,0.9019190971108959,False
base__s16__5000K_2.0gcc,16,8.24,inf,1.0444193195919933,-1,0.6510547586190715,0.9753678645302244,0.9753678645302244,False
base__s16__5000K_2.0gcc,16,8.28,inf,1.045892078450257,-1,0.6498614453292889,0.7794523984490891,0.7794523984490891,False
base__s16__5000K_2.0gcc,16,8.32,inf,0.9956804926029236,-1,0.6513404341828968,1.0940660912285027,1.0940660912285027,False
base__s16__5000K_2.0gcc,16,8.36,inf,1.03942007412018,-1,0.6976331801043241,0.8441147632403023,0.8441147632403023,False
base__s16__5000K_2.0gcc,16,8.4,inf,1.034991865538082,-1,0.8303734436030968,4.906203325996587,4.906203325996587,False
base__s16__5000K_2.0gcc,16,8.44,inf,1.0298468685435715,-1,0.6439317077599209,1.1566462301691443,1.1566462301691443,False
base__s16__5000K_2.0gcc,16,8.48,inf,1.010984868377366,-1,0.7762035473039184,3.0382041673160805,3.0382041673160805,False
base__s16__5000K_2.0gcc,16,8.52,inf,1.0190934533388,-1,0.6174279298723347,1.1056875784635518,1.1056875784635518,False
base__s16__5000K_2.0gcc,16,8.56,inf,1.0047024897127512,-1,0.8124056832995571,3.019755644982617,3.019755644982617,False
base__s16__5000K_2.0gcc,16,8.6,inf,1.001878034263154,-1,0.7434701093035635,1.248385063764768,1.248385063764768,False
base__s16__5000K_2.0gcc,16,8.64,inf,1.02365549150239,-1,0.6946932002656003,1.7060209756797757,1.7060209756797757,False
base__s16__5000K_2.0gcc,16,8.68,inf,1.0287622736667588,-1,0.7556067728338061,0.923136374287636,0.923136374287636,False
base__s16__5000K_2.0gcc,16,8.72,inf,1.000431867029934,-1,0.7206637158925636,1.3462893969412058,1.3462893969412058,False
base__s16__5000K_2.0gcc,16,8.76,inf,0.9843850776530492,-1,0.8482053315934955,1.0930556276819758,1.0930556276819758,False
base__s16__5000K_2.0gcc,16,8.8,inf,1.0162950648045082,-1,0.6944795006351786,0.9280617911069605,0.9280617911069605,False
base__s16__5000K_2.0gcc,16,8.84,inf,1.040885644321219,-1,0.7354200897781143,1.1731966423997675,1.1731966423997675,False
base__s16__5000K_2.0gcc,16,8.88,inf,1.0221799255590958,-1,0.6733642750609782,1.108214116536235,1.108214116536235,False
base__s16__5000K_2.0gcc,16,8.92,inf,1.0237324910239003,-1,0.7478340525809964,2.5286440128585217,2.5286440128585217,False
base__s16__5000K_2.0gcc,16,8.96,inf,1.034150756794676,-1,0.6828735553067504,0.7914117095775477,0.7914117095775477,False
base__s16__5000K_2.0gcc,16,9.0,inf,1.0217662182245992,-1,0.6889345835905157,0.7991318009020925,0.7991318009020925,False
base__s16__5000K_2.0gcc,16,9.04,inf,1.0146603965785794,-1,0.6737721607994281,0.9373984245620102,0.9373984245620102,False
base__s16__5000K_2.0gcc,16,9.08,inf,1.0696507534293611,-1,0.7060106219793215,1.1231071115367923,1.1231071115367923,False
base__s16__5000K_2.0gcc,16,9.12,inf,1.0093359664204982,-1,0.7587531997360639,1.7267158778990228,1.7267158778990228,False
base__s16__5000K_2.0gcc,16,9.16,inf,1.0486039348467084,-1,0.7572482011969678,1.3347522391624018,1.3347522391624018,False
base__s16__5000K_2.0gcc,16,9.2,inf,1.0058782594335167,-1,0.7116251210545628,1.07257829372243,1.07257829372243,False
base__s16__5000K_2.0gcc,16,9.24,inf,1.048726217339874,-1,0.7218350910775062,1.69803492707981,1.69803492707981,False
base__s16__5000K_2.0gcc,16,9.28,inf,1.0218985120974589,-1,0.6095867571909972,1.0978258861778583,1.0978258861778583,False
base__s16__5000K_2.0gcc,16,9.32,inf,1.0561495760587136,-1,0.6170527385390329,1.3222951482426164,1.3222951482426164,False
base__s16__5000K_2.0gcc,16,9.36,inf,1.0148623523266591,-1,0.6372767641821746,1.0832801481607603,1.0832801481607603,False
base__s16__5000K_2.0gcc,16,9.4,inf,0.9886713775274368,-1,0.8808662916187323,1.9175802772344592,1.9175802772344592,False
base__s16__5000K_2.0gcc,16,9.44,inf,1.0000526588505232,-1,0.7190291015345399,1.0786534883761696,1.0786534883761696,False
base__s16__5000K_2.0gcc,16,9.48,inf,1.0435117735655888,-1,0.6488056410102785,1.6903810037683562,1.6903810037683562,False
base__s16__5000K_2.0gcc,16,9.52,inf,1.0047332465953338,-1,0.6788666077841253,1.1558547024456216,1.1558547024456216,False
base__s16__5000K_2.0gcc,16,9.56,inf,0.9902090767014812,-1,0.7094864155888765,1.3360767126482733,1.3360767126482733,False
base__s16__5000K_2.0gcc,16,9.6,inf,1.023796660588908,-1,0.6562316800723588,2.0085464864907707,2.0085464864907707,False
base__s16__5000K_2.0gcc,16,9.64,inf,1.0016375522168692,-1,0.6680251722891579,1.2711003271572783,1.2711003271572783,False
base__s16__5000K_2.0gcc,16,9.68,inf,1.0587883513913443,-1,0.668102155448125,1.0745576549293472,1.0745576549293472,False
base__s16__5000K_2.0gcc,16,9.72,inf,1.0098272404312536,-1,0.8768795087974384,1.4087320236501857,1.4087320236501857,False
base__s16__5000K_2.0gcc,16,9.76,inf,1.051139500728614,-1,0.7359575358749009,1.7029991114946863,1.7029991114946863,False
base__s16__5000K_2.0gcc,16,9.8,inf,1.0338008991778842,-1,0.6432016550499127,0.9714588030191269,0.9714588030191269,False
base__s16__5000K_2.0gcc,16,9.84,inf,1.0380914437952948,-1,0.6758804832559108,0.9339905616338264,0.9339905616338264,False
base__s16__5000K_2.0gcc,16,9.88,inf,1.0152191105869706,-1,0.7329043496874275,1.5586341457559354,1.5586341457559354,False
base__s16__5000K_2.0gcc,16,9.92,inf,0.9602101319627896,-1,1.1427440765961863,1.7982250493748317,1.7982250493748317,False
base__s16__5000K_2.0gcc,16,9.96,inf,1.0192437284079798,-1,0.7004706167692667,5.07083233138312,5.07083233138312,False
base__s16__5000K_2.0gcc,16,10.0,inf,1.0547531830594306,-1,0.6488639894359075,1.1650973304373844,1.1650973304373844,False
base__s17__5000K_2.0gcc,17,0.0,inf,1.0310702502254634,-1,0.8928044464759279,1.0000000000000064,1.0000000000000064,False
base__s17__5000K_2.0gcc,17,0.04,inf,1.016219482347195,-1,0.7566331929569662,1.7099279440658364,1.7099279440658364,False
base__s17__5000K_2.0gcc,17,0.08,inf,0.9938145094925914,-1,0.8606330751962616,1.2692460484260397,1.2692460484260397,False
base__s17__5000K_2.0gcc,17,0.12,inf,1.0479499188229373,-1,0.7131200525611312,1.4347507000218447,1.4347507000218447,False
base__s17__5000K_2.0gcc,17,0.16,inf,1.009796737574944,-1,0.7365591209280204,0.8540547861209327,0.8540547861209327,False
base__s17__5000K_2.0gcc,17,0.2,inf,1.0038099122473334,-1,0.6805195916774973,0.9819095744358787,0.9819095744358787,False
base__s17__5000K_2.0gcc,17,0.24,inf,1.0378452765272863,-1,0.8305235682768112,1.2741359138691402,1.2741359138691402,False
base__s17__5000K_2.0gcc,17,0.28,inf,1.011273230545039,-1,0.6321838681914409,1.0613555329658628,1.0613555329658628,False
base__s17__5000K_2.0gcc,17,0.32,inf,0.9998153597499893,-1,0.7268835486745246,1.3431728890438912,1.3431728890438912,False
base__s17__5000K_2.0gcc,17,0.36,inf,1.000037423934225,-1,0.7435996341781871,0.8936294097691458,0.8936294097691458,False
base__s17__5000K_2.0gcc,17,0.4,inf,1.0380454411696052,-1,0.6719031165780389,1.1418753541254372,1.1418753541254372,False
base__s17__5000K_2.0gcc,17,0.44,inf,0.996362534162138,-1,0.6732919686854075,0.840478179948212,0.840478179948212,False
base__s17__5000K_2.0gcc,17,0.48,inf,1.0053859531647538,-1,0.7906761967979267,1.0140603869633533,1.0140603869633533,False
base__s17__5000K_2.0gcc,17,0.52,inf,1.0122192623315365,-1,0.6400965164330746,0.8451667957975433,0.8451667957975433,False
base__s17__5000K_2.0gcc,17,0.56,inf,1.0419421904697976,-1,0.6770453789092791,0.8361153088791984,0.8361153088791984,False
base__s17__5000K_2.0gcc,17,0.6,inf,1.0383275313782256,-1,0.6453960392779142,0.8028072336004015,0.8028072336004015,False
base__s17__5000K_2.0gcc,17,0.64,inf,1.0084088702257634,-1,0.754904149626303,1.5033437897427004,1.5033437897427004,False
base__s17__5000K_2.0gcc,17,0.68,inf,0.994248922828182,-1,1.009103676928658,1.12717728730223,1.0188957623852057,False
base__s17__5000K_2.0gcc,17,0.72,inf,1.019616170681399,-1,0.6530395603322977,0.8750820168452267,0.8750820168452267,False
base__s17__5000K_2.0gcc,17,0.76,inf,1.0288558635353156,-1,0.6601616238499848,0.9338623793830025,0.9338623793830025,False
base__s17__5000K_2.0gcc,17,0.8,inf,1.0580222129941317,-1,0.6573929516693993,0.9330170004185463,0.9330170004185463,False
base__s17__5000K_2.0gcc,17,0.84,inf,0.9881147187245009,-1,0.8111196411862267,1.1061225646120902,1.1061225646120902,False
base__s17__5000K_2.0gcc,17,0.88,inf,1.0243418874980164,-1,0.7255841034323723,0.8417832084729326,0.8417832084729326,False
base__s17__5000K_2.0gcc,17,0.92,inf,1.0526075159113213,-1,0.6711836601133973,1.1154570228133343,1.1154570228133343,False
base__s17__5000K_2.0gcc,17,0.96,inf,0.9867333446347089,-1,0.9170832676576032,1.0891369688723804,1.0891369688723804,False
base__s17__5000K_2.0gcc,17,1.0,inf,1.0227324587755098,-1,0.7254355923584723,2.2868006515518586,2.2868006515518586,False
base__s17__5000K_2.0gcc,17,1.04,inf,1.0118631589943372,-1,0.6532840346612222,1.0057191230207239,1.0057191230207239,False
base__s17__5000K_2.0gcc,17,1.08,inf,1.0201830567633443,-1,0.7269058555145136,1.006978853986329,1.006978853986329,False
base__s17__5000K_2.0gcc,17,1.12,inf,1.013036425823869,-1,0.7281368510463191,1.3327827684460134,1.3327827684460134,False
base__s17__5000K_2.0gcc,17,1.16,inf,1.0211618748391456,-1,0.6428229700264221,1.3196313366568342,1.3196313366568342,False
base__s17__5000K_2.0gcc,17,1.2,inf,1.0200195773925125,-1,0.6932166433655663,1.7231475334943291,1.7231475334943291,False
base__s17__5000K_2.0gcc,17,1.24,inf,1.056921990602428,-1,0.6090408034615622,1.736647685068121,1.736647685068121,False
base__s17__5000K_2.0gcc,17,1.28,inf,0.9900540344339795,-1,0.7290835705828694,1.445921859337549,1.445921859337549,False
base__s17__5000K_2.0gcc,17,1.32,inf,1.057832311651521,-1,0.7175634084943433,1.3738388168619302,1.3738388168619302,False
base__s17__5000K_2.0gcc,17,1.36,inf,1.0263500774404422,-1,0.7810578593856603,1.6467717016561245,1.6467717016561245,False
base__s17__5000K_2.0gcc,17,1.4,inf,0.9769232544908526,-1,0.85774151295116,1.2120691744346341,1.2120691744346341,False
base__s17__5000K_2.0gcc,17,1.44,inf,1.036786081788331,-1,0.8118827142148181,2.0685377497068695,2.0685377497068695,False
base__s17__5000K_2.0gcc,17,1.48,inf,1.033401566673382,-1,0.7501662004657351,1.2585115699469662,1.2585115699469662,False
base__s17__5000K_2.0gcc,17,1.52,inf,1.042460219719198,-1,0.7234519418427205,2.2289003323170147,2.2289003323170147,False
base__s17__5000K_2.0gcc,17,1.56,inf,1.0302438997237502,-1,0.7823422912411542,1.0370448340222773,1.0370448340222773,False
base__s17__5000K_2.0gcc,17,1.6,inf,1.0358288235982818,-1,0.671327796877285,1.0444835011036582,1.0444835011036582,False
base__s17__5000K_2.0gcc,17,1.64,inf,1.054547164559272,-1,0.7539199990278438,0.8444316653693875,0.8444316653693875,False
base__s17__5000K_2.0gcc,17,1.68,inf,1.0399954901123372,-1,0.7870766809604779,1.2846532423741763,1.2846532423741763,False
base__s17__5000K_2.0gcc,17,1.72,inf,0.976112618554847,-1,0.9723173339828172,1.1567949534447752,1.045398757757478,False
base__s17__5000K_2.0gcc,17,1.76,inf,0.9905230040402896,-1,0.9178005644944415,1.4217043357931283,1.4217043357931283,False
base__s17__5000K_2.0gcc,17,1.8,inf,1.019941436339361,-1,0.7337744925799317,1.4802937683351187,1.4802937683351187,False
base__s17__5000K_2.0gcc,17,1.84,inf,1.0072551972931207,-1,0.74193348749419,0.8339738632468737,0.8339738632468737,False
base__s17__5000K_2.0gcc,17,1.88,inf,1.0313383917560714,-1,0.7037000496817266,0.8466801771363637,0.8394153755097227,False
base__s17__5000K_2.0gcc,17,1.92,inf,1.0074165002996522,-1,0.7673771071416048,0.9750886811132758,0.9750886811132758,False
base__s17__5000K_2.0gcc,17,1.96,inf,1.0288956766402504,-1,0.7289144070000991,0.9340937710603093,0.6993937367662311,False
base__s17__5000K_2.0gcc,17,2.0,inf,0.984873237223959,-1,0.8254623681846972,0.8716926182072307,0.8716926182072307,False
base__s17__5000K_2.0gcc,17,2.04,inf,1.0426261191726405,-1,0.7733322468806972,1.018064663173662,1.018064663173662,False
base__s17__5000K_2.0gcc,17,2.08,inf,1.027635929572823,-1,0.7219909133424997,0.9611600115028545,0.9611600115028545,False
base__s17__5000K_2.0gcc,17,2.12,inf,1.053927486707696,-1,0.6840411232808231,0.9736508746446109,0.9736508746446109,False
base__s17__5000K_2.0gcc,17,2.16,inf,1.0423590235681754,-1,0.8011513845126249,1.5488377399032902,1.5488377399032902,False
base__s17__5000K_2.0gcc,17,2.2,inf,1.0203636546109425,-1,0.7049006457239463,1.6080710601067092,1.6080710601067092,False
base__s17__5000K_2.0gcc,17,2.24,inf,1.0301753885484743,-1,0.7034854011285726,1.7674489193517346,1.7674489193517346,False
base__s17__5000K_2.0gcc,17,2.28,inf,1.034553305774526,-1,0.6599193865717325,1.181859496891636,1.181859496891636,False
base__s17__5000K_2.0gcc,17,2.32,inf,1.0018913204220303,-1,0.7361696643178721,1.137991411466616,1.137991411466616,False
base__s17__5000K_2.0gcc,17,2.36,inf,1.062816852747923,-1,0.7323099838299532,0.8653992558982756,0.8430833412970511,False
base__s17__5000K_2.0gcc,17,2.4,inf,1.065611694895941,-1,0.6734765309132247,0.9715528312655097,0.9715528312655097,False
base__s17__5000K_2.0gcc,17,2.44,inf,1.0458139482938638,-1,0.6434352711265665,1.2280200188299324,1.2280200188299324,False
base__s17__5000K_2.0gcc,17,2.48,inf,1.0225876303750208,-1,0.6744723588729272,1.3533461055573717,1.3533461055573717,False
base__s17__5000K_2.0gcc,17,2.52,inf,1.011854358556112,-1,0.7784346069964909,1.0529132881923817,1.0529132881923817,False
base__s17__5000K_2.0gcc,17,2.56,inf,0.980221714732438,-1,1.1617312729141676,5.779823988097413,5.779823988097413,False
base__s17__5000K_2.0gcc,17,2.6,inf,1.0066032981592103,-1,0.6518597021103447,1.2859418001577816,1.2859418001577816,False
base__s17__5000K_2.0gcc,17,2.64,inf,0.9607099500629722,-1,1.455955223916646,1.6270224793446317,1.455955223916646,False
base__s17__5000K_2.0gcc,17,2.68,inf,1.0258958491728092,-1,0.6571773628255044,0.8656180071371645,0.8656180071371645,False
base__s17__5000K_2.0gcc,17,2.72,inf,1.0296334964039393,-1,0.6750059096443232,1.642215814319297,1.642215814319297,False
base__s17__5000K_2.0gcc,17,2.76,inf,0.9939361028054068,-1,0.859995128743315,0.8508326206691198,0.859995128743315,False
base__s17__5000K_2.0gcc,17,2.8000000000000003,inf,1.0210777248265677,-1,0.7311101007902501,1.0874532378024064,1.0874532378024064,False
base__s17__5000K_2.0gcc,17,2.84,inf,1.0588688340871122,-1,0.6479999932754318,1.0207617024807505,1.0207617024807505,False
base__s17__5000K_2.0gcc,17,2.88,inf,0.9980147997705248,-1,0.8380641428764919,1.5583222497476301,1.5583222497476301,False
base__s17__5000K_2.0gcc,17,2.92,inf,1.0433283127688042,-1,0.669739622531037,0.8755913240950337,0.8755913240950337,False
base__s17__5000K_2.0gcc,17,2.96,inf,1.0601598095820268,-1,0.6600805327454334,1.0442302290535104,1.0442302290535104,False
base__s17__5000K_2.0gcc,17,3.0,inf,1.0265966989645934,-1,0.7383757289465008,0.9717226080279694,0.9717226080279694,False
base__s17__5000K_2.0gcc,17,3.04,inf,1.0359585733406529,-1,0.7651904080387582,1.044569494397889,1.044569494397889,False
base__s17__5000K_2.0gcc,17,3.08,inf,1.0399671521663558,-1,0.7032234954574221,1.2093602241189352,1.2093602241189352,False
base__s17__5000K_2.0gcc,17,3.12,inf,1.032467766867809,-1,0.680815172628942,0.8990324302304045,0.8990324302304045,False
base__s17__5000K_2.0gcc,17,3.16,inf,0.9804055900034436,-1,1.3733776185625246,1.5705099786054595,1.3733776185625246,False
base__s17__5000K_2.0gcc,17,3.2,inf,1.0224538609414116,-1,0.6856039394981354,0.7972662087646442,0.7972662087646442,False
base__s17__5000K_2.0gcc,17,3.24,inf,1.0376107432047914,-1,0.9500138773732933,0.866158583786594,0.8829378164984579,False
base__s17__5000K_2.0gcc,17,3.28,inf,1.0245533112888752,-1,0.7519805309663269,2.0988730857453506,2.0988730857453506,False
base__s17__5000K_2.0gcc,17,3.3200000000000003,inf,1.035771628849718,-1,0.6721738074754962,1.204025376974703,1.204025376974703,False
base__s17__5000K_2.0gcc,17,3.36,inf,1.0213273496925457,-1,0.6005344519286387,1.111713444684519,1.111713444684519,False
base__s17__5000K_2.0gcc,17,3.4,inf,1.0151660479517626,-1,0.7550309100963419,8.017851875520966,8.017851875520966,False
base__s17__5000K_2.0gcc,17,3.44,inf,0.9994295574401436,-1,0.6831993269197477,2.905221163272968,2.905221163272968,False
base__s17__5000K_2.0gcc,17,3.48,inf,0.9765321537373975,-1,1.073276115376648,1.3366982783723833,1.302376210049966,False
base__s17__5000K_2.0gcc,17,3.52,inf,1.037791623501076,-1,0.6783911248598379,2.2393304597557298,2.2393304597557298,False
base__s17__5000K_2.0gcc,17,3.56,inf,1.0177989605354292,-1,1.0034730385291746,1.083562829935678,0.9953861454785631,False
base__s17__5000K_2.0gcc,17,3.6,inf,1.0238397330915618,-1,0.6995916643185037,1.0248586250212646,1.0248586250212646,False
base__s17__5000K_2.0gcc,17,3.64,inf,1.023692068553821,-1,0.6350429928559003,1.1028896414041307,1.1028896414041307,False
base__s17__5000K_2.0gcc,17,3.68,inf,1.01911960946201,-1,0.6613977724940343,1.1289193053423887,1.1289193053423887,False
base__s17__5000K_2.0gcc,17,3.72,inf,0.9884556025052416,-1,0.6121175375171433,1.0402383491587177,1.0402383491587177,False
base__s17__5000K_2.0gcc,17,3.76,inf,1.0226205837855995,-1,0.6819729086851757,1.0011717242249902,1.0011717242249902,False
base__s17__5000K_2.0gcc,17,3.8,inf,1.0446446285536533,-1,0.6805865464885785,1.4156269513062216,1.4156269513062216,False
base__s17__5000K_2.0gcc,17,3.84,inf,1.0084284620006516,-1,0.6691638892611244,1.3293724469736183,1.3293724469736183,False
base__s17__5000K_2.0gcc,17,3.88,inf,1.0074069243250223,-1,0.6722790980779194,4.352036988426269,4.352036988426269,False
base__s17__5000K_2.0gcc,17,3.92,inf,1.0300048172586376,-1,0.6504189454652011,1.0152976890534053,1.0152976890534053,False
base__s17__5000K_2.0gcc,17,3.96,inf,1.0532306922236938,-1,0.6664592071579963,0.9931866007117041,0.9931866007117041,False
base__s17__5000K_2.0gcc,17,4.0,inf,1.00987948426582,-1,0.7357234602586994,1.5297106203254358,1.5297106203254358,False
base__s17__5000K_2.0gcc,17,4.04,inf,1.0416854061702112,-1,0.6687282337070568,0.8299039596235216,0.8299039596235216,False
base__s17__5000K_2.0gcc,17,4.08,inf,1.0014178240799396,-1,0.7477261582709578,1.049593782272527,1.049593782272527,False
base__s17__5000K_2.0gcc,17,4.12,inf,1.0356623791781756,-1,0.6620347319124364,1.359202791253609,1.359202791253609,False
base__s17__5000K_2.0gcc,17,4.16,inf,1.0039081240581729,-1,0.7465904768783622,0.9433963087691299,0.9433963087691299,False
base__s17__5000K_2.0gcc,17,4.2,inf,1.0170535956713391,-1,0.7433646552555202,1.418555074294857,1.418555074294857,False
base__s17__5000K_2.0gcc,17,4.24,inf,1.0429744502901304,-1,0.6339699151334287,1.2216963137140318,1.2216963137140318,False
base__s17__5000K_2.0gcc,17,4.28,inf,1.0064532534266055,-1,0.7133624796159145,0.9730285229295148,0.9730285229295148,False
base__s17__5000K_2.0gcc,17,4.32,inf,1.032291363587335,-1,0.6666675311735251,1.0076502548426594,1.0076502548426594,False
base__s17__5000K_2.0gcc,17,4.36,inf,1.057760432678874,-1,0.7242092901782711,1.5921741617113807,1.5921741617113807,False
base__s17__5000K_2.0gcc,17,4.4,inf,1.029404645808441,-1,0.6801667297773177,0.7950756648006166,0.7950756648006166,False
base__s17__5000K_2.0gcc,17,4.44,inf,1.0287369620743678,-1,0.626258306440598,1.250553846500995,1.250553846500995,False
base__s17__5000K_2.0gcc,17,4.48,inf,0.9760185720579296,-1,0.7465799854906513,1.1151784533624005,1.1151784533624005,False
base__s17__5000K_2.0gcc,17,4.5200000000000005,inf,0.9580973611053312,-1,0.9557510675674564,1.1789362645102668,1.076247415248028,False
base__s17__5000K_2.0gcc,17,4.5600000000000005,inf,0.9830803224630228,-1,0.8514463009921382,1.1321267337687524,1.1321267337687524,False
base__s17__5000K_2.0gcc,17,4.6000000000000005,inf,1.0285590051110345,-1,0.7571999193670073,0.7969247741727019,0.7969247741727019,False
base__s17__5000K_2.0gcc,17,4.64,inf,1.0305613402044531,-1,0.6752951273993484,1.5514766263792992,1.5514766263792992,False
base__s17__5000K_2.0gcc,17,4.68,inf,1.0334988893453152,-1,0.8781726929446488,0.8682403829596146,0.8708572763325446,False
base__s17__5000K_2.0gcc,17,4.72,inf,1.049176552073577,-1,0.7132914155853809,2.1700529628275045,2.1700529628275045,False
base__s17__5000K_2.0gcc,17,4.76,inf,1.0284804016324274,-1,0.8443392061065381,0.7610430582816889,0.8250877865140878,False
base__s17__5000K_2.0gcc,17,4.8,inf,0.9961858984843138,-1,0.7818290669701833,1.2734164821815919,1.2734164821815919,False
base__s17__5000K_2.0gcc,17,4.84,inf,1.0265884457707477,-1,0.7534600037524228,0.9002836442979734,0.9002836442979734,False
base__s17__5000K_2.0gcc,17,4.88,inf,1.021293154326416,-1,0.7524422269804084,1.0775597695420296,1.0775597695420296,False
base__s17__5000K_2.0gcc,17,4.92,inf,1.045166926951384,-1,0.6859674186407375,1.0626287052190602,1.0626287052190602,False
base__s17__5000K_2.0gcc,17,4.96,inf,1.042759646387412,-1,0.6965719696675003,4.414478655035235,4.414478655035235,False
base__s17__5000K_2.0gcc,17,5.0,inf,1.0588448780543824,-1,0.6013315892176866,0.8896776837149769,0.8896776837149769,False
base__s17__5000K_2.0gcc,17,5.04,inf,1.0510563649038998,-1,0.6608760094140352,1.717819019743508,1.717819019743508,False
base__s17__5000K_2.0gcc,17,5.08,inf,0.9855362106432212,-1,0.7753395888361669,1.5436468490695623,1.5436468490695623,False
base__s17__5000K_2.0gcc,17,5.12,inf,0.944162923226177,-1,1.8852909478602846,2.269176021920225,2.006676804270554,False
base__s17__5000K_2.0gcc,17,5.16,inf,1.013538395294919,-1,1.2509466110018816,1.4879099674078797,1.2509466110018816,False
base__s17__5000K_2.0gcc,17,5.2,inf,0.9779292002767888,-1,0.8579335660470768,1.5803711703340715,1.5803711703340715,False
base__s17__5000K_2.0gcc,17,5.24,inf,1.0215819022976087,-1,0.6894189996004284,1.0040402207498618,1.0040402207498618,False
base__s17__5000K_2.0gcc,17,5.28,inf,0.9887224739450402,-1,0.7264167013771508,5.132826494579436,5.132826494579436,False
base__s17__5000K_2.0gcc,17,5.32,inf,1.0553182799752874,-1,0.6749366160287779,0.9836159505458812,0.9836159505458812,False
base__s17__5000K_2.0gcc,17,5.36,inf,0.9896783339272418,-1,0.7012091156096437,3.9988339837585287,3.9988339837585287,False
base__s17__5000K_2.0gcc,17,5.4,inf,1.050975096030824,-1,0.6572790390049847,1.5994868633422097,1.5994868633422097,False
base__s17__5000K_2.0gcc,17,5.44,inf,1.0399633717323893,-1,0.6495484186503002,1.2535875612051837,1.2535875612051837,False
base__s17__5000K_2.0gcc,17,5.48,inf,1.053886068931552,-1,0.6729572166585278,1.1585676589700906,1.1585676589700906,False
base__s17__5000K_2.0gcc,17,5.5200000000000005,inf,1.0202568641758794,-1,0.6695388715224759,0.8835669760999515,0.8835669760999515,False
base__s17__5000K_2.0gcc,17,5.5600000000000005,inf,1.050605345244826,-1,0.649068763145629,1.1660781074946067,1.1660781074946067,False
base__s17__5000K_2.0gcc,17,5.6000000000000005,inf,1.037384180934913,-1,0.691241085277577,0.9172193885131467,0.9172193885131467,False
base__s17__5000K_2.0gcc,17,5.64,inf,1.0084289294055382,-1,0.6512848153166733,1.1949325843804335,1.1949325843804335,False
base__s17__5000K_2.0gcc,17,5.68,inf,1.0306668350272072,-1,0.7651706869128726,1.688971475403958,1.688971475403958,False
base__s17__5000K_2.0gcc,17,5.72,inf,1.0145803461185317,-1,0.6478258089148818,0.8190640683309391,0.8190640683309391,False
base__s17__5000K_2.0gcc,17,5.76,inf,1.0126842651103054,-1,0.6319186032331757,0.9464507052195137,0.9464507052195137,False
base__s17__5000K_2.0gcc,17,5.8,inf,1.039790751590434,-1,0.7747179323884248,1.1479309124733021,1.1479309124733021,False
base__s17__5000K_2.0gcc,17,5.84,inf,1.030809959368361,-1,0.6318011173456697,1.0593022562169958,1.0593022562169958,False
base__s17__5000K_2.0gcc,17,5.88,inf,1.0837696474514318,-1,0.6930989375297484,1.806323744653821,1.806323744653821,False
base__s17__5000K_2.0gcc,17,5.92,inf,1.0438979084067557,-1,0.6863624609506729,1.3423045082727654,1.3423045082727654,False
base__s17__5000K_2.0gcc,17,5.96,inf,1.020982353814207,-1,0.658693811839405,1.539146420758566,1.539146420758566,False
base__s17__5000K_2.0gcc,17,6.0,inf,1.036164039906327,-1,0.6528284995050789,1.193477998297767,1.193477998297767,False
base__s17__5000K_2.0gcc,17,6.04,inf,1.048142721555132,-1,0.7845486384154396,1.0238007668605624,1.0238007668605624,False
base__s17__5000K_2.0gcc,17,6.08,inf,1.068780946983056,-1,0.8181852990880799,1.081209259781911,1.081209259781911,False
base__s17__5000K_2.0gcc,17,6.12,inf,1.0516803398300263,-1,0.6888836590643812,1.0275345004203982,1.0275345004203982,False
base__s17__5000K_2.0gcc,17,6.16,inf,1.0307248681563872,-1,0.6637008232808569,1.944278344033576,1.944278344033576,False
base__s17__5000K_2.0gcc,17,6.2,inf,1.050105796183889,-1,0.5944586755860612,0.8065663229539796,0.8065663229539796,False
base__s17__5000K_2.0gcc,17,6.24,inf,1.026403818563142,-1,0.6236905657356082,1.2043282249863436,1.2043282249863436,False
base__s17__5000K_2.0gcc,17,6.28,inf,1.0354453946423243,-1,0.6351142437812012,0.8397370853651515,0.8397370853651515,False
base__s17__5000K_2.0gcc,17,6.32,inf,0.9986239827402504,-1,0.7596861032981285,0.899659440913388,0.899659440913388,False
base__s17__5000K_2.0gcc,17,6.36,inf,1.0344641459407862,-1,0.6635418274358973,1.3954114005540617,1.3954114005540617,False
base__s17__5000K_2.0gcc,17,6.4,inf,1.0411086580074145,-1,0.7797409262623234,1.559969166853041,1.559969166853041,False
base__s17__5000K_2.0gcc,17,6.44,inf,0.944892864035918,-1,1.5829176387419057,2.0525650339882175,1.614963093160838,False
base__s17__5000K_2.0gcc,17,6.48,inf,1.022200132054384,-1,0.7778519324756925,0.8494414603950652,0.8494414603950652,False
base__s17__5000K_2.0gcc,17,6.5200000000000005,inf,1.004447221014126,-1,0.8658649346281495,4.301924863620104,4.301924863620104,False
base__s17__5000K_2.0gcc,17,6.5600000000000005,inf,1.0030423883311206,-1,0.7482194131898975,8.071200100170518,8.071200100170518,False
base__s17__5000K_2.0gcc,17,6.6000000000000005,inf,1.008196240117469,-1,0.6410035678106137,1.458284168530946,1.458284168530946,False
base__s17__5000K_2.0gcc,17,6.640000000000001,inf,1.0650226835466932,-1,0.7816009670067885,1.9681349883835797,1.9681349883835797,False
base__s17__5000K_2.0gcc,17,6.68,inf,1.003770721299441,-1,0.7217106039354579,1.1507590235916787,1.1507590235916787,False
base__s17__5000K_2.0gcc,17,6.72,inf,1.052248805170146,-1,0.6447368633358936,1.3144097981049931,1.3144097981049931,False
base__s17__5000K_2.0gcc,17,6.76,inf,0.9879117314603568,-1,0.7403167510999314,1.7459740198664675,1.7459740198664675,False
base__s17__5000K_2.0gcc,17,6.8,inf,1.048471881807996,-1,0.7230590028696346,1.1137503039638659,1.1137503039638659,False
base__s17__5000K_2.0gcc,17,6.84,inf,0.9837784525684632,-1,0.7846815188173448,2.3331617354497913,2.3331617354497913,False
base__s17__5000K_2.0gcc,17,6.88,inf,1.0417485739433494,-1,0.7405863856015203,1.1661891068254362,1.1661891068254362,False
base__s17__5000K_2.0gcc,17,6.92,inf,1.0476142469449337,-1,0.6446774058832945,1.0731799107688897,1.0731799107688897,False
base__s17__5000K_2.0gcc,17,6.96,inf,0.9979025298174165,-1,0.6771352189526729,0.9707145068258812,0.9707145068258812,False
base__s17__5000K_2.0gcc,17,7.0,inf,1.0218823287208756,-1,0.7246965109071963,1.1042398876044186,1.1042398876044186,False
base__s17__5000K_2.0gcc,17,7.04,inf,0.9748764337601972,-1,1.1832710648953237,1.2575494652183683,1.2083520354762567,False
base__s17__5000K_2.0gcc,17,7.08,inf,1.0526978135637977,-1,0.6767545886375552,0.8568202465766206,0.8568202465766206,False
base__s17__5000K_2.0gcc,17,7.12,inf,1.0345905434996976,-1,0.6849499910046428,2.774941868743411,2.774941868743411,False
base__s17__5000K_2.0gcc,17,7.16,inf,1.0067780402278346,-1,0.7407613309965078,1.2038128096016196,1.2038128096016196,False
base__s17__5000K_2.0gcc,17,7.2,inf,1.0302799170060548,-1,0.6976835294012294,1.1139608708407576,1.1139608708407576,False
base__s17__5000K_2.0gcc,17,7.24,inf,1.0348862650924495,-1,0.7711717251104597,0.8933203941109996,0.7711717251104597,False
base__s17__5000K_2.0gcc,17,7.28,inf,1.021733367871481,-1,0.8785088103588589,2.8256980429762644,2.8256980429762644,False
base__s17__5000K_2.0gcc,17,7.32,inf,1.0291800678093217,-1,0.6638375108702901,1.223989651382282,1.223989651382282,False
base__s17__5000K_2.0gcc,17,7.36,inf,1.0412295069887332,-1,0.7029159982840306,1.208742403170151,1.208742403170151,False
base__s17__5000K_2.0gcc,17,7.4,inf,1.0115478957543238,-1,0.7970939567016104,6.4609076734374655,6.4609076734374655,False
base__s17__5000K_2.0gcc,17,7.44,inf,1.048883867556366,-1,0.7045790498767588,1.8617059025475513,1.8617059025475513,False
base__s17__5000K_2.0gcc,17,7.48,inf,0.99195539165529,-1,0.6585903966990003,1.0616050905480114,1.0616050905480114,False
base__s17__5000K_2.0gcc,17,7.52,inf,1.04092602977397,-1,0.7318150579863918,1.3082902989682244,1.3082902989682244,False
base__s17__5000K_2.0gcc,17,7.56,inf,1.0316173202554322,-1,0.6235402468240197,1.6214577786702278,1.6214577786702278,False
base__s17__5000K_2.0gcc,17,7.6,inf,1.012550361418137,-1,0.633599436127963,1.1429401242403878,1.1429401242403878,False
base__s17__5000K_2.0gcc,17,7.640000000000001,inf,1.048310592903172,-1,0.8136726146096388,1.8511535600217734,1.8511535600217734,False
base__s17__5000K_2.0gcc,17,7.68,inf,1.0142717121264897,-1,0.6907686934406485,0.9194543629872051,0.9194543629872051,False
base__s17__5000K_2.0gcc,17,7.72,inf,1.06031706857383,-1,0.6833962770748483,1.2593474486115128,1.2593474486115128,False
base__s17__5000K_2.0gcc,17,7.76,inf,1.0092810250083974,-1,0.7289885619222369,1.441298143865062,1.441298143865062,False
base__s17__5000K_2.0gcc,17,7.8,inf,0.97437195895664,-1,0.9539600857827605,1.0248382125002666,1.0248382125002666,False
base__s17__5000K_2.0gcc,17,7.84,inf,1.0037994528649632,-1,0.7086666623268161,1.3006025242347254,1.3006025242347254,False
base__s17__5000K_2.0gcc,17,7.88,inf,1.0503377293713676,-1,0.719698418653252,2.192477243349034,2.192477243349034,False
base__s17__5000K_2.0gcc,17,7.92,inf,1.0380230981529264,-1,0.6475378900295323,0.8964571942343327,0.8964571942343327,False
base__s17__5000K_2.0gcc,17,7.96,inf,1.0444959271122125,-1,0.6556174555669382,1.3946329777293967,1.3946329777293967,False
base__s17__5000K_2.0gcc,17,8.0,inf,1.0237032958846035,-1,0.9565946850572576,1.6857994548708706,1.6857994548708706,False
base__s17__5000K_2.0gcc,17,8.040000000000001,inf,1.0428790624626614,-1,0.6607440456459563,1.3992133802852635,1.3992133802852635,False
base__s17__5000K_2.0gcc,17,8.08,inf,1.0177622261584478,-1,0.643035197615734,1.1194891527837671,1.1194891527837671,False
base__s17__5000K_2.0gcc,17,8.120000000000001,inf,1.0429552965089153,-1,0.7026224323406799,1.1064028111746231,1.1064028111746231,False
base__s17__5000K_2.0gcc,17,8.16,inf,1.0496444263487512,-1,0.7761235942666703,1.006130640442969,1.006130640442969,False
base__s17__5000K_2.0gcc,17,8.2,inf,0.9750278545139108,-1,1.336136729831907,2.0143109372748045,2.0143109372748045,False
base__s17__5000K_2.0gcc,17,8.24,inf,1.0109818049416124,-1,0.6652336585892962,1.0849123102935838,1.0849123102935838,False
base__s17__5000K_2.0gcc,17,8.28,inf,0.9911624108661504,-1,0.8837238522546537,0.9917154006839857,0.9917154006839857,False
base__s17__5000K_2.0gcc,17,8.32,inf,1.0197331350039591,-1,0.7144833193970066,1.4202915519558867,1.4202915519558867,False
base__s17__5000K_2.0gcc,17,8.36,inf,1.0367266882110249,-1,0.7061168062533602,1.782619951863314,1.782619951863314,False
base__s17__5000K_2.0gcc,17,8.4,inf,1.0686944364124855,-1,0.7306597418907,1.0340010558548527,1.0340010558548527,False
base__s17__5000K_2.0gcc,17,8.44,inf,1.036833578368776,-1,0.7847663765564038,1.091261628648067,1.091261628648067,False
base__s17__5000K_2.0gcc,17,8.48,inf,1.010815649880333,-1,0.7637725340491491,1.2377819165562793,1.2377819165562793,False
base__s17__5000K_2.0gcc,17,8.52,inf,1.0268425253820568,-1,0.664007118314897,1.2066586811183893,1.2066586811183893,False
base__s17__5000K_2.0gcc,17,8.56,inf,1.030937727214405,-1,0.771918428000544,1.4645978965972315,1.4645978965972315,False
base__s17__5000K_2.0gcc,17,8.6,inf,1.047580280867295,-1,0.7113733080814699,6.94606217189141,6.94606217189141,False
base__s17__5000K_2.0gcc,17,8.64,inf,1.026551921873414,-1,0.8136534808931198,2.2478451484332007,2.2478451484332007,False
base__s17__5000K_2.0gcc,17,8.68,inf,1.037155721166788,-1,0.5975991828248378,1.2452722532458762,1.2452722532458762,False
base__s17__5000K_2.0gcc,17,8.72,inf,1.0356997269961985,-1,0.7076087992747018,1.812730585301555,1.812730585301555,False
base__s17__5000K_2.0gcc,17,8.76,inf,1.056484038536314,-1,0.7918182414910746,4.530822316009599,4.530822316009599,False
base__s17__5000K_2.0gcc,17,8.8,inf,1.030681767679044,-1,0.6710261516786209,1.1706934120575423,1.1706934120575423,False
base__s17__5000K_2.0gcc,17,8.84,inf,1.0355423380103783,-1,0.6667038063081775,1.3622695911103266,1.3622695911103266,False
base__s17__5000K_2.0gcc,17,8.88,inf,1.021572571799478,-1,0.7742334386530902,1.2771479571803963,1.2771479571803963,False
base__s17__5000K_2.0gcc,17,8.92,inf,0.9925032144663312,-1,1.0701166183054895,1.3801271497130991,1.3801271497130991,False
base__s17__5000K_2.0gcc,17,8.96,inf,0.9996021440203096,-1,0.7075776193207556,0.9820337024547274,0.9820337024547274,False
base__s17__5000K_2.0gcc,17,9.0,inf,1.0039042553555593,-1,0.8198607339670808,0.7654056308926246,0.8198607339670808,False
base__s17__5000K_2.0gcc,17,9.04,inf,1.0391747117621757,-1,0.6305919556833608,1.6159816118461392,1.6159816118461392,False
base__s17__5000K_2.0gcc,17,9.08,inf,1.0080040363178118,-1,0.650220260677712,1.5125511051903113,1.5125511051903113,False
base__s17__5000K_2.0gcc,17,9.12,inf,1.031829564157279,-1,0.7515281475588432,1.059257474838722,1.059257474838722,False
base__s17__5000K_2.0gcc,17,9.16,inf,0.9982850815288188,-1,0.9340694181148679,1.2757337769609955,1.2757337769609955,False
base__s17__5000K_2.0gcc,17,9.2,inf,1.0198316713193407,-1,0.6720466580025019,1.2745316302818308,1.2745316302818308,False
base__s17__5000K_2.0gcc,17,9.24,inf,1.0379567473271705,-1,0.6654161734554656,1.562249343292565,1.562249343292565,False
base__s17__5000K_2.0gcc,17,9.28,inf,0.9853197612394666,-1,0.7991582347567534,1.6431318090080764,1.6431318090080764,False
base__s17__5000K_2.0gcc,17,9.32,inf,1.012309560284797,-1,0.6371343004168537,1.2362256331488575,1.2362256331488575,False
base__s17__5000K_2.0gcc,17,9.36,inf,1.0620841919928008,-1,0.6767357256114559,0.9207426034627655,0.9207426034627655,False
base__s17__5000K_2.0gcc,17,9.4,inf,1.0528091731225555,-1,0.6794737954445752,0.9772334924247682,0.9772334924247682,False
base__s17__5000K_2.0gcc,17,9.44,inf,0.9745612446229328,-1,1.183274248318569,1.3639677263969645,1.2219469127379514,False
base__s17__5000K_2.0gcc,17,9.48,inf,0.9962297585125632,-1,0.6355204721594989,0.9765691477898926,0.9765691477898926,False
base__s17__5000K_2.0gcc,17,9.52,inf,1.0333273354237758,-1,0.6821127737098942,3.793458863514368,3.793458863514368,False
base__s17__5000K_2.0gcc,17,9.56,inf,1.0299111067431983,-1,0.6126074119518716,0.8894545865393866,0.8894545865393866,False
base__s17__5000K_2.0gcc,17,9.6,inf,1.027125236791016,-1,0.7960422614347022,1.5725819623653172,1.5725819623653172,False
base__s17__5000K_2.0gcc,17,9.64,inf,1.0353212853457614,-1,0.6273286805604545,1.0897631193044104,1.0897631193044104,False
base__s17__5000K_2.0gcc,17,9.68,inf,0.9944471874750314,-1,0.7154535778153415,2.41677336493731,2.41677336493731,False
base__s17__5000K_2.0gcc,17,9.72,inf,1.0103103774900073,-1,0.6549161346825169,1.1517512613968273,1.1517512613968273,False
base__s17__5000K_2.0gcc,17,9.76,inf,1.003290411052553,-1,0.6770837104633609,1.356925178570724,1.356925178570724,False
base__s17__5000K_2.0gcc,17,9.8,inf,1.0247593887318136,-1,0.6588801665061977,1.834377694687674,1.834377694687674,False
base__s17__5000K_2.0gcc,17,9.84,inf,1.0129125154785086,-1,0.7915104036203819,1.0702358922200115,1.0702358922200115,False
base__s17__5000K_2.0gcc,17,9.88,inf,1.0233668532031903,-1,0.6866429992402316,1.15185007789354,1.15185007789354,False
base__s17__5000K_2.0gcc,17,9.92,inf,1.0191903754515153,-1,0.739539528659525,1.1047086971991307,1.1047086971991307,False
base__s17__5000K_2.0gcc,17,9.96,inf,1.031611072694065,-1,0.638872115587954,1.1782713848260005,1.1782713848260005,False
base__s17__5000K_2.0gcc,17,10.0,inf,1.0114308160091818,-1,0.7318320970288641,1.4979392639031297,1.4979392639031297,False
base__s18__5000K_2.0gcc,18,0.0,5.77,1.0310702502254634,-1,0.8928044464759279,1.0000000000000064,1.0000000000000064,True
base__s18__5000K_2.0gcc,18,0.04,5.77,1.040767485722916,-1,0.6572474979166035,0.8133409486598037,0.8133409486598037,True
base__s18__5000K_2.0gcc,18,0.08,5.77,1.0238814059396726,-1,0.6771732928394931,0.8036183531405253,0.6771732928394931,True
base__s18__5000K_2.0gcc,18,0.12,5.77,1.0099591956816865,-1,0.8166654790290881,0.9655131488055162,0.9655131488055162,True
base__s18__5000K_2.0gcc,18,0.16,5.77,1.0464502237431064,-1,0.6941800325761761,0.9559773048378091,0.9559773048378091,True
base__s18__5000K_2.0gcc,18,0.2,5.77,1.02251573578943,-1,0.7069984689841796,0.8741801358111372,0.8741801358111372,True
base__s18__5000K_2.0gcc,18,0.24,5.77,1.0004869101697436,-1,0.7503799952851665,1.0484313998251698,1.0484313998251698,True
base__s18__5000K_2.0gcc,18,0.28,5.77,1.0269655036411889,-1,0.7534567767503402,0.7553435992096669,0.7553435992096669,True
base__s18__5000K_2.0gcc,18,0.32,5.77,0.9903303054506606,-1,1.0454393944357665,1.246615623662287,1.0872764919700078,True
base__s18__5000K_2.0gcc,18,0.36,5.77,1.023668863426548,-1,0.6968514292604042,1.4041276709958723,1.4041276709958723,True
base__s18__5000K_2.0gcc,18,0.4,5.77,1.034781201099537,-1,0.7357177883456086,0.9010675320963409,0.9010675320963409,True
base__s18__5000K_2.0gcc,18,0.44,5.77,1.0189289533868395,-1,0.6460759570501323,0.9834484693459394,0.9834484693459394,True
base__s18__5000K_2.0gcc,18,0.48,5.77,1.062750655143999,-1,0.6934111474777731,1.8074746790027114,1.8074746790027114,True
base__s18__5000K_2.0gcc,18,0.52,5.77,1.019078710786856,-1,0.7200602623141936,1.0303222748542298,1.0303222748542298,True
base__s18__5000K_2.0gcc,18,0.56,5.77,1.0772671092923054,-1,0.6380399275819875,0.8294003385934392,0.8294003385934392,True
base__s18__5000K_2.0gcc,18,0.6,5.77,1.031125716014298,-1,0.6769585852436633,0.8447903171332622,0.8319419965329351,True
base__s18__5000K_2.0gcc,18,0.64,5.77,1.0334433509046346,-1,0.6854970816516165,1.2054038870977415,1.2054038870977415,True
base__s18__5000K_2.0gcc,18,0.68,5.77,1.0208376339051184,-1,0.64072928560277,0.9107203595131136,0.9107203595131136,True
base__s18__5000K_2.0gcc,18,0.72,5.77,1.0218777603906444,-1,0.6451522018780868,1.1033836081193862,1.1033836081193862,True
base__s18__5000K_2.0gcc,18,0.76,5.77,1.027707100188083,-1,0.6571310687857544,0.8867858839692179,0.8867858839692179,True
base__s18__5000K_2.0gcc,18,0.8,5.77,1.0374860667965615,-1,0.7239901638988463,1.0684177025752395,1.0684177025752395,True
base__s18__5000K_2.0gcc,18,0.84,5.77,1.0709918196050787,-1,0.6553591533782603,1.1762711031854685,1.1762711031854685,True
base__s18__5000K_2.0gcc,18,0.88,5.77,1.0034906845013565,-1,0.6501615353258643,0.8778307692267806,0.8778307692267806,True
base__s18__5000K_2.0gcc,18,0.92,5.77,1.0156407820194098,-1,0.7115521844886536,0.7741960350421481,0.7507805093010942,True
base__s18__5000K_2.0gcc,18,0.96,5.77,1.0220053989407296,-1,0.832429012331511,0.898846745854249,0.898846745854249,True
base__s18__5000K_2.0gcc,18,1.0,5.77,1.0121699605481282,-1,0.6619289032748564,1.0210106804583958,1.0210106804583958,True
base__s18__5000K_2.0gcc,18,1.04,5.77,1.0362240483433096,-1,0.6463392086177491,0.7745847614210908,0.7745847614210908,True
base__s18__5000K_2.0gcc,18,1.08,5.77,0.9274606485075256,-1,2.8592658270964852,3.59707997682821,3.0358698468659626,True
base__s18__5000K_2.0gcc,18,1.12,5.77,1.0142368790977774,-1,0.6774611145082607,1.3236441814549444,1.3236441814549444,True
base__s18__5000K_2.0gcc,18,1.16,5.77,1.0588219005734627,-1,0.6985951265741511,1.1380712925963057,1.1380712925963057,True
base__s18__5000K_2.0gcc,18,1.2,5.77,1.0080709706310351,-1,0.7196901728927874,1.063148043372531,1.063148043372531,True
base__s18__5000K_2.0gcc,18,1.24,5.77,1.0275581852780895,-1,0.8505363761976312,0.8974104467193527,0.8974104467193527,True
base__s18__5000K_2.0gcc,18,1.28,5.77,1.016825194590496,-1,0.6434484288190019,0.8988074574620055,0.8988074574620055,True
base__s18__5000K_2.0gcc,18,1.32,5.77,1.0321980865541271,-1,0.7516854037712154,0.8680429900546571,0.8680429900546571,True
base__s18__5000K_2.0gcc,18,1.36,5.77,1.0610607966506918,-1,0.6242587781015951,0.7731872108102272,0.7642933857288364,True
base__s18__5000K_2.0gcc,18,1.4,5.77,1.048607181593756,-1,0.6704081401277704,0.9495121407859942,0.9495121407859942,True
base__s18__5000K_2.0gcc,18,1.44,5.77,1.016717782947166,-1,1.040168723969045,1.0783015540571717,1.0207806249799616,True
base__s18__5000K_2.0gcc,18,1.48,5.77,1.0169348770545723,-1,1.0409950152064564,1.4690928029011667,1.2951500698615344,True
base__s18__5000K_2.0gcc,18,1.52,5.77,0.9958432550567384,-1,0.7352186052751176,1.6781788989149842,1.6781788989149842,True
base__s18__5000K_2.0gcc,18,1.56,5.77,1.0289527118240174,-1,0.8830052344289042,0.8789379867520642,0.8789379867520642,True
base__s18__5000K_2.0gcc,18,1.6,5.77,1.0705807213143723,-1,0.6615688993322191,0.96076267911676,0.96076267911676,True
base__s18__5000K_2.0gcc,18,1.64,5.77,1.0364981943992948,-1,0.6010586592646991,1.3190260472364117,1.3190260472364117,True
base__s18__5000K_2.0gcc,18,1.68,5.77,1.021933430132316,-1,0.6350150560643774,1.0583387796247106,1.0583387796247106,True
base__s18__5000K_2.0gcc,18,1.72,5.77,1.0259605399731508,-1,0.6671092871319888,1.1661670310862151,1.1661670310862151,True
base__s18__5000K_2.0gcc,18,1.76,5.77,1.0445601447930126,-1,0.7378295070929826,1.4352229168620205,1.4352229168620205,True
base__s18__5000K_2.0gcc,18,1.8,5.77,1.050571614977294,-1,0.6620208276071751,1.1336593330620564,1.1336593330620564,True
base__s18__5000K_2.0gcc,18,1.84,5.77,1.0204705386305866,-1,0.6623443874458694,1.1869155820670492,1.1869155820670492,True
base__s18__5000K_2.0gcc,18,1.88,5.77,1.0375419237630832,-1,0.7733891749227327,1.3268278284805184,1.3268278284805184,True
base__s18__5000K_2.0gcc,18,1.92,5.77,1.020987998118489,-1,0.6951990263833359,2.0457176896812115,2.0457176896812115,True
base__s18__5000K_2.0gcc,18,1.96,5.77,1.0541355307691704,-1,0.7716438685842587,1.358806930557216,1.358806930557216,True
base__s18__5000K_2.0gcc,18,2.0,5.77,1.0025870565442183,-1,0.8470683570311491,1.0839231545343235,1.0839231545343235,True
base__s18__5000K_2.0gcc,18,2.04,5.77,1.023785470092734,-1,0.8533189880923704,1.0144533444892239,1.0144533444892239,True
base__s18__5000K_2.0gcc,18,2.08,5.77,1.0376225320442896,-1,0.6795781591521337,1.243862493651699,1.243862493651699,True
base__s18__5000K_2.0gcc,18,2.12,5.77,0.9993725828123364,-1,0.8086668899793853,0.8952981633913109,0.8952981633913109,True
base__s18__5000K_2.0gcc,18,2.16,5.77,1.0481802457597649,-1,0.6985931917757164,1.609422068673317,1.4253420121443547,True
base__s18__5000K_2.0gcc,18,2.2,5.77,1.046920286832288,-1,0.6970356558844537,0.951537628196742,0.951537628196742,True
base__s18__5000K_2.0gcc,18,2.24,5.77,0.9876088638332484,-1,0.7581241184690299,0.9332432294018664,0.9332432294018664,True
base__s18__5000K_2.0gcc,18,2.28,5.77,1.0211158861314416,-1,0.7437983288757295,0.8206598719687562,0.8131146077545438,True
base__s18__5000K_2.0gcc,18,2.32,5.77,1.0001446838257944,-1,0.7180067041514165,1.8183710997959708,1.8183710997959708,True
base__s18__5000K_2.0gcc,18,2.36,5.77,1.0007953146717867,-1,0.717790892831293,0.7849566935371305,0.7849566935371305,True
base__s18__5000K_2.0gcc,18,2.4,5.77,0.9759523911820698,-1,0.8753370602175243,1.0625504746205412,1.0625504746205412,True
base__s18__5000K_2.0gcc,18,2.44,5.77,1.0025155697673729,-1,0.6729195475730971,1.3256620440161364,1.3256620440161364,True
base__s18__5000K_2.0gcc,18,2.48,5.77,1.01074386897819,-1,0.7514752228677273,2.2315559559224547,2.2315559559224547,True
base__s18__5000K_2.0gcc,18,2.52,5.77,1.0220148817116126,-1,0.788986418075372,1.339013749050483,1.339013749050483,True
base__s18__5000K_2.0gcc,18,2.56,5.77,1.009811587208722,-1,0.7257178827068479,0.9711839486785487,0.9711839486785487,True
base__s18__5000K_2.0gcc,18,2.6,5.77,0.985514392246506,-1,0.7631895962717289,1.4217796077578135,1.4217796077578135,True
base__s18__5000K_2.0gcc,18,2.64,5.77,1.019085053931713,-1,0.7012254713333761,0.9999128411127695,0.9999128411127695,True
base__s18__5000K_2.0gcc,18,2.68,5.77,1.034358341602658,-1,0.637053245286702,1.9871378671367954,1.9871378671367954,True
base__s18__5000K_2.0gcc,18,2.72,5.77,1.0241382051217496,-1,0.6789575347976943,1.2852557388511818,1.2852557388511818,True
base__s18__5000K_2.0gcc,18,2.76,5.77,0.979535219199902,-1,1.3108358661469541,1.6277764995805417,1.4256621601248989,True
base__s18__5000K_2.0gcc,18,2.8000000000000003,5.77,0.9997879351812567,-1,0.7662511919416377,1.2272706203107633,1.2272706203107633,True
base__s18__5000K_2.0gcc,18,2.84,5.77,1.0316890359371853,-1,0.7057538496755746,0.8239294455380841,0.7812034485310493,True
base__s18__5000K_2.0gcc,18,2.88,5.77,1.0161529536373934,-1,0.7018952156999976,1.028633654284914,1.028633654284914,True
base__s18__5000K_2.0gcc,18,2.92,5.77,1.0281816965293635,-1,0.7356664242554238,0.8490985058723032,0.8490985058723032,True
base__s18__5000K_2.0gcc,18,2.96,5.77,1.042520372846497,-1,0.7128983026775884,1.7713774849114317,1.7713774849114317,True
base__s18__5000K_2.0gcc,18,3.0,5.77,0.9888593905267828,-1,0.7637113770917603,1.0136583551027734,1.0136583551027734,True
base__s18__5000K_2.0gcc,18,3.04,5.77,1.0367194975913208,-1,0.6864137063562763,4.426405383390156,4.426405383390156,True
base__s18__5000K_2.0gcc,18,3.08,5.77,1.014577308723687,-1,0.6595977926715246,1.1865238241562444,1.1865238241562444,True
base__s18__5000K_2.0gcc,18,3.12,5.77,1.0227677293838522,-1,0.8702990821346066,1.0772808664626026,1.0772808664626026,True
base__s18__5000K_2.0gcc,18,3.16,5.77,1.0475015300938704,-1,0.6816810551546768,2.813046844186237,2.813046844186237,True
base__s18__5000K_2.0gcc,18,3.2,5.77,0.992211048098639,-1,0.6433560851451162,0.9573989881613887,0.9573989881613887,True
base__s18__5000K_2.0gcc,18,3.24,5.77,0.9999436858118564,-1,0.8227523431589466,1.4475131889816306,1.4475131889816306,True
base__s18__5000K_2.0gcc,18,3.28,5.77,1.0005668836544606,-1,1.115684320162761,1.8595701248472345,1.8595701248472345,True
base__s18__5000K_2.0gcc,18,3.3200000000000003,5.77,1.0507794980042195,-1,0.7618661481013681,1.8292859174974017,1.8292859174974017,True
base__s18__5000K_2.0gcc,18,3.36,5.77,1.0021083193811928,-1,0.9994755489444062,3.141906567352232,3.141906567352232,True
base__s18__5000K_2.0gcc,18,3.4,5.77,1.046162639991508,-1,0.7382348075776224,2.885033475748788,2.885033475748788,True
base__s18__5000K_2.0gcc,18,3.44,5.77,1.010974252626149,-1,0.6484781825168795,1.0372689181210455,1.0372689181210455,True
base__s18__5000K_2.0gcc,18,3.48,5.77,0.9851493367510336,-1,1.037667023989488,1.2711983225566759,1.0350625638488948,True
base__s18__5000K_2.0gcc,18,3.52,5.77,1.0572086048798506,-1,0.7215520946963215,1.365103831801129,1.365103831801129,True
base__s18__5000K_2.0gcc,18,3.56,5.77,1.0889133612983168,-1,0.5726520102508416,1.348231836778254,1.348231836778254,True
base__s18__5000K_2.0gcc,18,3.6,5.77,1.0208180339600197,-1,0.6614368056501319,1.0525984031486708,1.0525984031486708,True
base__s18__5000K_2.0gcc,18,3.64,5.77,1.0307388772919164,-1,0.710243711903283,0.9141825957245844,0.9141825957245844,True
base__s18__5000K_2.0gcc,18,3.68,5.77,1.030488471903495,-1,0.8551457469795078,0.833201701383204,0.8551457469795078,True
base__s18__5000K_2.0gcc,18,3.72,5.77,0.986582794067482,-1,0.9559323797758011,1.1258534615474007,0.9695558923003619,True
base__s18__5000K_2.0gcc,18,3.76,5.77,1.05556405248521,-1,0.6923589066687081,1.3278472855275276,1.3278472855275276,True
base__s18__5000K_2.0gcc,18,3.8,5.77,1.0184199688856266,-1,0.6355191681985366,0.888058144202855,0.888058144202855,True
base__s18__5000K_2.0gcc,18,3.84,5.77,1.0135243555341924,-1,0.9247690543800127,1.0921802747691607,1.060378951901919,True
base__s18__5000K_2.0gcc,18,3.88,5.77,1.0326109230852638,-1,0.7362628389629023,2.1748032292645663,2.1748032292645663,True
base__s18__5000K_2.0gcc,18,3.92,5.77,1.027918059838428,-1,0.6603840381136847,1.7064166524569366,1.7064166524569366,True
base__s18__5000K_2.0gcc,18,3.96,5.77,1.004308016867833,-1,0.7186660404928287,7.037973327719881,7.037973327719881,True
base__s18__5000K_2.0gcc,18,4.0,5.77,0.9844156043475744,-1,0.7269107219900847,1.0055842501110877,1.0055842501110877,True
base__s18__5000K_2.0gcc,18,4.04,5.77,1.0347737543545446,-1,0.6979946547950003,1.1770850245153899,1.1770850245153899,True
base__s18__5000K_2.0gcc,18,4.08,5.77,1.021930462711627,-1,0.8136358984523515,1.0457149290754568,1.0457149290754568,True
base__s18__5000K_2.0gcc,18,4.12,5.77,0.9686447984008378,-1,0.864398140476659,2.241514356823113,2.241514356823113,True
base__s18__5000K_2.0gcc,18,4.16,5.77,1.0398046250911757,-1,0.7763965611441593,1.4541535505582242,1.4541535505582242,True
base__s18__5000K_2.0gcc,18,4.2,5.77,1.0375210006342042,-1,0.7290682080646018,1.7775073214721586,1.7775073214721586,True
base__s18__5000K_2.0gcc,18,4.24,5.77,1.0322505973560876,-1,0.6626380289037138,0.99721627068623,0.99721627068623,True
base__s18__5000K_2.0gcc,18,4.28,5.77,1.050271674086756,-1,0.7023561464346708,1.1725605859549373,1.1725605859549373,True
base__s18__5000K_2.0gcc,18,4.32,5.77,1.0087037853949,-1,0.6721803182558171,1.223995046030109,1.223995046030109,True
base__s18__5000K_2.0gcc,18,4.36,5.77,1.008178135074849,-1,0.7286588618531218,9.205582964240993,9.205582964240993,True
base__s18__5000K_2.0gcc,18,4.4,5.77,1.041824205756902,-1,0.7903121771838395,3.8449746812802736,3.8449746812802736,True
base__s18__5000K_2.0gcc,18,4.44,5.77,0.9702452180232586,-1,1.2050975153442443,1.5119168685949416,1.2974357853047376,True
base__s18__5000K_2.0gcc,18,4.48,5.77,1.0625126524300783,-1,0.9567758356095972,2.7964087686417995,2.7964087686417995,True
base__s18__5000K_2.0gcc,18,4.5200000000000005,5.77,1.050686490461355,-1,0.6066355741081285,1.6418477082874887,1.6418477082874887,True
base__s18__5000K_2.0gcc,18,4.5600000000000005,5.77,1.0362359271174684,-1,0.5936299824925839,1.2207058432996525,1.2207058432996525,True
base__s18__5000K_2.0gcc,18,4.6000000000000005,5.77,1.0422404137424337,-1,0.6847327287813011,1.0312187147621636,1.0312187147621636,True
base__s18__5000K_2.0gcc,18,4.64,5.77,1.00947741849979,-1,0.6676052386258224,1.5372743341902144,1.5372743341902144,True
base__s18__5000K_2.0gcc,18,4.68,5.77,1.0492770033856649,-1,0.6256512836112871,1.0444208576346667,1.0444208576346667,True
base__s18__5000K_2.0gcc,18,4.72,5.77,1.038696596090986,-1,0.7259792570189669,0.9564972105843225,0.9564972105843225,True
base__s18__5000K_2.0gcc,18,4.76,5.77,1.0006198532254895,-1,0.7619708613321269,2.1291777715584996,2.1291777715584996,True
base__s18__5000K_2.0gcc,18,4.8,5.77,1.0339010928909014,-1,0.7293653855714273,1.6189341158596409,1.6189341158596409,True
base__s18__5000K_2.0gcc,18,4.84,5.77,1.0361515566957378,-1,0.665063156459798,0.882281720854267,0.882281720854267,True
base__s18__5000K_2.0gcc,18,4.88,5.77,1.0408482934035106,-1,0.7016399568084812,1.0487649828163843,1.0487649828163843,True
base__s18__5000K_2.0gcc,18,4.92,5.77,1.0325106135265634,-1,0.7855179505500135,1.0886945404868673,1.0886945404868673,True
base__s18__5000K_2.0gcc,18,4.96,5.77,1.0385491378225684,-1,0.70014970466676,3.8083739308907645,3.8083739308907645,True
base__s18__5000K_2.0gcc,18,5.0,5.77,1.0531303877322125,-1,0.6865574257656879,0.8626674756675055,0.8626674756675055,True
base__s18__5000K_2.0gcc,18,5.04,5.77,1.0109461815650729,-1,0.6551356338186495,1.3396576131540958,1.3396576131540958,True
base__s18__5000K_2.0gcc,18,5.08,5.77,1.0324546145419662,-1,0.6780400954405742,0.9210069743774174,0.8057048623103193,True
base__s18__5000K_2.0gcc,18,5.12,5.77,1.0564301593541334,-1,0.6615475949544,1.149086693270187,1.149086693270187,True
base__s18__5000K_2.0gcc,18,5.16,5.77,1.0381490510750369,-1,0.5983833553428599,0.7922904239899357,0.7922904239899357,True
base__s18__5000K_2.0gcc,18,5.2,5.77,0.9991539465597886,-1,0.9338999145938072,1.7408684524497289,1.7408684524497289,True
base__s18__5000K_2.0gcc,18,5.24,5.77,1.0356972385291947,-1,0.8597851002646388,5.177038314215414,5.177038314215414,True
base__s18__5000K_2.0gcc,18,5.28,5.77,1.0152505009700807,-1,0.6741881106511143,1.489790975493794,1.489790975493794,True
base__s18__5000K_2.0gcc,18,5.32,5.77,1.034552539341043,-1,0.6679966251810819,1.3570795455362052,1.3570795455362052,True
base__s18__5000K_2.0gcc,18,5.36,5.77,1.0511491786311782,-1,0.6940836702788087,1.5593626003397358,1.5593626003397358,True
base__s18__5000K_2.0gcc,18,5.4,5.77,1.004868320696299,-1,0.668726555512755,1.6111908168058438,1.6111908168058438,True
base__s18__5000K_2.0gcc,18,5.44,5.77,1.0400307024968058,-1,0.7153653341488768,1.119497762106917,1.119497762106917,True
base__s18__5000K_2.0gcc,18,5.48,5.77,1.0228275235962323,-1,0.6863152084764081,1.438851811679018,1.438851811679018,True
base__s18__5000K_2.0gcc,18,5.5200000000000005,5.77,1.0207549516010197,-1,0.6840604212470758,1.016122234476729,1.016122234476729,True
base__s18__5000K_2.0gcc,18,5.5600000000000005,5.77,1.0378103687851654,-1,0.7516507671323842,1.01811165775491,1.01811165775491,True
base__s18__5000K_2.0gcc,18,5.6000000000000005,5.77,1.02316811227139,-1,0.6965565643102499,0.9074598992161071,0.9074598992161071,True
base__s18__5000K_2.0gcc,18,5.64,5.77,0.939099234007248,-1,2.592811234160279,3.1391553477245155,2.780895017137719,True
base__s18__5000K_2.0gcc,18,5.68,5.77,1.0497451081615008,-1,0.6386878556566847,0.830836101851497,0.830836101851497,True
base__s18__5000K_2.0gcc,18,5.72,5.77,1.0154064448022766,-1,0.6001987391675054,1.1105395068001243,1.1105395068001243,True
base__s18__5000K_2.0gcc,18,5.76,5.77,1.046709759868991,-1,0.6855054370427325,8.82823509363651,8.82823509363651,True
base__s19__5000K_2.0gcc,19,0.0,inf,1.0310702502254634,-1,0.8928044464759279,1.0000000000000064,1.0000000000000064,False
base__s19__5000K_2.0gcc,19,0.04,inf,1.0010334640110692,-1,0.6462814153424161,1.1075659208117163,1.1075659208117163,False
base__s19__5000K_2.0gcc,19,0.08,inf,1.0244726331991494,-1,0.7111949200597196,0.9807994739813161,0.9807994739813161,False
base__s19__5000K_2.0gcc,19,0.12,inf,1.0389741388364764,-1,0.6831902548847302,1.0818669381802901,1.0818669381802901,False
base__s19__5000K_2.0gcc,19,0.16,inf,1.025413445018642,-1,0.8309211995032534,1.8203117948962757,1.8203117948962757,False
base__s19__5000K_2.0gcc,19,0.2,inf,1.0295796815094005,-1,0.7117124896376827,1.0707373984369295,1.0707373984369295,False
base__s19__5000K_2.0gcc,19,0.24,inf,0.9969354653542016,-1,0.8753172723565283,0.9823540796798044,0.8568077797176652,False
base__s19__5000K_2.0gcc,19,0.28,inf,1.0215155708627253,-1,0.7360942091492501,1.0142460362133263,1.0142460362133263,False
base__s19__5000K_2.0gcc,19,0.32,inf,1.0131427490546432,-1,0.6419173477353096,0.7917622351763419,0.7917622351763419,False
base__s19__5000K_2.0gcc,19,0.36,inf,1.0054586875993463,-1,0.6579166447526983,1.010982043203096,1.010982043203096,False
base__s19__5000K_2.0gcc,19,0.4,inf,1.0364384111151994,-1,0.6221833095843581,0.9559814106074584,0.9559814106074584,False
base__s19__5000K_2.0gcc,19,0.44,inf,1.0266573332056803,-1,0.6665131282211852,1.0478026296268033,1.0478026296268033,False
base__s19__5000K_2.0gcc,19,0.48,inf,0.962446437040524,-1,1.1511356868473115,1.494856532493831,1.3744980451387658,False
base__s19__5000K_2.0gcc,19,0.52,inf,1.0661166552732395,-1,0.6417308586413479,1.2762315892940335,1.2762315892940335,False
base__s19__5000K_2.0gcc,19,0.56,inf,1.0098845235396976,-1,0.7791969928055522,0.9986260557128294,0.9986260557128294,False
base__s19__5000K_2.0gcc,19,0.6,inf,1.0152625015910908,-1,0.7468977586555059,1.23527785664968,1.23527785664968,False
base__s19__5000K_2.0gcc,19,0.64,inf,1.0305432318180543,-1,0.6369231030708724,1.3093635029458615,1.3093635029458615,False
base__s19__5000K_2.0gcc,19,0.68,inf,1.0274667592506337,-1,0.6813395365428474,0.7931793557184476,0.7931793557184476,False
base__s19__5000K_2.0gcc,19,0.72,inf,1.0581398989150728,-1,0.7059202012959503,0.8630111997571082,0.8630111997571082,False
base__s19__5000K_2.0gcc,19,0.76,inf,1.0134523138983895,-1,0.7113145040148554,0.9029661365077507,0.9029661365077507,False
base__s19__5000K_2.0gcc,19,0.8,inf,1.0393892316533782,-1,0.7741125268914107,1.3840772406890807,1.3840772406890807,False
base__s19__5000K_2.0gcc,19,0.84,inf,1.0007778188474197,-1,0.6666246089927277,3.630033492693259,3.630033492693259,False
base__s19__5000K_2.0gcc,19,0.88,inf,1.00602367051725,-1,0.7247190615198903,1.1459889191916912,1.1459889191916912,False
base__s19__5000K_2.0gcc,19,0.92,inf,1.0569825586763484,-1,0.6393589836992517,0.906202489819336,0.906202489819336,False
base__s19__5000K_2.0gcc,19,0.96,inf,0.989957695571381,-1,0.7276113150837026,1.89006543943228,1.89006543943228,False
base__s19__5000K_2.0gcc,19,1.0,inf,1.0475784219102633,-1,0.6844303560704086,1.3312874831715136,1.3312874831715136,False
base__s19__5000K_2.0gcc,19,1.04,inf,1.0405784365572834,-1,0.6321493939969619,1.0137613767462574,1.0137613767462574,False
base__s19__5000K_2.0gcc,19,1.08,inf,1.0100070734336462,-1,0.7436537794753322,1.0137609719370224,1.0137609719370224,False
base__s19__5000K_2.0gcc,19,1.12,inf,1.0159254214429323,-1,0.6837657999757744,1.1096356494455057,1.1096356494455057,False
base__s19__5000K_2.0gcc,19,1.16,inf,1.020309388824292,-1,0.6136677543739913,2.1804299531932516,2.1804299531932516,False
base__s19__5000K_2.0gcc,19,1.2,inf,1.0134591094479355,-1,0.7320114864375414,1.508960737549653,1.508960737549653,False
base__s19__5000K_2.0gcc,19,1.24,inf,0.9935805139921984,-1,1.1647078911036197,1.2411718579452602,1.2411718579452602,False
base__s19__5000K_2.0gcc,19,1.28,inf,0.9730545513613308,-1,0.8375591161063696,1.202041719938596,1.202041719938596,False
base__s19__5000K_2.0gcc,19,1.32,inf,0.9931156800866654,-1,0.7233383946301503,0.7852283011617732,0.7261917678934766,False
base__s19__5000K_2.0gcc,19,1.36,inf,1.023006599402956,-1,0.6889177642273123,6.453560298706674,6.453560298706674,False
base__s19__5000K_2.0gcc,19,1.4,inf,1.0617552387975298,-1,0.6201121532010188,0.8744243099802944,0.8744243099802944,False
base__s19__5000K_2.0gcc,19,1.44,inf,0.9808497347667476,-1,0.9940253235141295,1.2107168563012851,0.9940253235141295,False
base__s19__5000K_2.0gcc,19,1.48,inf,1.0062238799571397,-1,0.6897836143453853,0.9738065969816587,0.9738065969816587,False
base__s19__5000K_2.0gcc,19,1.52,inf,1.026832722755756,-1,0.7261402720657226,0.8978274188774206,0.8978274188774206,False
base__s19__5000K_2.0gcc,19,1.56,inf,1.020198661666443,-1,0.764435436939549,1.0917583056101425,1.0917583056101425,False
base__s19__5000K_2.0gcc,19,1.6,inf,1.0370762897959824,-1,0.7033717691370417,1.0463970055073601,1.0463970055073601,False
base__s19__5000K_2.0gcc,19,1.64,inf,0.9924618844137038,-1,0.8580269837757581,1.254653502066222,1.254653502066222,False
base__s19__5000K_2.0gcc,19,1.68,inf,1.0011379772408997,-1,0.7542492743576947,0.8758720983320328,0.8359516738277597,False
base__s19__5000K_2.0gcc,19,1.72,inf,1.016694770936194,-1,0.615933995982045,1.131705736563312,1.131705736563312,False
base__s19__5000K_2.0gcc,19,1.76,inf,1.0101231012757796,-1,0.6870772717552601,0.8315613608649131,0.8315613608649131,False
base__s19__5000K_2.0gcc,19,1.8,inf,0.9715420665781798,-1,0.8780199299933436,1.12419413054768,0.9782152522922963,False
base__s19__5000K_2.0gcc,19,1.84,inf,1.0269377244706708,-1,0.6642621378743616,1.6542300858739813,1.6542300858739813,False
base__s19__5000K_2.0gcc,19,1.88,inf,1.047753390269867,-1,0.696287937523748,1.112081367207701,1.112081367207701,False
base__s19__5000K_2.0gcc,19,1.92,inf,1.0352527152893645,-1,0.7113821296811624,0.759070266536808,0.7113821296811624,False
base__s19__5000K_2.0gcc,19,1.96,inf,0.9677130696198124,-1,1.098804704523211,1.3639334884078422,1.1870891995032835,False
base__s19__5000K_2.0gcc,19,2.0,inf,1.0051500389837316,-1,0.7302961248013542,5.4435673924043355,5.4435673924043355,False
base__s19__5000K_2.0gcc,19,2.04,inf,1.0535271810608395,-1,0.7010863150335389,0.7794508363496301,0.7794508363496301,False
base__s19__5000K_2.0gcc,19,2.08,inf,0.9904740727813118,-1,0.7423094878451353,0.8841745845689152,0.8197066807887303,False
base__s19__5000K_2.0gcc,19,2.12,inf,1.014990889207385,-1,0.6729052618183494,1.0015326804934959,1.0015326804934959,False
base__s19__5000K_2.0gcc,19,2.16,inf,1.0431597969251878,-1,0.7510926008400566,0.9132234274749973,0.9132234274749973,False
base__s19__5000K_2.0gcc,19,2.2,inf,1.018425484627128,-1,0.5976289880367276,0.915003139077319,0.915003139077319,False
base__s19__5000K_2.0gcc,19,2.24,inf,1.0629279994679792,-1,0.7024993021071143,1.0651610493521346,1.0651610493521346,False
base__s19__5000K_2.0gcc,19,2.28,inf,1.0357333962009727,-1,0.6806072479849616,0.9465429371639141,0.9465429371639141,False
base__s19__5000K_2.0gcc,19,2.32,inf,1.0457794017004738,-1,0.7691456847930411,1.2242419572658103,1.2242419572658103,False
base__s19__5000K_2.0gcc,19,2.36,inf,1.0338913516119566,-1,0.7596381429540718,1.0425289945037934,1.0425289945037934,False
base__s19__5000K_2.0gcc,19,2.4,inf,1.058917449333988,-1,0.7021639496892635,0.7656227625988582,0.7656227625988582,False
base__s19__5000K_2.0gcc,19,2.44,inf,0.9949178841221016,-1,0.6216836418078504,0.980426323752315,0.980426323752315,False
base__s19__5000K_2.0gcc,19,2.48,inf,0.9898286697979608,-1,0.6587957131854818,0.9305010254915679,0.9305010254915679,False
base__s19__5000K_2.0gcc,19,2.52,inf,1.025222030311483,-1,0.7642654665180484,1.5436695370143898,1.5436695370143898,False
base__s19__5000K_2.0gcc,19,2.56,inf,1.003568150107406,-1,0.652147744382545,1.0337170553996733,1.0337170553996733,False
base__s19__5000K_2.0gcc,19,2.6,inf,0.9640542664113882,-1,1.150338755771821,1.321941927240605,1.149313909566013,False
base__s19__5000K_2.0gcc,19,2.64,inf,1.0070227410669537,-1,0.6699064349726813,0.8280181318903954,0.8280181318903954,False
base__s19__5000K_2.0gcc,19,2.68,inf,1.0258636492443822,-1,0.7313050744229275,0.7543710527659773,0.7313050744229275,False
base__s19__5000K_2.0gcc,19,2.72,inf,1.0148195103968,-1,0.6715077305148273,1.0856888821909192,1.0856888821909192,False
base__s19__5000K_2.0gcc,19,2.76,inf,1.007435846614562,-1,0.648466553329315,0.8787727710868847,0.8787727710868847,False
base__s19__5000K_2.0gcc,19,2.8000000000000003,inf,1.0476959756126771,-1,0.6140631723294555,1.08331581530307,1.08331581530307,False
base__s19__5000K_2.0gcc,19,2.84,inf,1.010254414898543,-1,0.6525084552065465,0.8020687817828346,0.8020687817828346,False
base__s19__5000K_2.0gcc,19,2.88,inf,1.0357188389789964,-1,0.7652795091557276,0.7420279789915936,0.7652795091557276,False
base__s19__5000K_2.0gcc,19,2.92,inf,1.0045315189619484,-1,0.721068346626508,0.8330093998875603,0.8330093998875603,False
base__s19__5000K_2.0gcc,19,2.96,inf,1.0574628247030722,-1,0.685551198826005,1.048057176955014,1.048057176955014,False
base__s19__5000K_2.0gcc,19,3.0,inf,1.021475332370293,-1,0.7644634800778627,1.4385173798991935,1.4385173798991935,False
base__s19__5000K_2.0gcc,19,3.04,inf,1.0210751833459668,-1,0.6882278068892982,2.053987256488714,2.053987256488714,False
base__s19__5000K_2.0gcc,19,3.08,inf,1.01029860181483,-1,0.8047624052062192,1.0049476370364208,1.0049476370364208,False
base__s19__5000K_2.0gcc,19,3.12,inf,0.9923528292804934,-1,0.7525059862412331,1.2031961924961443,1.2031961924961443,False
base__s19__5000K_2.0gcc,19,3.16,inf,1.000341848522294,-1,0.6638618894675696,1.2558712933395355,1.2558712933395355,False
base__s19__5000K_2.0gcc,19,3.2,inf,1.025567870113919,-1,0.6798202554101868,1.1617572583539162,1.1617572583539162,False
base__s19__5000K_2.0gcc,19,3.24,inf,1.003007945719773,-1,0.6992038278039256,0.7674479062233528,0.7674479062233528,False
base__s19__5000K_2.0gcc,19,3.28,inf,1.0267878319618902,-1,0.7812177519613928,1.346933103622655,1.346933103622655,False
base__s19__5000K_2.0gcc,19,3.3200000000000003,inf,1.0074174296750085,-1,0.7724951517151101,0.9971628378846346,0.9971628378846346,False
base__s19__5000K_2.0gcc,19,3.36,inf,0.9977194895941444,-1,0.7087697926149754,0.8113200817927094,0.7709709039970941,False
base__s19__5000K_2.0gcc,19,3.4,inf,1.0398650220668064,-1,0.6580250161424873,1.1966091986366874,1.1966091986366874,False
base__s19__5000K_2.0gcc,19,3.44,inf,1.0023356366497196,-1,0.8858956806054612,0.9259523848688517,0.8858956806054612,False
base__s19__5000K_2.0gcc,19,3.48,inf,0.9846605212076897,-1,0.6678048480354993,0.8207315226139829,0.8192937119503805,False
base__s19__5000K_2.0gcc,19,3.52,inf,1.0009229649278708,-1,0.635576055241146,1.2302603029649206,1.2302603029649206,False
base__s19__5000K_2.0gcc,19,3.56,inf,1.0150206231693026,-1,0.8725581673303473,1.1915071337389989,1.1915071337389989,False
base__s19__5000K_2.0gcc,19,3.6,inf,1.0677290671092552,-1,0.6678337058468689,1.0185453806549605,1.0185453806549605,False
base__s19__5000K_2.0gcc,19,3.64,inf,1.0401596498369847,-1,0.7920738074049515,1.0367523299864014,1.0367523299864014,False
base__s19__5000K_2.0gcc,19,3.68,inf,1.0313958822358171,-1,0.750047331953584,0.9607855112334617,0.9607855112334617,False
base__s19__5000K_2.0gcc,19,3.72,inf,1.0406487352459524,-1,0.6805474354299363,2.5871033607960596,2.5871033607960596,False
base__s19__5000K_2.0gcc,19,3.76,inf,0.9719315270064036,-1,1.1300215763557522,1.2711622095157065,1.1870566417747546,False
base__s19__5000K_2.0gcc,19,3.8,inf,1.0341231283290202,-1,0.6295141728458706,1.6987309315774326,1.6987309315774326,False
base__s19__5000K_2.0gcc,19,3.84,inf,1.0304202661792905,-1,0.6811463820692545,1.0151765922603342,1.0151765922603342,False
base__s19__5000K_2.0gcc,19,3.88,inf,1.0325533292673073,-1,0.6896619006643834,1.7396461781990236,1.7396461781990236,False
base__s19__5000K_2.0gcc,19,3.92,inf,1.058071189617693,-1,0.6770139576874346,0.9639883856215408,0.9639883856215408,False
base__s19__5000K_2.0gcc,19,3.96,inf,1.0441067837764493,-1,0.6499628713651846,0.7436995760037013,0.7436995760037013,False
base__s19__5000K_2.0gcc,19,4.0,inf,1.0369675090773094,-1,0.6404949467879932,0.9839320937215495,0.9839320937215495,False
base__s19__5000K_2.0gcc,19,4.04,inf,1.0541450267947,-1,0.6830328505167904,0.9248705063023323,0.9248705063023323,False
base__s19__5000K_2.0gcc,19,4.08,inf,1.0160667263875935,-1,0.746543626200584,1.4054780962484779,1.4054780962484779,False
base__s19__5000K_2.0gcc,19,4.12,inf,1.0283243007174336,-1,0.6514102290125259,1.3891257422224736,1.3891257422224736,False
base__s19__5000K_2.0gcc,19,4.16,inf,1.0342429418714925,-1,0.6886525820711581,1.4640298714989324,1.4640298714989324,False
base__s19__5000K_2.0gcc,19,4.2,inf,1.018524874375192,-1,0.6795077505560306,1.0553537924359684,0.7853467777005603,False
base__s19__5000K_2.0gcc,19,4.24,inf,1.0185319442265912,-1,0.7027980983961928,1.0033992268120009,1.0033992268120009,False
base__s19__5000K_2.0gcc,19,4.28,inf,1.0296726270548326,-1,0.6920323978935827,6.78507298294503,6.78507298294503,False
base__s19__5000K_2.0gcc,19,4.32,inf,1.0142860105892226,-1,0.8053443958312185,1.1600775118098003,1.1600775118098003,False
base__s19__5000K_2.0gcc,19,4.36,inf,0.9999378646671008,-1,0.6708505945584822,0.9994709393750807,0.9994709393750807,False
base__s19__5000K_2.0gcc,19,4.4,inf,1.022076663123662,-1,0.7005492028368352,1.3919741676692432,1.3919741676692432,False
base__s19__5000K_2.0gcc,19,4.44,inf,1.0347348206985203,-1,0.6470777976602136,2.1879811908304916,2.1879811908304916,False
base__s19__5000K_2.0gcc,19,4.48,inf,1.018500024389789,-1,0.6942403083857296,2.3243273213063724,2.3243273213063724,False
base__s19__5000K_2.0gcc,19,4.5200000000000005,inf,1.03565095877955,-1,0.7709351376462772,1.7086965814087243,1.3187253833590566,False
base__s19__5000K_2.0gcc,19,4.5600000000000005,inf,1.0300534906469665,-1,0.6404569342600652,1.266322499919068,1.266322499919068,False
base__s19__5000K_2.0gcc,19,4.6000000000000005,inf,0.9651519822007312,-1,0.9841546843328756,2.0029450008569523,2.0029450008569523,False
base__s19__5000K_2.0gcc,19,4.64,inf,1.012013569610111,-1,0.6755454006773673,1.2625330515502966,1.2625330515502966,False
base__s19__5000K_2.0gcc,19,4.68,inf,1.0185706434032935,-1,0.6960933975953919,0.9505065706916703,0.9505065706916703,False
base__s19__5000K_2.0gcc,19,4.72,inf,1.0269600739152422,-1,0.7602665497609454,1.5283798773079391,1.5283798773079391,False
base__s19__5000K_2.0gcc,19,4.76,inf,1.0217245797503354,-1,0.6102001891582313,1.3631371711832316,1.3631371711832316,False
base__s19__5000K_2.0gcc,19,4.8,inf,1.0803198287363796,-1,0.7212791295411818,3.061974267900781,3.061974267900781,False
base__s19__5000K_2.0gcc,19,4.84,inf,1.0268315226920142,-1,0.7199316339068507,1.9597102385776395,1.9597102385776395,False
base__s19__5000K_2.0gcc,19,4.88,inf,1.0092091344513292,-1,0.6973009926178426,0.9905957462430776,0.9905957462430776,False
base__s19__5000K_2.0gcc,19,4.92,inf,0.9851842731900464,-1,1.2036233711408748,1.460171775925129,1.2435565067853172,False
base__s19__5000K_2.0gcc,19,4.96,inf,1.0704546288451462,-1,0.6906975646186984,1.2570765823823364,1.2570765823823364,False
base__s19__5000K_2.0gcc,19,5.0,inf,1.051083856354953,-1,0.6567764785781074,1.0853919805596508,1.0853919805596508,False
base__s19__5000K_2.0gcc,19,5.04,inf,1.014868445887939,-1,0.705802893850884,0.94970603615225,0.8911157092714271,False
base__s19__5000K_2.0gcc,19,5.08,inf,1.0072813709689068,-1,0.6772252690744042,2.9547663656469156,2.9547663656469156,False
base__s19__5000K_2.0gcc,19,5.12,inf,1.036094754674976,-1,0.6661215763348817,1.4499440366615142,1.4499440366615142,False
base__s19__5000K_2.0gcc,19,5.16,inf,1.0008874727165888,-1,0.8382325827282353,1.2587271501310278,1.2587271501310278,False
base__s19__5000K_2.0gcc,19,5.2,inf,1.0227205297250073,-1,0.707659542857267,0.9880165871478045,0.9880165871478045,False
base__s19__5000K_2.0gcc,19,5.24,inf,1.0259047621460775,-1,0.8234034353729864,2.870918045596434,2.870918045596434,False
base__s19__5000K_2.0gcc,19,5.28,inf,1.0391323773980867,-1,0.696175973479209,0.9743024675507062,0.9743024675507062,False
base__s19__5000K_2.0gcc,19,5.32,inf,1.0368737242355022,-1,0.7434984212472775,1.0923826272190795,1.0923826272190795,False
base__s19__5000K_2.0gcc,19,5.36,inf,1.0356923732194805,-1,0.6413947926760714,1.9681589073771804,1.9681589073771804,False
base__s19__5000K_2.0gcc,19,5.4,inf,1.02785210333637,-1,0.7798730922852861,3.5200005149693623,3.5200005149693623,False
base__s19__5000K_2.0gcc,19,5.44,inf,1.0052069545824875,-1,0.7438752334897392,2.3411564877058715,2.3411564877058715,False
base__s19__5000K_2.0gcc,19,5.48,inf,1.0395672506240274,-1,0.7881489896776687,1.9325983749453741,1.9325983749453741,False
base__s19__5000K_2.0gcc,19,5.5200000000000005,inf,1.0492264034125334,-1,0.6782529797813188,1.3284439227636475,1.3284439227636475,False
base__s19__5000K_2.0gcc,19,5.5600000000000005,inf,1.035734198785576,-1,0.7021011910543695,2.4764629310783306,2.4764629310783306,False
base__s19__5000K_2.0gcc,19,5.6000000000000005,inf,1.0307798345495511,-1,0.7317351134934683,1.0165642591808248,1.0165642591808248,False
base__s19__5000K_2.0gcc,19,5.64,inf,1.0356005400703503,-1,0.7124576281754927,4.475583206928192,4.475583206928192,False
base__s19__5000K_2.0gcc,19,5.68,inf,1.0113303766766826,-1,0.630012322389003,1.3387079034269234,1.3387079034269234,False
base__s19__5000K_2.0gcc,19,5.72,inf,1.008482058508231,-1,0.758031293577153,0.8694324709610936,0.8694324709610936,False
base__s19__5000K_2.0gcc,19,5.76,inf,1.0247447826200435,-1,0.7319099976810312,1.7945730731470733,1.7945730731470733,False
base__s19__5000K_2.0gcc,19,5.8,inf,1.0103306267811547,-1,0.6703491635834811,1.5950942799240013,1.5950942799240013,False
base__s19__5000K_2.0gcc,19,5.84,inf,1.028659355721807,-1,0.7396072695256058,1.2052061508430838,1.2052061508430838,False
base__s19__5000K_2.0gcc,19,5.88,inf,1.0157004770309994,-1,0.6333900764669614,0.9813804838854555,0.9813804838854555,False
base__s19__5000K_2.0gcc,19,5.92,inf,1.030228659947392,-1,0.6602798236728715,0.9456649907330247,0.9456649907330247,False
base__s19__5000K_2.0gcc,19,5.96,inf,1.0274247963101737,-1,0.6933631048827248,1.3128624984976887,1.3128624984976887,False
base__s19__5000K_2.0gcc,19,6.0,inf,1.0246299186950385,-1,0.6459522337437655,0.9334718454526996,0.9334718454526996,False
base__s19__5000K_2.0gcc,19,6.04,inf,1.0370032948226349,-1,0.6540760548022793,1.2141366212422653,1.2141366212422653,False
base__s19__5000K_2.0gcc,19,6.08,inf,1.027830999432786,-1,0.7293308962343368,3.3677372915091146,3.3677372915091146,False
base__s19__5000K_2.0gcc,19,6.12,inf,1.0112747532426591,-1,0.9628828439671162,3.599976528354302,3.599976528354302,False
base__s19__5000K_2.0gcc,19,6.16,inf,0.9762528163411364,-1,0.8504226988766416,2.1916628489239285,2.1916628489239285,False
base__s19__5000K_2.0gcc,19,6.2,inf,1.0231501112827974,-1,0.6925873257610033,1.5224108044576097,1.5224108044576097,False
base__s19__5000K_2.0gcc,19,6.24,inf,1.0301110160094409,-1,0.6169781441463514,1.225001141123255,1.225001141123255,False
base__s19__5000K_2.0gcc,19,6.28,inf,1.0163943815876788,-1,0.6899215421295889,0.935827121109863,0.935827121109863,False
base__s19__5000K_2.0gcc,19,6.32,inf,1.0433381106899144,-1,0.607045988169512,0.9481571185324116,0.9481571185324116,False
base__s19__5000K_2.0gcc,19,6.36,inf,1.0192047426876507,-1,0.6923301603602412,0.9781637324744077,0.9781637324744077,False
base__s19__5000K_2.0gcc,19,6.4,inf,1.013320355466128,-1,0.7166415345481953,1.4499768155549886,1.4499768155549886,False
base__s19__5000K_2.0gcc,19,6.44,inf,1.038902665017758,-1,0.6505580620608628,1.100811514908824,1.100811514908824,False
base__s19__5000K_2.0gcc,19,6.48,inf,1.05053284872297,-1,0.7348393449912942,1.681939223157982,1.681939223157982,False
base__s19__5000K_2.0gcc,19,6.5200000000000005,inf,1.027682767997011,-1,0.6697851843292637,1.1875010825725085,1.1875010825725085,False
base__s19__5000K_2.0gcc,19,6.5600000000000005,inf,1.0483051479402363,-1,0.6279996680375276,1.4280420394192799,1.4280420394192799,False
base__s19__5000K_2.0gcc,19,6.6000000000000005,inf,0.998537208897596,-1,0.7512095122939344,1.0302076835257894,1.0302076835257894,False
base__s19__5000K_2.0gcc,19,6.640000000000001,inf,0.9940379645008534,-1,0.6551872814097578,2.1143335925384497,2.1143335925384497,False
base__s19__5000K_2.0gcc,19,6.68,inf,1.025146387888579,-1,0.628375732257124,1.6676964745623237,1.6676964745623237,False
base__s19__5000K_2.0gcc,19,6.72,inf,1.054417293345002,-1,0.7174557161865192,1.290545914751769,1.290545914751769,False
base__s19__5000K_2.0gcc,19,6.76,inf,1.0314205508966745,-1,0.6338981521286282,0.9074361735112614,0.9074361735112614,False
base__s19__5000K_2.0gcc,19,6.8,inf,1.0169788200827992,-1,0.7712097635011319,1.5328954175736333,1.5328954175736333,False
base__s19__5000K_2.0gcc,19,6.84,inf,1.022357526951311,-1,0.702336614185415,1.129636564122076,1.129636564122076,False
base__s19__5000K_2.0gcc,19,6.88,inf,1.0310862548070363,-1,0.7015872768680287,1.3865819811230058,1.3865819811230058,False
base__s19__5000K_2.0gcc,19,6.92,inf,1.0456610302225091,-1,0.7249568004018684,5.892509422624597,5.892509422624597,False
base__s19__5000K_2.0gcc,19,6.96,inf,1.0251934495913444,-1,0.7432794225102126,0.9667634591695318,0.9667634591695318,False
base__s19__5000K_2.0gcc,19,7.0,inf,1.02158035526629,-1,0.7779225623914641,1.1366092932765972,1.1366092932765972,False
base__s19__5000K_2.0gcc,19,7.04,inf,1.028776261651191,-1,0.7820287239167201,1.2950007200983102,1.2950007200983102,False
base__s19__5000K_2.0gcc,19,7.08,inf,1.0377000227647686,-1,0.6475966179806223,1.0710424763737882,1.0710424763737882,False
base__s19__5000K_2.0gcc,19,7.12,inf,1.0057942961744215,-1,0.6776333800770711,1.349241954063605,1.349241954063605,False
base__s19__5000K_2.0gcc,19,7.16,inf,1.0327024813086298,-1,0.8834841877403887,1.5056651831828425,1.5056651831828425,False
base__s19__5000K_2.0gcc,19,7.2,inf,0.9834002868466142,-1,0.9854844107037835,1.173913308805376,1.173913308805376,False
base__s19__5000K_2.0gcc,19,7.24,inf,1.034674324879573,-1,0.6753843792695593,1.056803643695814,1.056803643695814,False
base__s19__5000K_2.0gcc,19,7.28,inf,1.012974351186149,-1,0.6782425468692663,1.222758232052526,1.222758232052526,False
base__s19__5000K_2.0gcc,19,7.32,inf,1.055346253591209,-1,0.642897015185269,1.066926205795544,1.066926205795544,False
base__s19__5000K_2.0gcc,19,7.36,inf,1.0225091509717656,-1,0.729269559229199,0.9315143713995047,0.9315143713995047,False
base__s19__5000K_2.0gcc,19,7.4,inf,1.044984766302839,-1,0.6108769824747917,1.001013486992012,1.001013486992012,False
base__s19__5000K_2.0gcc,19,7.44,inf,1.0270814281297271,-1,0.6908783440623794,3.9044704514841007,3.9044704514841007,False
base__s19__5000K_2.0gcc,19,7.48,inf,0.9986646994532248,-1,0.7571931911052312,1.2219201003940943,1.2219201003940943,False
base__s19__5000K_2.0gcc,19,7.52,inf,1.0278748781432496,-1,0.7058932007538574,3.334686758337748,3.334686758337748,False
base__s19__5000K_2.0gcc,19,7.56,inf,1.0402958919855447,-1,0.7303657134242731,1.4552525892410557,1.4552525892410557,False
base__s19__5000K_2.0gcc,19,7.6,inf,1.0489388230135253,-1,0.6919553277274789,1.258993170053472,1.258993170053472,False
base__s19__5000K_2.0gcc,19,7.640000000000001,inf,1.0212338907272906,-1,0.7958298862776974,2.125456732034336,2.125456732034336,False
base__s19__5000K_2.0gcc,19,7.68,inf,0.989578510458872,-1,0.7326802519378866,0.913901889529555,0.913901889529555,False
base__s19__5000K_2.0gcc,19,7.72,inf,1.0152541029343345,-1,0.9128297505447411,2.454892617916414,2.454892617916414,False
base__s19__5000K_2.0gcc,19,7.76,inf,1.0212681427269723,-1,0.6878620307812015,3.0363298183070766,3.0363298183070766,False
base__s19__5000K_2.0gcc,19,7.8,inf,1.019352864695538,-1,0.611724091732998,1.1129980307157912,1.1129980307157912,False
base__s19__5000K_2.0gcc,19,7.84,inf,1.0325499604324246,-1,0.6809707865790229,1.1441172325040854,1.1441172325040854,False
base__s19__5000K_2.0gcc,19,7.88,inf,0.9873128816023826,-1,0.6489793457331368,0.8056504296585988,0.8056504296585988,False
base__s19__5000K_2.0gcc,19,7.92,inf,0.9880655054494109,-1,0.7047258970649517,1.2404213088304492,1.2404213088304492,False
base__s19__5000K_2.0gcc,19,7.96,inf,1.0582080137595828,-1,0.7041044564509401,0.9648880475055585,0.9648880475055585,False
base__s19__5000K_2.0gcc,19,8.0,inf,1.0247808291898322,-1,0.6880649274277316,0.9887769046478212,0.9887769046478212,False
base__s19__5000K_2.0gcc,19,8.040000000000001,inf,1.0402183066818231,-1,0.7600318496083684,1.2331473509812274,1.2331473509812274,False
base__s19__5000K_2.0gcc,19,8.08,inf,1.028275183924517,-1,0.6875699908650659,0.8717537906170751,0.8717537906170751,False
base__s19__5000K_2.0gcc,19,8.120000000000001,inf,1.040871149713066,-1,0.6285168058545919,1.026043496680503,1.026043496680503,False
base__s19__5000K_2.0gcc,19,8.16,inf,1.0218218873800855,-1,0.7029048489426938,1.0285302333373612,1.0285302333373612,False
base__s19__5000K_2.0gcc,19,8.2,inf,1.035854785092969,-1,0.7475415985284573,0.8996379813745078,0.8996379813745078,False
base__s19__5000K_2.0gcc,19,8.24,inf,1.0115906808685018,-1,0.6601822948214403,1.1674601295474594,1.1674601295474594,False
base__s19__5000K_2.0gcc,19,8.28,inf,1.0233161401038298,-1,0.7101527066379328,0.9943248320880391,0.9943248320880391,False
base__s19__5000K_2.0gcc,19,8.32,inf,1.0210255961032515,-1,0.6953378905408314,1.0063288996241564,1.0063288996241564,False
base__s19__5000K_2.0gcc,19,8.36,inf,1.0498000426800338,-1,0.7233935546602901,1.0272452996943215,1.0272452996943215,False
base__s19__5000K_2.0gcc,19,8.4,inf,1.043453793923334,-1,0.7093550437785334,2.071320355066913,2.071320355066913,False
base__s19__5000K_2.0gcc,19,8.44,inf,1.0108634668148808,-1,0.6635831326203699,1.9972585828017628,1.9972585828017628,False
base__s19__5000K_2.0gcc,19,8.48,inf,1.051135580037609,-1,0.7311371283661996,1.671353180879707,1.671353180879707,False
base__s19__5000K_2.0gcc,19,8.52,inf,1.0350238944686247,-1,0.7364041249682567,2.5463828584749226,2.5463828584749226,False
base__s19__5000K_2.0gcc,19,8.56,inf,1.0285648503589844,-1,0.5837650829329053,1.0508547810810098,1.0508547810810098,False
base__s19__5000K_2.0gcc,19,8.6,inf,1.0312853401425812,-1,0.7231156524866511,1.6995232736394317,1.6995232736394317,False
base__s19__5000K_2.0gcc,19,8.64,inf,0.9966482541483742,-1,0.7485879592501908,1.5120606539726122,1.5120606539726122,False
base__s19__5000K_2.0gcc,19,8.68,inf,1.0474916478378238,-1,0.7816057666900671,0.8125980851530737,0.8125980851530737,False
base__s19__5000K_2.0gcc,19,8.72,inf,1.0473445968280926,-1,0.6826048484478939,0.9397385956555968,0.9397385956555968,False
base__s19__5000K_2.0gcc,19,8.76,inf,0.983318004871262,-1,0.8774443556038772,1.1061311630790958,1.1061311630790958,False
base__s19__5000K_2.0gcc,19,8.8,inf,1.055592213831174,-1,0.6745515495434702,1.9743908317874148,1.9743908317874148,False
base__s19__5000K_2.0gcc,19,8.84,inf,1.0131697548150558,-1,0.7518918120434672,1.8832765606872202,1.8832765606872202,False
base__s19__5000K_2.0gcc,19,8.88,inf,1.011197539928277,-1,0.621001899884494,1.9294773023378358,1.9294773023378358,False
base__s19__5000K_2.0gcc,19,8.92,inf,1.0045027197310117,-1,0.8598972011815788,1.2090889717796165,1.2090889717796165,False
base__s19__5000K_2.0gcc,19,8.96,inf,1.0363738040562391,-1,0.7179207036783474,1.1095551635160779,1.1095551635160779,False
base__s19__5000K_2.0gcc,19,9.0,inf,1.04017147162427,-1,0.8011718805601724,0.8893017208035967,0.8893017208035967,False
base__s19__5000K_2.0gcc,19,9.04,inf,1.0010435867778191,-1,0.6526204399991827,1.7713299472609318,1.7713299472609318,False
base__s19__5000K_2.0gcc,19,9.08,inf,1.0352845078349238,-1,0.6140306929330605,0.961937630824688,0.961937630824688,False
base__s19__5000K_2.0gcc,19,9.12,inf,1.0393123557804949,-1,0.8575920553430316,1.2629808135486411,1.2629808135486411,False
base__s19__5000K_2.0gcc,19,9.16,inf,1.0412600481599206,-1,0.7159775881121035,1.3125472222826808,1.3125472222826808,False
base__s19__5000K_2.0gcc,19,9.2,inf,0.9972572055457914,-1,0.7029049474962146,3.559190394766297,3.559190394766297,False
base__s19__5000K_2.0gcc,19,9.24,inf,1.0113527054400953,-1,0.7445318849168842,1.5758663750046416,1.5758663750046416,False
base__s19__5000K_2.0gcc,19,9.28,inf,1.0370263192122946,-1,0.7890478426650462,4.734573479136293,4.734573479136293,False
base__s19__5000K_2.0gcc,19,9.32,inf,1.0251798152690106,-1,0.6587936481406625,1.7496993639944283,1.7496993639944283,False
base__s19__5000K_2.0gcc,19,9.36,inf,1.052154590122098,-1,0.6008603362767044,1.7869564694325066,1.7869564694325066,False
base__s19__5000K_2.0gcc,19,9.4,inf,1.0302957858134725,-1,0.7104276902256327,1.056023420146673,1.056023420146673,False
base__s19__5000K_2.0gcc,19,9.44,inf,1.030443301222828,-1,0.7551574428999988,2.084105879509046,2.084105879509046,False
base__s19__5000K_2.0gcc,19,9.48,inf,1.0326565384952548,-1,0.7967014712985628,1.99412558434402,1.99412558434402,False
base__s19__5000K_2.0gcc,19,9.52,inf,1.0543277745279218,-1,0.6496088096223823,1.0766122601947485,1.0766122601947485,False
base__s19__5000K_2.0gcc,19,9.56,inf,0.9996975679569295,-1,0.6752073869546312,1.1183306170398957,1.1183306170398957,False
base__s19__5000K_2.0gcc,19,9.6,inf,1.0237996021971292,-1,0.8565874483184525,1.229397414573213,1.229397414573213,False
base__s19__5000K_2.0gcc,19,9.64,inf,0.9912015491220744,-1,0.8038129060548256,1.311636439059972,1.311636439059972,False
base__s19__5000K_2.0gcc,19,9.68,inf,1.0439019842422947,-1,0.6390827366419144,1.0536799513994708,1.0536799513994708,False
base__s19__5000K_2.0gcc,19,9.72,inf,1.0141681437227263,-1,0.643172656767802,1.1621028546947796,1.1621028546947796,False
base__s19__5000K_2.0gcc,19,9.76,inf,0.9735583929241224,-1,1.028072613944273,2.0480126764150364,2.0480126764150364,False
base__s19__5000K_2.0gcc,19,9.8,inf,1.0337417999665102,-1,0.7356164854857553,1.6016931640581533,1.6016931640581533,False
base__s19__5000K_2.0gcc,19,9.84,inf,1.0221180188344203,-1,0.603569743194128,1.2206971465699152,1.2206971465699152,False
base__s19__5000K_2.0gcc,19,9.88,inf,1.0406826454015647,-1,0.6814772374751606,1.6569660911583153,1.6569660911583153,False
base__s19__5000K_2.0gcc,19,9.92,inf,0.9977146672095184,-1,0.7799762680000125,1.50911818755312,1.50911818755312,False
base__s19__5000K_2.0gcc,19,9.96,inf,1.0103455484956625,-1,0.8826534231372343,3.12716306645937,3.12716306645937,False
base__s19__5000K_2.0gcc,19,10.0,inf,0.9761775004710974,-1,1.0683774803089565,3.563273362863452,3.563273362863452,False
base__s1__5000K_2.0gcc,1,0.0,inf,1.0310702502254634,-1,0.8928044464759279,1.0000000000000064,1.0000000000000064,False
base__s1__5000K_2.0gcc,1,0.04,inf,1.0262848901752382,-1,0.655603052542553,1.2686789351975296,1.2686789351975296,False
base__s1__5000K_2.0gcc,1,0.08,inf,1.012395531312244,-1,0.7819332565073727,1.2801901815004126,1.2801901815004126,False
base__s1__5000K_2.0gcc,1,0.12,inf,1.0402155333280696,-1,0.7080729364261515,0.828198656457371,0.828198656457371,False
base__s1__5000K_2.0gcc,1,0.16,inf,1.048148093465327,-1,0.5844196534685482,0.7643446656135032,0.7643446656135032,False
base__s1__5000K_2.0gcc,1,0.2,inf,1.020876222568143,-1,0.6479774143304382,1.3612309793263677,1.3612309793263677,False
base__s1__5000K_2.0gcc,1,0.24,inf,1.0361930016840488,-1,0.7500420647281809,0.9090202569648234,0.9090202569648234,False
base__s1__5000K_2.0gcc,1,0.28,inf,1.0004412642519296,-1,0.6881902204224314,1.0484954007230114,1.0484954007230114,False
base__s1__5000K_2.0gcc,1,0.32,inf,1.030941381296241,-1,0.6849459310608774,1.6024446000479444,1.6024446000479444,False
base__s1__5000K_2.0gcc,1,0.36,inf,1.0308929508329177,-1,0.7138562148901989,1.1902468329030127,1.1902468329030127,False
base__s1__5000K_2.0gcc,1,0.4,inf,1.051105001394723,-1,0.7251038972683361,1.252769915673251,1.252769915673251,False
base__s1__5000K_2.0gcc,1,0.44,inf,1.0262336497270002,-1,0.6769038188103051,1.2720262141002179,1.2720262141002179,False
base__s1__5000K_2.0gcc,1,0.48,inf,1.0251232510834978,-1,0.6821355940470262,1.1256053477167072,1.1256053477167072,False
base__s1__5000K_2.0gcc,1,0.52,inf,1.0581744243304123,-1,0.7089602517818518,1.136560797934076,1.136560797934076,False
base__s1__5000K_2.0gcc,1,0.56,inf,1.038427161457172,-1,0.6425167456871967,0.8682587469075956,0.8682587469075956,False
base__s1__5000K_2.0gcc,1,0.6,inf,1.0119864056819143,-1,0.7442379816563415,0.8871760902697767,0.8871760902697767,False
base__s1__5000K_2.0gcc,1,0.64,inf,1.0376764311677316,-1,0.813264381829567,1.3294120817343624,1.3294120817343624,False
base__s1__5000K_2.0gcc,1,0.68,inf,1.027158236080011,-1,0.813357814023411,4.012625900193785,4.012625900193785,False
base__s1__5000K_2.0gcc,1,0.72,inf,1.0271618160917984,-1,0.643233885992107,0.8485135237755328,0.8485135237755328,False
base__s1__5000K_2.0gcc,1,0.76,inf,1.045409481261769,-1,0.7220830730875891,1.3151548536333233,1.3151548536333233,False
base__s1__5000K_2.0gcc,1,0.8,inf,1.014965068672809,-1,0.6938114155082863,0.7803886875074033,0.7803886875074033,False
base__s1__5000K_2.0gcc,1,0.84,inf,1.013955300719908,-1,0.7462225235498526,0.9087949101542951,0.9087949101542951,False
base__s1__5000K_2.0gcc,1,0.88,inf,1.0224396729597305,-1,0.749142268837091,0.9689375890692657,0.9689375890692657,False
base__s1__5000K_2.0gcc,1,0.92,inf,1.0238888346011985,-1,0.7214457132035055,1.0254146334539116,1.0254146334539116,False
base__s1__5000K_2.0gcc,1,0.96,inf,1.030222496964126,-1,0.6800123223748669,0.9399725575884952,0.9399725575884952,False
base__s1__5000K_2.0gcc,1,1.0,inf,0.999880496709982,-1,0.6691542736220774,1.4633742903092242,1.4633742903092242,False
base__s1__5000K_2.0gcc,1,1.04,inf,0.9878482112647676,-1,0.8932780858187893,1.3892059036674058,1.3892059036674058,False
base__s1__5000K_2.0gcc,1,1.08,inf,1.0448363201899136,-1,0.6089927126974659,1.208795208441615,1.208795208441615,False
base__s1__5000K_2.0gcc,1,1.12,inf,1.0802225651438686,-1,0.6264176420149836,1.1217612393396277,1.1217612393396277,False
base__s1__5000K_2.0gcc,1,1.16,inf,1.0149412341160453,-1,0.6733933455582318,0.9032523669013894,0.9032523669013894,False
base__s1__5000K_2.0gcc,1,1.2,inf,1.0253718929144688,-1,0.6164646937844743,2.4596895763103275,2.4596895763103275,False
base__s1__5000K_2.0gcc,1,1.24,inf,1.015826650548705,-1,0.6773981627384098,1.3894250481096304,1.3894250481096304,False
base__s1__5000K_2.0gcc,1,1.28,inf,1.0174738840255315,-1,0.8079542201036866,5.6104797859967785,5.6104797859967785,False
base__s1__5000K_2.0gcc,1,1.32,inf,1.0244055847456128,-1,0.6900633530986944,1.4403312646832673,1.4403312646832673,False
base__s1__5000K_2.0gcc,1,1.36,inf,1.027866401817376,-1,0.7899990498129451,1.5637477033744633,1.5637477033744633,False
base__s1__5000K_2.0gcc,1,1.4,inf,1.0134595544115232,-1,0.7210010082488469,4.413549679758817,4.413549679758817,False
base__s1__5000K_2.0gcc,1,1.44,inf,0.999997297616348,-1,0.7445354275411866,1.244064034899163,1.244064034899163,False
base__s1__5000K_2.0gcc,1,1.48,inf,1.0177304192628815,-1,0.6674791713716486,2.046499791240714,2.046499791240714,False
base__s1__5000K_2.0gcc,1,1.52,inf,0.988147936946184,-1,0.8778646997998079,6.335919756429876,6.335919756429876,False
base__s1__5000K_2.0gcc,1,1.56,inf,1.0318457293733398,-1,0.7413082918842444,1.3197153777824808,1.3197153777824808,False
base__s1__5000K_2.0gcc,1,1.6,inf,1.0256255316951703,-1,0.8195036592790574,1.3772951748886058,1.3772951748886058,False
base__s1__5000K_2.0gcc,1,1.64,inf,1.014003898863313,-1,0.6477826321292639,1.1116785172421042,1.1116785172421042,False
base__s1__5000K_2.0gcc,1,1.68,inf,1.07746636089439,-1,0.7850898621413609,3.565689224631286,3.565689224631286,False
base__s1__5000K_2.0gcc,1,1.72,inf,1.036618405488248,-1,0.6916753256164585,0.8839316199808538,0.8839316199808538,False
base__s1__5000K_2.0gcc,1,1.76,inf,1.0166943458114637,-1,0.6082217167240099,0.9357930351674136,0.9357930351674136,False
base__s1__5000K_2.0gcc,1,1.8,inf,1.0309979107490954,-1,0.6885787589925074,1.2031422496805162,1.2031422496805162,False
base__s1__5000K_2.0gcc,1,1.84,inf,1.052878746521649,-1,0.659772110985591,1.3931297190813046,1.3931297190813046,False
base__s1__5000K_2.0gcc,1,1.88,inf,1.033635258839887,-1,0.6497316732443278,2.1846214991945407,2.1846214991945407,False
base__s1__5000K_2.0gcc,1,1.92,inf,1.0125943347451627,-1,0.7947817776211143,1.669385230751735,1.669385230751735,False
base__s1__5000K_2.0gcc,1,1.96,inf,1.0015319007165977,-1,0.8581500048947698,1.1849882470968578,1.1849882470968578,False
base__s1__5000K_2.0gcc,1,2.0,inf,0.9430331039406834,-1,2.133024553528343,2.6074077649583383,2.351600977396351,False
base__s1__5000K_2.0gcc,1,2.04,inf,1.0664488846564564,-1,0.666790855852407,1.2112945598561213,1.2112945598561213,False
base__s1__5000K_2.0gcc,1,2.08,inf,1.0335062860200706,-1,0.6602072835174633,0.8808410150346164,0.8808410150346164,False
base__s1__5000K_2.0gcc,1,2.12,inf,1.0409004111446014,-1,0.6040091920228621,2.1731904496155066,2.1731904496155066,False
base__s1__5000K_2.0gcc,1,2.16,inf,1.0256316738600657,-1,0.7045950783933688,2.394069049220369,2.394069049220369,False
base__s1__5000K_2.0gcc,1,2.2,inf,1.0583025538630244,-1,0.7296549271990733,1.4030899399227994,1.4030899399227994,False
base__s1__5000K_2.0gcc,1,2.24,inf,0.9951021163342988,-1,0.729737532621851,1.066033884501334,1.066033884501334,False
base__s1__5000K_2.0gcc,1,2.28,inf,1.052127566766027,-1,0.8152971846988113,0.9275089318885659,0.9275089318885659,False
base__s1__5000K_2.0gcc,1,2.32,inf,1.057970895421042,-1,0.6402792696925292,3.133071994163586,3.133071994163586,False
base__s1__5000K_2.0gcc,1,2.36,inf,1.0052429782763963,-1,0.721139525983491,1.014548334553334,1.014548334553334,False
base__s1__5000K_2.0gcc,1,2.4,inf,1.058946595586859,-1,0.7062868560830463,1.6275689871890104,1.6275689871890104,False
base__s1__5000K_2.0gcc,1,2.44,inf,1.015461326308886,-1,0.6568802197363699,3.3267241395137424,3.3267241395137424,False
base__s1__5000K_2.0gcc,1,2.48,inf,1.0185372785877786,-1,0.6965857537367526,1.0121841604360102,1.0121841604360102,False
base__s1__5000K_2.0gcc,1,2.52,inf,1.0129057401140544,-1,0.843765582966261,1.1560353246274988,1.1560353246274988,False
base__s1__5000K_2.0gcc,1,2.56,inf,1.0238135232477634,-1,0.6979147044416183,1.0037172216797554,1.0037172216797554,False
base__s1__5000K_2.0gcc,1,2.6,inf,1.0119891156474952,-1,0.6637490884577344,1.227051950374703,1.227051950374703,False
base__s1__5000K_2.0gcc,1,2.64,inf,1.0481212113305405,-1,0.6353159514368837,1.1644548969533406,1.1644548969533406,False
base__s1__5000K_2.0gcc,1,2.68,inf,1.0466114719536566,-1,0.713745635532528,0.9424844077514223,0.9424844077514223,False
base__s1__5000K_2.0gcc,1,2.72,inf,1.0253094702371572,-1,0.705505234625873,1.013765327605069,1.013765327605069,False
base__s1__5000K_2.0gcc,1,2.76,inf,1.043065624789735,-1,0.7488505169983636,10.35520153193879,10.35520153193879,False
base__s1__5000K_2.0gcc,1,2.8000000000000003,inf,1.0238713948709572,-1,0.6829715629931117,0.9972645411924695,0.9972645411924695,False
base__s1__5000K_2.0gcc,1,2.84,inf,1.0506867241028603,-1,0.7388180017651337,3.012051236069324,3.012051236069324,False
base__s1__5000K_2.0gcc,1,2.88,inf,1.048095820156249,-1,0.7415877295995041,0.9979489918762023,0.9979489918762023,False
base__s1__5000K_2.0gcc,1,2.92,inf,1.0634741192224662,-1,0.6214558471399346,2.946347560610244,2.946347560610244,False
base__s1__5000K_2.0gcc,1,2.96,inf,1.0280685102482228,-1,0.6715766049795515,1.4116411130952273,1.4116411130952273,False
base__s1__5000K_2.0gcc,1,3.0,inf,1.0312531710273671,-1,0.6643197751651978,0.910010296444495,0.910010296444495,False
base__s1__5000K_2.0gcc,1,3.04,inf,1.022279390908865,-1,0.6377779057725556,1.2020659575893498,1.2020659575893498,False
base__s1__5000K_2.0gcc,1,3.08,inf,1.0141965550957075,-1,0.7027509577157813,1.315628154058354,1.315628154058354,False
base__s1__5000K_2.0gcc,1,3.12,inf,1.0189950692579428,-1,0.6821595558561453,0.7777694905172183,0.7777694905172183,False
base__s1__5000K_2.0gcc,1,3.16,inf,1.0380419510549657,-1,0.7148998974688517,1.2087976489578618,1.2087976489578618,False
base__s1__5000K_2.0gcc,1,3.2,inf,1.044638893343532,-1,0.6674496091826017,1.030266427316807,1.030266427316807,False
base__s1__5000K_2.0gcc,1,3.24,inf,1.016481742070166,-1,0.6914951075887694,1.166557116479268,1.166557116479268,False
base__s1__5000K_2.0gcc,1,3.28,inf,0.9962475309575428,-1,0.8448988672275718,1.2509402922015018,1.2509402922015018,False
base__s1__5000K_2.0gcc,1,3.3200000000000003,inf,1.028375220682607,-1,0.6584406393395892,0.8094879733105851,0.8094879733105851,False
base__s1__5000K_2.0gcc,1,3.36,inf,1.001286928478046,-1,0.747201863821243,0.8920481618368328,0.8920481618368328,False
base__s1__5000K_2.0gcc,1,3.4,inf,1.0184442776593132,-1,0.744845382082955,1.3096668373923257,1.3096668373923257,False
base__s1__5000K_2.0gcc,1,3.44,inf,1.0047604011932405,-1,0.8443766249534596,1.001384702480745,1.001384702480745,False
base__s1__5000K_2.0gcc,1,3.48,inf,1.0219669090406012,-1,0.7924178973176308,0.8924004415015974,0.8924004415015974,False
base__s1__5000K_2.0gcc,1,3.52,inf,1.035155793786133,-1,0.702471144471175,0.8359302320152002,0.7736925733307299,False
base__s1__5000K_2.0gcc,1,3.56,inf,1.0252518408288769,-1,0.7071778957500288,0.8701281692915194,0.8701281692915194,False
base__s1__5000K_2.0gcc,1,3.6,inf,1.0219187016729852,-1,0.7276129609047262,0.7714158520430073,0.7705448637664128,False
base__s1__5000K_2.0gcc,1,3.64,inf,0.9969638948487554,-1,0.7238676535538474,0.8196104690930831,0.7238676535538474,False
base__s1__5000K_2.0gcc,1,3.68,inf,1.0196074155639512,-1,0.660171653236668,1.8670248772382514,1.8670248772382514,False
base__s1__5000K_2.0gcc,1,3.72,inf,1.0111029311924675,-1,0.9425974993052852,0.9547576021194649,0.9430308364773158,False
base__s1__5000K_2.0gcc,1,3.76,inf,1.0280696955377102,-1,0.6223904873888952,0.7882324880947614,0.7882324880947614,False
base__s1__5000K_2.0gcc,1,3.8,inf,1.041386977864137,-1,0.7116693314395722,0.875516380524321,0.7973325075240821,False
base__s1__5000K_2.0gcc,1,3.84,inf,1.0022420728830936,-1,0.7929309694419154,0.8964631541228183,0.8964631541228183,False
base__s1__5000K_2.0gcc,1,3.88,inf,0.997171660803194,-1,0.6961331667270965,1.054524588087067,1.054524588087067,False
base__s1__5000K_2.0gcc,1,3.92,inf,0.9805336233368032,-1,1.057279403427033,1.325036568407683,1.1884457957276955,False
base__s1__5000K_2.0gcc,1,3.96,inf,1.0160635736734185,-1,0.5900353354561371,0.6935915151664898,0.6935915151664898,False
base__s1__5000K_2.0gcc,1,4.0,inf,1.0569152298670883,-1,0.6235235755329868,0.9078437373047243,0.9078437373047243,False
base__s1__5000K_2.0gcc,1,4.04,inf,1.0213873596662535,-1,0.7894414841500078,3.0217282459779744,3.0217282459779744,False
base__s1__5000K_2.0gcc,1,4.08,inf,1.01222844019075,-1,0.6988882640485166,1.1379286008165095,1.1379286008165095,False
base__s1__5000K_2.0gcc,1,4.12,inf,1.0079776096392226,-1,0.9090659254717772,0.9454654650382921,0.9090659254717772,False
base__s1__5000K_2.0gcc,1,4.16,inf,1.0192245482218332,-1,0.8440142922335095,0.8786010462430507,0.8775043646525151,False
base__s1__5000K_2.0gcc,1,4.2,inf,1.0410310836905885,-1,0.6759726630129981,1.0195784026622785,1.0195784026622785,False
base__s1__5000K_2.0gcc,1,4.24,inf,1.0108187473310934,-1,0.6429798688544405,0.7657617561821974,0.7657617561821974,False
base__s1__5000K_2.0gcc,1,4.28,inf,0.9991483544444236,-1,0.7152948050828252,0.8703332858691641,0.8703332858691641,False
base__s1__5000K_2.0gcc,1,4.32,inf,1.030907673395149,-1,0.833951659409751,1.387844051624254,1.387844051624254,False
base__s1__5000K_2.0gcc,1,4.36,inf,1.038291461150962,-1,0.6404762231934861,1.1278910491192293,1.1278910491192293,False
base__s1__5000K_2.0gcc,1,4.4,inf,1.03524333723671,-1,0.7302082850298361,0.941750694228778,0.941750694228778,False
base__s1__5000K_2.0gcc,1,4.44,inf,1.0479484111896922,-1,0.6345607491975948,0.9581121176668226,0.9581121176668226,False
base__s1__5000K_2.0gcc,1,4.48,inf,1.0022512428632857,-1,0.7670409090233055,0.9151463969001246,0.881291278818269,False
base__s1__5000K_2.0gcc,1,4.5200000000000005,inf,1.0017867794525943,-1,0.677784977308274,0.8180275536333086,0.7199042536212479,False
base__s1__5000K_2.0gcc,1,4.5600000000000005,inf,1.0361505531538362,-1,0.6931559806838397,0.8308610190147505,0.8308610190147505,False
base__s1__5000K_2.0gcc,1,4.6000000000000005,inf,1.0298423733902191,-1,0.7366693851361237,2.221592279597124,2.221592279597124,False
base__s1__5000K_2.0gcc,1,4.64,inf,0.9884684051025604,-1,0.9165511835822683,1.3826483111597767,1.3826483111597767,False
base__s1__5000K_2.0gcc,1,4.68,inf,1.026660547749352,-1,0.636847295694635,1.574318790702653,1.574318790702653,False
base__s1__5000K_2.0gcc,1,4.72,inf,1.0549402965466812,-1,0.6505982881043642,0.8333532481399125,0.8333532481399125,False
base__s1__5000K_2.0gcc,1,4.76,inf,1.0269787072344776,-1,0.6503591976334135,0.7479210470837298,0.6987687629607631,False
base__s1__5000K_2.0gcc,1,4.8,inf,1.0010827043136843,-1,0.6506656632650679,1.3952634774959543,1.3952634774959543,False
base__s1__5000K_2.0gcc,1,4.84,inf,1.0123079882654296,-1,0.6792951037313917,0.930242648820468,0.930242648820468,False
base__s1__5000K_2.0gcc,1,4.88,inf,1.0307152852436992,-1,0.7119833816857879,2.0647736529617426,2.0647736529617426,False
base__s1__5000K_2.0gcc,1,4.92,inf,1.0396152875987346,-1,0.7208100704170014,2.151205028554192,2.151205028554192,False
base__s1__5000K_2.0gcc,1,4.96,inf,1.0542219715605436,-1,0.601774714413529,1.1005730701555496,1.1005730701555496,False
base__s1__5000K_2.0gcc,1,5.0,inf,1.0149221004791449,-1,0.688014332738266,1.2379124650472177,1.2379124650472177,False
base__s1__5000K_2.0gcc,1,5.04,inf,1.0045121343896253,-1,0.6300171305489783,0.9040422360718224,0.9040422360718224,False
base__s1__5000K_2.0gcc,1,5.08,inf,1.0427958045700982,-1,0.7522514901487364,4.177377421780106,4.177377421780106,False
base__s1__5000K_2.0gcc,1,5.12,inf,1.0090945123599673,-1,0.8218171077341097,1.2725022162511475,1.2725022162511475,False
base__s1__5000K_2.0gcc,1,5.16,inf,1.0371470014829138,-1,0.708103652329817,4.076886802914308,4.076886802914308,False
base__s1__5000K_2.0gcc,1,5.2,inf,1.022579791326329,-1,0.7060215739886152,1.5126374991086435,1.5126374991086435,False
base__s1__5000K_2.0gcc,1,5.24,inf,1.0161483517744838,-1,0.7204823743954231,1.498036405443452,1.498036405443452,False
base__s1__5000K_2.0gcc,1,5.28,inf,1.027601999474992,-1,0.653003514179228,0.9584836710696336,0.9584836710696336,False
base__s1__5000K_2.0gcc,1,5.32,inf,1.0325735414317956,-1,0.6965880453865134,1.0765750381425192,1.0765750381425192,False
base__s1__5000K_2.0gcc,1,5.36,inf,0.9607013498845518,-1,1.0761517633526376,5.340189689885891,5.340189689885891,False
base__s1__5000K_2.0gcc,1,5.4,inf,1.0098920877658164,-1,0.6425746716304712,1.1564520710543653,1.1564520710543653,False
base__s1__5000K_2.0gcc,1,5.44,inf,0.9958797490179224,-1,0.729464921762615,1.6560742360964607,1.6560742360964607,False
base__s1__5000K_2.0gcc,1,5.48,inf,1.083440761020647,-1,0.7488352640491865,1.0305333304286814,1.0305333304286814,False
base__s1__5000K_2.0gcc,1,5.5200000000000005,inf,1.0136065147945723,-1,0.6800697660285278,1.116053427489011,1.116053427489011,False
base__s1__5000K_2.0gcc,1,5.5600000000000005,inf,1.0407735782839609,-1,0.7225164410475275,2.3149480383185357,2.3149480383185357,False
base__s1__5000K_2.0gcc,1,5.6000000000000005,inf,1.0463931022063362,-1,0.6667177041773129,1.6430562213835807,1.6430562213835807,False
base__s1__5000K_2.0gcc,1,5.64,inf,0.9936048664675508,-1,0.8023325558312797,0.9519260037333355,0.9519260037333355,False
base__s1__5000K_2.0gcc,1,5.68,inf,1.0198991145873202,-1,0.7449021644079612,2.469012481468591,2.469012481468591,False
base__s1__5000K_2.0gcc,1,5.72,inf,1.0430671008640815,-1,0.5946039721640666,1.346451635372718,1.346451635372718,False
base__s1__5000K_2.0gcc,1,5.76,inf,1.05001079991541,-1,0.670989086370794,1.872744106009361,1.872744106009361,False
base__s1__5000K_2.0gcc,1,5.8,inf,1.0350809502666944,-1,0.7121865792969742,0.8083142606624939,0.8083142606624939,False
base__s1__5000K_2.0gcc,1,5.84,inf,1.0530387071684495,-1,0.6544119026451661,1.1985753935697576,1.1985753935697576,False
base__s1__5000K_2.0gcc,1,5.88,inf,1.0214643372898546,-1,0.769841481970086,1.4386289505536216,1.4386289505536216,False
base__s1__5000K_2.0gcc,1,5.92,inf,1.0447716564900682,-1,0.6529766853101819,2.1654358970285488,2.1654358970285488,False
base__s1__5000K_2.0gcc,1,5.96,inf,1.0426355043877982,-1,0.7116671567368924,1.0557358905460563,1.0557358905460563,False
base__s1__5000K_2.0gcc,1,6.0,inf,1.0125584547595263,-1,0.6673960209857653,1.045663101478793,1.045663101478793,False
base__s1__5000K_2.0gcc,1,6.04,inf,1.0246913433156348,-1,0.7149467617032272,4.567418567540768,4.567418567540768,False
base__s1__5000K_2.0gcc,1,6.08,inf,1.0264114180322628,-1,0.6058960172198914,1.1116527237722065,1.1116527237722065,False
base__s1__5000K_2.0gcc,1,6.12,inf,0.9837650454747824,-1,0.7101238216164293,1.4322795384725973,1.4322795384725973,False
base__s1__5000K_2.0gcc,1,6.16,inf,0.9994460977091264,-1,0.7269495124174863,2.436876038378513,2.436876038378513,False
base__s1__5000K_2.0gcc,1,6.2,inf,1.0074925144367088,-1,0.7624887683702013,0.9508254560684669,0.8996896952721688,False
base__s1__5000K_2.0gcc,1,6.24,inf,0.9957063951075136,-1,0.7486619440817848,0.9610535722401078,0.9610535722401078,False
base__s1__5000K_2.0gcc,1,6.28,inf,0.9841394869214422,-1,0.7127715149705782,2.973808284316013,2.973808284316013,False
base__s1__5000K_2.0gcc,1,6.32,inf,1.043323365608669,-1,0.6758417408848911,0.9297117016157035,0.9297117016157035,False
base__s1__5000K_2.0gcc,1,6.36,inf,1.0151833329876925,-1,0.6854738418467,0.9522770425607197,0.9522770425607197,False
base__s1__5000K_2.0gcc,1,6.4,inf,0.9980894647380064,-1,0.651249246755573,0.9909640628945977,0.9909640628945977,False
base__s1__5000K_2.0gcc,1,6.44,inf,1.0281054949147972,-1,0.6707536460020427,1.3623714596285394,1.3623714596285394,False
base__s1__5000K_2.0gcc,1,6.48,inf,0.9737723755031252,-1,1.5111878861090116,1.866033016639847,1.4844895577804054,False
base__s1__5000K_2.0gcc,1,6.5200000000000005,inf,0.992392774291511,-1,0.6666665103688604,1.0047293713698815,1.0047293713698815,False
base__s1__5000K_2.0gcc,1,6.5600000000000005,inf,1.030815540807375,-1,0.6984709858555134,1.5698918931190473,1.5698918931190473,False
base__s1__5000K_2.0gcc,1,6.6000000000000005,inf,1.033779189454887,-1,0.7420829043173861,1.0770834068766664,1.0770834068766664,False
base__s1__5000K_2.0gcc,1,6.640000000000001,inf,1.0337249171254417,-1,0.7256977391660899,1.547262517702754,1.547262517702754,False
base__s1__5000K_2.0gcc,1,6.68,inf,1.0179849583255145,-1,0.6786587904873059,1.6423973633644355,1.6423973633644355,False
base__s1__5000K_2.0gcc,1,6.72,inf,1.030202010591126,-1,0.7664096253606754,1.8960693955095187,1.8960693955095187,False
base__s1__5000K_2.0gcc,1,6.76,inf,1.0436399716827645,-1,0.7379558321990005,1.1482285542370074,1.1482285542370074,False
base__s1__5000K_2.0gcc,1,6.8,inf,1.0118049264650768,-1,0.7399363103415191,1.2104204545024095,1.2104204545024095,False
base__s1__5000K_2.0gcc,1,6.84,inf,0.991089082759971,-1,0.8002228473446584,0.920455390937005,0.8785725266902652,False
base__s1__5000K_2.0gcc,1,6.88,inf,1.03600472081019,-1,0.8010502024271119,1.5039196922453164,1.5039196922453164,False
base__s1__5000K_2.0gcc,1,6.92,inf,1.0625408563076526,-1,0.6991154388125895,1.3639874843523672,1.3639874843523672,False
base__s1__5000K_2.0gcc,1,6.96,inf,0.9843987907687604,-1,0.8933876977127742,1.056686835136643,1.056686835136643,False
base__s1__5000K_2.0gcc,1,7.0,inf,0.995347380713889,-1,0.7584497108439807,2.0439132499018724,2.0439132499018724,False
base__s1__5000K_2.0gcc,1,7.04,inf,1.016404331046951,-1,0.7194559223069155,2.1205266148501267,2.1205266148501267,False
base__s1__5000K_2.0gcc,1,7.08,inf,1.0482580197646951,-1,0.6632772319068134,1.0179648299048483,1.0179648299048483,False
base__s1__5000K_2.0gcc,1,7.12,inf,1.035971038244314,-1,0.7028138116051721,0.7634963838691912,0.7634963838691912,False
base__s1__5000K_2.0gcc,1,7.16,inf,1.0192118778590642,-1,0.7353606171909081,4.504056713887651,4.504056713887651,False
base__s1__5000K_2.0gcc,1,7.2,inf,0.9965129055049916,-1,0.7453121211945543,0.9916227850552733,0.947916951238728,False
base__s1__5000K_2.0gcc,1,7.24,inf,1.050174189797102,-1,0.659850371339608,1.0156523072417076,1.0156523072417076,False
base__s1__5000K_2.0gcc,1,7.28,inf,1.0189949757221577,-1,0.7532371038402099,1.017786177728166,1.017786177728166,False
base__s1__5000K_2.0gcc,1,7.32,inf,1.0079805575669596,-1,0.6069462356002211,0.8045640654072992,0.8045640654072992,False
base__s1__5000K_2.0gcc,1,7.36,inf,0.994877724202829,-1,0.8139574225557592,3.7071047024533392,3.7071047024533392,False
base__s1__5000K_2.0gcc,1,7.4,inf,1.0087867407951,-1,0.7179900092656176,1.166616318666159,1.166616318666159,False
base__s1__5000K_2.0gcc,1,7.44,inf,1.0281726653028664,-1,0.7323771010281296,0.8670354343161165,0.8540188195827554,False
base__s1__5000K_2.0gcc,1,7.48,inf,1.045187391738917,-1,0.6904174453693083,1.02948923774553,1.02948923774553,False
base__s1__5000K_2.0gcc,1,7.52,inf,1.0234313471674592,-1,0.7177492691342813,0.8788508496579702,0.8788508496579702,False
base__s1__5000K_2.0gcc,1,7.56,inf,1.022625455668399,-1,0.7253863737611087,0.9834425927683107,0.9834425927683107,False
base__s1__5000K_2.0gcc,1,7.6,inf,1.0185634889765092,-1,0.7614037162536678,1.2820807785278896,1.2820807785278896,False
base__s1__5000K_2.0gcc,1,7.640000000000001,inf,1.0453379011683257,-1,0.7213175703280625,1.0015526125772487,1.0015526125772487,False
base__s1__5000K_2.0gcc,1,7.68,inf,1.0465212127472616,-1,0.7475725765191734,0.9693006282480088,0.9693006282480088,False
base__s1__5000K_2.0gcc,1,7.72,inf,1.017474243586539,-1,0.7305578658538151,1.2336529028992822,1.2336529028992822,False
base__s1__5000K_2.0gcc,1,7.76,inf,1.027350662900939,-1,0.6754033050364286,3.58714448683479,3.58714448683479,False
base__s1__5000K_2.0gcc,1,7.8,inf,1.0349854630235154,-1,0.6860878556479908,0.8744098059522318,0.8744098059522318,False
base__s1__5000K_2.0gcc,1,7.84,inf,1.0512164166835494,-1,0.716049950368453,1.7921300994926728,1.7921300994926728,False
base__s1__5000K_2.0gcc,1,7.88,inf,0.9977919937010916,-1,0.7309232621554791,1.2210977780323655,1.2210977780323655,False
base__s1__5000K_2.0gcc,1,7.92,inf,1.0713861851428736,-1,0.7218944112791906,1.341594798684468,1.341594798684468,False
base__s1__5000K_2.0gcc,1,7.96,inf,1.0323097017106833,-1,0.6867852489300729,1.2351916977883621,1.2351916977883621,False
base__s1__5000K_2.0gcc,1,8.0,inf,1.057534268963896,-1,0.7097914977510893,1.3821386889064868,1.3821386889064868,False
base__s1__5000K_2.0gcc,1,8.040000000000001,inf,1.0429047475666229,-1,0.8440673383195646,0.8349287165528378,0.8349287165528378,False
base__s1__5000K_2.0gcc,1,8.08,inf,1.031867601385953,-1,0.6165978059217614,3.276132121046863,3.276132121046863,False
base__s1__5000K_2.0gcc,1,8.120000000000001,inf,1.0130616972573785,-1,0.6610980823968744,1.6222486825496543,1.6222486825496543,False
base__s1__5000K_2.0gcc,1,8.16,inf,1.0022251312115456,-1,0.7302687352672843,1.675873124814873,1.675873124814873,False
base__s1__5000K_2.0gcc,1,8.2,inf,1.0279030779883866,-1,0.7662174050623779,5.791476458678914,5.791476458678914,False
base__s1__5000K_2.0gcc,1,8.24,inf,1.0324924246748743,-1,0.6214232136415976,1.0210184803321782,1.0210184803321782,False
base__s1__5000K_2.0gcc,1,8.28,inf,0.9727434832894024,-1,0.7672301344607184,1.0723267191491224,1.0723267191491224,False
base__s1__5000K_2.0gcc,1,8.32,inf,0.9637784991609846,-1,1.0404200912446988,1.389395545291199,1.0550620435527784,False
base__s1__5000K_2.0gcc,1,8.36,inf,1.0275627069789952,-1,0.6164661557276487,1.5238198246271633,1.5238198246271633,False
base__s1__5000K_2.0gcc,1,8.4,inf,1.0031167272825232,-1,0.7271924553299869,0.8909923826868933,0.8909923826868933,False
base__s1__5000K_2.0gcc,1,8.44,inf,1.0042503867910637,-1,0.685684993336039,1.1590305082713583,1.1590305082713583,False
base__s1__5000K_2.0gcc,1,8.48,inf,1.028354906311045,-1,0.7641294275020328,0.9573202471299073,0.9573202471299073,False
base__s1__5000K_2.0gcc,1,8.52,inf,1.030238769824743,-1,0.6801679980105608,1.3012974679542564,1.3012974679542564,False
base__s1__5000K_2.0gcc,1,8.56,inf,1.0409137248979858,-1,0.721444965856078,1.0683295238871668,1.0683295238871668,False
base__s1__5000K_2.0gcc,1,8.6,inf,1.0492883591301303,-1,0.6449059902284696,1.8542686806779074,1.8542686806779074,False
base__s1__5000K_2.0gcc,1,8.64,inf,1.0541562998559562,-1,0.6375988404298413,0.8901814125502563,0.8901814125502563,False
base__s1__5000K_2.0gcc,1,8.68,inf,0.9638122747221058,-1,1.2596794481116704,1.6265547200881572,1.3065177507352024,False
base__s1__5000K_2.0gcc,1,8.72,inf,1.0015750913171717,-1,0.7140704899767945,0.7822756825124912,0.7140704899767945,False
base__s1__5000K_2.0gcc,1,8.76,inf,1.0142948610956275,-1,0.7094704192661876,0.9460030709637233,0.9460030709637233,False
base__s1__5000K_2.0gcc,1,8.8,inf,1.0378268194327989,-1,0.7736008866482247,1.0070524856304557,1.0070524856304557,False
base__s1__5000K_2.0gcc,1,8.84,inf,0.9990995028789672,-1,0.6974844422179417,0.7993213019737728,0.7993213019737728,False
base__s1__5000K_2.0gcc,1,8.88,inf,1.0232454012606162,-1,0.6297498300898347,1.7850475483558383,1.7850475483558383,False
base__s1__5000K_2.0gcc,1,8.92,inf,0.9966623458629316,-1,0.9224496524950385,1.044387242288847,1.044387242288847,False
base__s1__5000K_2.0gcc,1,8.96,inf,1.039982849230217,-1,0.6641456845430398,0.7830672226150502,0.7830672226150502,False
base__s1__5000K_2.0gcc,1,9.0,inf,1.0330022252459097,-1,0.6468167193887504,0.8101960307753121,0.8101960307753121,False
base__s1__5000K_2.0gcc,1,9.04,inf,0.972183121903996,-1,0.9447891144372704,0.9933920043028491,0.9933920043028491,False
base__s1__5000K_2.0gcc,1,9.08,inf,1.0292971585062305,-1,0.7158695339494112,0.937597280520589,0.937597280520589,False
base__s1__5000K_2.0gcc,1,9.12,inf,0.9776298393604818,-1,0.798628269302624,0.8279859233118421,0.8279859233118421,False
base__s1__5000K_2.0gcc,1,9.16,inf,1.0392417307681592,-1,0.7515956625508028,1.2562337906060168,1.2562337906060168,False
base__s1__5000K_2.0gcc,1,9.2,inf,1.0023828617319828,-1,0.657931429413355,2.0701962710253468,2.0701962710253468,False
base__s1__5000K_2.0gcc,1,9.24,inf,1.0281388096152195,-1,0.761958380256985,1.2926264962972622,1.2926264962972622,False
base__s1__5000K_2.0gcc,1,9.28,inf,0.9825580193484762,-1,0.8155597064788644,1.0199687443750058,1.0199687443750058,False
base__s1__5000K_2.0gcc,1,9.32,inf,1.0371420109059322,-1,0.644980982824619,0.9519511561681135,0.9519511561681135,False
base__s1__5000K_2.0gcc,1,9.36,inf,1.0372206028603563,-1,0.6530882382909938,1.123468904294004,1.123468904294004,False
base__s1__5000K_2.0gcc,1,9.4,inf,1.0236101064843974,-1,0.7281633426527725,1.5253972483913618,1.5253972483913618,False
base__s1__5000K_2.0gcc,1,9.44,inf,1.0044516855653138,-1,0.7298921415977864,1.1744624279850782,1.1744624279850782,False
base__s1__5000K_2.0gcc,1,9.48,inf,1.025673092828802,-1,0.7208952462746397,1.0225784747947064,1.0225784747947064,False
base__s1__5000K_2.0gcc,1,9.52,inf,1.048497567154545,-1,0.7187016546205712,1.1666274517720079,1.1666274517720079,False
base__s1__5000K_2.0gcc,1,9.56,inf,1.0288470779965313,-1,0.7380080827396782,0.8773514905629023,0.8773514905629023,False
base__s1__5000K_2.0gcc,1,9.6,inf,1.057221014464336,-1,0.6626785442296764,1.1120684731775574,1.1120684731775574,False
base__s1__5000K_2.0gcc,1,9.64,inf,1.0315742656890972,-1,0.6916908333441877,1.091701165531137,1.091701165531137,False
base__s1__5000K_2.0gcc,1,9.68,inf,1.0291470549216966,-1,0.810758979938678,1.2977374371668724,1.2977374371668724,False
base__s1__5000K_2.0gcc,1,9.72,inf,1.0037618396238233,-1,0.7325815417563842,1.663270518129296,1.663270518129296,False
base__s1__5000K_2.0gcc,1,9.76,inf,1.0268201441596283,-1,0.648512651402642,1.2854230617914766,1.2854230617914766,False
base__s1__5000K_2.0gcc,1,9.8,inf,1.0047856307934544,-1,0.7622334497080993,1.5643557457288655,1.5643557457288655,False
base__s1__5000K_2.0gcc,1,9.84,inf,1.0232613374314503,-1,1.0742767256986785,2.3804060411809025,2.3804060411809025,False
base__s1__5000K_2.0gcc,1,9.88,inf,0.9892669740560428,-1,0.8567997485418204,3.787409429597205,3.787409429597205,False
base__s1__5000K_2.0gcc,1,9.92,inf,0.99606120644868,-1,1.0042366729150547,2.025667073131147,2.025667073131147,False
base__s1__5000K_2.0gcc,1,9.96,inf,1.052365247250687,-1,0.6441935178520176,0.8964234493247061,0.8964234493247061,False
base__s1__5000K_2.0gcc,1,10.0,inf,1.0342674159505356,-1,0.6748239050755389,1.8799910856886535,1.8799910856886535,False
base__s20__5000K_2.0gcc,20,0.0,4.38,1.0310702502254634,-1,0.8928044464759279,1.0000000000000064,1.0000000000000064,True
base__s20__5000K_2.0gcc,20,0.04,4.38,1.043018535670868,-1,0.5834345110284438,1.1873313990714025,1.1873313990714025,True
base__s20__5000K_2.0gcc,20,0.08,4.38,0.9956881838191108,-1,0.6508853046571523,0.9636194596856764,0.9636194596856764,True
base__s20__5000K_2.0gcc,20,0.12,4.38,1.0224717508444912,-1,0.6352951943724127,0.857157895373911,0.857157895373911,True
base__s20__5000K_2.0gcc,20,0.16,4.38,1.0525362028519485,-1,0.6481733798006415,1.0451687400130087,1.0451687400130087,True
base__s20__5000K_2.0gcc,20,0.2,4.38,0.9892487694533671,-1,0.7126358601415472,1.4278052642558414,1.4278052642558414,True
base__s20__5000K_2.0gcc,20,0.24,4.38,1.03128808920592,-1,0.6353404917003266,0.7555653461892464,0.7555653461892464,True
base__s20__5000K_2.0gcc,20,0.28,4.38,1.0143101379331667,-1,0.7484837362386086,1.1449653631639314,1.1449653631639314,True
base__s20__5000K_2.0gcc,20,0.32,4.38,1.011716827652382,-1,0.6418972003317743,0.9619061535648605,0.9619061535648605,True
base__s20__5000K_2.0gcc,20,0.36,4.38,1.020987625046455,-1,0.8051050830214571,1.3740384024361219,1.3740384024361219,True
base__s20__5000K_2.0gcc,20,0.4,4.38,0.9903185147057484,-1,0.7322155200903923,0.976406033511503,0.976406033511503,True
base__s20__5000K_2.0gcc,20,0.44,4.38,1.005969311749618,-1,0.6410840544308496,1.1879173634986286,1.1879173634986286,True
base__s20__5000K_2.0gcc,20,0.48,4.38,1.0258926104412684,-1,0.6788716216215546,0.961118085956892,0.961118085956892,True
base__s20__5000K_2.0gcc,20,0.52,4.38,1.033466342438398,-1,0.6954787919269076,0.9694924942005624,0.9694924942005624,True
base__s20__5000K_2.0gcc,20,0.56,4.38,0.949898827222141,-1,1.531896176506166,2.189218693640213,1.531896176506166,True
base__s20__5000K_2.0gcc,20,0.6,4.38,1.0462114993112055,-1,0.7163395774113849,1.1995263702257892,1.1995263702257892,True
base__s20__5000K_2.0gcc,20,0.64,4.38,1.0181843535676631,-1,0.6713818494032343,4.680311637687142,4.680311637687142,True
base__s20__5000K_2.0gcc,20,0.68,4.38,1.0150813681257278,-1,0.6099779708208101,1.2172949402982245,1.2172949402982245,True
base__s20__5000K_2.0gcc,20,0.72,4.38,0.976103353247493,-1,0.8116760365891273,1.0426443425418834,1.0426443425418834,True
base__s20__5000K_2.0gcc,20,0.76,4.38,1.0156973520621189,-1,0.7326991476303346,2.3057948709940685,2.3057948709940685,True
base__s20__5000K_2.0gcc,20,0.8,4.38,1.0371844828982937,-1,0.996060133718826,3.120213904467752,3.120213904467752,True
base__s20__5000K_2.0gcc,20,0.84,4.38,1.0267624686649777,-1,0.6564671602988227,1.2646659640627624,1.2646659640627624,True
base__s20__5000K_2.0gcc,20,0.88,4.38,1.0456844767835085,-1,0.7303659027666385,2.8943101419734374,2.8943101419734374,True
base__s20__5000K_2.0gcc,20,0.92,4.38,1.0335302190173248,-1,0.6644355134357917,0.7937726114455164,0.7937726114455164,True
base__s20__5000K_2.0gcc,20,0.96,4.38,1.0428776403500075,-1,0.69341704570161,0.8173940256937303,0.775794765496558,True
base__s20__5000K_2.0gcc,20,1.0,4.38,1.0008276877574884,-1,0.7371148927261707,1.0681600756066385,1.0681600756066385,True
base__s20__5000K_2.0gcc,20,1.04,4.38,0.9735830589641546,-1,1.0005536739365062,1.4059762135393143,1.4059762135393143,True
base__s20__5000K_2.0gcc,20,1.08,4.38,1.0089150500661594,-1,0.8882892941935498,1.327456880141084,1.327456880141084,True
base__s20__5000K_2.0gcc,20,1.12,4.38,1.003343857437718,-1,0.6790252794755067,1.1834388510584577,1.1834388510584577,True
base__s20__5000K_2.0gcc,20,1.16,4.38,1.031960147917543,-1,0.7821082554653207,1.5186909939255602,1.5186909939255602,True
base__s20__5000K_2.0gcc,20,1.2,4.38,1.0067069803075763,-1,0.8536241377678273,1.1279334076366812,1.1279334076366812,True
base__s20__5000K_2.0gcc,20,1.24,4.38,1.0325558741675926,-1,0.7615062581396714,1.0427208582465926,0.9256215866546036,True
base__s20__5000K_2.0gcc,20,1.28,4.38,1.0209542964618932,-1,0.640999502418023,1.0937392092862148,1.0937392092862148,True
base__s20__5000K_2.0gcc,20,1.32,4.38,1.0311159552436384,-1,0.7549126018552579,0.9586158563810973,0.9586158563810973,True
base__s20__5000K_2.0gcc,20,1.36,4.38,0.9986099363044612,-1,0.7046238541478724,1.5427903655330977,1.5427903655330977,True
base__s20__5000K_2.0gcc,20,1.4,4.38,1.030199441460245,-1,0.6740093672729428,0.9209711174304307,0.9209711174304307,True
base__s20__5000K_2.0gcc,20,1.44,4.38,1.0382952717247638,-1,0.691776385887984,1.2671834461015674,1.2671834461015674,True
base__s20__5000K_2.0gcc,20,1.48,4.38,1.0452719100052388,-1,0.6455160753300343,0.950521924882119,0.950521924882119,True
base__s20__5000K_2.0gcc,20,1.52,4.38,1.0464489309283085,-1,0.6463487894330476,0.9619373406522197,0.9619373406522197,True
base__s20__5000K_2.0gcc,20,1.56,4.38,1.00835361324091,-1,0.6317272906497573,1.0362689130589837,1.0362689130589837,True
base__s20__5000K_2.0gcc,20,1.6,4.38,0.977600469668976,-1,1.076528754694407,1.3564558648048706,1.3564558648048706,True
base__s20__5000K_2.0gcc,20,1.64,4.38,1.006708271574243,-1,0.6822110894701175,1.1055018802245058,1.1055018802245058,True
base__s20__5000K_2.0gcc,20,1.68,4.38,1.025884890954634,-1,0.7253322221097077,1.0543800003822366,1.0543800003822366,True
base__s20__5000K_2.0gcc,20,1.72,4.38,1.0265346399420725,-1,0.6773265675984401,1.4238890691054462,1.4238890691054462,True
base__s20__5000K_2.0gcc,20,1.76,4.38,1.074798858730786,-1,0.8864643857745096,0.9898072695955576,0.9898072695955576,True
base__s20__5000K_2.0gcc,20,1.8,4.38,1.0038074198744502,-1,0.651798053702177,1.1885787512119754,1.1885787512119754,True
base__s20__5000K_2.0gcc,20,1.84,4.38,0.9908337707451236,-1,1.020799450987704,1.2880526000204058,1.2880526000204058,True
base__s20__5000K_2.0gcc,20,1.88,4.38,1.0031399150557214,-1,0.7355394922176619,1.445271936817281,1.445271936817281,True
base__s20__5000K_2.0gcc,20,1.92,4.38,1.0025265687596514,-1,0.6773327527919856,1.2992940174051182,1.2992940174051182,True
base__s20__5000K_2.0gcc,20,1.96,4.38,0.9897089613037768,-1,0.6608230686586126,5.153161140506457,5.153161140506457,True
base__s20__5000K_2.0gcc,20,2.0,4.38,1.0622799617751435,-1,0.6204029089685678,4.4595677948896455,4.4595677948896455,True
base__s20__5000K_2.0gcc,20,2.04,4.38,1.0052390449703996,-1,0.7854786835931868,1.407164709954204,1.407164709954204,True
base__s20__5000K_2.0gcc,20,2.08,4.38,1.0067679600930886,-1,0.7229702208272158,1.4466676305499286,1.4466676305499286,True
base__s20__5000K_2.0gcc,20,2.12,4.38,1.0232775880639624,-1,0.725165223611086,2.3560366903547605,2.3560366903547605,True
base__s20__5000K_2.0gcc,20,2.16,4.38,1.021434494832145,-1,0.8139493118624607,3.968185066827676,3.968185066827676,True
base__s20__5000K_2.0gcc,20,2.2,4.38,1.0008235207188128,-1,0.7492748455408548,1.3946834657562064,1.3946834657562064,True
base__s20__5000K_2.0gcc,20,2.24,4.38,1.0208503723117306,-1,0.7547471694340179,1.3516613409739617,1.3516613409739617,True
base__s20__5000K_2.0gcc,20,2.28,4.38,1.0197692937002951,-1,0.8238554677136994,2.597258881742946,2.597258881742946,True
base__s20__5000K_2.0gcc,20,2.32,4.38,1.0272394450277882,-1,0.7293360906783909,1.6467621778501642,1.6467621778501642,True
base__s20__5000K_2.0gcc,20,2.36,4.38,0.9963645408970554,-1,0.7110941872515941,1.4065434634516578,1.4065434634516578,True
base__s20__5000K_2.0gcc,20,2.4,4.38,1.044151869818274,-1,0.7644314584347839,1.8417636630645784,1.8417636630645784,True
base__s20__5000K_2.0gcc,20,2.44,4.38,1.0316575226236664,-1,0.7044172350452574,1.3719423023997173,1.3719423023997173,True
base__s20__5000K_2.0gcc,20,2.48,4.38,1.0453344572054435,-1,0.7268724794482115,1.2860375520872604,1.2860375520872604,True
base__s20__5000K_2.0gcc,20,2.52,4.38,1.0432361724211827,-1,0.7731431223031504,1.205222755609406,1.205222755609406,True
base__s20__5000K_2.0gcc,20,2.56,4.38,1.0393186513528951,-1,0.6941083435943901,3.4893546039748506,3.4893546039748506,True
base__s20__5000K_2.0gcc,20,2.6,4.38,1.0364752260203802,-1,0.7924976301318168,1.1612640671753547,1.1612640671753547,True
base__s20__5000K_2.0gcc,20,2.64,4.38,1.0082087821225318,-1,0.7030568291517211,0.9387313646698129,0.9387313646698129,True
base__s20__5000K_2.0gcc,20,2.68,4.38,1.057978768386209,-1,0.7164284592622494,1.3200035480175856,1.3200035480175856,True
base__s20__5000K_2.0gcc,20,2.72,4.38,1.0190689038499805,-1,0.9747816930864174,3.701076563862501,3.701076563862501,True
base__s20__5000K_2.0gcc,20,2.76,4.38,1.019200525920194,-1,0.7258616362708559,1.3446109608039238,1.3446109608039238,True
base__s20__5000K_2.0gcc,20,2.8000000000000003,4.38,1.0077866668268638,-1,0.7393740396949184,0.9277137895264349,0.9038866950698387,True
base__s20__5000K_2.0gcc,20,2.84,4.38,1.0234177593035996,-1,0.6717479682288046,1.7610917374164152,1.7610917374164152,True
base__s20__5000K_2.0gcc,20,2.88,4.38,1.0065262476711672,-1,0.9000547052140181,1.3697619992723584,1.3697619992723584,True
base__s20__5000K_2.0gcc,20,2.92,4.38,1.043075592242,-1,0.8063796614317843,1.1052645735899864,1.1052645735899864,True
base__s20__5000K_2.0gcc,20,2.96,4.38,1.031729422154375,-1,0.6563439722584841,1.1273611658747738,1.1273611658747738,True
base__s20__5000K_2.0gcc,20,3.0,4.38,1.0118620708224029,-1,0.7445628324830982,1.4383114728172965,1.4383114728172965,True
base__s20__5000K_2.0gcc,20,3.04,4.38,1.0226516450624816,-1,0.6892853748822254,0.9029911427673735,0.9029911427673735,True
base__s20__5000K_2.0gcc,20,3.08,4.38,0.9887312188456469,-1,0.7161383883886626,1.5693052270471337,1.5693052270471337,True
base__s20__5000K_2.0gcc,20,3.12,4.38,1.0438523573087333,-1,0.7045715496096139,1.147158542992607,1.147158542992607,True
base__s20__5000K_2.0gcc,20,3.16,4.38,1.0139573803735549,-1,0.7516522562678741,1.0610251317969766,1.0610251317969766,True
base__s20__5000K_2.0gcc,20,3.2,4.38,1.0699335486865529,-1,0.6517289469890649,1.2186631199008473,1.2186631199008473,True
base__s20__5000K_2.0gcc,20,3.24,4.38,1.064161337938473,-1,0.6383640107464849,1.4801447373919938,1.4801447373919938,True
base__s20__5000K_2.0gcc,20,3.28,4.38,1.006999230598515,-1,0.7986662568111649,0.9878675974231358,0.9878675974231358,True
base__s20__5000K_2.0gcc,20,3.3200000000000003,4.38,1.049200048931089,-1,0.6142212249547404,1.8070364820678666,1.8070364820678666,True
base__s20__5000K_2.0gcc,20,3.36,4.38,1.034182259137624,-1,0.6260333913333969,0.8176268822288488,0.8176268822288488,True
base__s20__5000K_2.0gcc,20,3.4,4.38,0.9937999972474342,-1,0.6603961827966269,1.1927449345562773,1.1927449345562773,True
base__s20__5000K_2.0gcc,20,3.44,4.38,1.0434280309777004,-1,0.6199149177521714,0.8569590169007844,0.8569590169007844,True
base__s20__5000K_2.0gcc,20,3.48,4.38,1.0142088947164678,-1,0.6374942350707938,0.833471741052562,0.833471741052562,True
base__s20__5000K_2.0gcc,20,3.52,4.38,1.0385126108362863,-1,0.6818163599065151,1.260558775710717,1.260558775710717,True
base__s20__5000K_2.0gcc,20,3.56,4.38,1.0254474122299004,-1,0.7083599266938037,0.8975093862460932,0.8975093862460932,True
base__s20__5000K_2.0gcc,20,3.6,4.38,1.0326418940150557,-1,0.6622469213667216,0.8209655239832175,0.8209655239832175,True
base__s20__5000K_2.0gcc,20,3.64,4.38,1.049153685907837,-1,0.6897453085531655,1.0333711014715152,1.0333711014715152,True
base__s20__5000K_2.0gcc,20,3.68,4.38,1.0091468809420163,-1,0.6831017002431321,2.9639937242413397,2.9639937242413397,True
base__s20__5000K_2.0gcc,20,3.72,4.38,1.053009574563308,-1,0.682222330099244,2.0119990979092943,2.0119990979092943,True
base__s20__5000K_2.0gcc,20,3.76,4.38,1.0387858258110765,-1,0.6717873873991729,1.1650454725977373,1.1650454725977373,True
base__s20__5000K_2.0gcc,20,3.8,4.38,1.0354335178426477,-1,0.8340630706160749,1.3336729457929863,1.3336729457929863,True
base__s20__5000K_2.0gcc,20,3.84,4.38,1.0501180688536893,-1,0.706534185506368,1.2625703108662418,1.2625703108662418,True
base__s20__5000K_2.0gcc,20,3.88,4.38,1.0106922750145078,-1,0.6444749441604104,1.1324420186283413,1.1324420186283413,True
base__s20__5000K_2.0gcc,20,3.92,4.38,1.045099933846041,-1,0.7351399615583962,3.8895716824531674,3.8895716824531674,True
base__s20__5000K_2.0gcc,20,3.96,4.38,1.051277814339768,-1,0.6353728186655647,1.835796975285632,1.835796975285632,True
base__s20__5000K_2.0gcc,20,4.0,4.38,1.0350535217045538,-1,0.7611024879477423,0.9652429526249999,0.9652429526249999,True
base__s20__5000K_2.0gcc,20,4.04,4.38,1.035098498774392,-1,0.6386070440071877,0.9759870097973706,0.9759870097973706,True
base__s20__5000K_2.0gcc,20,4.08,4.38,1.058144675120562,-1,0.7414844505347001,1.6732042922637202,1.6732042922637202,True
base__s20__5000K_2.0gcc,20,4.12,4.38,0.9772921247907403,-1,1.1881888402380738,1.3532013997067687,1.2257996855687103,True
base__s20__5000K_2.0gcc,20,4.16,4.38,1.0234152956879234,-1,1.176917817153112,2.640346907583208,2.640346907583208,True
base__s20__5000K_2.0gcc,20,4.2,4.38,1.040625845800978,-1,0.7229424351622977,1.3319390274542782,1.3319390274542782,True
base__s20__5000K_2.0gcc,20,4.24,4.38,1.0196297266562009,-1,0.6693361986574888,1.2437921377569088,1.2437921377569088,True
base__s20__5000K_2.0gcc,20,4.28,4.38,1.0111738413200777,-1,0.71335978168872,0.9574565277898971,0.9574565277898971,True
base__s20__5000K_2.0gcc,20,4.32,4.38,0.9888395141543443,-1,0.9225882761935147,1.5896439320564786,1.5896439320564786,True
base__s20__5000K_2.0gcc,20,4.36,4.38,1.014829587717071,-1,0.8097805089882195,1.3655640968186948,1.3655640968186948,True
base__s21__5000K_2.0gcc,21,0.0,inf,1.0310702502254634,-1,0.8928044464759279,1.0000000000000064,1.0000000000000064,False
base__s21__5000K_2.0gcc,21,0.04,inf,1.0232631414318605,-1,0.8213918560038775,0.9947217692984809,0.9123176584398228,False
base__s21__5000K_2.0gcc,21,0.08,inf,1.0290537874882928,-1,0.718616543115668,0.8459497853690955,0.8459497853690955,False
base__s21__5000K_2.0gcc,21,0.12,inf,1.0280011832926066,-1,0.6928553140277824,0.7916297286393046,0.7916297286393046,False
base__s21__5000K_2.0gcc,21,0.16,inf,1.0240658472388384,-1,0.6857263555022071,1.2269582293660979,1.2269582293660979,False
base__s21__5000K_2.0gcc,21,0.2,inf,1.0488335899054724,-1,0.6455366293629734,1.0403161187774155,1.0403161187774155,False
base__s21__5000K_2.0gcc,21,0.24,inf,1.0376832546683024,-1,0.7272860158441674,1.475651836417994,1.475651836417994,False
base__s21__5000K_2.0gcc,21,0.28,inf,1.0113772431931618,-1,0.8432406837031602,0.9365253189983467,0.8724298027763107,False
base__s21__5000K_2.0gcc,21,0.32,inf,0.9972877911741432,-1,0.8804125018511183,1.4559802766603747,1.4559802766603747,False
base__s21__5000K_2.0gcc,21,0.36,inf,1.0292968201306156,-1,0.6259537502631917,1.7234846333201812,1.7234846333201812,False
base__s21__5000K_2.0gcc,21,0.4,inf,1.0000774397065466,-1,0.5784897673894372,0.8326096107812649,0.8326096107812649,False
base__s21__5000K_2.0gcc,21,0.44,inf,1.0079566022979365,-1,0.7027177172966057,0.8761100471408041,0.7672147004215849,False
base__s21__5000K_2.0gcc,21,0.48,inf,0.994858179612049,-1,0.707293721343931,0.8666925144757729,0.8013422875010485,False
base__s21__5000K_2.0gcc,21,0.52,inf,1.025424404939242,-1,0.6570778270024786,1.1019780373417265,1.1019780373417265,False
base__s21__5000K_2.0gcc,21,0.56,inf,1.0586576229513491,-1,0.6791934023733059,1.0713734408727547,1.0713734408727547,False
base__s21__5000K_2.0gcc,21,0.6,inf,1.0161452613342243,-1,0.6334304487722028,1.0895783360062543,1.0895783360062543,False
base__s21__5000K_2.0gcc,21,0.64,inf,1.0412016276456728,-1,0.7188008847122498,1.0948417284931315,1.0948417284931315,False
base__s21__5000K_2.0gcc,21,0.68,inf,1.0037440649657658,-1,0.6647995879028504,0.9510455721808893,0.9510455721808893,False
base__s21__5000K_2.0gcc,21,0.72,inf,1.0579217582359297,-1,0.6194778339504466,0.9786776174450379,0.9786776174450379,False
base__s21__5000K_2.0gcc,21,0.76,inf,1.0317464825716636,-1,0.7559430580431851,1.0603206500942721,1.0479462452650465,False
base__s21__5000K_2.0gcc,21,0.8,inf,1.0140194615819755,-1,0.7254636122675479,1.0222264199647177,1.0222264199647177,False
base__s21__5000K_2.0gcc,21,0.84,inf,1.007069374602366,-1,0.6984062544712634,1.1414762249640407,1.1414762249640407,False
base__s21__5000K_2.0gcc,21,0.88,inf,0.9768319111280104,-1,0.9132264604007633,1.3876717919823387,1.3876717919823387,False
base__s21__5000K_2.0gcc,21,0.92,inf,1.0338110457051617,-1,0.6769058853072177,0.8422961188631211,0.8422961188631211,False
base__s21__5000K_2.0gcc,21,0.96,inf,1.0353544742386542,-1,0.6825816849236616,0.7748406946297897,0.7748406946297897,False
base__s21__5000K_2.0gcc,21,1.0,inf,0.9948683091113116,-1,0.8138551666476712,0.9098270703254396,0.9098270703254396,False
base__s21__5000K_2.0gcc,21,1.04,inf,1.0060565917705628,-1,0.6821585293639842,0.9296270366719757,0.9296270366719757,False
base__s21__5000K_2.0gcc,21,1.08,inf,1.038740683359903,-1,0.7459166726726665,0.8445819006781836,0.8445819006781836,False
base__s21__5000K_2.0gcc,21,1.12,inf,1.0039728095850005,-1,0.6602177747675277,0.9073123797883177,0.9073123797883177,False
base__s21__5000K_2.0gcc,21,1.16,inf,1.0200691673700366,-1,0.6221711325438212,0.7852596521918682,0.7852596521918682,False
base__s21__5000K_2.0gcc,21,1.2,inf,1.0013934865406309,-1,0.6756928872594207,0.7748518893259387,0.7748518893259387,False
base__s21__5000K_2.0gcc,21,1.24,inf,1.0270796238125846,-1,0.7220938157915299,0.8318343529876133,0.8280620497113886,False
base__s21__5000K_2.0gcc,21,1.28,inf,1.0518621764076317,-1,0.7535578002814992,0.7555782684848715,0.7555782684848715,False
base__s21__5000K_2.0gcc,21,1.32,inf,1.0451997528673642,-1,0.7814529852110382,0.9593793203993553,0.9593793203993553,False
base__s21__5000K_2.0gcc,21,1.36,inf,1.0315186103061835,-1,0.7317723174494484,1.3105344159080827,1.3105344159080827,False
base__s21__5000K_2.0gcc,21,1.4,inf,1.0537456435449686,-1,0.7534856127824513,1.4210374153491376,1.4210374153491376,False
base__s21__5000K_2.0gcc,21,1.44,inf,1.0398183396747722,-1,0.7754642605871634,0.8249785092131567,0.8249785092131567,False
base__s21__5000K_2.0gcc,21,1.48,inf,1.0018884721175307,-1,0.6900246008377888,0.8686613043646083,0.8686613043646083,False
base__s21__5000K_2.0gcc,21,1.52,inf,1.0377131393892056,-1,0.698038789417055,0.86784974425917,0.86784974425917,False
base__s21__5000K_2.0gcc,21,1.56,inf,1.01749017663317,-1,0.7168349554954092,0.8431496776936319,0.8431496776936319,False
base__s21__5000K_2.0gcc,21,1.6,inf,1.0041359899824325,-1,0.7671693730705208,1.2012641159883333,1.2012641159883333,False
base__s21__5000K_2.0gcc,21,1.64,inf,0.9776844483395448,-1,0.8842876697826412,0.9564887185014482,0.9564887185014482,False
base__s21__5000K_2.0gcc,21,1.68,inf,1.0263569809320736,-1,0.6327300128037348,0.9938158904447392,0.9938158904447392,False
base__s21__5000K_2.0gcc,21,1.72,inf,1.0292457819996153,-1,0.6084744682402103,1.0179561785656148,1.0179561785656148,False
base__s21__5000K_2.0gcc,21,1.76,inf,1.030719988655503,-1,0.7452280344767293,1.0578911210175301,1.0578911210175301,False
base__s21__5000K_2.0gcc,21,1.8,inf,1.0282835868154268,-1,0.7088096998678163,1.1693640369468699,1.1693640369468699,False
base__s21__5000K_2.0gcc,21,1.84,inf,1.026012676917298,-1,0.6686595257355572,1.5885690709904863,1.5885690709904863,False
base__s21__5000K_2.0gcc,21,1.88,inf,1.0363795462628538,-1,0.7472789198872378,0.7266004324182944,0.7472789198872378,False
base__s21__5000K_2.0gcc,21,1.92,inf,1.0505264013574345,-1,0.7195584202100098,1.220646787280712,1.220646787280712,False
base__s21__5000K_2.0gcc,21,1.96,inf,1.0220086523283447,-1,0.8473645314702629,1.1929904833730287,1.1929904833730287,False
base__s21__5000K_2.0gcc,21,2.0,inf,0.9995934617723344,-1,0.7110670434130715,1.608648974934826,1.608648974934826,False
base__s21__5000K_2.0gcc,21,2.04,inf,1.0303051167227115,-1,0.7183776512921669,1.1183895132580133,1.1183895132580133,False
base__s21__5000K_2.0gcc,21,2.08,inf,1.0100062186872911,-1,0.6717653347891404,0.9466272697108437,0.9466272697108437,False
base__s21__5000K_2.0gcc,21,2.12,inf,0.9944178411553164,-1,0.8184145624659248,0.9409267716526403,0.9409267716526403,False
base__s21__5000K_2.0gcc,21,2.16,inf,1.0428292233103174,-1,0.7142478809576205,3.8813232189248814,3.8813232189248814,False
base__s21__5000K_2.0gcc,21,2.2,inf,0.9822911770147384,-1,0.8617800107008431,1.011624829485639,0.9946677933992143,False
base__s21__5000K_2.0gcc,21,2.24,inf,1.0459982444765374,-1,0.679873751627164,1.0771987660529483,1.0771987660529483,False
base__s21__5000K_2.0gcc,21,2.28,inf,1.0051641796786237,-1,0.715460690578314,1.05311966075231,1.05311966075231,False
base__s21__5000K_2.0gcc,21,2.32,inf,1.0330445781736628,-1,0.7070871190339993,1.0358180948184779,1.0358180948184779,False
base__s21__5000K_2.0gcc,21,2.36,inf,1.0353588130117013,-1,0.6283310354583537,0.7862124124940489,0.7862124124940489,False
base__s21__5000K_2.0gcc,21,2.4,inf,1.0170004207206604,-1,0.6373833605940991,0.8946031451002314,0.8946031451002314,False
base__s21__5000K_2.0gcc,21,2.44,inf,1.04566463700414,-1,0.712448445849946,1.6131369966780063,1.6131369966780063,False
base__s21__5000K_2.0gcc,21,2.48,inf,1.043770133047023,-1,0.6878421844970812,0.947084647202224,0.947084647202224,False
base__s21__5000K_2.0gcc,21,2.52,inf,1.00239337842386,-1,0.921319519015418,1.1499397380997463,1.1499397380997463,False
base__s21__5000K_2.0gcc,21,2.56,inf,1.0222128393353311,-1,0.6983109303469852,0.9835444375380252,0.9835444375380252,False
base__s21__5000K_2.0gcc,21,2.6,inf,1.0001270598049024,-1,0.7368980345659024,1.2278279516753547,1.2278279516753547,False
base__s21__5000K_2.0gcc,21,2.64,inf,0.9940056453089192,-1,0.8626556190206018,1.2709188442316113,1.2709188442316113,False
base__s21__5000K_2.0gcc,21,2.68,inf,1.0049253708236243,-1,0.776579891466647,1.4045464861383632,1.4045464861383632,False
base__s21__5000K_2.0gcc,21,2.72,inf,1.0405593570700329,-1,0.622400976290189,1.2691222266798188,1.2691222266798188,False
base__s21__5000K_2.0gcc,21,2.76,inf,1.0026260811798182,-1,0.7277537465118991,0.8434080353907027,0.8434080353907027,False
base__s21__5000K_2.0gcc,21,2.8000000000000003,inf,1.0454646667138014,-1,0.7059035388469802,1.1920993668375957,1.1920993668375957,False
base__s21__5000K_2.0gcc,21,2.84,inf,1.0137515824530188,-1,0.9324034686985329,2.8178298718929344,2.8178298718929344,False
base__s21__5000K_2.0gcc,21,2.88,inf,1.0421826168234627,-1,0.6232440071756234,1.2064052952515418,1.2064052952515418,False
base__s21__5000K_2.0gcc,21,2.92,inf,1.012785202001886,-1,0.8411432689505787,5.676424858238174,5.676424858238174,False
base__s21__5000K_2.0gcc,21,2.96,inf,1.0295044626241303,-1,0.741041225247352,1.2183564158075124,1.2183564158075124,False
base__s21__5000K_2.0gcc,21,3.0,inf,1.0310261283182889,-1,0.715401745507458,3.638195864263151,3.638195864263151,False
base__s21__5000K_2.0gcc,21,3.04,inf,1.0204695184619672,-1,0.6617565957525114,1.0448325577571764,1.0448325577571764,False
base__s21__5000K_2.0gcc,21,3.08,inf,0.97248814814629,-1,1.4014251984672765,1.7961256795318365,1.4014251984672765,False
base__s21__5000K_2.0gcc,21,3.12,inf,1.0040995122277483,-1,0.8612305517008714,1.631845997454605,1.631845997454605,False
base__s21__5000K_2.0gcc,21,3.16,inf,1.0578757572971411,-1,0.7608076652044826,0.9036348903090985,0.9036348903090985,False
base__s21__5000K_2.0gcc,21,3.2,inf,1.0313866964470697,-1,0.7774746441590524,1.0931279740681956,1.0931279740681956,False
base__s21__5000K_2.0gcc,21,3.24,inf,1.029190287236524,-1,0.6110236247483039,2.690734329928506,2.690734329928506,False
base__s21__5000K_2.0gcc,21,3.28,inf,1.03129486167536,-1,0.6868075321990208,1.500839929807407,1.500839929807407,False
base__s21__5000K_2.0gcc,21,3.3200000000000003,inf,0.9849337099368668,-1,0.6722254530261399,1.186853421686952,1.186853421686952,False
base__s21__5000K_2.0gcc,21,3.36,inf,1.0193828648147858,-1,0.6836881149921297,0.9470347729560684,0.9470347729560684,False
base__s21__5000K_2.0gcc,21,3.4,inf,1.0369281931942052,-1,0.7361333676392772,0.9967411305826843,0.9967411305826843,False
base__s21__5000K_2.0gcc,21,3.44,inf,1.0134764278097443,-1,0.6748329077464008,0.9979891677096642,0.9979891677096642,False
base__s21__5000K_2.0gcc,21,3.48,inf,1.0141194521988028,-1,0.671797802876412,1.0765703086401373,1.0765703086401373,False
base__s21__5000K_2.0gcc,21,3.52,inf,1.0242115240183542,-1,0.6891635025315759,1.6507077654451219,1.6507077654451219,False
base__s21__5000K_2.0gcc,21,3.56,inf,1.0029897466664353,-1,0.7261269249737909,3.0098437374500757,3.0098437374500757,False
base__s21__5000K_2.0gcc,21,3.6,inf,1.0484621967553245,-1,0.6460305699892804,1.2162542979794957,1.2162542979794957,False
base__s21__5000K_2.0gcc,21,3.64,inf,1.0037299920795426,-1,0.7500545101963014,2.5570035570250336,2.5570035570250336,False
base__s21__5000K_2.0gcc,21,3.68,inf,1.013806531550275,-1,0.6733505286082517,1.3421179652295714,1.3421179652295714,False
base__s21__5000K_2.0gcc,21,3.72,inf,0.9927614187215376,-1,0.6989012601331216,1.3302875243319323,1.3302875243319323,False
base__s21__5000K_2.0gcc,21,3.76,inf,0.98284103387323,-1,0.7210276565692317,0.8726123263773129,0.753108031323857,False
base__s21__5000K_2.0gcc,21,3.8,inf,1.0006466666561176,-1,0.6586390305812752,0.972950642281253,0.972950642281253,False
base__s21__5000K_2.0gcc,21,3.84,inf,1.0123208398077164,-1,0.6451121050379749,1.1147981870855381,1.1147981870855381,False
base__s21__5000K_2.0gcc,21,3.88,inf,0.9858716680126276,-1,0.9263520646700275,1.1393041236832777,0.9475707098047133,False
base__s21__5000K_2.0gcc,21,3.92,inf,1.0421381378728058,-1,0.6725557828669547,1.0399920442896424,1.0399920442896424,False
base__s21__5000K_2.0gcc,21,3.96,inf,1.0380088979493374,-1,0.7630795490986724,2.1336497009554645,2.1336497009554645,False
base__s21__5000K_2.0gcc,21,4.0,inf,1.0241528721558124,-1,0.6819753505166519,1.0170198023826007,1.0170198023826007,False
base__s21__5000K_2.0gcc,21,4.04,inf,1.0167088299424762,-1,0.6372532488647118,0.9646683903830897,0.9646683903830897,False
base__s21__5000K_2.0gcc,21,4.08,inf,1.0080085352535455,-1,0.7753729349039397,1.005749271091299,1.005749271091299,False
base__s21__5000K_2.0gcc,21,4.12,inf,1.0171646113909,-1,0.7270787460549393,0.8206233386271201,0.8206233386271201,False
base__s21__5000K_2.0gcc,21,4.16,inf,1.0241258255917582,-1,0.6892869073011321,0.8738157034402242,0.7390280609163733,False
base__s21__5000K_2.0gcc,21,4.2,inf,1.0145392505985162,-1,0.6371212060266171,0.8602681336586796,0.8602681336586796,False
base__s21__5000K_2.0gcc,21,4.24,inf,1.0067473429426077,-1,0.7800242473324749,2.9605483867677784,2.9605483867677784,False
base__s21__5000K_2.0gcc,21,4.28,inf,1.0209033806443195,-1,0.7574092648247451,1.3768077921031228,1.3768077921031228,False
base__s21__5000K_2.0gcc,21,4.32,inf,1.054920351331796,-1,0.6829042299359663,0.9252390900140266,0.9252390900140266,False
base__s21__5000K_2.0gcc,21,4.36,inf,1.0206984242360717,-1,0.6800262402174024,1.2687955536714417,1.2687955536714417,False
base__s21__5000K_2.0gcc,21,4.4,inf,1.0432889265529468,-1,0.6472724171359857,2.446981504399681,2.446981504399681,False
base__s21__5000K_2.0gcc,21,4.44,inf,1.0362107988363185,-1,0.6503677038167142,1.6746202929702214,1.6746202929702214,False
base__s21__5000K_2.0gcc,21,4.48,inf,1.0241029887359965,-1,0.7057842256700579,1.5700247608213433,1.5700247608213433,False
base__s21__5000K_2.0gcc,21,4.5200000000000005,inf,1.051508710161737,-1,0.731504603010503,1.2564820937703016,1.2564820937703016,False
base__s21__5000K_2.0gcc,21,4.5600000000000005,inf,0.9833628722857088,-1,0.8945573521601563,1.0630263108138003,1.0283193657930414,False
base__s21__5000K_2.0gcc,21,4.6000000000000005,inf,1.0323014094173273,-1,0.6953800173620872,1.745211163755373,1.745211163755373,False
base__s21__5000K_2.0gcc,21,4.64,inf,1.045120205762476,-1,0.6861488556760102,0.9212638611390144,0.9212638611390144,False
base__s21__5000K_2.0gcc,21,4.68,inf,1.016351061502373,-1,0.6697879130584056,1.3988526889918442,1.3988526889918442,False
base__s21__5000K_2.0gcc,21,4.72,inf,1.0067675359843509,-1,0.8733955699748306,1.6123507549084075,1.6123507549084075,False
base__s21__5000K_2.0gcc,21,4.76,inf,1.0085068743469228,-1,0.6928211334354073,0.9735565707759648,0.9735565707759648,False
base__s21__5000K_2.0gcc,21,4.8,inf,0.9985025529661904,-1,0.8987483013502153,2.5923679979202934,2.5923679979202934,False
base__s21__5000K_2.0gcc,21,4.84,inf,1.036148946837761,-1,0.7323302008100774,1.047904070254901,1.047904070254901,False
base__s21__5000K_2.0gcc,21,4.88,inf,1.0339590690041842,-1,0.7270912456898566,0.9431723778651907,0.9431723778651907,False
base__s21__5000K_2.0gcc,21,4.92,inf,1.0024946998313762,-1,0.8191986976490473,0.9311187531918007,0.9311187531918007,False
base__s21__5000K_2.0gcc,21,4.96,inf,1.0489168706775571,-1,0.6300531632033037,1.2270334718489297,1.2270334718489297,False
base__s21__5000K_2.0gcc,21,5.0,inf,1.0364094515436462,-1,0.6410915947143684,0.8012236626335346,0.8012236626335346,False
base__s21__5000K_2.0gcc,21,5.04,inf,1.0125714510635782,-1,0.7091468047309822,1.4913487410474136,1.4913487410474136,False
base__s21__5000K_2.0gcc,21,5.08,inf,1.0496071309347133,-1,0.6150453351099757,1.3081487234873879,1.3081487234873879,False
base__s21__5000K_2.0gcc,21,5.12,inf,1.0442414646115143,-1,0.6501210814794968,1.2487350483988984,1.2487350483988984,False
base__s21__5000K_2.0gcc,21,5.16,inf,1.062622784655496,-1,0.684968083665457,1.1745895200105603,1.1745895200105603,False
base__s21__5000K_2.0gcc,21,5.2,inf,1.0428117437361362,-1,0.6386595495630192,0.947498667125247,0.947498667125247,False
base__s21__5000K_2.0gcc,21,5.24,inf,1.0361486269034952,-1,0.6723914737293513,1.2416669776774398,1.2416669776774398,False
base__s21__5000K_2.0gcc,21,5.28,inf,1.0542019380431815,-1,0.7354498213569169,1.1727504195516922,1.1727504195516922,False
base__s21__5000K_2.0gcc,21,5.32,inf,1.0187243429196144,-1,0.7207794741813128,1.647346569405969,1.647346569405969,False
base__s21__5000K_2.0gcc,21,5.36,inf,1.0439653728898293,-1,0.6316735246956803,0.7737118966476396,0.7737118966476396,False
base__s21__5000K_2.0gcc,21,5.4,inf,1.0704270951302566,-1,0.6776806384812333,1.1988380339540787,1.1988380339540787,False
base__s21__5000K_2.0gcc,21,5.44,inf,1.0203565123279217,-1,0.6719779932185553,2.063748672154371,2.063748672154371,False
base__s21__5000K_2.0gcc,21,5.48,inf,1.0092118471024802,-1,0.7451094431377907,2.50789051967443,2.50789051967443,False
base__s21__5000K_2.0gcc,21,5.5200000000000005,inf,1.0286305294370763,-1,0.6159141062364099,1.7226172657912162,1.7226172657912162,False
base__s21__5000K_2.0gcc,21,5.5600000000000005,inf,1.0342485734222693,-1,0.6041312307743547,1.544861549346531,1.544861549346531,False
base__s21__5000K_2.0gcc,21,5.6000000000000005,inf,1.004227652700821,-1,1.3533384028044395,8.77309741248892,8.77309741248892,False
base__s21__5000K_2.0gcc,21,5.64,inf,1.0449564283289523,-1,0.672652674773056,1.151724767467671,1.151724767467671,False
base__s21__5000K_2.0gcc,21,5.68,inf,1.0237006298034588,-1,0.6413491102418691,0.9912748294397854,0.9912748294397854,False
base__s21__5000K_2.0gcc,21,5.72,inf,1.0369240280223038,-1,0.77205191484881,0.9001143006787702,0.9001143006787702,False
base__s21__5000K_2.0gcc,21,5.76,inf,1.034747597796197,-1,0.7413404059605397,1.1782638349717003,1.1782638349717003,False
base__s21__5000K_2.0gcc,21,5.8,inf,0.9845643207033252,-1,0.8672406154463287,1.0780840066292487,1.0181120521160119,False
base__s21__5000K_2.0gcc,21,5.84,inf,0.9930868170124906,-1,0.6906460449678455,1.0715863908283163,1.0715863908283163,False
base__s21__5000K_2.0gcc,21,5.88,inf,1.0147136107656196,-1,0.7024143275215929,1.286385059980575,1.286385059980575,False
base__s21__5000K_2.0gcc,21,5.92,inf,1.0191676166799055,-1,0.650308291612044,0.996544890274435,0.996544890274435,False
base__s21__5000K_2.0gcc,21,5.96,inf,0.9947983270965024,-1,0.6504628209519364,2.7033313924342606,2.7033313924342606,False
base__s21__5000K_2.0gcc,21,6.0,inf,1.0267490860005672,-1,0.7519172479684547,1.3184319354324372,1.3184319354324372,False
base__s21__5000K_2.0gcc,21,6.04,inf,1.0599749580089146,-1,0.7109903180309339,4.980602732946168,4.980602732946168,False
base__s21__5000K_2.0gcc,21,6.08,inf,1.0331008708959648,-1,0.6558659708134513,1.4165191617269255,1.4165191617269255,False
base__s21__5000K_2.0gcc,21,6.12,inf,1.0317126035931714,-1,0.6340091653745057,1.7561774769818725,1.7561774769818725,False
base__s21__5000K_2.0gcc,21,6.16,inf,1.013294518164389,-1,0.7722105926135757,1.0246167469001175,1.0246167469001175,False
base__s21__5000K_2.0gcc,21,6.2,inf,1.038725664689672,-1,0.8265008303118451,1.345004045410861,1.345004045410861,False
base__s21__5000K_2.0gcc,21,6.24,inf,1.025331787107959,-1,0.6776606393085206,0.9668066503742789,0.9668066503742789,False
base__s21__5000K_2.0gcc,21,6.28,inf,1.0324551807032596,-1,0.7158816207621188,2.43853488044786,2.43853488044786,False
base__s21__5000K_2.0gcc,21,6.32,inf,1.023488473042076,-1,0.7560797985563878,1.2782989791388613,1.2782989791388613,False
base__s21__5000K_2.0gcc,21,6.36,inf,1.033512143679986,-1,0.6161700906800768,1.7529359838035812,1.7529359838035812,False
base__s21__5000K_2.0gcc,21,6.4,inf,1.0175158615756323,-1,0.812125714856486,0.8739937712803991,0.8739937712803991,False
base__s21__5000K_2.0gcc,21,6.44,inf,1.0158080578696946,-1,0.675979890003578,1.5961148232190436,1.5961148232190436,False
base__s21__5000K_2.0gcc,21,6.48,inf,1.016383213628108,-1,0.6948728562582549,0.9626254983022846,0.9626254983022846,False
base__s21__5000K_2.0gcc,21,6.5200000000000005,inf,1.0507674579011284,-1,0.7051020974698767,1.050367393479175,1.050367393479175,False
base__s21__5000K_2.0gcc,21,6.5600000000000005,inf,1.0477827562892033,-1,0.8301402040286922,2.420139527107577,2.420139527107577,False
base__s21__5000K_2.0gcc,21,6.6000000000000005,inf,0.994637912551598,-1,0.7289819147651319,1.1248061564790695,1.1248061564790695,False
base__s21__5000K_2.0gcc,21,6.640000000000001,inf,1.0379802421265052,-1,0.6600650695283264,1.0299915318835382,1.0299915318835382,False
base__s21__5000K_2.0gcc,21,6.68,inf,1.004211139654406,-1,0.8205081528866845,3.850582790768248,3.850582790768248,False
base__s21__5000K_2.0gcc,21,6.72,inf,0.9780714352183076,-1,1.0819548799333858,1.388361018020946,1.2256566256628987,False
base__s21__5000K_2.0gcc,21,6.76,inf,1.0359383093244483,-1,0.6471986841180367,1.2466859454656074,1.2466859454656074,False
base__s21__5000K_2.0gcc,21,6.8,inf,0.9873443857595992,-1,0.8707026132420312,5.968378499883779,5.968378499883779,False
base__s21__5000K_2.0gcc,21,6.84,inf,1.0247766880881906,-1,0.8344114468633206,4.402647548088561,4.402647548088561,False
base__s21__5000K_2.0gcc,21,6.88,inf,1.038312720031398,-1,0.6998400269327553,1.0304025068931755,1.0304025068931755,False
base__s21__5000K_2.0gcc,21,6.92,inf,1.0333861703714635,-1,0.6585882068397355,4.108165029790244,4.108165029790244,False
base__s21__5000K_2.0gcc,21,6.96,inf,1.02940423310476,-1,0.6893441166479491,1.1850114926637565,1.1850114926637565,False
base__s21__5000K_2.0gcc,21,7.0,inf,1.0296693549717792,-1,0.8674637721252922,1.4336303846219351,1.4336303846219351,False
base__s21__5000K_2.0gcc,21,7.04,inf,1.0336259499727165,-1,0.6423119917544022,1.486908449060061,1.486908449060061,False
base__s21__5000K_2.0gcc,21,7.08,inf,1.0509354540817433,-1,0.6486026717048083,1.589096685809721,1.589096685809721,False
base__s21__5000K_2.0gcc,21,7.12,inf,0.988969893185329,-1,0.7003283392591253,2.1187987627852714,2.1187987627852714,False
base__s21__5000K_2.0gcc,21,7.16,inf,1.0571308843638991,-1,0.6920313547766597,2.585623242405107,2.585623242405107,False
base__s21__5000K_2.0gcc,21,7.2,inf,0.9903513908775003,-1,0.7587078567814853,3.915641798502734,3.915641798502734,False
base__s21__5000K_2.0gcc,21,7.24,inf,0.9830502232190376,-1,0.8940510883685489,2.6135612196154034,2.6135612196154034,False
base__s21__5000K_2.0gcc,21,7.28,inf,1.0432895412980998,-1,0.6899423109708486,5.024181362263878,5.024181362263878,False
base__s21__5000K_2.0gcc,21,7.32,inf,1.0175100291343568,-1,0.7930983863605479,1.122731126970525,1.122731126970525,False
base__s21__5000K_2.0gcc,21,7.36,inf,0.989880293851232,-1,0.7712145910871546,1.0998962982845772,1.0998962982845772,False
base__s21__5000K_2.0gcc,21,7.4,inf,1.022325105796586,-1,0.7583200229493461,1.1445048319316309,1.1445048319316309,False
base__s21__5000K_2.0gcc,21,7.44,inf,1.0502005637210443,-1,0.6420953165627237,0.9455490896122992,0.9455490896122992,False
base__s21__5000K_2.0gcc,21,7.48,inf,1.028153139583302,-1,0.7332009496106654,1.9781989342496604,1.9781989342496604,False
base__s21__5000K_2.0gcc,21,7.52,inf,1.0571113396563296,-1,0.717667343086735,1.3770830977386543,1.3770830977386543,False
base__s21__5000K_2.0gcc,21,7.56,inf,1.0348716270117762,-1,0.7723748822409051,2.7238712736541735,2.7238712736541735,False
base__s21__5000K_2.0gcc,21,7.6,inf,1.056878114462117,-1,0.6579460354368347,0.9501846354441857,0.9501846354441857,False
base__s21__5000K_2.0gcc,21,7.640000000000001,inf,1.0301991930976264,-1,0.7256338647230398,0.9695916692858013,0.9695916692858013,False
base__s21__5000K_2.0gcc,21,7.68,inf,0.9998743218189968,-1,0.7713844494190998,1.616496266866438,1.616496266866438,False
base__s21__5000K_2.0gcc,21,7.72,inf,0.9971079449477876,-1,0.7920053805224974,2.244038013757828,2.244038013757828,False
base__s21__5000K_2.0gcc,21,7.76,inf,0.9988813724922492,-1,0.9254076678622034,6.913782702302247,6.913782702302247,False
base__s21__5000K_2.0gcc,21,7.8,inf,1.034971489834865,-1,0.7800837837868271,1.9518947396538544,1.9518947396538544,False
base__s21__5000K_2.0gcc,21,7.84,inf,1.0496073103923207,-1,0.6207977261526597,0.9591152923842262,0.9591152923842262,False
base__s21__5000K_2.0gcc,21,7.88,inf,0.9954652189634752,-1,0.6218020958967437,0.9241786172286315,0.9241786172286315,False
base__s21__5000K_2.0gcc,21,7.92,inf,0.9994908640913134,-1,0.7131964718209545,1.136400539145394,1.136400539145394,False
base__s21__5000K_2.0gcc,21,7.96,inf,0.9963680436791416,-1,0.8417019301331476,1.7687195703236234,1.7687195703236234,False
base__s21__5000K_2.0gcc,21,8.0,inf,1.0401732912178627,-1,0.7002389568429385,0.9266283901569702,0.9266283901569702,False
base__s21__5000K_2.0gcc,21,8.040000000000001,inf,1.0547377206595014,-1,0.6847167935187745,1.1244823928238694,1.1244823928238694,False
base__s21__5000K_2.0gcc,21,8.08,inf,1.0510796981214126,-1,0.7529980884581959,0.9217451387815732,0.9217451387815732,False
base__s21__5000K_2.0gcc,21,8.120000000000001,inf,1.0204974803001725,-1,0.6657063465441471,2.362859341369373,2.362859341369373,False
base__s21__5000K_2.0gcc,21,8.16,inf,1.0548525989170232,-1,0.6865543827984089,1.242554493689147,1.242554493689147,False
base__s21__5000K_2.0gcc,21,8.2,inf,1.0504128854702806,-1,0.6997699666595437,1.0395884679750358,1.0395884679750358,False
base__s21__5000K_2.0gcc,21,8.24,inf,1.0093186001882657,-1,0.7133887606116641,0.997887008070591,0.997887008070591,False
base__s21__5000K_2.0gcc,21,8.28,inf,0.9974076529940008,-1,0.6288046099527149,1.2032677420354099,1.2032677420354099,False
base__s21__5000K_2.0gcc,21,8.32,inf,1.0158865111782909,-1,0.6434441132595962,0.8567786120488305,0.8567786120488305,False
base__s21__5000K_2.0gcc,21,8.36,inf,1.026756895216194,-1,0.6529790607300777,0.9289053008797227,0.9289053008797227,False
base__s21__5000K_2.0gcc,21,8.4,inf,1.0075745649211276,-1,0.7649091387035819,2.1112027783836687,2.1112027783836687,False
base__s21__5000K_2.0gcc,21,8.44,inf,1.03935540788991,-1,0.6246859863822811,1.3390095865276366,1.3390095865276366,False
base__s21__5000K_2.0gcc,21,8.48,inf,1.0477865912799231,-1,0.6288430006271234,0.7914923896535078,0.7914923896535078,False
base__s21__5000K_2.0gcc,21,8.52,inf,1.066381668584939,-1,0.7191200821025605,1.0208014633981708,1.0208014633981708,False
base__s21__5000K_2.0gcc,21,8.56,inf,1.036256381748745,-1,0.6390825698204473,0.8027044555994072,0.8027044555994072,False
base__s21__5000K_2.0gcc,21,8.6,inf,1.0231273860277612,-1,0.6712753473838676,1.57981978372857,1.57981978372857,False
base__s21__5000K_2.0gcc,21,8.64,inf,1.0029603430809215,-1,0.8400664514060521,5.5045436146453754,5.5045436146453754,False
base__s21__5000K_2.0gcc,21,8.68,inf,1.0428257321129937,-1,0.7036676835741529,1.0355975361081469,1.0355975361081469,False
base__s21__5000K_2.0gcc,21,8.72,inf,0.9923453332409043,-1,1.0091635378063757,1.112541417158218,0.9988089414071686,False
base__s21__5000K_2.0gcc,21,8.76,inf,1.0035853006102666,-1,0.8639271696148185,1.5953250980088647,1.5953250980088647,False
base__s21__5000K_2.0gcc,21,8.8,inf,1.0507648748821026,-1,0.6690727675533422,1.1162761688883283,1.1162761688883283,False
base__s21__5000K_2.0gcc,21,8.84,inf,1.0284805737402145,-1,0.7478621344129278,2.167825042597282,2.167825042597282,False
base__s21__5000K_2.0gcc,21,8.88,inf,1.063295169334461,-1,0.6272885878190488,0.8814927876398455,0.8814927876398455,False
base__s21__5000K_2.0gcc,21,8.92,inf,1.042147583796076,-1,0.6913855612526648,1.0665979177306275,1.0665979177306275,False
base__s21__5000K_2.0gcc,21,8.96,inf,1.0448716132319795,-1,0.5860050479824866,1.2166052696941867,1.2166052696941867,False
base__s21__5000K_2.0gcc,21,9.0,inf,1.0716552932104613,-1,0.7641762806459742,1.3726684454320792,1.3726684454320792,False
base__s21__5000K_2.0gcc,21,9.04,inf,1.0489358240950688,-1,0.633943019302553,0.966761957358177,0.966761957358177,False
base__s21__5000K_2.0gcc,21,9.08,inf,1.0565288355189364,-1,0.7316226615252839,0.8816055386207605,0.8816055386207605,False
base__s21__5000K_2.0gcc,21,9.12,inf,1.0500947893376107,-1,0.6494758347575209,1.6122563407904984,1.6122563407904984,False
base__s21__5000K_2.0gcc,21,9.16,inf,1.0010324284966996,-1,0.7903476387399326,1.171344949462918,1.171344949462918,False
base__s21__5000K_2.0gcc,21,9.2,inf,0.9791109897069892,-1,1.3834957660092544,1.609912653085884,1.488601215293858,False
base__s21__5000K_2.0gcc,21,9.24,inf,1.0295410477504043,-1,0.6013434005342976,0.8245027073587103,0.8245027073587103,False
base__s21__5000K_2.0gcc,21,9.28,inf,1.0309580369433082,-1,0.7248190165165267,2.2445722840832096,2.2445722840832096,False
base__s21__5000K_2.0gcc,21,9.32,inf,1.0362700399760685,-1,0.6496312527156606,1.023736980009145,1.023736980009145,False
base__s21__5000K_2.0gcc,21,9.36,inf,1.0059771616080555,-1,0.6902410851018821,1.493392742393959,1.493392742393959,False
base__s21__5000K_2.0gcc,21,9.4,inf,1.027218870409807,-1,0.6663210690637134,1.3056427098388281,1.3056427098388281,False
base__s21__5000K_2.0gcc,21,9.44,inf,1.004313045131347,-1,0.9320675381545953,1.1298639961827137,1.0778834245588171,False
base__s21__5000K_2.0gcc,21,9.48,inf,1.0050198133728516,-1,0.7087642732614317,1.1590619846486874,1.1590619846486874,False
base__s21__5000K_2.0gcc,21,9.52,inf,1.0561709532627757,-1,0.6732486840075661,1.907561955522056,1.907561955522056,False
base__s21__5000K_2.0gcc,21,9.56,inf,1.0119042659881414,-1,0.633394855132787,1.0294739303940457,1.0294739303940457,False
base__s21__5000K_2.0gcc,21,9.6,inf,1.0267541715279278,-1,0.8830543966434291,2.7156255475634867,2.7156255475634867,False
base__s21__5000K_2.0gcc,21,9.64,inf,0.9992014533180984,-1,0.685259668295177,0.8577583946246694,0.8577583946246694,False
base__s21__5000K_2.0gcc,21,9.68,inf,1.0257957832151576,-1,0.6841312249720184,1.081298278450451,1.081298278450451,False
base__s21__5000K_2.0gcc,21,9.72,inf,1.0199697445027478,-1,0.6438109561533862,1.1504153034269586,1.1504153034269586,False
base__s21__5000K_2.0gcc,21,9.76,inf,1.033142452971999,-1,0.7045231644426122,1.0735188447559505,1.0735188447559505,False
base__s21__5000K_2.0gcc,21,9.8,inf,1.0280587169738895,-1,0.7510543352383303,1.712359052099839,1.712359052099839,False
base__s21__5000K_2.0gcc,21,9.84,inf,1.0411677294965491,-1,0.9077092633997618,1.084527252457856,1.084527252457856,False
base__s21__5000K_2.0gcc,21,9.88,inf,0.994263271014272,-1,1.0473315755091892,1.4533747229529435,1.4533747229529435,False
base__s21__5000K_2.0gcc,21,9.92,inf,1.0351782866158854,-1,0.6644016690038883,1.380234501620437,1.380234501620437,False
base__s21__5000K_2.0gcc,21,9.96,inf,1.0254460117578106,-1,0.6128564139657652,1.2303930157603626,1.2303930157603626,False
base__s21__5000K_2.0gcc,21,10.0,inf,1.0074116294305917,-1,0.895424064081265,0.9166054168924942,0.9166054168924942,False
base__s22__5000K_2.0gcc,22,0.0,inf,1.0310702502254634,-1,0.8928044464759279,1.0000000000000064,1.0000000000000064,False
base__s22__5000K_2.0gcc,22,0.04,inf,1.0445069916204492,-1,0.7174668710775647,1.131971182301554,1.131971182301554,False
base__s22__5000K_2.0gcc,22,0.08,inf,0.99989737602116,-1,0.6515403732481884,2.810988318896842,2.810988318896842,False
base__s22__5000K_2.0gcc,22,0.12,inf,1.0305068940487496,-1,0.7072717114905381,1.4799515554940745,1.4799515554940745,False
base__s22__5000K_2.0gcc,22,0.16,inf,1.018476935213557,-1,0.6455854869092528,0.947161716855662,0.947161716855662,False
base__s22__5000K_2.0gcc,22,0.2,inf,0.9766043295936176,-1,0.8259676222446826,1.0506693219575345,0.9363887593050307,False
base__s22__5000K_2.0gcc,22,0.24,inf,0.9911593142552814,-1,0.887021243172712,0.9116790416766163,0.9208930221745419,False
base__s22__5000K_2.0gcc,22,0.28,inf,1.0247585233097602,-1,0.6945820244671762,0.9746439563269076,0.9746439563269076,False
base__s22__5000K_2.0gcc,22,0.32,inf,1.009521638583344,-1,0.6319480476494327,0.8942472717487975,0.8942472717487975,False
base__s22__5000K_2.0gcc,22,0.36,inf,1.0228035870737846,-1,0.6561732070390505,0.8241200567083657,0.8241200567083657,False
base__s22__5000K_2.0gcc,22,0.4,inf,1.0533021744637194,-1,0.6728521139372388,1.1588757485865258,1.1588757485865258,False
base__s22__5000K_2.0gcc,22,0.44,inf,1.0407021269835088,-1,0.6677505688241949,0.9202583473612147,0.9202583473612147,False
base__s22__5000K_2.0gcc,22,0.48,inf,0.9862276192791394,-1,0.9510050006893662,1.0675386140093714,0.9510050006893662,False
base__s22__5000K_2.0gcc,22,0.52,inf,1.0249211505798868,-1,0.7198783819656607,1.0712959300186433,1.0712959300186433,False
base__s22__5000K_2.0gcc,22,0.56,inf,0.9977157670213496,-1,0.747329169535208,1.0454806451297785,1.0454806451297785,False
base__s22__5000K_2.0gcc,22,0.6,inf,1.0124839014631295,-1,0.6643501810265181,0.859837636534866,0.859837636534866,False
base__s22__5000K_2.0gcc,22,0.64,inf,1.0323045955753565,-1,0.6419907932022848,0.9753356338693978,0.9753356338693978,False
base__s22__5000K_2.0gcc,22,0.68,inf,1.0046964908334255,-1,0.7561538200357442,1.1566464745627303,1.1566464745627303,False
base__s22__5000K_2.0gcc,22,0.72,inf,1.0060174861750666,-1,0.6908066477466683,0.8962240723355963,0.8962240723355963,False
base__s22__5000K_2.0gcc,22,0.76,inf,1.0343354679039096,-1,0.6482717940516013,0.8428722930888,0.8428722930888,False
base__s22__5000K_2.0gcc,22,0.8,inf,1.01783007315072,-1,0.6749859369599338,0.8437676414198438,0.8437676414198438,False
base__s22__5000K_2.0gcc,22,0.84,inf,0.9888535557280462,-1,0.7898003916459319,1.0763499131125787,1.0763499131125787,False
base__s22__5000K_2.0gcc,22,0.88,inf,0.9633835870524264,-1,1.0828901804997801,1.282948136780721,1.1879777877694564,False
base__s22__5000K_2.0gcc,22,0.92,inf,1.0469340299054182,-1,0.6508613946345307,3.8406153291979335,3.8406153291979335,False
base__s22__5000K_2.0gcc,22,0.96,inf,1.047432163253068,-1,0.802515733912587,1.1984453228378367,1.1984453228378367,False
base__s22__5000K_2.0gcc,22,1.0,inf,1.0408696567635158,-1,0.6549472889710942,2.876673762829429,2.876673762829429,False
base__s22__5000K_2.0gcc,22,1.04,inf,0.9842005429860332,-1,0.7765285345844898,1.0547486520687035,1.0547486520687035,False
base__s22__5000K_2.0gcc,22,1.08,inf,0.983899223663684,-1,0.7399714777340554,1.0674174193599122,1.0674174193599122,False
base__s22__5000K_2.0gcc,22,1.12,inf,1.0302040564087298,-1,0.719002485301876,1.3640102141401629,1.3640102141401629,False
base__s22__5000K_2.0gcc,22,1.16,inf,1.0449481818779336,-1,0.6766665732839834,0.9340879408091449,0.9340879408091449,False
base__s22__5000K_2.0gcc,22,1.2,inf,1.001729428241479,-1,1.0164779802017474,3.9604782705124277,3.9604782705124277,False
base__s22__5000K_2.0gcc,22,1.24,inf,1.020164109188321,-1,0.6617720245495791,1.2353525186532637,1.2353525186532637,False
base__s22__5000K_2.0gcc,22,1.28,inf,1.0287985673638942,-1,0.6947905895888372,1.0589332286916042,1.0589332286916042,False
base__s22__5000K_2.0gcc,22,1.32,inf,1.0452025454355718,-1,0.654829537593723,1.0040784384069397,1.0040784384069397,False
base__s22__5000K_2.0gcc,22,1.36,inf,1.0150947413256557,-1,0.6651113813319578,1.155844887353998,1.155844887353998,False
base__s22__5000K_2.0gcc,22,1.4,inf,0.994872026911502,-1,0.8169917609881177,1.1478894000769064,1.1478894000769064,False
base__s22__5000K_2.0gcc,22,1.44,inf,1.0398730038437385,-1,0.6484440352573719,1.1557525088895806,1.1557525088895806,False
base__s22__5000K_2.0gcc,22,1.48,inf,1.0038823535803396,-1,0.6526277975556299,1.255186319930495,1.255186319930495,False
base__s22__5000K_2.0gcc,22,1.52,inf,1.0124628687606276,-1,0.8359423576455104,1.833065024859211,1.833065024859211,False
base__s22__5000K_2.0gcc,22,1.56,inf,1.0210536984125764,-1,0.7970886120883333,1.2231078248336247,1.2231078248336247,False
base__s22__5000K_2.0gcc,22,1.6,inf,0.996359137911125,-1,0.7707326985587286,1.2534939444574944,1.2534939444574944,False
base__s22__5000K_2.0gcc,22,1.64,inf,1.0283272319908685,-1,0.7564113605319339,0.9566612772275604,0.9566612772275604,False
base__s22__5000K_2.0gcc,22,1.68,inf,1.0283400365025184,-1,0.6607754998279631,1.0581100904897334,1.0581100904897334,False
base__s22__5000K_2.0gcc,22,1.72,inf,0.973478651319072,-1,0.9332323086630631,1.4560970389076693,1.4560970389076693,False
base__s22__5000K_2.0gcc,22,1.76,inf,0.960445131106926,-1,1.0521084890846981,1.4345667951456877,1.3868147743933967,False
base__s22__5000K_2.0gcc,22,1.8,inf,1.0038533573709854,-1,0.8941820395494874,2.5762546178846586,2.5762546178846586,False
base__s22__5000K_2.0gcc,22,1.84,inf,1.023565126278245,-1,0.6676015462053388,1.3475084059863183,1.3475084059863183,False
base__s22__5000K_2.0gcc,22,1.88,inf,0.994929671358232,-1,0.679041675333079,1.2015888842708884,1.2015888842708884,False
base__s22__5000K_2.0gcc,22,1.92,inf,0.9828259437993077,-1,0.827667007345952,1.2185625469015124,1.2185625469015124,False
base__s22__5000K_2.0gcc,22,1.96,inf,1.014958555745504,-1,0.7014026270248206,1.9215827574017694,1.9215827574017694,False
base__s22__5000K_2.0gcc,22,2.0,inf,1.0352550921995023,-1,0.6679056687768383,0.9105002760960481,0.9105002760960481,False
base__s22__5000K_2.0gcc,22,2.04,inf,1.0253441660413347,-1,0.7437373559687522,1.3807696676539405,1.3807696676539405,False
base__s22__5000K_2.0gcc,22,2.08,inf,1.0244227321477202,-1,0.641336496951425,1.2597978920998911,1.2597978920998911,False
base__s22__5000K_2.0gcc,22,2.12,inf,1.0068030101613723,-1,0.7355587214777354,1.5061383092395635,1.5061383092395635,False
base__s22__5000K_2.0gcc,22,2.16,inf,1.0177454890128472,-1,0.7592513163694907,1.556837308166555,1.556837308166555,False
base__s22__5000K_2.0gcc,22,2.2,inf,0.9769086138334536,-1,0.7185733493287949,1.1502085302127842,1.1502085302127842,False
base__s22__5000K_2.0gcc,22,2.24,inf,1.0351358851928565,-1,0.6990419646760514,2.0228863234718375,2.0228863234718375,False
base__s22__5000K_2.0gcc,22,2.28,inf,1.0174644682528236,-1,0.8665473460023488,1.3550108015271545,1.3550108015271545,False
base__s22__5000K_2.0gcc,22,2.32,inf,1.0115938715769288,-1,0.6954430747455034,17.128155147304433,17.128155147304433,False
base__s22__5000K_2.0gcc,22,2.36,inf,1.003837180856536,-1,0.6142473605302857,0.8753048295554653,0.8753048295554653,False
base__s22__5000K_2.0gcc,22,2.4,inf,1.03609079838159,-1,0.6534897416289618,1.4693672007431164,1.4693672007431164,False
base__s22__5000K_2.0gcc,22,2.44,inf,0.9892620249307056,-1,0.8151779169898516,2.0799581072932436,2.0799581072932436,False
base__s22__5000K_2.0gcc,22,2.48,inf,1.048254954819675,-1,0.7144868056957566,0.896875322398427,0.896875322398427,False
base__s22__5000K_2.0gcc,22,2.52,inf,0.980981336697595,-1,1.1435913294039899,1.4319369464817142,1.1435913294039899,False
base__s22__5000K_2.0gcc,22,2.56,inf,1.0111565741244033,-1,0.9532270446459605,3.82433505022398,3.82433505022398,False
base__s22__5000K_2.0gcc,22,2.6,inf,0.991868903058262,-1,0.6217983604651768,1.1726961289341653,1.1726961289341653,False
base__s22__5000K_2.0gcc,22,2.64,inf,1.0354459468407804,-1,0.7220335237899993,1.5291710470928948,1.5291710470928948,False
base__s22__5000K_2.0gcc,22,2.68,inf,1.0539964875804853,-1,0.715837720081958,1.0623107278870734,1.0623107278870734,False
base__s22__5000K_2.0gcc,22,2.72,inf,1.0206593218478923,-1,0.8057163140796124,1.4990882163304087,1.4990882163304087,False
base__s22__5000K_2.0gcc,22,2.76,inf,1.0168458454431526,-1,0.7483014082262229,0.9115951126837789,0.9115951126837789,False
base__s22__5000K_2.0gcc,22,2.8000000000000003,inf,1.0195118242477623,-1,0.6859100250949226,2.284941339669623,2.284941339669623,False
base__s22__5000K_2.0gcc,22,2.84,inf,1.0011380394745777,-1,0.7789065840665188,1.0841982689929313,1.0841982689929313,False
base__s22__5000K_2.0gcc,22,2.88,inf,1.0398878161676863,-1,0.7612944046937169,1.092650850384271,1.092650850384271,False
base__s22__5000K_2.0gcc,22,2.92,inf,1.0036298489572737,-1,0.7554037536881064,0.8455591364767795,0.8455591364767795,False
base__s22__5000K_2.0gcc,22,2.96,inf,1.017137762770609,-1,0.7116616870903779,0.9182668236283854,0.9182668236283854,False
base__s22__5000K_2.0gcc,22,3.0,inf,1.013303163721499,-1,0.7052901878216448,0.8006723292319284,0.8006723292319284,False
base__s22__5000K_2.0gcc,22,3.04,inf,1.0163804694001155,-1,0.6257704029263591,0.8283621750031145,0.8283621750031145,False
base__s22__5000K_2.0gcc,22,3.08,inf,0.995873006926586,-1,0.7637595726018317,1.2313495624033841,1.2313495624033841,False
base__s22__5000K_2.0gcc,22,3.12,inf,1.0084686233557287,-1,0.6600931558946656,1.229836646559987,1.229836646559987,False
base__s22__5000K_2.0gcc,22,3.16,inf,1.02464644439387,-1,0.6663864121176852,1.5443768469364083,1.5443768469364083,False
base__s22__5000K_2.0gcc,22,3.2,inf,1.0403033976081204,-1,0.7582678342482405,1.6043769771746526,1.6043769771746526,False
base__s22__5000K_2.0gcc,22,3.24,inf,1.0456238084220348,-1,0.7076661808993022,1.357334430979103,1.357334430979103,False
base__s22__5000K_2.0gcc,22,3.28,inf,1.026699072487163,-1,0.7131893355397955,2.5324991214794905,2.5324991214794905,False
base__s22__5000K_2.0gcc,22,3.3200000000000003,inf,1.0304595783993666,-1,0.6297111407350208,1.2783418126959425,1.2783418126959425,False
base__s22__5000K_2.0gcc,22,3.36,inf,1.0311841013024785,-1,0.7261217701215869,1.8474920942849171,1.8474920942849171,False
base__s22__5000K_2.0gcc,22,3.4,inf,1.0386534518216364,-1,0.7005728517409016,1.0882015883981935,1.0882015883981935,False
base__s22__5000K_2.0gcc,22,3.44,inf,1.0400580475843637,-1,0.8765738383875613,2.034139627676176,2.034139627676176,False
base__s22__5000K_2.0gcc,22,3.48,inf,1.0527624143837016,-1,0.7676695942281133,3.463373880743069,3.463373880743069,False
base__s22__5000K_2.0gcc,22,3.52,inf,1.0413036994777267,-1,0.8144716523783158,1.4456637573207705,1.4456637573207705,False
base__s22__5000K_2.0gcc,22,3.56,inf,1.052965637561359,-1,0.696251514786312,2.9906206537844295,2.9906206537844295,False
base__s22__5000K_2.0gcc,22,3.6,inf,1.0587959835265717,-1,0.6757727710373611,0.920884106162269,0.920884106162269,False
base__s22__5000K_2.0gcc,22,3.64,inf,1.0006082713075086,-1,0.7165007457548288,1.6512223319375767,1.6512223319375767,False
base__s22__5000K_2.0gcc,22,3.68,inf,1.0521581234158677,-1,0.6740711581252145,0.9211003480266496,0.9211003480266496,False
base__s22__5000K_2.0gcc,22,3.72,inf,1.0115053513872283,-1,0.7297413193714235,7.525534108829442,7.525534108829442,False
base__s22__5000K_2.0gcc,22,3.76,inf,1.00879120920585,-1,0.6495578109030337,1.3628498664352975,1.3628498664352975,False
base__s22__5000K_2.0gcc,22,3.8,inf,1.050891445463802,-1,0.6718174254290964,1.0849741007348623,1.0849741007348623,False
base__s22__5000K_2.0gcc,22,3.84,inf,1.007460995261851,-1,0.6479532715038889,1.2896488022235129,1.2896488022235129,False
base__s22__5000K_2.0gcc,22,3.88,inf,1.0423758230240183,-1,0.5777523670993572,1.3236446920878138,1.3236446920878138,False
base__s22__5000K_2.0gcc,22,3.92,inf,0.9906362043858478,-1,0.7160947938602602,0.9989023856387191,0.9989023856387191,False
base__s22__5000K_2.0gcc,22,3.96,inf,1.0499083182197388,-1,0.7107053204575311,1.267624399839408,1.267624399839408,False
base__s22__5000K_2.0gcc,22,4.0,inf,1.015132510869394,-1,0.6673973846729726,0.9480749919985316,0.9480749919985316,False
base__s22__5000K_2.0gcc,22,4.04,inf,1.0294983175440358,-1,0.7244004271197633,1.1450901358890921,1.1450901358890921,False
base__s22__5000K_2.0gcc,22,4.08,inf,1.0097379289444364,-1,0.710737248245686,1.3208887730744396,1.3208887730744396,False
base__s22__5000K_2.0gcc,22,4.12,inf,1.0340122853022595,-1,0.657583191123986,1.19036194947175,1.19036194947175,False
base__s22__5000K_2.0gcc,22,4.16,inf,1.0324121463572578,-1,0.7715147260682504,1.62645804451066,1.62645804451066,False
base__s22__5000K_2.0gcc,22,4.2,inf,1.0265577577934912,-1,0.7182106219404184,1.804262641087293,1.804262641087293,False
base__s22__5000K_2.0gcc,22,4.24,inf,1.0319427482118375,-1,0.7305250824478129,1.8553861133228053,1.8553861133228053,False
base__s22__5000K_2.0gcc,22,4.28,inf,1.045647047405099,-1,0.6913560927334741,2.987838241251384,2.987838241251384,False
base__s22__5000K_2.0gcc,22,4.32,inf,1.0092867216262185,-1,0.7076548402631271,1.2297000520646983,1.2297000520646983,False
base__s22__5000K_2.0gcc,22,4.36,inf,0.9955710938878248,-1,0.6930018954235146,0.8155204460209914,0.8155204460209914,False
base__s22__5000K_2.0gcc,22,4.4,inf,1.0412031389647267,-1,0.779447578094685,1.2337107721063403,1.2337107721063403,False
base__s22__5000K_2.0gcc,22,4.44,inf,1.0229209345755907,-1,0.7483967265991552,1.4099848817328011,1.4099848817328011,False
base__s22__5000K_2.0gcc,22,4.48,inf,1.0567781968118948,-1,0.6475574494272027,1.2460501404368653,1.2460501404368653,False
base__s22__5000K_2.0gcc,22,4.5200000000000005,inf,0.9593160959798392,-1,1.1496214451199447,1.5383808585503924,1.2694973545070884,False
base__s22__5000K_2.0gcc,22,4.5600000000000005,inf,1.028534850772204,-1,0.7115035536053899,1.4114952063034045,1.4114952063034045,False
base__s22__5000K_2.0gcc,22,4.6000000000000005,inf,0.9907519233723446,-1,0.7742174412300977,5.033166957817463,5.033166957817463,False
base__s22__5000K_2.0gcc,22,4.64,inf,1.042429101321524,-1,0.6668904022234577,1.0110977316805136,1.0110977316805136,False
base__s22__5000K_2.0gcc,22,4.68,inf,1.005664796192549,-1,0.6950508099249479,1.1271251164828104,1.1271251164828104,False
base__s22__5000K_2.0gcc,22,4.72,inf,1.0125801247861823,-1,0.7788464275009492,1.58770477109965,1.58770477109965,False
base__s22__5000K_2.0gcc,22,4.76,inf,0.9961034144294462,-1,0.7545187692371382,5.740722337227142,5.740722337227142,False
base__s22__5000K_2.0gcc,22,4.8,inf,1.0761875590964614,-1,0.6421013994457717,1.3740562435988675,1.3740562435988675,False
base__s22__5000K_2.0gcc,22,4.84,inf,1.0042844998241285,-1,0.7724488070508555,2.033153267515911,2.033153267515911,False
base__s22__5000K_2.0gcc,22,4.88,inf,1.024103226167168,-1,0.721322450377422,5.755004227168785,5.755004227168785,False
base__s22__5000K_2.0gcc,22,4.92,inf,1.025351430313041,-1,0.7116436944580505,1.934654364403786,1.934654364403786,False
base__s22__5000K_2.0gcc,22,4.96,inf,1.0036186597174248,-1,0.6925251244577253,2.0632108531559843,2.0632108531559843,False
base__s22__5000K_2.0gcc,22,5.0,inf,1.0028649218179886,-1,0.7492531631462924,1.6546669920840031,1.6546669920840031,False
base__s22__5000K_2.0gcc,22,5.04,inf,1.044163758521143,-1,0.6705107355707718,1.512999379622338,1.512999379622338,False
base__s22__5000K_2.0gcc,22,5.08,inf,1.0255368616514955,-1,0.6305298679890783,1.2313561825807071,1.2313561825807071,False
base__s22__5000K_2.0gcc,22,5.12,inf,1.022932562102214,-1,0.6635866218742104,1.0427476332652708,1.0427476332652708,False
base__s22__5000K_2.0gcc,22,5.16,inf,0.998483934117119,-1,0.7526950100569181,1.0628082649876522,1.0628082649876522,False
base__s22__5000K_2.0gcc,22,5.2,inf,1.04679950908567,-1,0.672673126248605,2.0395074452171054,2.0395074452171054,False
base__s22__5000K_2.0gcc,22,5.24,inf,1.0437636451472143,-1,0.6808835691973021,3.926740607217687,3.926740607217687,False
base__s22__5000K_2.0gcc,22,5.28,inf,0.9781211912191669,-1,1.1273016742172737,1.9705014625909212,1.9705014625909212,False
base__s22__5000K_2.0gcc,22,5.32,inf,0.9922153023336217,-1,0.8460908011725442,1.1003580719983235,1.1003580719983235,False
base__s22__5000K_2.0gcc,22,5.36,inf,1.0254634828110651,-1,0.7440457481924405,0.916195062916081,0.8951558624663061,False
base__s22__5000K_2.0gcc,22,5.4,inf,1.04745661381749,-1,0.6090352783717243,1.1287485927648417,1.1287485927648417,False
base__s22__5000K_2.0gcc,22,5.44,inf,1.0238536261175228,-1,0.72336211183874,1.3798817316863117,1.3798817316863117,False
base__s22__5000K_2.0gcc,22,5.48,inf,1.0230721670977077,-1,0.76287858785529,0.8820269817811406,0.8820269817811406,False
base__s22__5000K_2.0gcc,22,5.5200000000000005,inf,1.0439445043478126,-1,0.8034729059442599,1.9930848356033608,1.9930848356033608,False
base__s22__5000K_2.0gcc,22,5.5600000000000005,inf,1.0404804410232806,-1,0.7215951160324309,0.8831264111405351,0.8831264111405351,False
base__s22__5000K_2.0gcc,22,5.6000000000000005,inf,1.0518174252264505,-1,0.7867965840122917,0.9498780539881169,0.9498780539881169,False
base__s22__5000K_2.0gcc,22,5.64,inf,1.017847487283828,-1,0.6697063399949847,1.7272759185395479,1.7272759185395479,False
base__s22__5000K_2.0gcc,22,5.68,inf,1.0612909408102944,-1,0.673320983173503,2.1664105158302642,2.1664105158302642,False
base__s22__5000K_2.0gcc,22,5.72,inf,1.0349135882159437,-1,0.7235680524764388,2.2531958742135636,2.2531958742135636,False
base__s22__5000K_2.0gcc,22,5.76,inf,1.0403729174988168,-1,0.8338276590455387,4.225409009711667,4.225409009711667,False
base__s22__5000K_2.0gcc,22,5.8,inf,1.024606967980406,-1,0.6927087743822165,1.2698524985990427,1.2698524985990427,False
base__s22__5000K_2.0gcc,22,5.84,inf,1.0215280941344682,-1,0.7114957914188669,1.0941823788109368,1.0941823788109368,False
base__s22__5000K_2.0gcc,22,5.88,inf,1.0457635965408243,-1,0.7577846979992623,2.3820246250818062,2.3820246250818062,False
base__s22__5000K_2.0gcc,22,5.92,inf,1.032370460904418,-1,0.653040924876736,1.0185825640390127,1.0185825640390127,False
base__s22__5000K_2.0gcc,22,5.96,inf,1.0173633413431995,-1,0.6489554053977885,1.9996697577064004,1.9996697577064004,False
base__s22__5000K_2.0gcc,22,6.0,inf,1.0465243752985407,-1,0.684476747353318,1.5838465070998833,1.5838465070998833,False
base__s22__5000K_2.0gcc,22,6.04,inf,1.0308820202486804,-1,0.6476243906882635,1.4924030742620804,1.4924030742620804,False
base__s22__5000K_2.0gcc,22,6.08,inf,1.0583274826078168,-1,0.7486968683496473,2.023666848089749,2.023666848089749,False
base__s22__5000K_2.0gcc,22,6.12,inf,1.040394019133136,-1,0.6521844460128541,1.195103573878815,1.195103573878815,False
base__s22__5000K_2.0gcc,22,6.16,inf,1.042454709732754,-1,0.8211446243804582,0.9720924043735735,0.9720924043735735,False
base__s22__5000K_2.0gcc,22,6.2,inf,0.9984221342102746,-1,0.7346886489277654,1.5732248939269746,1.5732248939269746,False
base__s22__5000K_2.0gcc,22,6.24,inf,1.0110484534823243,-1,0.7565262848756374,5.454220129264746,5.454220129264746,False
base__s22__5000K_2.0gcc,22,6.28,inf,1.018753108717711,-1,0.6590075180147684,0.9678718977802042,0.9678718977802042,False
base__s22__5000K_2.0gcc,22,6.32,inf,1.0304502218210252,-1,0.6664887873596579,1.8604536079738856,1.8604536079738856,False
base__s22__5000K_2.0gcc,22,6.36,inf,1.0402088839617742,-1,0.7344036993575639,1.5201677774088975,1.5201677774088975,False
base__s22__5000K_2.0gcc,22,6.4,inf,0.96535950873703,-1,1.024598530091216,1.0710113419881828,1.024598530091216,False
base__s22__5000K_2.0gcc,22,6.44,inf,1.036139317852575,-1,0.6241324672572411,0.9402638209832045,0.9402638209832045,False
base__s22__5000K_2.0gcc,22,6.48,inf,1.0224062822332425,-1,0.7136483289469837,4.22897678593659,4.22897678593659,False
base__s22__5000K_2.0gcc,22,6.5200000000000005,inf,1.060907563402204,-1,0.6870333634991375,1.181829961500112,1.181829961500112,False
base__s22__5000K_2.0gcc,22,6.5600000000000005,inf,1.0399491224372472,-1,0.6097770411231653,0.820744660566128,0.8031527836302542,False
base__s22__5000K_2.0gcc,22,6.6000000000000005,inf,1.0288391581690504,-1,0.6853780735252599,1.1058510966512451,1.1058510966512451,False
base__s22__5000K_2.0gcc,22,6.640000000000001,inf,1.0209739368333552,-1,0.6581405186721013,0.9143206599384065,0.9143206599384065,False
base__s22__5000K_2.0gcc,22,6.68,inf,1.0380954943539638,-1,0.6779636056269532,0.9302696411543337,0.9302696411543337,False
base__s22__5000K_2.0gcc,22,6.72,inf,1.011514440830679,-1,0.6404547870207487,1.1150177834953765,1.1150177834953765,False
base__s22__5000K_2.0gcc,22,6.76,inf,1.037810800727184,-1,0.6740701966290519,0.9881301797778876,0.8034587783348751,False
base__s22__5000K_2.0gcc,22,6.8,inf,1.0245966061343368,-1,0.6411677682540076,1.5258746734669997,1.5258746734669997,False
base__s22__5000K_2.0gcc,22,6.84,inf,1.0042121837569988,-1,0.7165164229511943,1.1463869459590783,1.1463869459590783,False
base__s22__5000K_2.0gcc,22,6.88,inf,1.0206715185136692,-1,0.7066290078371456,2.2328738304261067,2.2328738304261067,False
base__s22__5000K_2.0gcc,22,6.92,inf,1.0353614632972388,-1,0.8020683928063104,0.9044064951709432,0.9044064951709432,False
base__s22__5000K_2.0gcc,22,6.96,inf,1.046434253448348,-1,0.6803141283210437,1.2176403637308113,1.2176403637308113,False
base__s22__5000K_2.0gcc,22,7.0,inf,0.999463053251094,-1,0.6676431158377956,0.8336932676154539,0.7964645882978947,False
base__s22__5000K_2.0gcc,22,7.04,inf,1.0254978102585108,-1,0.687066960032291,0.9506355909194271,0.9506355909194271,False
base__s22__5000K_2.0gcc,22,7.08,inf,1.0085705092882693,-1,0.7883435752229998,0.9973598733962001,0.9973598733962001,False
base__s22__5000K_2.0gcc,22,7.12,inf,0.9947537851956122,-1,0.898494450011141,1.2505805516998987,1.2505805516998987,False
base__s22__5000K_2.0gcc,22,7.16,inf,1.025178622758493,-1,0.7079591318412193,1.1828348804261606,1.1828348804261606,False
base__s22__5000K_2.0gcc,22,7.2,inf,1.007152578523235,-1,0.6882611959115335,1.106908146008879,1.106908146008879,False
base__s22__5000K_2.0gcc,22,7.24,inf,1.017798663541076,-1,0.8249270527560739,2.9464847617197263,2.9464847617197263,False
base__s22__5000K_2.0gcc,22,7.28,inf,1.0659168956461844,-1,0.6568007172296333,1.033511930303813,1.033511930303813,False
base__s22__5000K_2.0gcc,22,7.32,inf,0.991204238184039,-1,0.8229062987035091,11.920787041589103,11.920787041589103,False
base__s22__5000K_2.0gcc,22,7.36,inf,0.9992085042442344,-1,0.936710616991995,1.085699588855992,1.085699588855992,False
base__s22__5000K_2.0gcc,22,7.4,inf,1.0404377422580362,-1,0.7556747267474188,1.3911438394317233,1.3911438394317233,False
base__s22__5000K_2.0gcc,22,7.44,inf,1.0420490749465692,-1,0.7028000401235271,0.8355098653973597,0.7808824922127329,False
base__s22__5000K_2.0gcc,22,7.48,inf,1.0105420686834363,-1,0.7791478401756006,1.4666010795305762,1.4666010795305762,False
base__s22__5000K_2.0gcc,22,7.52,inf,1.0326413053747168,-1,0.6997690437913,1.5552728554723225,1.5552728554723225,False
base__s22__5000K_2.0gcc,22,7.56,inf,1.0474982996420568,-1,0.6836949687166595,0.9174954965069132,0.9174954965069132,False
base__s22__5000K_2.0gcc,22,7.6,inf,1.0691756373136263,-1,0.6601290508031538,0.7163103429394113,0.7111327569587063,False
base__s22__5000K_2.0gcc,22,7.640000000000001,inf,1.045561779257926,-1,0.7812697842274112,1.5199022020541568,1.5199022020541568,False
base__s22__5000K_2.0gcc,22,7.68,inf,1.0490822007879077,-1,0.721207303875134,0.8619418472595877,0.8619418472595877,False
base__s22__5000K_2.0gcc,22,7.72,inf,1.028655198270538,-1,0.7040803186037154,1.6115955809123501,1.6115955809123501,False
base__s22__5000K_2.0gcc,22,7.76,inf,1.0226305168774306,-1,0.7993731293390234,1.0292254072806852,1.0292254072806852,False
base__s22__5000K_2.0gcc,22,7.8,inf,1.01327076888954,-1,0.6631629529591028,1.2361666283099326,1.2361666283099326,False
base__s22__5000K_2.0gcc,22,7.84,inf,1.0514654417197935,-1,0.6239173064510315,1.1974258870835695,1.1974258870835695,False
base__s22__5000K_2.0gcc,22,7.88,inf,1.0456676535730658,-1,0.8337364162708228,1.2864912864956008,1.2864912864956008,False
base__s22__5000K_2.0gcc,22,7.92,inf,0.9997084990566,-1,0.7501843713215819,1.1196158432752772,1.1196158432752772,False
base__s22__5000K_2.0gcc,22,7.96,inf,1.0239592772034445,-1,0.8839875195487344,2.6956772037294963,2.6956772037294963,False
base__s22__5000K_2.0gcc,22,8.0,inf,0.9517083421201056,-1,1.4923972620965065,1.959998439530778,1.549441438980927,False
base__s22__5000K_2.0gcc,22,8.040000000000001,inf,0.9952104653775504,-1,0.6817995538016429,2.2736002695931012,2.2736002695931012,False
base__s22__5000K_2.0gcc,22,8.08,inf,0.9955520374872424,-1,0.8168813039136529,1.0361778524296033,1.0361778524296033,False
base__s22__5000K_2.0gcc,22,8.120000000000001,inf,1.0170078901975144,-1,0.6991884615477957,1.3673120959835023,1.3673120959835023,False
base__s22__5000K_2.0gcc,22,8.16,inf,1.0441007289002342,-1,0.6965138431127885,1.702083453753405,1.702083453753405,False
base__s22__5000K_2.0gcc,22,8.2,inf,1.0243633314922982,-1,0.7578079061383635,1.4827682693269246,1.4827682693269246,False
base__s22__5000K_2.0gcc,22,8.24,inf,0.9896526298727244,-1,0.968778365139854,1.2004424249582282,1.2004424249582282,False
base__s22__5000K_2.0gcc,22,8.28,inf,0.9467622438537556,-1,1.6928778261219624,2.0590808796001316,1.7880185787742309,False
base__s22__5000K_2.0gcc,22,8.32,inf,0.9721808401676094,-1,1.0354537814808988,1.3552345382042297,1.3552345382042297,False
base__s22__5000K_2.0gcc,22,8.36,inf,1.0352946404700454,-1,0.8500168766950041,1.6779790494125197,1.6779790494125197,False
base__s22__5000K_2.0gcc,22,8.4,inf,1.0077519678422862,-1,0.7246851699467067,1.2568538956929038,1.2568538956929038,False
base__s22__5000K_2.0gcc,22,8.44,inf,0.9870909539677684,-1,0.7701595959664125,1.032668197912003,1.032668197912003,False
base__s22__5000K_2.0gcc,22,8.48,inf,1.0718539900770063,-1,0.6777549299973114,0.8757290886795392,0.8757290886795392,False
base__s22__5000K_2.0gcc,22,8.52,inf,1.031357439215909,-1,0.7119549865964885,1.2561462146070088,1.2561462146070088,False
base__s22__5000K_2.0gcc,22,8.56,inf,1.0622637917188928,-1,0.6521653087470123,1.397719954409307,1.397719954409307,False
base__s22__5000K_2.0gcc,22,8.6,inf,1.0578996292541183,-1,0.706046287468707,0.9887090428014147,0.9887090428014147,False
base__s22__5000K_2.0gcc,22,8.64,inf,0.9905137102660416,-1,0.7617774190537837,1.0625764034617233,1.0625764034617233,False
base__s22__5000K_2.0gcc,22,8.68,inf,1.017589893563217,-1,0.7294150447392758,1.359986048109107,1.359986048109107,False
base__s22__5000K_2.0gcc,22,8.72,inf,1.024260495531288,-1,0.7869859905168857,1.005354100299285,1.005354100299285,False
base__s22__5000K_2.0gcc,22,8.76,inf,1.0103884146069764,-1,0.6796672001685095,1.0736849144761411,1.0736849144761411,False
base__s22__5000K_2.0gcc,22,8.8,inf,0.9957870316895072,-1,0.6721927274503134,1.2275892910636759,1.2275892910636759,False
base__s22__5000K_2.0gcc,22,8.84,inf,1.057495554158976,-1,0.6361336963137478,1.0104292838841826,1.0104292838841826,False
base__s22__5000K_2.0gcc,22,8.88,inf,1.0182295388103806,-1,0.7493299441979804,2.5960686742986256,2.5960686742986256,False
base__s22__5000K_2.0gcc,22,8.92,inf,1.031717640078912,-1,0.6690582223073706,1.3869648908887644,1.3869648908887644,False
base__s22__5000K_2.0gcc,22,8.96,inf,1.0378006472280694,-1,0.8789448155078103,2.7563809410431936,2.7563809410431936,False
base__s22__5000K_2.0gcc,22,9.0,inf,1.039548614418777,-1,0.7386755692053808,1.3417434192274158,1.3417434192274158,False
base__s22__5000K_2.0gcc,22,9.04,inf,1.0108666495844054,-1,0.6741977576420701,4.329940196229236,4.329940196229236,False
base__s22__5000K_2.0gcc,22,9.08,inf,1.0496516721007976,-1,0.6123245247737866,0.9785850703030583,0.9785850703030583,False
base__s22__5000K_2.0gcc,22,9.12,inf,1.0614402581742417,-1,0.6607119617307412,1.3011651838608445,1.3011651838608445,False
base__s22__5000K_2.0gcc,22,9.16,inf,1.0452008715806735,-1,0.7306222240569176,2.962715489705828,2.962715489705828,False
base__s22__5000K_2.0gcc,22,9.2,inf,1.0401101103916834,-1,0.6605269817845014,0.9772092385430454,0.9772092385430454,False
base__s22__5000K_2.0gcc,22,9.24,inf,1.010792309319279,-1,0.8912708889340198,1.4191007382532486,1.4191007382532486,False
base__s22__5000K_2.0gcc,22,9.28,inf,1.0445436078713992,-1,0.6341821225242785,1.1725946009178878,1.1725946009178878,False
base__s22__5000K_2.0gcc,22,9.32,inf,1.046677548918005,-1,0.6314824746877317,2.824720583539153,2.824720583539153,False
base__s22__5000K_2.0gcc,22,9.36,inf,0.9682762785599992,-1,0.9376855428961054,1.161354718940974,0.9941111218037125,False
base__s22__5000K_2.0gcc,22,9.4,inf,1.022611737868777,-1,0.732779564251409,1.0548155478931442,1.0548155478931442,False
base__s22__5000K_2.0gcc,22,9.44,inf,0.9917794625106932,-1,0.6553984734549916,2.956971856969125,2.956971856969125,False
base__s22__5000K_2.0gcc,22,9.48,inf,1.0447489692232297,-1,0.6485334307437887,0.8573185532436979,0.8573185532436979,False
base__s22__5000K_2.0gcc,22,9.52,inf,1.0054269388652768,-1,0.7103983753194152,0.9127133991775676,0.9127133991775676,False
base__s22__5000K_2.0gcc,22,9.56,inf,1.0229220111357464,-1,0.7597952030217311,0.8915828550110746,0.8915828550110746,False
base__s22__5000K_2.0gcc,22,9.6,inf,1.0290703052653891,-1,0.7401317263527205,2.144174150607939,2.144174150607939,False
base__s22__5000K_2.0gcc,22,9.64,inf,1.0171114820534672,-1,0.6517290635399761,1.382046069632581,1.382046069632581,False
base__s22__5000K_2.0gcc,22,9.68,inf,1.0273667727321143,-1,0.7821019625355584,1.2327860423320303,1.2327860423320303,False
base__s22__5000K_2.0gcc,22,9.72,inf,1.042129202161133,-1,0.7217782998811307,1.266838581042587,1.266838581042587,False
base__s22__5000K_2.0gcc,22,9.76,inf,1.018105416219755,-1,0.6991111142702079,0.9434442488156192,0.9434442488156192,False
base__s22__5000K_2.0gcc,22,9.8,inf,1.0133592930274034,-1,0.7892562644757465,1.3387188440281899,1.3387188440281899,False
base__s22__5000K_2.0gcc,22,9.84,inf,1.0442688147416834,-1,0.6437979336073141,0.9912272589087194,0.9912272589087194,False
base__s22__5000K_2.0gcc,22,9.88,inf,1.0185311313852907,-1,0.7066272311787642,1.4551341495331935,1.4551341495331935,False
base__s22__5000K_2.0gcc,22,9.92,inf,1.0232243847294693,-1,0.8035831449238675,0.9889280522438899,0.9889280522438899,False
base__s22__5000K_2.0gcc,22,9.96,inf,1.003128097730295,-1,0.7246485596717499,0.8706775967527713,0.8706775967527713,False
base__s22__5000K_2.0gcc,22,10.0,inf,0.996783418426992,-1,0.7706030584866085,0.9481356295828729,0.9481356295828729,False
base__s23__5000K_2.0gcc,23,0.0,inf,1.0310702502254634,-1,0.8928044464759279,1.0000000000000064,1.0000000000000064,False
base__s23__5000K_2.0gcc,23,0.04,inf,1.0019943602640673,-1,0.7295232254489126,1.1715837110309626,1.1715837110309626,False
base__s23__5000K_2.0gcc,23,0.08,inf,1.0447602596892736,-1,0.5947630923619904,0.8703974277708605,0.8703974277708605,False
base__s23__5000K_2.0gcc,23,0.12,inf,1.025333702193583,-1,0.7142905461801987,0.8723173222657816,0.8723173222657816,False
base__s23__5000K_2.0gcc,23,0.16,inf,1.0314723441823344,-1,0.6508260724774797,0.7419570704272374,0.7419570704272374,False
base__s23__5000K_2.0gcc,23,0.2,inf,1.0485128724336197,-1,0.7063299138568884,0.9066163374158556,0.9066163374158556,False
base__s23__5000K_2.0gcc,23,0.24,inf,1.036903447195542,-1,0.6604145080562415,0.7927228942384397,0.7927228942384397,False
base__s23__5000K_2.0gcc,23,0.28,inf,1.0242769915516017,-1,0.621236204411395,0.7654982821652175,0.7654982821652175,False
base__s23__5000K_2.0gcc,23,0.32,inf,1.0262419353783003,-1,0.6376922659688697,1.1277300046233534,1.1277300046233534,False
base__s23__5000K_2.0gcc,23,0.36,inf,1.0436476352169826,-1,0.682057691555682,1.1096270312553802,1.1096270312553802,False
base__s23__5000K_2.0gcc,23,0.4,inf,1.0188767675087114,-1,0.9669760722616673,1.9847540245190296,1.9847540245190296,False
base__s23__5000K_2.0gcc,23,0.44,inf,1.0217309352593766,-1,0.798769985713743,1.1898912697580886,1.1898912697580886,False
base__s23__5000K_2.0gcc,23,0.48,inf,1.0145324913412088,-1,0.683361893504187,1.0845875620164973,1.0845875620164973,False
base__s23__5000K_2.0gcc,23,0.52,inf,1.009557426259151,-1,0.6424635660380258,0.8335023972964926,0.7992799269096893,False
base__s23__5000K_2.0gcc,23,0.56,inf,1.0603775369466293,-1,0.690059767350938,1.2672420615931952,1.2672420615931952,False
base__s23__5000K_2.0gcc,23,0.6,inf,1.0145239627869815,-1,0.6419908337222832,1.0069487384844789,1.0069487384844789,False
base__s23__5000K_2.0gcc,23,0.64,inf,1.001273279484677,-1,0.6476717086470213,1.0407303605504394,1.0407303605504394,False
base__s23__5000K_2.0gcc,23,0.68,inf,1.0047344065274162,-1,0.6539927064899317,2.3698002833042486,2.3698002833042486,False
base__s23__5000K_2.0gcc,23,0.72,inf,1.010836874947684,-1,0.6896394860050014,0.9704160784153035,0.9704160784153035,False
base__s23__5000K_2.0gcc,23,0.76,inf,1.0460211146439644,-1,0.7644145676614105,1.296631377269431,1.296631377269431,False
base__s23__5000K_2.0gcc,23,0.8,inf,1.0775694942851712,-1,0.6139593474889846,2.2876300493531248,2.2876300493531248,False
base__s23__5000K_2.0gcc,23,0.84,inf,0.9872290247880684,-1,0.6670437266691642,1.0038888146057037,1.0038888146057037,False
base__s23__5000K_2.0gcc,23,0.88,inf,1.0380673072074855,-1,0.6203908375415919,1.1515206813051457,1.1515206813051457,False
base__s23__5000K_2.0gcc,23,0.92,inf,1.0268276808359822,-1,0.646611932971902,1.5104117770471615,1.5104117770471615,False
base__s23__5000K_2.0gcc,23,0.96,inf,1.0148961481358572,-1,0.6823701874213466,0.880239154558841,0.7594533401838776,False
base__s23__5000K_2.0gcc,23,1.0,inf,1.0335461124657184,-1,0.7244989503953336,1.2776866710880777,1.2776866710880777,False
base__s23__5000K_2.0gcc,23,1.04,inf,0.9734712056363044,-1,0.805697839857916,0.9501106767092024,0.9501106767092024,False
base__s23__5000K_2.0gcc,23,1.08,inf,1.0728287785891095,-1,0.6510263668233299,1.0350659608551607,1.0350659608551607,False
base__s23__5000K_2.0gcc,23,1.12,inf,1.043032959769249,-1,0.6651535720980587,0.8112129126373505,0.8112129126373505,False
base__s23__5000K_2.0gcc,23,1.16,inf,1.032687385690365,-1,0.6318714818292466,1.677764854013765,1.677764854013765,False
base__s23__5000K_2.0gcc,23,1.2,inf,1.0230311926300195,-1,0.851563023136294,1.1214672011444804,1.1214672011444804,False
base__s23__5000K_2.0gcc,23,1.24,inf,1.0367347586943352,-1,0.7577999590212757,0.8289855337983691,0.8289855337983691,False
base__s23__5000K_2.0gcc,23,1.28,inf,1.03863014288533,-1,0.7072056703265898,0.8715419766794048,0.8715419766794048,False
base__s23__5000K_2.0gcc,23,1.32,inf,1.029609820068262,-1,0.6626144019991153,0.7090376094665312,0.7090376094665312,False
base__s23__5000K_2.0gcc,23,1.36,inf,1.049087671610432,-1,0.7170778611502676,1.200261636366602,1.200261636366602,False
base__s23__5000K_2.0gcc,23,1.4,inf,1.0139777732376587,-1,0.7956287942024096,1.0890247507546202,1.0890247507546202,False
base__s23__5000K_2.0gcc,23,1.44,inf,0.9915957792518078,-1,1.0360589295072444,1.1011870590559847,1.0782662936281593,False
base__s23__5000K_2.0gcc,23,1.48,inf,1.0316220010013355,-1,0.7157198064496362,1.3708631386440124,1.3708631386440124,False
base__s23__5000K_2.0gcc,23,1.52,inf,1.0036302536422466,-1,0.6327280504446062,1.1294750204184776,1.1294750204184776,False
base__s23__5000K_2.0gcc,23,1.56,inf,1.030255783650352,-1,0.6649154400825067,1.6493183693258175,1.6493183693258175,False
base__s23__5000K_2.0gcc,23,1.6,inf,1.017932012903121,-1,0.63918099340269,0.9500505382618638,0.9500505382618638,False
base__s23__5000K_2.0gcc,23,1.64,inf,1.0411309044563035,-1,0.6524763860424891,1.1312375712000526,1.1312375712000526,False
base__s23__5000K_2.0gcc,23,1.68,inf,1.0096275664436858,-1,0.7041932019499464,0.8226938034295241,0.8226938034295241,False
base__s23__5000K_2.0gcc,23,1.72,inf,1.0315217587099164,-1,0.6991726092816916,0.8875784214755216,0.8875784214755216,False
base__s23__5000K_2.0gcc,23,1.76,inf,0.9633633219891656,-1,1.2860551918855685,1.4668644439304541,1.3779135045431659,False
base__s23__5000K_2.0gcc,23,1.8,inf,1.00802154219342,-1,0.5995670597576647,0.6707312379913117,0.6707312379913117,False
base__s23__5000K_2.0gcc,23,1.84,inf,1.0276448843569457,-1,0.6583874942708845,1.5014799503648564,1.5014799503648564,False
base__s23__5000K_2.0gcc,23,1.88,inf,1.0327362353655456,-1,0.7281632896169317,3.5012448979255018,3.5012448979255018,False
base__s23__5000K_2.0gcc,23,1.92,inf,1.014910363455315,-1,0.685638610367565,1.0328168466174426,1.0328168466174426,False
base__s23__5000K_2.0gcc,23,1.96,inf,1.018257230222796,-1,0.7614476828349537,1.8328804989674012,1.8328804989674012,False
base__s23__5000K_2.0gcc,23,2.0,inf,1.0327587235893974,-1,0.8090151953295204,1.2911601600609255,1.2911601600609255,False
base__s23__5000K_2.0gcc,23,2.04,inf,1.0409498098650098,-1,0.7250158959782894,1.3298534733325102,1.3298534733325102,False
base__s23__5000K_2.0gcc,23,2.08,inf,1.047051633304204,-1,0.7597349032147277,1.3926173872758276,1.3926173872758276,False
base__s23__5000K_2.0gcc,23,2.12,inf,1.008047207902983,-1,0.9136204608876278,1.0874588661327222,1.0874588661327222,False
base__s23__5000K_2.0gcc,23,2.16,inf,1.024031599614973,-1,0.7103639814179427,1.0539390768971155,1.0539390768971155,False
base__s23__5000K_2.0gcc,23,2.2,inf,1.0464810221910372,-1,0.6351896146628931,1.0893007094885057,1.0893007094885057,False
base__s23__5000K_2.0gcc,23,2.24,inf,1.043081723113774,-1,0.7270530828712543,0.8671685363352782,0.8671685363352782,False
base__s23__5000K_2.0gcc,23,2.28,inf,0.9430930732467496,-1,2.2421970963116937,2.677620711535259,2.3729319978872736,False
base__s23__5000K_2.0gcc,23,2.32,inf,0.994550904059214,-1,0.6900077183020779,0.7832565645917409,0.7832565645917409,False
base__s23__5000K_2.0gcc,23,2.36,inf,1.0078680561095297,-1,0.7578705713203929,1.7921000817978858,1.7921000817978858,False
base__s23__5000K_2.0gcc,23,2.4,inf,0.9617378127540788,-1,1.0705132371465633,1.0800152802230294,1.1576273244337731,False
base__s23__5000K_2.0gcc,23,2.44,inf,0.962077812861828,-1,0.822560232582718,1.1385475404561316,0.9110811857535032,False
base__s23__5000K_2.0gcc,23,2.48,inf,0.9801447568140128,-1,0.7820168160876382,1.2979956342986785,1.2979956342986785,False
base__s23__5000K_2.0gcc,23,2.52,inf,1.0356796039997125,-1,0.7047675754708983,1.5566667223481836,1.5566667223481836,False
base__s23__5000K_2.0gcc,23,2.56,inf,1.030625217953646,-1,0.8581947941057739,5.489730705294844,5.489730705294844,False
base__s23__5000K_2.0gcc,23,2.6,inf,1.0221281742741473,-1,0.6773960438475694,1.262702016846797,1.262702016846797,False
base__s23__5000K_2.0gcc,23,2.64,inf,1.0755204684086683,-1,0.6446181433149609,0.9637571786013532,0.9637571786013532,False
base__s23__5000K_2.0gcc,23,2.68,inf,1.051684251376335,-1,0.6426712976644555,1.079277819518825,1.079277819518825,False
base__s23__5000K_2.0gcc,23,2.72,inf,1.029471204561837,-1,0.7334917297621115,1.0531862834819172,1.0531862834819172,False
base__s23__5000K_2.0gcc,23,2.76,inf,1.0195281556631974,-1,0.6467026065459426,1.0916670052809572,1.0916670052809572,False
base__s23__5000K_2.0gcc,23,2.8000000000000003,inf,1.0096112391163246,-1,0.6398968057136412,1.1515229980402395,1.1515229980402395,False
base__s23__5000K_2.0gcc,23,2.84,inf,1.0435984314457354,-1,0.7823567150544605,1.0620370130840633,1.0620370130840633,False
base__s23__5000K_2.0gcc,23,2.88,inf,0.9972937010113924,-1,0.9315632881988206,1.145316038590936,0.9315632881988206,False
base__s23__5000K_2.0gcc,23,2.92,inf,1.025409242467611,-1,0.6554380249780051,1.3124627424198945,1.3124627424198945,False
base__s23__5000K_2.0gcc,23,2.96,inf,1.0443733847259802,-1,0.6880708541584107,1.3139725737059575,1.3139725737059575,False
base__s23__5000K_2.0gcc,23,3.0,inf,1.0233882948763873,-1,0.707791433310443,1.0998321239029623,1.0998321239029623,False
base__s23__5000K_2.0gcc,23,3.04,inf,1.0318525076812093,-1,0.6598547030933621,1.2366932691213477,1.2366932691213477,False
base__s23__5000K_2.0gcc,23,3.08,inf,1.0459673058504269,-1,0.6381776385142072,0.76675084701113,0.6797210504378798,False
base__s23__5000K_2.0gcc,23,3.12,inf,1.001075031665959,-1,0.7163552773563664,1.8984037118792192,1.8984037118792192,False
base__s23__5000K_2.0gcc,23,3.16,inf,0.9769064472143691,-1,0.7878191694979512,0.9729639752399578,0.9729639752399578,False
base__s23__5000K_2.0gcc,23,3.2,inf,1.0242757694200326,-1,0.876100625529336,1.1606524405629943,1.1606524405629943,False
base__s23__5000K_2.0gcc,23,3.24,inf,0.9910780698698766,-1,0.6216578922395313,1.093355287656325,1.093355287656325,False
base__s23__5000K_2.0gcc,23,3.28,inf,1.0452337831920664,-1,0.7872833767395402,1.23537854355204,1.23537854355204,False
base__s23__5000K_2.0gcc,23,3.3200000000000003,inf,0.9980391021548196,-1,0.8446741016202731,1.4345301196248856,1.4345301196248856,False
base__s23__5000K_2.0gcc,23,3.36,inf,1.0067996318801475,-1,0.7088109347622716,1.2491567495822933,1.2491567495822933,False
base__s23__5000K_2.0gcc,23,3.4,inf,1.0591255713507246,-1,0.6544646858420661,1.2556581045411208,1.2556581045411208,False
base__s23__5000K_2.0gcc,23,3.44,inf,1.0476437569388748,-1,0.640833468540704,2.6746422630949285,2.6746422630949285,False
base__s23__5000K_2.0gcc,23,3.48,inf,1.0176691506314808,-1,0.7071944500095599,0.893177360265538,0.893177360265538,False
base__s23__5000K_2.0gcc,23,3.52,inf,1.0404115741628404,-1,0.6376243152463992,1.3226221197428465,1.3226221197428465,False
base__s23__5000K_2.0gcc,23,3.56,inf,1.004416474985352,-1,0.6667782021439345,0.9762694157120514,0.9762694157120514,False
base__s23__5000K_2.0gcc,23,3.6,inf,1.0355321136526865,-1,0.7994256523685824,1.4274688513776859,1.4274688513776859,False
base__s23__5000K_2.0gcc,23,3.64,inf,1.0181690665729342,-1,0.668710356299866,1.7119651903265456,1.7119651903265456,False
base__s23__5000K_2.0gcc,23,3.68,inf,1.049964006852616,-1,0.6384610504034144,2.7509215754655374,2.7509215754655374,False
base__s23__5000K_2.0gcc,23,3.72,inf,1.027199934282513,-1,0.8731773049869134,2.5477468852276752,2.5477468852276752,False
base__s23__5000K_2.0gcc,23,3.76,inf,1.036786023459518,-1,0.733062822110768,1.2083545487651677,1.2083545487651677,False
base__s23__5000K_2.0gcc,23,3.8,inf,1.0744245736439573,-1,0.6991023363434568,1.013312419712572,1.013312419712572,False
base__s23__5000K_2.0gcc,23,3.84,inf,1.0360643735946142,-1,0.7219778806670585,1.0871042616950493,1.0871042616950493,False
base__s23__5000K_2.0gcc,23,3.88,inf,1.011137901507504,-1,0.6491184621171641,11.467812433245973,11.467812433245973,False
base__s23__5000K_2.0gcc,23,3.92,inf,1.0386800051849463,-1,0.7907795069060979,1.027806143050418,1.027806143050418,False
base__s23__5000K_2.0gcc,23,3.96,inf,1.0220835288571086,-1,0.7207310692270115,1.3576473900128274,1.3576473900128274,False
base__s23__5000K_2.0gcc,23,4.0,inf,1.019362802762588,-1,0.7594645075338441,2.4022397163365,2.4022397163365,False
base__s23__5000K_2.0gcc,23,4.04,inf,1.053787730478013,-1,0.6444467864672903,1.5026468215802153,1.5026468215802153,False
base__s23__5000K_2.0gcc,23,4.08,inf,1.0132922728364209,-1,0.6992713885715313,1.042211457801442,1.042211457801442,False
base__s23__5000K_2.0gcc,23,4.12,inf,1.038187140818552,-1,0.9863141268733931,1.8611686180744786,1.8611686180744786,False
base__s23__5000K_2.0gcc,23,4.16,inf,1.0160366633099411,-1,0.6446800707172168,1.0452446467191723,1.0452446467191723,False
base__s23__5000K_2.0gcc,23,4.2,inf,1.023452666608965,-1,0.6887109034276268,1.338262318432632,1.338262318432632,False
base__s23__5000K_2.0gcc,23,4.24,inf,1.0028482694610386,-1,0.6653514779808322,1.576513516143633,1.576513516143633,False
base__s23__5000K_2.0gcc,23,4.28,inf,1.0628145645003175,-1,0.7360994559086017,1.5566272706650146,1.5566272706650146,False
base__s23__5000K_2.0gcc,23,4.32,inf,1.0602783326080003,-1,0.6558532418158257,4.888054269850761,4.888054269850761,False
base__s23__5000K_2.0gcc,23,4.36,inf,1.037580345590162,-1,0.6299234985800426,2.778543783329916,2.778543783329916,False
base__s23__5000K_2.0gcc,23,4.4,inf,1.056769284679017,-1,0.666298819798597,1.3653016612031643,1.3653016612031643,False
base__s23__5000K_2.0gcc,23,4.44,inf,1.0139694116875515,-1,0.6442664268405498,0.8440419941833067,0.8440419941833067,False
base__s23__5000K_2.0gcc,23,4.48,inf,1.052146219335507,-1,0.6937759888544781,1.188373914692044,1.188373914692044,False
base__s23__5000K_2.0gcc,23,4.5200000000000005,inf,1.0399910356906923,-1,0.7053300629147875,1.0473380385379303,1.0473380385379303,False
base__s23__5000K_2.0gcc,23,4.5600000000000005,inf,1.0393694074687785,-1,0.6541449678830447,1.6349839577667642,1.6349839577667642,False
base__s23__5000K_2.0gcc,23,4.6000000000000005,inf,1.0208259335782974,-1,0.7161211216726515,1.1652911364294067,1.1652911364294067,False
base__s23__5000K_2.0gcc,23,4.64,inf,1.0146289818662784,-1,0.6538014050157089,1.036162817269697,1.036162817269697,False
base__s23__5000K_2.0gcc,23,4.68,inf,0.9941577572971012,-1,0.8282435974738341,1.3766430304467352,1.3766430304467352,False
base__s23__5000K_2.0gcc,23,4.72,inf,1.004815565694022,-1,0.7112143145677646,1.2087817243175742,1.2087817243175742,False
base__s23__5000K_2.0gcc,23,4.76,inf,0.9994783967880444,-1,0.7287793287211839,1.1135470625598394,1.1135470625598394,False
base__s23__5000K_2.0gcc,23,4.8,inf,1.0273394639640785,-1,0.6451947088012056,1.61549016636061,1.61549016636061,False
base__s23__5000K_2.0gcc,23,4.84,inf,1.045241924718388,-1,0.7149569744445387,0.9332908071771886,0.9332908071771886,False
base__s23__5000K_2.0gcc,23,4.88,inf,0.9720724744925142,-1,1.0829192995055472,2.550195591646785,2.550195591646785,False
base__s23__5000K_2.0gcc,23,4.92,inf,1.013683433094377,-1,0.6858743511855593,1.507391705147702,1.507391705147702,False
base__s23__5000K_2.0gcc,23,4.96,inf,1.0139750666840877,-1,0.6096425333979542,1.2439902920214445,1.2439902920214445,False
base__s23__5000K_2.0gcc,23,5.0,inf,1.041726848653715,-1,0.7482097121402911,1.21830187386415,1.21830187386415,False
base__s23__5000K_2.0gcc,23,5.04,inf,0.977123017476305,-1,0.8589750968147092,1.0819976456782077,1.024953595498827,False
base__s23__5000K_2.0gcc,23,5.08,inf,0.9981787914527136,-1,0.7919011945232672,1.3684557617309803,1.3684557617309803,False
base__s23__5000K_2.0gcc,23,5.12,inf,1.0027055518670476,-1,0.7291349185784662,1.8426438238109426,1.8426438238109426,False
base__s23__5000K_2.0gcc,23,5.16,inf,1.0328274221925935,-1,0.6743575397791771,1.3044737996524176,1.3044737996524176,False
base__s23__5000K_2.0gcc,23,5.2,inf,1.0082456541483331,-1,0.712624435838767,1.138274827183486,1.138274827183486,False
base__s23__5000K_2.0gcc,23,5.24,inf,1.0446279745852107,-1,0.6511445352067187,1.140548432952519,1.140548432952519,False
base__s23__5000K_2.0gcc,23,5.28,inf,1.048029743080319,-1,0.6566931814553121,0.9551239721398576,0.9551239721398576,False
base__s23__5000K_2.0gcc,23,5.32,inf,1.0051389341051322,-1,0.6666048467514757,1.498235311076871,1.498235311076871,False
base__s23__5000K_2.0gcc,23,5.36,inf,1.0077056017949886,-1,0.7458952953504044,1.3244581662167971,1.3244581662167971,False
base__s23__5000K_2.0gcc,23,5.4,inf,1.052417028605106,-1,0.5913225590899481,1.460415979769561,1.460415979769561,False
base__s23__5000K_2.0gcc,23,5.44,inf,0.9928381831456732,-1,1.1196620238027566,1.2520859012743806,1.117912296532036,False
base__s23__5000K_2.0gcc,23,5.48,inf,1.0210781066431698,-1,0.7041134589649609,0.9898608675879462,0.9898608675879462,False
base__s23__5000K_2.0gcc,23,5.5200000000000005,inf,1.03749738265694,-1,0.6565681585347395,0.8704588439657304,0.8704588439657304,False
base__s23__5000K_2.0gcc,23,5.5600000000000005,inf,1.025451732624213,-1,0.6729612477249924,1.1102474028302987,1.1102474028302987,False
base__s23__5000K_2.0gcc,23,5.6000000000000005,inf,1.0186112665850504,-1,0.7097547319062494,5.1290349607407855,5.1290349607407855,False
base__s23__5000K_2.0gcc,23,5.64,inf,1.035868818179696,-1,0.6168729418540241,0.7972430878464709,0.7972430878464709,False
base__s23__5000K_2.0gcc,23,5.68,inf,1.0101369760383987,-1,0.7124933536607867,2.595301388613249,2.595301388613249,False
base__s23__5000K_2.0gcc,23,5.72,inf,1.0353055104397937,-1,0.8018583634945216,0.8534399779026971,0.8534399779026971,False
base__s23__5000K_2.0gcc,23,5.76,inf,1.0079996519146222,-1,0.6565784860867266,1.2297042812008363,1.2297042812008363,False
base__s23__5000K_2.0gcc,23,5.8,inf,1.014320261776822,-1,0.706170958160839,1.926937981390164,1.926937981390164,False
base__s23__5000K_2.0gcc,23,5.84,inf,0.9886370606577526,-1,0.8318497113148478,1.1445545222140374,1.1445545222140374,False
base__s23__5000K_2.0gcc,23,5.88,inf,1.040210937460763,-1,0.6601395138492061,0.9029339241827904,0.9029339241827904,False
base__s23__5000K_2.0gcc,23,5.92,inf,1.0288848016464234,-1,0.6127582610069326,0.971210779212033,0.971210779212033,False
base__s23__5000K_2.0gcc,23,5.96,inf,1.009494392587695,-1,0.6833465190517014,1.559193416113467,1.559193416113467,False
base__s23__5000K_2.0gcc,23,6.0,inf,1.0089331409142033,-1,0.9878237835489605,1.203922334569599,1.203922334569599,False
base__s23__5000K_2.0gcc,23,6.04,inf,1.0243643715167965,-1,0.673117524959198,1.8554016432600817,1.8554016432600817,False
base__s23__5000K_2.0gcc,23,6.08,inf,1.0407947847721954,-1,0.7958519793049181,2.1448023352126135,2.1448023352126135,False
base__s23__5000K_2.0gcc,23,6.12,inf,1.0219134947778112,-1,0.7147056168718746,1.1448653217686136,1.1448653217686136,False
base__s23__5000K_2.0gcc,23,6.16,inf,1.022754675391416,-1,0.7636788551890867,0.9211818607846498,0.9211818607846498,False
base__s23__5000K_2.0gcc,23,6.2,inf,1.0116689261205964,-1,0.8827094237091387,2.0949236940753737,2.0949236940753737,False
base__s23__5000K_2.0gcc,23,6.24,inf,0.9918384350175188,-1,0.638481959752919,1.0229961152661013,1.0229961152661013,False
base__s23__5000K_2.0gcc,23,6.28,inf,0.9779953007019008,-1,0.9106239652990856,1.0770144096034853,1.0270006359073733,False
base__s23__5000K_2.0gcc,23,6.32,inf,1.03750381309227,-1,0.7342722348869188,1.0545081654213118,1.0545081654213118,False
base__s23__5000K_2.0gcc,23,6.36,inf,1.0190289015145744,-1,0.69635681057819,1.204170647065765,1.204170647065765,False
base__s23__5000K_2.0gcc,23,6.4,inf,1.0511162167643502,-1,0.8368959023113478,0.9727388632968037,0.9727388632968037,False
base__s23__5000K_2.0gcc,23,6.44,inf,1.007134288786257,-1,0.7783543571602434,2.0875195239102844,2.0875195239102844,False
base__s23__5000K_2.0gcc,23,6.48,inf,1.042484118978318,-1,0.7037560979351503,2.652309764771612,2.652309764771612,False
base__s23__5000K_2.0gcc,23,6.5200000000000005,inf,0.9960821892579952,-1,0.8623805651811468,0.9818253062618527,0.8914539379767747,False
base__s23__5000K_2.0gcc,23,6.5600000000000005,inf,1.0384436245203683,-1,0.6271115010423012,1.1229159462073732,1.1229159462073732,False
base__s23__5000K_2.0gcc,23,6.6000000000000005,inf,1.028180147626864,-1,0.6680313087927091,0.8838104277392574,0.8838104277392574,False
base__s23__5000K_2.0gcc,23,6.640000000000001,inf,0.9943115863193992,-1,1.0312887169031035,1.0145809223471054,1.0312887169031035,False
base__s23__5000K_2.0gcc,23,6.68,inf,1.006611091975943,-1,0.6599342833517049,0.9978672441098404,0.9978672441098404,False
base__s23__5000K_2.0gcc,23,6.72,inf,1.047472325708417,-1,0.8674429544938679,0.9057665074472073,0.9057665074472073,False
base__s23__5000K_2.0gcc,23,6.76,inf,0.997929478366082,-1,0.8099537908277418,1.6799729107926011,1.6799729107926011,False
base__s23__5000K_2.0gcc,23,6.8,inf,1.0361792423828031,-1,0.6462913485583202,0.9798460482333251,0.9798460482333251,False
base__s23__5000K_2.0gcc,23,6.84,inf,1.0397943444864473,-1,0.6530597733606177,0.929454555624903,0.929454555624903,False
base__s23__5000K_2.0gcc,23,6.88,inf,1.0497375446586632,-1,0.6099549212844255,0.9383296069504136,0.9383296069504136,False
base__s23__5000K_2.0gcc,23,6.92,inf,1.0101173858522583,-1,0.6274991421854679,0.9988331407299545,0.9988331407299545,False
base__s23__5000K_2.0gcc,23,6.96,inf,1.0292058205791494,-1,0.6887586196307456,1.3826624128036413,1.3826624128036413,False
base__s23__5000K_2.0gcc,23,7.0,inf,1.052334212512831,-1,0.6399671085289933,0.9901940031534149,0.9901940031534149,False
base__s23__5000K_2.0gcc,23,7.04,inf,1.0030690402006237,-1,0.7165860252567848,1.0475798378764831,1.0475798378764831,False
base__s23__5000K_2.0gcc,23,7.08,inf,1.0310885983978295,-1,0.5993338398141883,0.9342473679810391,0.9342473679810391,False
base__s23__5000K_2.0gcc,23,7.12,inf,1.0475735896270009,-1,0.6860895351258071,0.9158178985915046,0.9158178985915046,False
base__s23__5000K_2.0gcc,23,7.16,inf,1.0299671797397234,-1,0.7822741663980388,7.8213397216493235,7.8213397216493235,False
base__s23__5000K_2.0gcc,23,7.2,inf,1.027665724706239,-1,0.6385758799931994,1.2809214820758137,1.2809214820758137,False
base__s23__5000K_2.0gcc,23,7.24,inf,1.0513411025204904,-1,0.6686447990285911,0.925902426866589,0.925902426866589,False
base__s23__5000K_2.0gcc,23,7.28,inf,1.0131812641783304,-1,0.7196698009266068,1.3879176203244683,1.3879176203244683,False
base__s23__5000K_2.0gcc,23,7.32,inf,1.0071548083720792,-1,0.6047000211433555,1.130131726869878,1.130131726869878,False
base__s23__5000K_2.0gcc,23,7.36,inf,1.0002710076459282,-1,0.7346425537967903,1.4125183205568803,1.4125183205568803,False
base__s23__5000K_2.0gcc,23,7.4,inf,1.017412958987156,-1,0.7309565737968888,1.4105138129434032,1.4105138129434032,False
base__s23__5000K_2.0gcc,23,7.44,inf,1.0494228602312798,-1,0.6662008686208714,1.0818440650681314,1.0818440650681314,False
base__s23__5000K_2.0gcc,23,7.48,inf,0.9906693997020396,-1,0.757619741341619,1.5299032689363403,1.5299032689363403,False
base__s23__5000K_2.0gcc,23,7.52,inf,1.0189966438825993,-1,0.6020277834607679,0.8456697093111917,0.8456697093111917,False
base__s23__5000K_2.0gcc,23,7.56,inf,1.0124147865148942,-1,0.7587250025556492,1.2627964969655288,1.2627964969655288,False
base__s23__5000K_2.0gcc,23,7.6,inf,1.034001697616111,-1,0.7243370440142465,1.2656652768857675,1.2656652768857675,False
base__s23__5000K_2.0gcc,23,7.640000000000001,inf,1.041980046558475,-1,0.7622992653836606,1.018450765779841,1.018450765779841,False
base__s23__5000K_2.0gcc,23,7.68,inf,1.04261109848831,-1,0.6965759533945868,1.6620900019001055,1.6620900019001055,False
base__s23__5000K_2.0gcc,23,7.72,inf,1.022521015221692,-1,0.7446656166426345,1.0167289744474084,1.0167289744474084,False
base__s23__5000K_2.0gcc,23,7.76,inf,1.0549614169646198,-1,0.6407794374395976,1.6422970291991212,1.6422970291991212,False
base__s23__5000K_2.0gcc,23,7.8,inf,1.0356830207693863,-1,0.7193639597717019,0.9921626898443163,0.9921626898443163,False
base__s23__5000K_2.0gcc,23,7.84,inf,1.039544024169732,-1,0.6606183189547867,2.700247001659606,2.700247001659606,False
base__s23__5000K_2.0gcc,23,7.88,inf,0.9948732795215676,-1,0.9116360918495563,1.54167571276996,1.54167571276996,False
base__s23__5000K_2.0gcc,23,7.92,inf,1.021415098054654,-1,0.8867434804541515,6.045852727920168,6.045852727920168,False
base__s23__5000K_2.0gcc,23,7.96,inf,1.0160641068298788,-1,0.747688518504573,5.454988685937084,5.454988685937084,False
base__s23__5000K_2.0gcc,23,8.0,inf,1.0024447720253722,-1,0.6567081843031723,0.8563861095591967,0.8563861095591967,False
base__s23__5000K_2.0gcc,23,8.040000000000001,inf,1.058144228055892,-1,0.6187801572510115,1.1096359726302323,1.1096359726302323,False
base__s23__5000K_2.0gcc,23,8.08,inf,1.020176657734826,-1,0.7951745101942721,2.2704958124041155,2.2704958124041155,False
base__s23__5000K_2.0gcc,23,8.120000000000001,inf,1.0326832348455164,-1,0.6991738044706701,1.6115228767237437,1.6115228767237437,False
base__s23__5000K_2.0gcc,23,8.16,inf,1.0309127392413,-1,0.7020081869336596,2.2334376485777887,2.2334376485777887,False
base__s23__5000K_2.0gcc,23,8.2,inf,1.0521293035178707,-1,0.6725997558750929,4.484519844467995,4.484519844467995,False
base__s23__5000K_2.0gcc,23,8.24,inf,0.983660459078233,-1,0.9606800801092936,1.1445305310531313,1.135529124856823,False
base__s23__5000K_2.0gcc,23,8.28,inf,1.0406079886595148,-1,0.7423749582842208,1.4433073832892496,1.4433073832892496,False
base__s23__5000K_2.0gcc,23,8.32,inf,1.036313293378504,-1,0.7116571527266518,4.738116712403661,4.738116712403661,False
base__s23__5000K_2.0gcc,23,8.36,inf,1.0392166352228969,-1,0.7180869400680236,1.3081642563029718,1.3081642563029718,False
base__s23__5000K_2.0gcc,23,8.4,inf,1.0148499872936882,-1,0.7252500020745039,1.306315331285305,1.306315331285305,False
base__s23__5000K_2.0gcc,23,8.44,inf,0.9836978851710524,-1,0.8281109461398785,2.703559712416797,2.703559712416797,False
base__s23__5000K_2.0gcc,23,8.48,inf,1.004990363473203,-1,0.7354942028155598,1.198864248788826,1.198864248788826,False
base__s23__5000K_2.0gcc,23,8.52,inf,1.0016187313484108,-1,0.7142875867324137,2.645140532927763,2.645140532927763,False
base__s23__5000K_2.0gcc,23,8.56,inf,1.0118433947780656,-1,0.676698531024189,1.9977371284811718,1.9977371284811718,False
base__s23__5000K_2.0gcc,23,8.6,inf,1.0354942160480665,-1,0.629340862262272,1.5514357216252017,1.5514357216252017,False
base__s23__5000K_2.0gcc,23,8.64,inf,1.063243236571482,-1,0.6224706967771881,1.011815586373166,1.011815586373166,False
base__s23__5000K_2.0gcc,23,8.68,inf,1.0539363275098736,-1,0.7854288178732083,10.246847843469483,10.246847843469483,False
base__s23__5000K_2.0gcc,23,8.72,inf,1.0061488297692351,-1,0.7184413816819787,1.043757452001702,1.043757452001702,False
base__s23__5000K_2.0gcc,23,8.76,inf,1.0451801438316743,-1,0.739625434996693,0.9096198620195233,0.9096198620195233,False
base__s23__5000K_2.0gcc,23,8.8,inf,1.0184402860899608,-1,0.7007495208363588,1.3455686898544634,1.3455686898544634,False
base__s23__5000K_2.0gcc,23,8.84,inf,0.9865937024434116,-1,0.8184272912030213,0.8810565238432375,0.8810565238432375,False
base__s23__5000K_2.0gcc,23,8.88,inf,1.0391314311678777,-1,0.7647623608495735,1.4441677673580338,1.4441677673580338,False
base__s23__5000K_2.0gcc,23,8.92,inf,0.995556365262158,-1,0.6934678082219428,1.0129648422654955,1.0129648422654955,False
base__s23__5000K_2.0gcc,23,8.96,inf,0.966022212623499,-1,1.0199340554495961,5.764963575678004,5.764963575678004,False
base__s23__5000K_2.0gcc,23,9.0,inf,0.9992150759115872,-1,0.703416033065113,1.1173561698021612,1.1173561698021612,False
base__s23__5000K_2.0gcc,23,9.04,inf,1.0106011757335334,-1,0.6697704360148669,1.2240197102231516,1.2240197102231516,False
base__s23__5000K_2.0gcc,23,9.08,inf,1.01748192861102,-1,0.6815100798760121,0.8532461152623376,0.8532461152623376,False
base__s23__5000K_2.0gcc,23,9.12,inf,1.0214307917416627,-1,0.6331517911973201,0.9487292845327048,0.9487292845327048,False
base__s23__5000K_2.0gcc,23,9.16,inf,1.020603841447307,-1,0.6778029668479936,0.9919124172332158,0.9919124172332158,False
base__s23__5000K_2.0gcc,23,9.2,inf,1.023585246676602,-1,0.6625792975699609,0.9461324859377923,0.9461324859377923,False
base__s23__5000K_2.0gcc,23,9.24,inf,0.9783101444930444,-1,1.0899395867810444,1.076841863166693,1.0899395867810444,False
base__s23__5000K_2.0gcc,23,9.28,inf,0.9822372838342068,-1,0.8472425981017254,1.448655289157695,1.448655289157695,False
base__s23__5000K_2.0gcc,23,9.32,inf,1.0623588412819849,-1,0.6689924118754139,1.0881500725884623,1.0881500725884623,False
base__s23__5000K_2.0gcc,23,9.36,inf,1.0147134474958928,-1,0.6737048319683075,1.203715289879597,1.203715289879597,False
base__s23__5000K_2.0gcc,23,9.4,inf,1.0121345781372155,-1,0.9178008652634977,1.7295964817380232,1.7295964817380232,False
base__s23__5000K_2.0gcc,23,9.44,inf,1.0235807094748317,-1,0.6904674284176449,1.2893293687916798,1.2893293687916798,False
base__s23__5000K_2.0gcc,23,9.48,inf,1.031050673716379,-1,0.8470787308425999,1.2140949044995133,1.2140949044995133,False
base__s23__5000K_2.0gcc,23,9.52,inf,1.000691844228782,-1,0.681262842070523,0.8518500122878307,0.8518500122878307,False
base__s23__5000K_2.0gcc,23,9.56,inf,1.0044710428150736,-1,0.6418091762888465,1.0966358322771026,1.0966358322771026,False
base__s23__5000K_2.0gcc,23,9.6,inf,1.0393920870128848,-1,0.8011773341233303,1.2597438242010641,1.2597438242010641,False
base__s23__5000K_2.0gcc,23,9.64,inf,1.0240042905857378,-1,0.6676185754983515,0.9640051977224269,0.9640051977224269,False
base__s23__5000K_2.0gcc,23,9.68,inf,0.9926392643024956,-1,0.7511300767498411,1.2828986201644317,1.2828986201644317,False
base__s23__5000K_2.0gcc,23,9.72,inf,1.0538351068691918,-1,0.6500704076220886,1.4248426478229037,1.4248426478229037,False
base__s23__5000K_2.0gcc,23,9.76,inf,1.0345034532112496,-1,0.7424981565286586,0.7634613449472835,0.7634613449472835,False
base__s23__5000K_2.0gcc,23,9.8,inf,1.0232593257439675,-1,0.6639785338266284,0.8383760689756844,0.8383760689756844,False
base__s23__5000K_2.0gcc,23,9.84,inf,1.0430708515585123,-1,0.7831661504563949,1.1030695110988513,1.1030695110988513,False
base__s23__5000K_2.0gcc,23,9.88,inf,1.022961642812671,-1,0.6110932175528888,1.460623308885935,1.460623308885935,False
base__s23__5000K_2.0gcc,23,9.92,inf,1.0182241123082876,-1,0.7309898516823798,1.3235755398647153,1.3235755398647153,False
base__s23__5000K_2.0gcc,23,9.96,inf,0.979327548995228,-1,0.9996721414519465,1.1764367607322845,1.1456416595680325,False
base__s23__5000K_2.0gcc,23,10.0,inf,1.0144849843748305,-1,0.773697665457785,0.8878891837942069,0.8858583138827998,False
base__s24__5000K_2.0gcc,24,0.0,5.37,1.0310702502254634,-1,0.8928044464759279,1.0000000000000064,1.0000000000000064,True
base__s24__5000K_2.0gcc,24,0.04,5.37,1.0215238741962915,-1,0.749662022910882,0.9542688559986358,0.7584056978665321,True
base__s24__5000K_2.0gcc,24,0.08,5.37,1.012650191944879,-1,0.7079958275308909,1.4568809313593392,1.4568809313593392,True
base__s24__5000K_2.0gcc,24,0.12,5.37,1.037775300285665,-1,0.734635625278522,0.9526448018889155,0.9526448018889155,True
base__s24__5000K_2.0gcc,24,0.16,5.37,1.022578262451339,-1,0.6121301369852438,1.0652650361549594,1.0652650361549594,True
base__s24__5000K_2.0gcc,24,0.2,5.37,0.9694599910620334,-1,1.2025083948608728,1.3219599550881933,1.2146542390873472,True
base__s24__5000K_2.0gcc,24,0.24,5.37,1.0054411453566043,-1,0.8332300621079053,1.005778413192089,1.005778413192089,True
base__s24__5000K_2.0gcc,24,0.28,5.37,1.0284474330499345,-1,0.6695384225314249,1.1978548794255481,1.1978548794255481,True
base__s24__5000K_2.0gcc,24,0.32,5.37,1.056205928531932,-1,0.6619873488099468,0.9134779772701327,0.9134779772701327,True
base__s24__5000K_2.0gcc,24,0.36,5.37,1.0457031888514072,-1,0.6871581165742189,1.803169732127498,1.803169732127498,True
base__s24__5000K_2.0gcc,24,0.4,5.37,1.0497934455658415,-1,0.7071965242965813,0.9705020327087064,0.9705020327087064,True
base__s24__5000K_2.0gcc,24,0.44,5.37,1.0540876617786583,-1,0.6578304894421507,1.9387698096620292,1.9387698096620292,True
base__s24__5000K_2.0gcc,24,0.48,5.37,1.0159201266349636,-1,0.7045290685560944,1.05910269244928,1.05910269244928,True
base__s24__5000K_2.0gcc,24,0.52,5.37,1.0256965140088952,-1,0.8147475200645588,1.6681945468393777,1.6681945468393777,True
base__s24__5000K_2.0gcc,24,0.56,5.37,1.0507690915010777,-1,0.7377269442296642,1.13221269200779,1.13221269200779,True
base__s24__5000K_2.0gcc,24,0.6,5.37,1.0393955345743018,-1,0.616758038846563,0.8680314390085299,0.8680314390085299,True
base__s24__5000K_2.0gcc,24,0.64,5.37,1.0321301065466506,-1,0.7356509104180491,1.312506712197584,1.312506712197584,True
base__s24__5000K_2.0gcc,24,0.68,5.37,1.0225203500591085,-1,0.6735589252430942,1.2169130389854215,1.2169130389854215,True
base__s24__5000K_2.0gcc,24,0.72,5.37,1.0002585442344394,-1,0.6467157239269947,1.3886204778241047,1.3886204778241047,True
base__s24__5000K_2.0gcc,24,0.76,5.37,1.0324331449842166,-1,0.6000398089711652,0.7933810649122421,0.7933810649122421,True
base__s24__5000K_2.0gcc,24,0.8,5.37,1.067319512133551,-1,0.6481137094690814,0.8158724133154763,0.8158724133154763,True
base__s24__5000K_2.0gcc,24,0.84,5.37,1.04076939739166,-1,0.7453099354651085,0.811295960902403,0.811295960902403,True
base__s24__5000K_2.0gcc,24,0.88,5.37,1.036683370808079,-1,0.5934605469333294,0.9421238138671256,0.9421238138671256,True
base__s24__5000K_2.0gcc,24,0.92,5.37,1.031028200099784,-1,0.6801913877280926,0.9567729247394029,0.9567729247394029,True
base__s24__5000K_2.0gcc,24,0.96,5.37,1.040477568047,-1,0.6256223950047552,0.7216121421474465,0.7216121421474465,True
base__s24__5000K_2.0gcc,24,1.0,5.37,1.002209158380625,-1,0.6803973025026553,1.3584334526801551,1.3584334526801551,True
base__s24__5000K_2.0gcc,24,1.04,5.37,1.0288937970038503,-1,0.69667554229706,1.1416092799680089,1.1416092799680089,True
base__s24__5000K_2.0gcc,24,1.08,5.37,0.9990800458727016,-1,0.6822599053166687,0.9708766631465837,0.9708766631465837,True
base__s24__5000K_2.0gcc,24,1.12,5.37,1.0265174352040984,-1,0.580961243028498,0.7791124967770694,0.7791124967770694,True
base__s24__5000K_2.0gcc,24,1.16,5.37,0.9613420335036852,-1,1.0482778411998297,1.5835105765689987,1.0482778411998297,True
base__s24__5000K_2.0gcc,24,1.2,5.37,1.0202125196629377,-1,0.76172867232569,1.219747332530638,1.219747332530638,True
base__s24__5000K_2.0gcc,24,1.24,5.37,1.019710777071126,-1,0.6837641015744491,1.2521900023488537,1.2521900023488537,True
base__s24__5000K_2.0gcc,24,1.28,5.37,1.0379733317426805,-1,0.6824855397636781,1.2964643940984169,1.2964643940984169,True
base__s24__5000K_2.0gcc,24,1.32,5.37,0.9931041074474514,-1,0.6583696292041967,2.094995042754545,2.094995042754545,True
base__s24__5000K_2.0gcc,24,1.36,5.37,1.0280560434193262,-1,0.8145957962209349,5.467101688072153,5.467101688072153,True
base__s24__5000K_2.0gcc,24,1.4,5.37,0.9896582079551508,-1,0.8553804725079868,1.1488638988803954,1.1488638988803954,True
base__s24__5000K_2.0gcc,24,1.44,5.37,1.0082570860876707,-1,0.6676838065588624,1.0101944602734345,1.0101944602734345,True
base__s24__5000K_2.0gcc,24,1.48,5.37,1.0134512732568843,-1,0.6703305177787641,0.9846805703101247,0.9846805703101247,True
base__s24__5000K_2.0gcc,24,1.52,5.37,1.0078472659088775,-1,0.7067297478003816,1.4736768603452002,1.4736768603452002,True
base__s24__5000K_2.0gcc,24,1.56,5.37,1.0149977407802449,-1,0.7621827240427055,1.2947072346321615,1.2947072346321615,True
base__s24__5000K_2.0gcc,24,1.6,5.37,0.9969601063653452,-1,0.6844533905924384,1.4957051936800665,1.4957051936800665,True
base__s24__5000K_2.0gcc,24,1.64,5.37,1.032242819218908,-1,0.6611786378787906,1.3536347508957502,1.3536347508957502,True
base__s24__5000K_2.0gcc,24,1.68,5.37,1.031438837858067,-1,0.7185929334584906,1.7710614251457535,1.7710614251457535,True
base__s24__5000K_2.0gcc,24,1.72,5.37,1.0134211363288217,-1,0.664124570182199,1.6294532787295917,1.6294532787295917,True
base__s24__5000K_2.0gcc,24,1.76,5.37,1.0313700077784886,-1,0.6796813522374441,2.089104722425305,2.089104722425305,True
base__s24__5000K_2.0gcc,24,1.8,5.37,1.017868037599177,-1,0.6777771411588621,1.3912876843139763,1.3912876843139763,True
base__s24__5000K_2.0gcc,24,1.84,5.37,0.9866024411250964,-1,0.7236520673296367,1.779451327132556,1.779451327132556,True
base__s24__5000K_2.0gcc,24,1.88,5.37,1.0522415671607912,-1,0.6798224491078055,1.0296008188130865,1.0296008188130865,True
base__s24__5000K_2.0gcc,24,1.92,5.37,1.017959370750621,-1,0.6853735379998318,0.9131863083481095,0.9131863083481095,True
base__s24__5000K_2.0gcc,24,1.96,5.37,1.005261113457096,-1,0.7752304229875456,0.9188695659764635,0.9188695659764635,True
base__s24__5000K_2.0gcc,24,2.0,5.37,1.0180015063579222,-1,0.7226302579967897,1.2359522443109197,1.2359522443109197,True
base__s24__5000K_2.0gcc,24,2.04,5.37,1.035957067452122,-1,0.7701248315996383,0.9290784031756212,0.9290784031756212,True
base__s24__5000K_2.0gcc,24,2.08,5.37,1.0536587221529563,-1,0.8165537426247609,1.5797594390706522,1.5797594390706522,True
base__s24__5000K_2.0gcc,24,2.12,5.37,1.0584230750876518,-1,0.5914851441105545,1.15696899653992,1.15696899653992,True
base__s24__5000K_2.0gcc,24,2.16,5.37,1.0528240432004776,-1,0.6643683011445622,1.0691378282622508,1.0691378282622508,True
base__s24__5000K_2.0gcc,24,2.2,5.37,1.043951172530114,-1,0.6629044695029986,1.215684804461707,1.215684804461707,True
base__s24__5000K_2.0gcc,24,2.24,5.37,0.9985933785119946,-1,0.7827719746748361,0.8927444051027354,0.8927444051027354,True
base__s24__5000K_2.0gcc,24,2.28,5.37,1.0481845686523916,-1,0.6873444483513745,1.4460817645666637,1.4460817645666637,True
base__s24__5000K_2.0gcc,24,2.32,5.37,1.0403042853939422,-1,0.7264553361498278,1.156309754517452,1.156309754517452,True
base__s24__5000K_2.0gcc,24,2.36,5.37,1.0332288599463333,-1,0.6515766271520448,1.3719287827427826,1.3719287827427826,True
base__s24__5000K_2.0gcc,24,2.4,5.37,1.0487963438470786,-1,0.6414035904173941,1.8599460019787937,1.8599460019787937,True
base__s24__5000K_2.0gcc,24,2.44,5.37,1.024908555238954,-1,0.6231903746638068,4.1245255136739525,4.1245255136739525,True
base__s24__5000K_2.0gcc,24,2.48,5.37,1.02657807322093,-1,0.644462176010714,1.1716220447860735,1.1716220447860735,True
base__s24__5000K_2.0gcc,24,2.52,5.37,1.0518683425571855,-1,0.7583151030727292,0.85502667663776,0.85502667663776,True
base__s24__5000K_2.0gcc,24,2.56,5.37,1.0494590070974663,-1,0.7644768750944216,1.6986676649533485,1.6986676649533485,True
base__s24__5000K_2.0gcc,24,2.6,5.37,1.016840668202251,-1,0.622717599943906,1.0716916097960287,1.0716916097960287,True
base__s24__5000K_2.0gcc,24,2.64,5.37,1.0334574907532483,-1,0.6479676592326437,0.9066120185094381,0.9066120185094381,True
base__s24__5000K_2.0gcc,24,2.68,5.37,1.0173704659847362,-1,0.6192027259603725,1.3828810810714363,1.3828810810714363,True
base__s24__5000K_2.0gcc,24,2.72,5.37,1.040627382448684,-1,0.6249662115619324,1.4439565215329107,1.4439565215329107,True
base__s24__5000K_2.0gcc,24,2.76,5.37,1.0583773156152771,-1,0.7179610339806006,0.8644272964498786,0.8644272964498786,True
base__s24__5000K_2.0gcc,24,2.8000000000000003,5.37,1.0382028362063938,-1,0.8131241520625103,1.2411540341257823,1.2411540341257823,True
base__s24__5000K_2.0gcc,24,2.84,5.37,1.0438013151131775,-1,0.6958439537425679,1.017299273272315,1.017299273272315,True
base__s24__5000K_2.0gcc,24,2.88,5.37,1.0318854817260488,-1,0.6760224632087486,1.2162860779990414,1.2162860779990414,True
base__s24__5000K_2.0gcc,24,2.92,5.37,1.0018997835941474,-1,0.702119151898857,0.9797164579915899,0.9797164579915899,True
base__s24__5000K_2.0gcc,24,2.96,5.37,0.9980781718858496,-1,0.8470679647893583,1.0093362053601713,0.901890728511263,True
base__s24__5000K_2.0gcc,24,3.0,5.37,0.994170689329051,-1,0.7868308552793833,1.2778373291408225,1.2778373291408225,True
base__s24__5000K_2.0gcc,24,3.04,5.37,1.0478874589344034,-1,0.6524408386844002,0.9195764814782807,0.9195764814782807,True
base__s24__5000K_2.0gcc,24,3.08,5.37,1.0474377427350994,-1,0.821835475711115,0.9106003005927541,0.9106003005927541,True
base__s24__5000K_2.0gcc,24,3.12,5.37,1.0052125194703854,-1,0.629207873854498,0.8309616612038114,0.7135938336297715,True
base__s24__5000K_2.0gcc,24,3.16,5.37,1.0503258231653634,-1,0.6091656128435351,1.0786048392908312,1.0786048392908312,True
base__s24__5000K_2.0gcc,24,3.2,5.37,1.0474331166022008,-1,0.6421729301607201,0.7710522023156019,0.6538741989386875,True
base__s24__5000K_2.0gcc,24,3.24,5.37,1.0079165135238135,-1,0.6195332053310377,0.7038462813756211,0.7038462813756211,True
base__s24__5000K_2.0gcc,24,3.28,5.37,1.0354628351355737,-1,0.8663923629868325,0.8657380492875439,0.8663923629868325,True
base__s24__5000K_2.0gcc,24,3.3200000000000003,5.37,1.0007624542572522,-1,0.6588045667567463,1.4929129518761335,1.4929129518761335,True
base__s24__5000K_2.0gcc,24,3.36,5.37,1.0397990991826256,-1,0.6445593678102106,1.367091543671138,1.367091543671138,True
base__s24__5000K_2.0gcc,24,3.4,5.37,1.0092420910832052,-1,0.8367157148060933,1.1777950129304937,1.1777950129304937,True
base__s24__5000K_2.0gcc,24,3.44,5.37,1.035180904287748,-1,0.9654134876580219,2.743364342707392,2.743364342707392,True
base__s24__5000K_2.0gcc,24,3.48,5.37,1.0364375720206211,-1,0.6454456514555637,0.7709628738435665,0.7709628738435665,True
base__s24__5000K_2.0gcc,24,3.52,5.37,1.0110977682959248,-1,0.712960782987229,0.8261728152001018,0.8261728152001018,True
base__s24__5000K_2.0gcc,24,3.56,5.37,1.034057244287762,-1,0.8310122754457769,0.7809588695160804,0.8310122754457769,True
base__s24__5000K_2.0gcc,24,3.6,5.37,1.0373480348880022,-1,0.7502130142124159,1.0253926674604232,1.0253926674604232,True
base__s24__5000K_2.0gcc,24,3.64,5.37,1.0465666633397035,-1,0.6961299239087992,0.7728092260434536,0.6961299239087992,True
base__s24__5000K_2.0gcc,24,3.68,5.37,1.0163210927526791,-1,0.7150812102240818,1.0185937430241194,1.0185937430241194,True
base__s24__5000K_2.0gcc,24,3.72,5.37,1.0301158604006642,-1,0.6566076346242029,0.7830626135287327,0.7830626135287327,True
base__s24__5000K_2.0gcc,24,3.76,5.37,1.025439778717892,-1,0.6551156882934418,0.8590279735657997,0.8590279735657997,True
base__s24__5000K_2.0gcc,24,3.8,5.37,1.009497567306133,-1,0.8351232816650566,2.18414424092662,2.18414424092662,True
base__s24__5000K_2.0gcc,24,3.84,5.37,1.0123942365309078,-1,0.7405544864253726,1.285265325940118,1.285265325940118,True
base__s24__5000K_2.0gcc,24,3.88,5.37,1.006707643418386,-1,0.6779519296607851,0.8346273836000758,0.8346273836000758,True
base__s24__5000K_2.0gcc,24,3.92,5.37,1.0271120495647006,-1,0.6510798370565394,1.6132676476250445,1.6132676476250445,True
base__s24__5000K_2.0gcc,24,3.96,5.37,1.0097197623603296,-1,0.7493432098587192,0.9918463681848383,0.9918463681848383,True
base__s24__5000K_2.0gcc,24,4.0,5.37,1.0376628701914703,-1,0.6568456196136152,0.8231616405853082,0.7540404034264744,True
base__s24__5000K_2.0gcc,24,4.04,5.37,1.0373655192573157,-1,0.6625813469016376,1.2037519212965584,1.2037519212965584,True
base__s24__5000K_2.0gcc,24,4.08,5.37,1.0052889314888531,-1,0.7303656816677364,1.1957572698706405,1.1957572698706405,True
base__s24__5000K_2.0gcc,24,4.12,5.37,1.0414173133806643,-1,0.6510658585359923,0.8964186676813046,0.8964186676813046,True
base__s24__5000K_2.0gcc,24,4.16,5.37,1.04221641112103,-1,0.7337001510701577,0.9470808840994478,0.9470808840994478,True
base__s24__5000K_2.0gcc,24,4.2,5.37,1.0157306120172809,-1,0.7347930719019302,1.2176717235429553,1.2176717235429553,True
base__s24__5000K_2.0gcc,24,4.24,5.37,1.0055921173492752,-1,0.7696514119860851,1.2183416523402664,1.2183416523402664,True
base__s24__5000K_2.0gcc,24,4.28,5.37,1.0158184319266914,-1,0.7123759360113013,3.8814544943755123,3.8814544943755123,True
base__s24__5000K_2.0gcc,24,4.32,5.37,1.0005950299826598,-1,0.6302841579787511,1.1639653226590698,1.1639653226590698,True
base__s24__5000K_2.0gcc,24,4.36,5.37,1.0394953547707662,-1,0.6677286027949619,1.537947326029911,1.537947326029911,True
base__s24__5000K_2.0gcc,24,4.4,5.37,1.0249498242031163,-1,0.7116879430164004,0.9406285221388299,0.9406285221388299,True
base__s24__5000K_2.0gcc,24,4.44,5.37,1.007686114782277,-1,0.7634338677303105,1.6262282953860425,1.6262282953860425,True
base__s24__5000K_2.0gcc,24,4.48,5.37,1.0125832488037714,-1,0.6236937888695974,1.1563416906446677,1.1563416906446677,True
base__s24__5000K_2.0gcc,24,4.5200000000000005,5.37,1.0015773810190605,-1,0.7118279089437445,0.9678262792221988,0.9678262792221988,True
base__s24__5000K_2.0gcc,24,4.5600000000000005,5.37,0.9959319688397394,-1,0.7456389683306947,1.140596954389013,1.140596954389013,True
base__s24__5000K_2.0gcc,24,4.6000000000000005,5.37,1.0305830386247388,-1,0.7188100597294855,1.0504447264210124,1.0504447264210124,True
base__s24__5000K_2.0gcc,24,4.64,5.37,1.0048803225051228,-1,0.6455457687352604,0.7392645565017478,0.7392645565017478,True
base__s24__5000K_2.0gcc,24,4.68,5.37,0.9673361859875816,-1,1.053340741323684,2.456193297797688,2.456193297797688,True
base__s24__5000K_2.0gcc,24,4.72,5.37,1.0139539911440751,-1,0.7684835289523588,3.0010170065071966,3.0010170065071966,True
base__s24__5000K_2.0gcc,24,4.76,5.37,1.0196460257466802,-1,0.7874045218405874,2.068925986295081,2.068925986295081,True
base__s24__5000K_2.0gcc,24,4.8,5.37,1.0396394222527348,-1,0.765481902651757,7.188166798538279,7.188166798538279,True
base__s24__5000K_2.0gcc,24,4.84,5.37,1.0136424188652522,-1,0.6624478347022108,0.9565639779402716,0.9565639779402716,True
base__s24__5000K_2.0gcc,24,4.88,5.37,1.046387483616371,-1,0.6839937117604726,1.0181987390048524,1.0181987390048524,True
base__s24__5000K_2.0gcc,24,4.92,5.37,1.0532309863524714,-1,0.6189029821653891,0.920239829174957,0.920239829174957,True
base__s24__5000K_2.0gcc,24,4.96,5.37,1.029341421210183,-1,0.6421297637224082,1.1298430438702316,1.1298430438702316,True
base__s24__5000K_2.0gcc,24,5.0,5.37,1.02929501564226,-1,0.676499504706938,0.9234047365483755,0.9234047365483755,True
base__s24__5000K_2.0gcc,24,5.04,5.37,1.012600811742712,-1,0.6971247697370208,2.0111412685126515,2.0111412685126515,True
base__s24__5000K_2.0gcc,24,5.08,5.37,1.0375962578296047,-1,0.6486427303453137,1.2563431925328425,1.2563431925328425,True
base__s24__5000K_2.0gcc,24,5.12,5.37,1.0088352148537438,-1,0.7109019127366725,1.1453267328454015,1.1453267328454015,True
base__s24__5000K_2.0gcc,24,5.16,5.37,1.0412387281430706,-1,0.8972663763519911,1.1362797615068492,1.1362797615068492,True
base__s24__5000K_2.0gcc,24,5.2,5.37,0.9870072818135642,-1,0.907426517979309,1.0487391557615438,0.907426517979309,True
base__s24__5000K_2.0gcc,24,5.24,5.37,1.031614700662025,-1,0.6512811195842954,1.5434622627314905,1.5434622627314905,True
base__s24__5000K_2.0gcc,24,5.28,5.37,1.0191952391504768,-1,0.7198939256384292,1.2187414655887545,1.2187414655887545,True
base__s24__5000K_2.0gcc,24,5.32,5.37,1.06145318115167,-1,0.6816402569049014,0.9953609290302016,0.8958668067417974,True
base__s24__5000K_2.0gcc,24,5.36,5.37,1.019570767670887,-1,0.6678155341266608,1.8930333445693628,1.8930333445693628,True
base__s25__5000K_2.0gcc,25,0.0,inf,1.0310702502254634,-1,0.8928044464759279,1.0000000000000064,1.0000000000000064,False
base__s25__5000K_2.0gcc,25,0.04,inf,1.015870924708941,-1,0.6821700752918861,1.0853282674252065,1.0853282674252065,False
base__s25__5000K_2.0gcc,25,0.08,inf,1.0045855719116208,-1,0.6990503157389587,1.2263013960613507,1.2263013960613507,False
base__s25__5000K_2.0gcc,25,0.12,inf,0.9840324373921824,-1,0.8536749799629062,1.044654520816041,0.9166520942883901,False
base__s25__5000K_2.0gcc,25,0.16,inf,1.0435829324945864,-1,0.6629905294675196,0.9169169234071048,0.9169169234071048,False
base__s25__5000K_2.0gcc,25,0.2,inf,1.0241543805071585,-1,0.687178547126859,1.911669794090146,1.911669794090146,False
base__s25__5000K_2.0gcc,25,0.24,inf,0.964410170450312,-1,1.2631544605672684,2.0989845166189918,2.0989845166189918,False
base__s25__5000K_2.0gcc,25,0.28,inf,1.0114055457564983,-1,0.7314804770014964,0.9996242064962084,0.9996242064962084,False
base__s25__5000K_2.0gcc,25,0.32,inf,1.0219449995366678,-1,0.7147289501378185,0.9368792925025708,0.9368792925025708,False
base__s25__5000K_2.0gcc,25,0.36,inf,0.9592734100609702,-1,1.1646242043871307,1.4494845698945815,1.2468212742597016,False
base__s25__5000K_2.0gcc,25,0.4,inf,1.0690492888609011,-1,0.6668811612736447,1.0328059175549373,1.0328059175549373,False
base__s25__5000K_2.0gcc,25,0.44,inf,1.024069676868718,-1,0.6163269884293354,0.906450219237455,0.906450219237455,False
base__s25__5000K_2.0gcc,25,0.48,inf,1.00504915869623,-1,0.6903774047766091,1.095292340738299,1.095292340738299,False
base__s25__5000K_2.0gcc,25,0.52,inf,1.038252360618073,-1,0.6258527807052431,0.995802265481414,0.995802265481414,False
base__s25__5000K_2.0gcc,25,0.56,inf,1.031010511531769,-1,0.6994241225909122,0.929183284524691,0.929183284524691,False
base__s25__5000K_2.0gcc,25,0.6,inf,1.0322756412809515,-1,0.5856556904077346,0.8820256023684628,0.8820256023684628,False
base__s25__5000K_2.0gcc,25,0.64,inf,0.9811423864134096,-1,0.8382427389037532,1.471897152303241,1.471897152303241,False
base__s25__5000K_2.0gcc,25,0.68,inf,1.019703583304972,-1,0.9720864617572186,2.7086239218951422,2.7086239218951422,False
base__s25__5000K_2.0gcc,25,0.72,inf,1.0342018960367465,-1,0.6630579535374269,0.8058522863414194,0.8058522863414194,False
base__s25__5000K_2.0gcc,25,0.76,inf,1.0225068308392855,-1,0.6894664881964131,0.8794139314987202,0.8794139314987202,False
base__s25__5000K_2.0gcc,25,0.8,inf,0.978057080987096,-1,1.0106443287491202,1.808982198222252,1.808982198222252,False
base__s25__5000K_2.0gcc,25,0.84,inf,1.0092403385462758,-1,0.6868638003588787,1.5274365130903684,1.5274365130903684,False
base__s25__5000K_2.0gcc,25,0.88,inf,0.9548769270885122,-1,1.2266515340886432,1.4536340229952582,1.2266515340886432,False
base__s25__5000K_2.0gcc,25,0.92,inf,1.0298066214770625,-1,0.7242743105943734,0.8487392849256696,0.8487392849256696,False
base__s25__5000K_2.0gcc,25,0.96,inf,1.0014888334170278,-1,0.6758473807528673,0.7741865955657221,0.7064563805746664,False
base__s25__5000K_2.0gcc,25,1.0,inf,1.0447293928606591,-1,0.6837931841529867,0.9094109142504385,0.9094109142504385,False
base__s25__5000K_2.0gcc,25,1.04,inf,1.0265321646071304,-1,0.7072995120465332,1.5922727455972117,1.5922727455972117,False
base__s25__5000K_2.0gcc,25,1.08,inf,1.0400821036480723,-1,0.699061689143246,1.2040198406853768,1.2040198406853768,False
base__s25__5000K_2.0gcc,25,1.12,inf,1.0544388323904803,-1,0.8463138453728274,0.9415187358193364,0.8463138453728274,False
base__s25__5000K_2.0gcc,25,1.16,inf,1.007921675257061,-1,0.6732713607484556,0.8029761979449328,0.8029761979449328,False
base__s25__5000K_2.0gcc,25,1.2,inf,1.039018405792698,-1,0.6631206672083335,0.998331785975329,0.998331785975329,False
base__s25__5000K_2.0gcc,25,1.24,inf,1.0310177378343195,-1,0.718571201394488,0.7513256724819438,0.7281143911459171,False
base__s25__5000K_2.0gcc,25,1.28,inf,1.0220778451668933,-1,0.5987192395517787,0.9448327782140771,0.9448327782140771,False
base__s25__5000K_2.0gcc,25,1.32,inf,1.0046160373665152,-1,0.7539768658078003,0.7787946729934233,0.7539054166186626,False
base__s25__5000K_2.0gcc,25,1.36,inf,1.0295234092982046,-1,0.7015590066299378,0.8952631513081348,0.8952631513081348,False
base__s25__5000K_2.0gcc,25,1.4,inf,1.0383394258555336,-1,0.6675834068341477,1.085685089685959,1.085685089685959,False
base__s25__5000K_2.0gcc,25,1.44,inf,1.0614924442298208,-1,0.7086094217903505,0.9329080822079794,0.9329080822079794,False
base__s25__5000K_2.0gcc,25,1.48,inf,1.025680752648699,-1,0.8127796428459668,1.213264463081957,1.213264463081957,False
base__s25__5000K_2.0gcc,25,1.52,inf,0.9978394912840444,-1,0.632881957178757,0.9319467768474341,0.9319467768474341,False
base__s25__5000K_2.0gcc,25,1.56,inf,1.0158689828309553,-1,0.6871150083207574,0.961668411565251,0.961668411565251,False
base__s25__5000K_2.0gcc,25,1.6,inf,1.017521564564113,-1,0.722075498695862,0.9935645142736516,0.9935645142736516,False
base__s25__5000K_2.0gcc,25,1.64,inf,0.9897884299576356,-1,0.8586808688696212,0.9779444053933315,0.8583073638727651,False
base__s25__5000K_2.0gcc,25,1.68,inf,1.017529784517387,-1,0.6571694338916417,0.8817729364959298,0.8817729364959298,False
base__s25__5000K_2.0gcc,25,1.72,inf,1.0429283838715864,-1,0.6556193077390884,0.910316735748615,0.910316735748615,False
base__s25__5000K_2.0gcc,25,1.76,inf,1.0351944462993414,-1,0.6881050396045719,1.0732487785046672,1.0732487785046672,False
base__s25__5000K_2.0gcc,25,1.8,inf,1.059798942407474,-1,0.6340854290583482,1.4458696132822957,1.4458696132822957,False
base__s25__5000K_2.0gcc,25,1.84,inf,1.0340123410259665,-1,0.6960730570735192,1.3544474054769795,1.3544474054769795,False
base__s25__5000K_2.0gcc,25,1.88,inf,1.005520996808123,-1,0.6307297418153872,1.4551333877771215,1.4551333877771215,False
base__s25__5000K_2.0gcc,25,1.92,inf,1.0078255975182406,-1,0.6849885940526743,1.7210322990103784,1.7210322990103784,False
base__s25__5000K_2.0gcc,25,1.96,inf,1.0309801134847356,-1,0.6897230006109771,1.4386372166324524,1.4386372166324524,False
base__s25__5000K_2.0gcc,25,2.0,inf,1.0310783411559956,-1,0.702205009211354,1.2156601222574779,1.2156601222574779,False
base__s25__5000K_2.0gcc,25,2.04,inf,1.0414967716214971,-1,0.5984116094750487,0.9105697489694453,0.9105697489694453,False
base__s25__5000K_2.0gcc,25,2.08,inf,1.0388144008575346,-1,0.6763554036144726,0.9927794114125726,0.9927794114125726,False
base__s25__5000K_2.0gcc,25,2.12,inf,1.038592025889377,-1,0.6230795780061467,1.3493832517809143,1.3493832517809143,False
base__s25__5000K_2.0gcc,25,2.16,inf,1.0252941199958197,-1,0.767707341900745,1.0817338430994368,1.0817338430994368,False
base__s25__5000K_2.0gcc,25,2.2,inf,1.0121904644467865,-1,0.6720334040957985,1.0248957581815792,1.0248957581815792,False
base__s25__5000K_2.0gcc,25,2.24,inf,1.0250488084384075,-1,0.7333563302554579,1.1258000723420036,1.1258000723420036,False
base__s25__5000K_2.0gcc,25,2.28,inf,1.0395213457231167,-1,0.6385642839334216,1.0769102741253818,1.0769102741253818,False
base__s25__5000K_2.0gcc,25,2.32,inf,1.0232004058018156,-1,0.8137703083207191,2.028109743241349,2.028109743241349,False
base__s25__5000K_2.0gcc,25,2.36,inf,1.0223427333272348,-1,0.6496024177803121,1.3726017835416204,1.3726017835416204,False
base__s25__5000K_2.0gcc,25,2.4,inf,1.044690952675,-1,0.7232197171651904,4.003766613127689,4.003766613127689,False
base__s25__5000K_2.0gcc,25,2.44,inf,1.0361227988563906,-1,0.7003237189337697,1.4152521128394029,1.4152521128394029,False
base__s25__5000K_2.0gcc,25,2.48,inf,1.034844871536309,-1,0.7752024223643091,3.351094992961406,3.351094992961406,False
base__s25__5000K_2.0gcc,25,2.52,inf,1.0142967262359674,-1,0.6817378747407961,1.2081122331768837,1.2081122331768837,False
base__s25__5000K_2.0gcc,25,2.56,inf,1.0542487291479177,-1,0.681325795949619,1.363078282268254,1.363078282268254,False
base__s25__5000K_2.0gcc,25,2.6,inf,1.037549291335116,-1,0.6979067739626503,1.7585887060931458,1.7585887060931458,False
base__s25__5000K_2.0gcc,25,2.64,inf,1.009676462501727,-1,0.7074591573561972,1.1309270701366163,1.1309270701366163,False
base__s25__5000K_2.0gcc,25,2.68,inf,1.0339693080324004,-1,0.7228978846178128,9.155691169815075,9.155691169815075,False
base__s25__5000K_2.0gcc,25,2.72,inf,1.0441102552575567,-1,0.7681587785977503,1.0516739555113275,1.0516739555113275,False
base__s25__5000K_2.0gcc,25,2.76,inf,1.029341595573112,-1,0.6576734425249404,1.7732665005196502,1.7732665005196502,False
base__s25__5000K_2.0gcc,25,2.8000000000000003,inf,1.0684149912117489,-1,0.730396332015648,1.437307309685689,1.437307309685689,False
base__s25__5000K_2.0gcc,25,2.84,inf,1.0190203824173487,-1,0.6764909918428477,1.1713648996452624,1.1713648996452624,False
base__s25__5000K_2.0gcc,25,2.88,inf,1.0341630946528693,-1,0.7031412791871283,1.0813696574619347,1.0813696574619347,False
base__s25__5000K_2.0gcc,25,2.92,inf,1.042709083944799,-1,0.6519944802777736,3.0608628087521352,3.0608628087521352,False
base__s25__5000K_2.0gcc,25,2.96,inf,1.0351608857124583,-1,0.7486127280995387,1.0269769580435995,1.0269769580435995,False
base__s25__5000K_2.0gcc,25,3.0,inf,1.035941538863077,-1,0.7259376725059639,0.9543250842304396,0.9543250842304396,False
base__s25__5000K_2.0gcc,25,3.04,inf,1.0274989634968008,-1,0.6250905613467568,0.9550869641506765,0.9550869641506765,False
base__s25__5000K_2.0gcc,25,3.08,inf,1.024931754515392,-1,0.8239296268608192,1.0233897023284484,1.0233897023284484,False
base__s25__5000K_2.0gcc,25,3.12,inf,1.0418560426978378,-1,0.7877316891250897,4.792766725201274,4.792766725201274,False
base__s25__5000K_2.0gcc,25,3.16,inf,1.0140843231368883,-1,0.6576332437680679,1.0627805357693432,1.0627805357693432,False
base__s25__5000K_2.0gcc,25,3.2,inf,1.0294788992548611,-1,0.6777632646930454,1.1184946521173003,1.1184946521173003,False
base__s25__5000K_2.0gcc,25,3.24,inf,1.003618552430155,-1,0.6743616239939699,1.0185096683258612,1.0185096683258612,False
base__s25__5000K_2.0gcc,25,3.28,inf,1.0131280775035307,-1,0.6038469419236294,0.8050871711108666,0.8050871711108666,False
base__s25__5000K_2.0gcc,25,3.3200000000000003,inf,1.021725011758056,-1,0.784859581426262,0.9956890045248526,0.9956890045248526,False
base__s25__5000K_2.0gcc,25,3.36,inf,0.9971668084753926,-1,0.6543819135518418,0.9514525558787426,0.9514525558787426,False
base__s25__5000K_2.0gcc,25,3.4,inf,1.0508253542782453,-1,0.6911033799158082,0.9330912219356641,0.9330912219356641,False
base__s25__5000K_2.0gcc,25,3.44,inf,0.9979771807621652,-1,0.9237386587648301,1.076038271289947,1.076038271289947,False
base__s25__5000K_2.0gcc,25,3.48,inf,1.0349683659769509,-1,0.7514446234269931,0.9130397280775421,0.9130397280775421,False
base__s25__5000K_2.0gcc,25,3.52,inf,0.9991687457456824,-1,0.7876480121556559,0.9841703175054743,0.9841703175054743,False
base__s25__5000K_2.0gcc,25,3.56,inf,1.016203284570563,-1,0.8355676467494708,3.699241179873988,3.699241179873988,False
base__s25__5000K_2.0gcc,25,3.6,inf,1.0009917404764137,-1,0.7180278664271198,1.3098016573519353,1.3098016573519353,False
base__s25__5000K_2.0gcc,25,3.64,inf,1.036001411888034,-1,0.7081786669603337,2.3700166822845055,2.3700166822845055,False
base__s25__5000K_2.0gcc,25,3.68,inf,1.0009015495057445,-1,0.6405991181799712,1.232429874291228,1.232429874291228,False
base__s25__5000K_2.0gcc,25,3.72,inf,1.0380393714276934,-1,0.7171856024054774,1.0883255271430397,1.0883255271430397,False
base__s25__5000K_2.0gcc,25,3.76,inf,1.0607422551034718,-1,0.6857792008383374,1.1317869721339953,1.1317869721339953,False
base__s25__5000K_2.0gcc,25,3.8,inf,1.0014709102495192,-1,0.695589628144817,0.8530447782959154,0.8530447782959154,False
base__s25__5000K_2.0gcc,25,3.84,inf,1.0279922281267502,-1,0.6754873989052056,0.9340679796130453,0.9340679796130453,False
base__s25__5000K_2.0gcc,25,3.88,inf,1.046121892447052,-1,0.7353614502837339,1.3480618742593389,1.3480618742593389,False
base__s25__5000K_2.0gcc,25,3.92,inf,0.9918269289417384,-1,0.7831460245548824,1.0500988586260989,1.0500988586260989,False
base__s25__5000K_2.0gcc,25,3.96,inf,1.0389587979318524,-1,0.6137913001995731,1.0564909078970635,1.0564909078970635,False
base__s25__5000K_2.0gcc,25,4.0,inf,1.021095898504151,-1,0.6906676186562428,1.4300089910556033,1.4300089910556033,False
base__s25__5000K_2.0gcc,25,4.04,inf,1.005918447092507,-1,0.6954777929936143,0.8750137135090597,0.8750137135090597,False
base__s25__5000K_2.0gcc,25,4.08,inf,1.009366465940393,-1,0.7964180565473483,1.2385049434081155,1.2385049434081155,False
base__s25__5000K_2.0gcc,25,4.12,inf,1.0392338792115088,-1,0.6208212855179635,1.4459107401021736,1.4459107401021736,False
base__s25__5000K_2.0gcc,25,4.16,inf,1.013304874007818,-1,0.6402018539648437,1.2776626388831689,1.2776626388831689,False
base__s25__5000K_2.0gcc,25,4.2,inf,1.0077643308065631,-1,0.6587574407488725,0.8015279023322626,0.8015279023322626,False
base__s25__5000K_2.0gcc,25,4.24,inf,1.0375564762835812,-1,0.8357694728157659,1.0439292105516034,1.0439292105516034,False
base__s25__5000K_2.0gcc,25,4.28,inf,1.0166581451717198,-1,0.6352555033972194,1.1010790406445714,1.1010790406445714,False
base__s25__5000K_2.0gcc,25,4.32,inf,1.0257153321360657,-1,0.7285414615068767,8.639989046327218,8.639989046327218,False
base__s25__5000K_2.0gcc,25,4.36,inf,1.0404624095453905,-1,0.6531952025035697,1.0211860570290683,1.0211860570290683,False
base__s25__5000K_2.0gcc,25,4.4,inf,0.9945248644156666,-1,0.7067596002227823,0.8908277196168987,0.8908277196168987,False
base__s25__5000K_2.0gcc,25,4.44,inf,0.9814685053072256,-1,0.8120743363583605,1.2510891673837494,1.2510891673837494,False
base__s25__5000K_2.0gcc,25,4.48,inf,1.0560496402361963,-1,0.7152802041701716,1.5235045574856272,1.5235045574856272,False
base__s25__5000K_2.0gcc,25,4.5200000000000005,inf,1.049356501605627,-1,0.6475275007393919,1.2066630400762093,1.2066630400762093,False
base__s25__5000K_2.0gcc,25,4.5600000000000005,inf,0.9901450650217868,-1,0.9503457792250873,1.5556708813981441,1.5556708813981441,False
base__s25__5000K_2.0gcc,25,4.6000000000000005,inf,1.0473065946617544,-1,0.7594207092311241,1.6156768080641175,1.6156768080641175,False
base__s25__5000K_2.0gcc,25,4.64,inf,1.0449870714094982,-1,0.623715387263001,1.00109909871875,1.00109909871875,False
base__s25__5000K_2.0gcc,25,4.68,inf,1.0259682500886662,-1,0.7349818891855308,0.9201369629011105,0.9201369629011105,False
base__s25__5000K_2.0gcc,25,4.72,inf,1.0338627282681196,-1,0.6458082593028329,1.0826879298428855,1.0826879298428855,False
base__s25__5000K_2.0gcc,25,4.76,inf,1.0302152730628682,-1,0.7583026752984617,1.3437192352073093,1.3437192352073093,False
base__s25__5000K_2.0gcc,25,4.8,inf,1.0365361471854235,-1,0.6964591955512793,0.866670023836018,0.866670023836018,False
base__s25__5000K_2.0gcc,25,4.84,inf,1.0334291354539022,-1,0.6639265711159286,1.2797477036393923,1.2797477036393923,False
base__s25__5000K_2.0gcc,25,4.88,inf,1.0377742503945648,-1,0.6142336348805478,0.902460311782232,0.902460311782232,False
base__s25__5000K_2.0gcc,25,4.92,inf,1.0291725607287632,-1,0.6257154125733193,1.2947436209651422,1.2947436209651422,False
base__s25__5000K_2.0gcc,25,4.96,inf,1.0677788382254074,-1,0.5839159855032959,0.8583123672443748,0.8583123672443748,False
base__s25__5000K_2.0gcc,25,5.0,inf,1.0266641703249413,-1,0.6947023278799745,0.808684767404932,0.808684767404932,False
base__s25__5000K_2.0gcc,25,5.04,inf,1.0188569325965244,-1,0.6602771518006088,1.0423179281084909,1.0423179281084909,False
base__s25__5000K_2.0gcc,25,5.08,inf,1.0315247130563567,-1,0.6644215333047943,0.7840542916379617,0.7840542916379617,False
base__s25__5000K_2.0gcc,25,5.12,inf,0.9949295888961188,-1,0.7261345604501029,1.262684994222391,1.262684994222391,False
base__s25__5000K_2.0gcc,25,5.16,inf,1.033008331988179,-1,0.6115894952001233,1.405505365085632,1.405505365085632,False
base__s25__5000K_2.0gcc,25,5.2,inf,1.005437451520978,-1,0.7159343174078757,1.2757713760541898,1.2757713760541898,False
base__s25__5000K_2.0gcc,25,5.24,inf,1.013481966371875,-1,0.7034064170221257,1.0616087658988327,1.0616087658988327,False
base__s25__5000K_2.0gcc,25,5.28,inf,1.0307299503221004,-1,0.7406740889993096,1.0032066891627134,1.0032066891627134,False
base__s25__5000K_2.0gcc,25,5.32,inf,1.046341933722433,-1,0.6986199435034068,0.8181160210648424,0.8181160210648424,False
base__s25__5000K_2.0gcc,25,5.36,inf,1.021622620030508,-1,0.7346526943195448,1.0322884654581,1.0322884654581,False
base__s25__5000K_2.0gcc,25,5.4,inf,1.062900646238396,-1,0.6959082968518157,0.9688001019644616,0.9688001019644616,False
base__s25__5000K_2.0gcc,25,5.44,inf,1.0279232856555975,-1,0.7763841606411913,1.1626817169369617,1.1626817169369617,False
base__s25__5000K_2.0gcc,25,5.48,inf,1.0659008370828869,-1,0.7152731608024598,1.0264880335546622,1.0264880335546622,False
base__s25__5000K_2.0gcc,25,5.5200000000000005,inf,1.05236497238268,-1,0.6957828621780157,0.9315692737344262,0.9315692737344262,False
base__s25__5000K_2.0gcc,25,5.5600000000000005,inf,1.029442472194051,-1,0.7989614500328992,2.070047501195243,2.070047501195243,False
base__s25__5000K_2.0gcc,25,5.6000000000000005,inf,1.0036383546307903,-1,0.7227534786278699,1.3848524596623337,1.3848524596623337,False
base__s25__5000K_2.0gcc,25,5.64,inf,1.0409904229439386,-1,0.6157989877866427,0.8276292089760997,0.8276292089760997,False
base__s25__5000K_2.0gcc,25,5.68,inf,1.0305768862622526,-1,0.6691980636788257,0.8899161050251196,0.8899161050251196,False
base__s25__5000K_2.0gcc,25,5.72,inf,1.0481657869812389,-1,0.6425673958366873,1.2131490498838784,1.2131490498838784,False
base__s25__5000K_2.0gcc,25,5.76,inf,1.0217832915344625,-1,0.8373906729303189,0.9810316864852856,0.9810316864852856,False
base__s25__5000K_2.0gcc,25,5.8,inf,1.0041909675778806,-1,0.8579298261324471,1.0210370327524443,1.0210370327524443,False
base__s25__5000K_2.0gcc,25,5.84,inf,0.9891924001947248,-1,0.6712252059468046,1.0408886850734214,1.0408886850734214,False
base__s25__5000K_2.0gcc,25,5.88,inf,1.0538718009995334,-1,0.7138371653590628,3.2458745640569573,3.2458745640569573,False
base__s25__5000K_2.0gcc,25,5.92,inf,1.0325840086191531,-1,0.6627453242105309,4.431207726301822,4.431207726301822,False
base__s25__5000K_2.0gcc,25,5.96,inf,1.003342156050966,-1,0.6943529179643927,0.918682040476917,0.918682040476917,False
base__s25__5000K_2.0gcc,25,6.0,inf,1.0030684066926834,-1,0.8039145298765253,1.3191336464615084,1.3191336464615084,False
base__s25__5000K_2.0gcc,25,6.04,inf,1.0297760775974545,-1,0.6849634868329122,1.5733024604048818,1.5733024604048818,False
base__s25__5000K_2.0gcc,25,6.08,inf,1.0999398309644028,-1,0.736959648436725,4.033130824968879,4.033130824968879,False
base__s25__5000K_2.0gcc,25,6.12,inf,1.0259653411733751,-1,0.6197487243808846,1.4644889267358607,1.4644889267358607,False
base__s25__5000K_2.0gcc,25,6.16,inf,1.0005088434481726,-1,0.7789666978957082,1.5619856027846342,1.5619856027846342,False
base__s25__5000K_2.0gcc,25,6.2,inf,1.0241644602357571,-1,0.8432146250575097,2.555784005958743,2.555784005958743,False
base__s25__5000K_2.0gcc,25,6.24,inf,1.0377221166343134,-1,0.6957712758799586,1.0148825560898316,1.0148825560898316,False
base__s25__5000K_2.0gcc,25,6.28,inf,1.054556692822154,-1,0.7150863464618477,7.493514909497099,7.493514909497099,False
base__s25__5000K_2.0gcc,25,6.32,inf,1.0409568712040864,-1,0.7002823588466388,1.4958319483879259,1.4958319483879259,False
base__s25__5000K_2.0gcc,25,6.36,inf,1.024951311413863,-1,0.7133194438589762,1.5752622724240735,1.5752622724240735,False
base__s25__5000K_2.0gcc,25,6.4,inf,0.9476271848881288,-1,1.9010581853384791,2.3042478553360537,1.9010581853384791,False
base__s25__5000K_2.0gcc,25,6.44,inf,1.0091114317512215,-1,0.7950966453410531,0.8655079134847565,0.8655079134847565,False
base__s25__5000K_2.0gcc,25,6.48,inf,1.0124348994873695,-1,0.7652275755081155,1.1830440671483111,1.1830440671483111,False
base__s25__5000K_2.0gcc,25,6.5200000000000005,inf,1.0283914394071942,-1,0.7921056164001545,2.3650744158033468,2.3650744158033468,False
base__s25__5000K_2.0gcc,25,6.5600000000000005,inf,1.0221737327137692,-1,0.7037535076860796,1.4416979011216717,1.4416979011216717,False
base__s25__5000K_2.0gcc,25,6.6000000000000005,inf,1.0180637003847062,-1,0.7718382996823387,1.7500438725736651,1.7500438725736651,False
base__s25__5000K_2.0gcc,25,6.640000000000001,inf,1.0089394401613014,-1,0.7191478567008083,1.1535835252234092,1.1535835252234092,False
base__s25__5000K_2.0gcc,25,6.68,inf,1.0391979339784123,-1,0.6113384225362506,1.1726926918135614,1.1726926918135614,False
base__s25__5000K_2.0gcc,25,6.72,inf,0.9947806794389404,-1,0.663940916929108,3.021856575346539,3.021856575346539,False
base__s25__5000K_2.0gcc,25,6.76,inf,1.0126210761513903,-1,0.6915558601321399,1.0822696108290955,1.0822696108290955,False
base__s25__5000K_2.0gcc,25,6.8,inf,1.0160447272054516,-1,0.7814257104215672,1.219851412181621,1.219851412181621,False
base__s25__5000K_2.0gcc,25,6.84,inf,1.0249450651947165,-1,0.6118524159643144,3.6546695150283584,3.6546695150283584,False
base__s25__5000K_2.0gcc,25,6.88,inf,1.06087454701581,-1,0.8571940152464768,6.625235750599172,6.625235750599172,False
base__s25__5000K_2.0gcc,25,6.92,inf,1.015070564068332,-1,0.6638456532504743,1.0483221526346875,1.0483221526346875,False
base__s25__5000K_2.0gcc,25,6.96,inf,1.0614144282371516,-1,0.675980850768712,1.8305829889646552,1.8305829889646552,False
base__s25__5000K_2.0gcc,25,7.0,inf,1.0291241315997797,-1,0.7859722674433176,0.9794703138312608,0.9794703138312608,False
base__s25__5000K_2.0gcc,25,7.04,inf,1.031733488483339,-1,0.7558482120097786,1.8699213100967917,1.8699213100967917,False
base__s25__5000K_2.0gcc,25,7.08,inf,1.0417299062943328,-1,0.7501670721087088,1.4927349587216105,1.4927349587216105,False
base__s25__5000K_2.0gcc,25,7.12,inf,1.0383235533382646,-1,0.7899933861703935,1.665067598849728,1.665067598849728,False
base__s25__5000K_2.0gcc,25,7.16,inf,1.0428030006151687,-1,0.6747703892660779,0.9303033223068408,0.9303033223068408,False
base__s25__5000K_2.0gcc,25,7.2,inf,1.0621607712361631,-1,0.6405494855332549,2.8826111168413076,2.8826111168413076,False
base__s25__5000K_2.0gcc,25,7.24,inf,0.9925993410218438,-1,0.7467034362034237,1.2288406605915738,1.2288406605915738,False
base__s25__5000K_2.0gcc,25,7.28,inf,1.0235984002346823,-1,0.6728167062292472,3.8865759137384828,3.8865759137384828,False
base__s25__5000K_2.0gcc,25,7.32,inf,1.007531625463439,-1,0.7125434176901391,1.4958038619776808,1.4958038619776808,False
base__s25__5000K_2.0gcc,25,7.36,inf,1.061039001302497,-1,0.7504516564569728,1.1538355525770543,1.1538355525770543,False
base__s25__5000K_2.0gcc,25,7.4,inf,1.0141868310774893,-1,0.6281297588718902,1.849161363555003,1.849161363555003,False
base__s25__5000K_2.0gcc,25,7.44,inf,1.0723004495485402,-1,0.66358689235134,4.502449634957577,4.502449634957577,False
base__s25__5000K_2.0gcc,25,7.48,inf,1.0161315184571331,-1,0.8191677686882566,2.719478160760065,2.719478160760065,False
base__s25__5000K_2.0gcc,25,7.52,inf,1.028328223553647,-1,0.6948146237383355,1.558054018066755,1.558054018066755,False
base__s25__5000K_2.0gcc,25,7.56,inf,1.0254732884527025,-1,0.7542618907613791,1.3851064696480182,1.3851064696480182,False
base__s25__5000K_2.0gcc,25,7.6,inf,1.0454287752907896,-1,0.7552779098039958,1.4601646586767778,1.4601646586767778,False
base__s25__5000K_2.0gcc,25,7.640000000000001,inf,1.0306805094795384,-1,0.6292472001409186,1.0023943554300412,1.0023943554300412,False
base__s25__5000K_2.0gcc,25,7.68,inf,1.0459474898358905,-1,0.7992426392780096,9.923601424122868,9.923601424122868,False
base__s25__5000K_2.0gcc,25,7.72,inf,1.0473067583311009,-1,0.6488388968096066,2.017948426293055,2.017948426293055,False
base__s25__5000K_2.0gcc,25,7.76,inf,1.0227614982003377,-1,0.7048251479533707,2.1067282659287345,2.1067282659287345,False
base__s25__5000K_2.0gcc,25,7.8,inf,1.0139432935149777,-1,0.6651383300141254,1.365706926375538,1.365706926375538,False
base__s25__5000K_2.0gcc,25,7.84,inf,1.0197607777091646,-1,0.6941114810067313,1.3686167279156654,1.3686167279156654,False
base__s25__5000K_2.0gcc,25,7.88,inf,1.0361623402976,-1,0.7056821959432169,1.6307368362412107,1.6307368362412107,False
base__s25__5000K_2.0gcc,25,7.92,inf,1.0603126265686929,-1,0.6909906617464792,5.687736318407268,5.687736318407268,False
base__s25__5000K_2.0gcc,25,7.96,inf,1.031522285573123,-1,0.6391858895731722,1.493894030249,1.493894030249,False
base__s25__5000K_2.0gcc,25,8.0,inf,1.0253944763772624,-1,0.7929782975666122,2.3017981113030865,2.3017981113030865,False
base__s25__5000K_2.0gcc,25,8.040000000000001,inf,1.0483253171310898,-1,0.7241657139978812,1.1920531874538949,1.1920531874538949,False
base__s25__5000K_2.0gcc,25,8.08,inf,1.0521743248844275,-1,0.5942853407859287,3.1755524373469766,3.1755524373469766,False
base__s25__5000K_2.0gcc,25,8.120000000000001,inf,1.0170958506532213,-1,0.7387628491946351,2.0490687094202786,2.0490687094202786,False
base__s25__5000K_2.0gcc,25,8.16,inf,1.0272479387591869,-1,0.7415304944536583,1.9472516073888404,1.9472516073888404,False
base__s25__5000K_2.0gcc,25,8.2,inf,1.009399971619278,-1,0.6674377390699613,1.3167430411270082,1.3167430411270082,False
base__s25__5000K_2.0gcc,25,8.24,inf,1.016197741588713,-1,0.7235113653965817,2.0262948430346546,2.0262948430346546,False
base__s25__5000K_2.0gcc,25,8.28,inf,1.0177277739533297,-1,0.6914693558241957,0.8167757374360303,0.8167757374360303,False
base__s25__5000K_2.0gcc,25,8.32,inf,1.0048511741770514,-1,0.7237962458231111,1.0013019212249143,1.0013019212249143,False
base__s25__5000K_2.0gcc,25,8.36,inf,1.069965990314646,-1,0.6826226335647204,1.5001757229648338,1.5001757229648338,False
base__s25__5000K_2.0gcc,25,8.4,inf,1.0209196310532973,-1,0.7207983428420744,1.2271792563719064,1.2271792563719064,False
base__s25__5000K_2.0gcc,25,8.44,inf,1.0412186935442524,-1,0.6752405702254737,0.973213182465205,0.973213182465205,False
base__s25__5000K_2.0gcc,25,8.48,inf,1.0361941176150344,-1,0.588575235181847,1.0587609671604032,1.0587609671604032,False
base__s25__5000K_2.0gcc,25,8.52,inf,1.0383464387385355,-1,0.7150699242600925,1.1847260693518264,1.1847260693518264,False
base__s25__5000K_2.0gcc,25,8.56,inf,1.0073293032856738,-1,0.7940800190051542,1.1388285342844902,1.1388285342844902,False
base__s25__5000K_2.0gcc,25,8.6,inf,1.0350518280424417,-1,0.6826538169825558,1.6478497176713671,1.6478497176713671,False
base__s25__5000K_2.0gcc,25,8.64,inf,0.9927371869024552,-1,0.6882859766287701,1.2910915406628756,1.2910915406628756,False
base__s25__5000K_2.0gcc,25,8.68,inf,1.0212369387835527,-1,0.7229208849144442,0.9809870426943414,0.9809870426943414,False
base__s25__5000K_2.0gcc,25,8.72,inf,1.031856328298664,-1,0.6183532890092737,1.6548026381388237,1.6548026381388237,False
base__s25__5000K_2.0gcc,25,8.76,inf,0.9727261361477852,-1,1.0454229234380275,1.3312664449682885,1.1775697809373478,False
base__s25__5000K_2.0gcc,25,8.8,inf,1.0070286351057751,-1,0.9363647916735713,1.7830409024568943,1.7830409024568943,False
base__s25__5000K_2.0gcc,25,8.84,inf,1.0244518737451749,-1,0.7014856404794766,1.2687018985398322,1.2687018985398322,False
base__s25__5000K_2.0gcc,25,8.88,inf,1.047566882342602,-1,0.6947177977743124,2.40403152996317,2.40403152996317,False
base__s25__5000K_2.0gcc,25,8.92,inf,1.0338035870444635,-1,0.6548303800441824,1.416371972294356,1.416371972294356,False
base__s25__5000K_2.0gcc,25,8.96,inf,1.0488167455537694,-1,0.7982698698381074,1.1218139410693713,1.1218139410693713,False
base__s25__5000K_2.0gcc,25,9.0,inf,1.0344250684810374,-1,0.6445348956431312,1.7107916207289022,1.7107916207289022,False
base__s25__5000K_2.0gcc,25,9.04,inf,0.969454784689828,-1,1.0184116582434413,2.2716203499205294,2.2716203499205294,False
base__s25__5000K_2.0gcc,25,9.08,inf,1.0196146039617124,-1,0.6297575191331231,1.1454480855048168,1.1454480855048168,False
base__s25__5000K_2.0gcc,25,9.12,inf,1.002482546873012,-1,0.722044871450854,1.206606977701757,1.206606977701757,False
base__s25__5000K_2.0gcc,25,9.16,inf,1.0092624957532106,-1,0.8450074431400566,3.2203160446063785,3.2203160446063785,False
base__s25__5000K_2.0gcc,25,9.2,inf,1.0091458603541907,-1,0.7387299264563957,0.9306762688034522,0.9306762688034522,False
base__s25__5000K_2.0gcc,25,9.24,inf,1.0026069177953048,-1,0.7369869979190776,0.8520025238469507,0.8520025238469507,False
base__s25__5000K_2.0gcc,25,9.28,inf,1.0437297809591335,-1,0.7775834863552801,1.8697462224504715,1.8697462224504715,False
base__s25__5000K_2.0gcc,25,9.32,inf,1.032258956937648,-1,0.6693089978964972,1.9632087378118501,1.9632087378118501,False
base__s25__5000K_2.0gcc,25,9.36,inf,1.0066525559819532,-1,0.6480944093603418,0.8785026141481274,0.8785026141481274,False
base__s25__5000K_2.0gcc,25,9.4,inf,1.003018697655233,-1,0.6721806645921151,1.2301372923875256,1.2301372923875256,False
base__s25__5000K_2.0gcc,25,9.44,inf,0.9761386228118426,-1,1.357541302058042,1.5978603974524659,1.357541302058042,False
base__s25__5000K_2.0gcc,25,9.48,inf,1.0032433368759544,-1,0.8170571187118728,1.277614515631577,1.277614515631577,False
base__s25__5000K_2.0gcc,25,9.52,inf,1.034160648240881,-1,0.7198553150368333,1.1102095171827215,1.1102095171827215,False
base__s25__5000K_2.0gcc,25,9.56,inf,1.0130532622641315,-1,0.7727951084533442,4.6984367606722,4.6984367606722,False
base__s25__5000K_2.0gcc,25,9.6,inf,1.0439046319554297,-1,0.6498332917283398,0.9640516576721249,0.9640516576721249,False
base__s25__5000K_2.0gcc,25,9.64,inf,0.9945980090820612,-1,0.813151677687341,3.189544824617307,3.189544824617307,False
base__s25__5000K_2.0gcc,25,9.68,inf,1.0159151653996508,-1,0.7348035189480979,1.386595328084558,1.386595328084558,False
base__s25__5000K_2.0gcc,25,9.72,inf,1.0279423586607372,-1,0.700183948124321,1.7945693950629498,1.7945693950629498,False
base__s25__5000K_2.0gcc,25,9.76,inf,1.0179987385778038,-1,0.7539501364465893,3.06407794208794,3.06407794208794,False
base__s25__5000K_2.0gcc,25,9.8,inf,1.0330241175693815,-1,0.8214399867814558,1.8685380352497014,1.8685380352497014,False
base__s25__5000K_2.0gcc,25,9.84,inf,1.067499113769188,-1,0.6163126359267604,1.2197535612852888,1.2197535612852888,False
base__s25__5000K_2.0gcc,25,9.88,inf,1.0564896560941814,-1,0.7022634685889312,1.246692173184773,1.246692173184773,False
base__s25__5000K_2.0gcc,25,9.92,inf,1.014437127440139,-1,0.705233827057054,1.0912275942365135,1.0912275942365135,False
base__s25__5000K_2.0gcc,25,9.96,inf,1.0499038892755852,-1,0.6613902532183971,1.9554330898137344,1.9554330898137344,False
base__s25__5000K_2.0gcc,25,10.0,inf,1.0212076195083932,-1,0.6504051315643543,0.9133757922070966,0.9133757922070966,False
base__s26__5000K_2.0gcc,26,0.0,inf,1.0310702502254634,-1,0.8928044464759279,1.0000000000000064,1.0000000000000064,False
base__s26__5000K_2.0gcc,26,0.04,inf,1.0287951489412257,-1,0.7430838320054264,0.8448533075044009,0.8448533075044009,False
base__s26__5000K_2.0gcc,26,0.08,inf,1.022223665439223,-1,0.6588036786861287,1.1095562354668442,1.1095562354668442,False
base__s26__5000K_2.0gcc,26,0.12,inf,1.0476844055983654,-1,0.6427615088817201,1.1284784987646639,1.1284784987646639,False
base__s26__5000K_2.0gcc,26,0.16,inf,0.9912930456625828,-1,0.6550030124227523,0.7681775084993966,0.7681775084993966,False
base__s26__5000K_2.0gcc,26,0.2,inf,1.0468373726544162,-1,0.6866762749335582,0.9565905636061396,0.9565905636061396,False
base__s26__5000K_2.0gcc,26,0.24,inf,1.0091056411030517,-1,0.7916369829204245,0.9825633516116629,0.9825633516116629,False
base__s26__5000K_2.0gcc,26,0.28,inf,1.0557733412787995,-1,0.6538832598559878,0.9354409949761381,0.9354409949761381,False
base__s26__5000K_2.0gcc,26,0.32,inf,1.0186511774940428,-1,0.7095905061095763,2.5467862278463227,2.5467862278463227,False
base__s26__5000K_2.0gcc,26,0.36,inf,1.062889198037594,-1,0.6369089389132461,0.969860212388084,0.969860212388084,False
base__s26__5000K_2.0gcc,26,0.4,inf,1.0200680659421704,-1,0.6571387156442783,0.7502400405276802,0.7502400405276802,False
base__s26__5000K_2.0gcc,26,0.44,inf,1.0513201684154072,-1,0.6901154784405528,1.1680331328288638,1.1680331328288638,False
base__s26__5000K_2.0gcc,26,0.48,inf,1.0478965374048144,-1,0.7136365935594619,2.134879961353709,2.134879961353709,False
base__s26__5000K_2.0gcc,26,0.52,inf,1.026688752864275,-1,0.6893841550020462,0.9090737263977038,0.9090737263977038,False
base__s26__5000K_2.0gcc,26,0.56,inf,1.0171848402851864,-1,0.6902426178268586,1.2386380873342504,1.2386380873342504,False
base__s26__5000K_2.0gcc,26,0.6,inf,1.0438778902956038,-1,0.6737172467228075,1.0255494077290281,1.0255494077290281,False
base__s26__5000K_2.0gcc,26,0.64,inf,1.0461481757762612,-1,0.6185438940301873,0.8974940370289527,0.7859822310109121,False
base__s26__5000K_2.0gcc,26,0.68,inf,1.033867469095532,-1,0.770557175616543,2.4879106614684194,2.4879106614684194,False
base__s26__5000K_2.0gcc,26,0.72,inf,1.024130693598722,-1,0.6696801185476325,0.9768174283871096,0.9768174283871096,False
base__s26__5000K_2.0gcc,26,0.76,inf,1.0489360861506292,-1,0.7266874945220445,1.2068739785865128,1.2068739785865128,False
base__s26__5000K_2.0gcc,26,0.8,inf,1.0301516929748735,-1,0.6225111936219587,1.628723709676675,1.628723709676675,False
base__s26__5000K_2.0gcc,26,0.84,inf,0.995491702524938,-1,0.8928716362678909,1.0375099016514493,0.9829190595827552,False
base__s26__5000K_2.0gcc,26,0.88,inf,0.9982285372934396,-1,0.8611154779343249,1.0716582616943573,1.0716582616943573,False
base__s26__5000K_2.0gcc,26,0.92,inf,1.0120521018356714,-1,0.6736109090348663,1.6709349022121096,1.6709349022121096,False
base__s26__5000K_2.0gcc,26,0.96,inf,1.037882184642361,-1,0.6986344741441586,0.698042066516879,0.6986344741441586,False
base__s26__5000K_2.0gcc,26,1.0,inf,1.0493793741150057,-1,0.6565214917298886,1.0458030052179577,1.0458030052179577,False
base__s26__5000K_2.0gcc,26,1.04,inf,1.0231199075660675,-1,0.7279120166584848,1.0257549301141478,1.0257549301141478,False
base__s26__5000K_2.0gcc,26,1.08,inf,1.0308930562759653,-1,0.702237357608606,0.9710860242647981,0.9710860242647981,False
base__s26__5000K_2.0gcc,26,1.12,inf,0.9984710154696532,-1,0.7592364848268114,1.2333757192903003,1.2333757192903003,False
base__s26__5000K_2.0gcc,26,1.16,inf,1.0147134069465136,-1,0.847341535009466,1.2349322242142962,1.2349322242142962,False
base__s26__5000K_2.0gcc,26,1.2,inf,1.0360626873707983,-1,0.6928252735465625,0.7839055510417102,0.7839055510417102,False
base__s26__5000K_2.0gcc,26,1.24,inf,0.9595985582221348,-1,1.309934641535366,1.443184202081714,1.369670530532305,False
base__s26__5000K_2.0gcc,26,1.28,inf,1.024414517138448,-1,0.7402632564737609,1.0489473994449638,1.0489473994449638,False
base__s26__5000K_2.0gcc,26,1.32,inf,1.0194058872750345,-1,0.7505695494429829,0.8012046909685875,0.7757845972736369,False
base__s26__5000K_2.0gcc,26,1.36,inf,1.0284530520913442,-1,0.6678558919686197,1.0511499598436644,1.0511499598436644,False
base__s26__5000K_2.0gcc,26,1.4,inf,1.0097624879252551,-1,0.7169088837441222,2.304334805035347,2.304334805035347,False
base__s26__5000K_2.0gcc,26,1.44,inf,1.0220369686645392,-1,0.6396487793681006,0.915199456584442,0.915199456584442,False
base__s26__5000K_2.0gcc,26,1.48,inf,1.0342357631381738,-1,0.6079228077140783,1.7605997885004736,1.7605997885004736,False
base__s26__5000K_2.0gcc,26,1.52,inf,1.0333970689362342,-1,0.915919887736529,4.663454036297843,4.663454036297843,False
base__s26__5000K_2.0gcc,26,1.56,inf,1.0484998465812956,-1,0.6583076828896297,0.7710952965665376,0.7710952965665376,False
base__s26__5000K_2.0gcc,26,1.6,inf,1.0323282905626483,-1,0.6412552057817033,1.9504755083127752,1.9504755083127752,False
base__s26__5000K_2.0gcc,26,1.64,inf,1.0294122607978795,-1,0.6539746909419067,0.8778432271486402,0.8778432271486402,False
base__s26__5000K_2.0gcc,26,1.68,inf,1.0586788042961852,-1,0.6640658884347501,0.9826517414968616,0.9826517414968616,False
base__s26__5000K_2.0gcc,26,1.72,inf,1.013803887849125,-1,0.6503251657085058,1.0434886815454725,1.0434886815454725,False
base__s26__5000K_2.0gcc,26,1.76,inf,1.0305457923032826,-1,0.7403058187955176,1.7095219259024432,1.7095219259024432,False
base__s26__5000K_2.0gcc,26,1.8,inf,1.0290393622286758,-1,0.6218527839949823,1.5005477993717755,1.5005477993717755,False
base__s26__5000K_2.0gcc,26,1.84,inf,0.9902201324907508,-1,0.69068513364336,0.8469520400959551,0.8469520400959551,False
base__s26__5000K_2.0gcc,26,1.88,inf,1.0496983004225555,-1,0.719177481009811,1.8370255472624373,1.8370255472624373,False
base__s26__5000K_2.0gcc,26,1.92,inf,1.035448461034155,-1,0.5998906817622672,1.2411577626027088,1.2411577626027088,False
base__s26__5000K_2.0gcc,26,1.96,inf,1.0526957540281998,-1,0.8084760130437705,2.2224736826620335,2.2224736826620335,False
base__s26__5000K_2.0gcc,26,2.0,inf,1.0320207790534073,-1,0.6804587458808873,2.6876451543820616,2.6876451543820616,False
base__s26__5000K_2.0gcc,26,2.04,inf,1.0413480104316712,-1,0.7002807217084698,0.8880787724083182,0.8880787724083182,False
base__s26__5000K_2.0gcc,26,2.08,inf,0.9801811662325493,-1,0.8489326094825029,1.4777720990330905,1.4777720990330905,False
base__s26__5000K_2.0gcc,26,2.12,inf,1.0397262222845012,-1,0.5782560283974353,0.8488381884113849,0.8488381884113849,False
base__s26__5000K_2.0gcc,26,2.16,inf,1.0394161402200752,-1,0.7850064727630092,1.2498547366016768,1.2498547366016768,False
base__s26__5000K_2.0gcc,26,2.2,inf,1.0074945011373508,-1,0.7868381485458545,1.9275235363491867,1.9275235363491867,False
base__s26__5000K_2.0gcc,26,2.24,inf,0.9807701994177842,-1,0.8729089474225618,0.9049607020452294,0.8729089474225618,False
base__s26__5000K_2.0gcc,26,2.28,inf,0.9864604327138518,-1,0.6912034673917493,0.8769432161929945,0.8769432161929945,False
base__s26__5000K_2.0gcc,26,2.32,inf,1.012314520110721,-1,0.6927971819857245,0.811957896064944,0.811957896064944,False
base__s26__5000K_2.0gcc,26,2.36,inf,1.0288131908825826,-1,0.7410212695643771,1.157129992124217,1.157129992124217,False
base__s26__5000K_2.0gcc,26,2.4,inf,1.004225831285473,-1,0.7721831021200185,1.4480029023236969,1.4480029023236969,False
base__s26__5000K_2.0gcc,26,2.44,inf,1.0466910647636205,-1,0.7047920608177601,1.0650658557246064,1.0650658557246064,False
base__s26__5000K_2.0gcc,26,2.48,inf,1.0450741830018575,-1,0.6596791811719365,3.046918414444539,3.046918414444539,False
base__s26__5000K_2.0gcc,26,2.52,inf,1.0172899993345064,-1,0.6369366555238563,1.108441851171723,1.108441851171723,False
base__s26__5000K_2.0gcc,26,2.56,inf,1.0532764179359564,-1,0.7420255951462882,1.157596843991092,1.157596843991092,False
base__s26__5000K_2.0gcc,26,2.6,inf,1.0268195917925416,-1,0.6764459215155958,1.3538793201982904,1.3538793201982904,False
base__s26__5000K_2.0gcc,26,2.64,inf,1.0340473304689688,-1,0.7257636091779217,0.7264797734778007,0.7257636091779217,False
base__s26__5000K_2.0gcc,26,2.68,inf,1.0475076096095908,-1,0.6280979052112634,1.0648851206415963,1.0648851206415963,False
base__s26__5000K_2.0gcc,26,2.72,inf,1.0261996048902962,-1,0.6999324731132455,1.1634113917332114,1.1634113917332114,False
base__s26__5000K_2.0gcc,26,2.76,inf,1.0349897994057722,-1,0.720806683482526,1.2367724104310513,1.2367724104310513,False
base__s26__5000K_2.0gcc,26,2.8000000000000003,inf,1.0128998092852028,-1,0.6180743881445284,2.1609686997270976,2.1609686997270976,False
base__s26__5000K_2.0gcc,26,2.84,inf,1.0135785360567773,-1,0.7474265992806004,1.7289146722163697,1.7289146722163697,False
base__s26__5000K_2.0gcc,26,2.88,inf,1.0367033049315506,-1,0.6586002634676416,0.9146111559212964,0.9146111559212964,False
base__s26__5000K_2.0gcc,26,2.92,inf,1.0091340693763142,-1,0.6325562406178458,1.0488948288000501,1.0488948288000501,False
base__s26__5000K_2.0gcc,26,2.96,inf,0.9854060869255884,-1,0.8153841759533632,2.4635465815171633,2.4635465815171633,False
base__s26__5000K_2.0gcc,26,3.0,inf,1.014657755271697,-1,0.6581901353425222,0.9318025053382829,0.9318025053382829,False
base__s26__5000K_2.0gcc,26,3.04,inf,0.9851013246230056,-1,0.7151377384577421,2.096309987961326,2.096309987961326,False
base__s26__5000K_2.0gcc,26,3.08,inf,1.027343790671847,-1,0.7396447963199814,1.330149337561427,1.330149337561427,False
base__s26__5000K_2.0gcc,26,3.12,inf,1.0515438447653995,-1,0.6210070424903901,1.5269071942814751,1.5269071942814751,False
base__s26__5000K_2.0gcc,26,3.16,inf,1.0467974693081754,-1,0.7304687961775971,0.7887285930882023,0.7125882136083026,False
base__s26__5000K_2.0gcc,26,3.2,inf,1.0195642681891124,-1,0.750473213618383,1.073253850933551,1.073253850933551,False
base__s26__5000K_2.0gcc,26,3.24,inf,1.029160683276427,-1,0.6143812684943378,1.2053906206779947,1.2053906206779947,False
base__s26__5000K_2.0gcc,26,3.28,inf,0.9936272212801944,-1,0.7111979363937073,1.602554374550954,1.602554374550954,False
base__s26__5000K_2.0gcc,26,3.3200000000000003,inf,1.0238258514522864,-1,0.7680520512713835,1.342750783105236,1.342750783105236,False
base__s26__5000K_2.0gcc,26,3.36,inf,0.9995885647350116,-1,0.6940268519086017,1.0692038957576195,1.0692038957576195,False
base__s26__5000K_2.0gcc,26,3.4,inf,1.0194237248279046,-1,0.6645087529562574,1.101955619721215,1.101955619721215,False
base__s26__5000K_2.0gcc,26,3.44,inf,1.084159817767657,-1,0.6606082453199706,1.1750942157592608,1.1750942157592608,False
base__s26__5000K_2.0gcc,26,3.48,inf,1.0296511109968267,-1,0.7463876907702056,1.0042492023179295,1.0042492023179295,False
base__s26__5000K_2.0gcc,26,3.52,inf,1.0001533630763837,-1,0.6175423999925891,1.1595360867535163,1.1595360867535163,False
base__s26__5000K_2.0gcc,26,3.56,inf,0.99416899054537,-1,0.6659222638874843,2.3608163901166628,2.3608163901166628,False
base__s26__5000K_2.0gcc,26,3.6,inf,1.039711559121567,-1,0.6377504496443862,1.768461696575347,1.768461696575347,False
base__s26__5000K_2.0gcc,26,3.64,inf,1.0310625720226685,-1,0.6662396343084896,1.5330632830035837,1.5330632830035837,False
base__s26__5000K_2.0gcc,26,3.68,inf,0.9993344863562944,-1,0.8137647818163953,4.249539668265248,4.249539668265248,False
base__s26__5000K_2.0gcc,26,3.72,inf,1.0711895014968171,-1,0.7542885218308275,1.0067072107235624,1.0067072107235624,False
base__s26__5000K_2.0gcc,26,3.76,inf,1.0087716514419895,-1,0.7777848455058302,4.471016545750871,4.471016545750871,False
base__s26__5000K_2.0gcc,26,3.8,inf,1.0203637558140726,-1,0.7707302557671746,1.8823138231297272,1.8823138231297272,False
base__s26__5000K_2.0gcc,26,3.84,inf,0.982132029366214,-1,0.977689504485638,2.5766486869920744,2.5766486869920744,False
base__s26__5000K_2.0gcc,26,3.88,inf,1.0327997466387178,-1,0.61527393918082,1.127985126238591,1.127985126238591,False
base__s26__5000K_2.0gcc,26,3.92,inf,1.0416299901409338,-1,0.7370438452589513,0.9223696672236781,0.9223696672236781,False
base__s26__5000K_2.0gcc,26,3.96,inf,1.0317168747946308,-1,0.7867057779545557,1.8007275741532058,1.8007275741532058,False
base__s26__5000K_2.0gcc,26,4.0,inf,1.0331807730794256,-1,0.6441377939288466,1.0191075420422069,1.0191075420422069,False
base__s26__5000K_2.0gcc,26,4.04,inf,1.0165544863729643,-1,0.6582997798622421,5.921836946101833,5.921836946101833,False
base__s26__5000K_2.0gcc,26,4.08,inf,1.018076595720086,-1,0.6658249251175499,1.2055462595215363,1.2055462595215363,False
base__s26__5000K_2.0gcc,26,4.12,inf,1.0349637915415204,-1,0.7144075358867957,1.3000589508011537,1.3000589508011537,False
base__s26__5000K_2.0gcc,26,4.16,inf,1.0288274638159691,-1,0.9686924224283484,1.1650890265027698,1.1650890265027698,False
base__s26__5000K_2.0gcc,26,4.2,inf,1.0324806714689627,-1,0.6298223808184477,2.5136815855671704,2.5136815855671704,False
base__s26__5000K_2.0gcc,26,4.24,inf,1.012911197146128,-1,0.8256865761730341,1.3051524063133655,1.3051524063133655,False
base__s26__5000K_2.0gcc,26,4.28,inf,1.0277940868753817,-1,0.6527297258131339,1.1286332257442013,1.1286332257442013,False
base__s26__5000K_2.0gcc,26,4.32,inf,1.0421247041146278,-1,0.6921672180293023,2.987110702786427,2.987110702786427,False
base__s26__5000K_2.0gcc,26,4.36,inf,1.0625356067558396,-1,0.6321538988556785,1.016488643246697,1.016488643246697,False
base__s26__5000K_2.0gcc,26,4.4,inf,1.038248792997613,-1,0.8097407862655311,1.4319318594755666,1.4319318594755666,False
base__s26__5000K_2.0gcc,26,4.44,inf,1.0165555796615349,-1,0.7507189367802809,1.2897608664190128,1.2897608664190128,False
base__s26__5000K_2.0gcc,26,4.48,inf,0.99625228078735,-1,0.7905945810434449,1.921796360670657,1.921796360670657,False
base__s26__5000K_2.0gcc,26,4.5200000000000005,inf,1.0333282315682657,-1,0.7163409418634101,1.1549158307376581,1.1549158307376581,False
base__s26__5000K_2.0gcc,26,4.5600000000000005,inf,1.041943101414372,-1,0.6722588168949823,1.260034064124404,1.260034064124404,False
base__s26__5000K_2.0gcc,26,4.6000000000000005,inf,1.0487496274659651,-1,0.6385007822360088,1.6418044917064905,1.6418044917064905,False
base__s26__5000K_2.0gcc,26,4.64,inf,1.0490156381741882,-1,0.8265234868572258,2.379498526463936,2.379498526463936,False
base__s26__5000K_2.0gcc,26,4.68,inf,1.0647658125395465,-1,0.8283169367869064,3.043068363366995,3.043068363366995,False
base__s26__5000K_2.0gcc,26,4.72,inf,1.0185291605589892,-1,0.7828743303034106,2.273960998487099,2.273960998487099,False
base__s26__5000K_2.0gcc,26,4.76,inf,1.017054301537042,-1,0.6851992659985033,0.8979978810566651,0.8979978810566651,False
base__s26__5000K_2.0gcc,26,4.8,inf,1.034672368784438,-1,0.6790816658155714,1.119651590918283,1.119651590918283,False
base__s26__5000K_2.0gcc,26,4.84,inf,0.9949037601280836,-1,0.6687619774048595,1.2045733362755784,1.2045733362755784,False
base__s26__5000K_2.0gcc,26,4.88,inf,0.9989621043723328,-1,0.7302004222601808,1.2634895448192842,1.2634895448192842,False
base__s26__5000K_2.0gcc,26,4.92,inf,1.0422248438014714,-1,0.6426716894061603,7.616858258877727,7.616858258877727,False
base__s26__5000K_2.0gcc,26,4.96,inf,1.024787032054466,-1,0.7163195273331697,1.578373356154426,1.578373356154426,False
base__s26__5000K_2.0gcc,26,5.0,inf,1.041092467964782,-1,0.6512240692544948,1.363593456611598,1.363593456611598,False
base__s26__5000K_2.0gcc,26,5.04,inf,1.0192550419737938,-1,0.8047640038639136,2.0354497294530787,2.0354497294530787,False
base__s26__5000K_2.0gcc,26,5.08,inf,1.044452264544914,-1,0.7996727032857517,1.2646606095831305,1.2646606095831305,False
base__s26__5000K_2.0gcc,26,5.12,inf,1.059794707328736,-1,0.6708128011513833,0.9911124145382211,0.9911124145382211,False
base__s26__5000K_2.0gcc,26,5.16,inf,1.085739839317873,-1,0.5937855124722107,1.1549222895525288,1.1549222895525288,False
base__s26__5000K_2.0gcc,26,5.2,inf,1.0202115855733065,-1,0.7287126617864954,0.7776764400629537,0.7404367845568579,False
base__s26__5000K_2.0gcc,26,5.24,inf,1.0400691403200073,-1,0.7273032351540246,5.864907553770498,5.864907553770498,False
base__s26__5000K_2.0gcc,26,5.28,inf,1.0532428829942313,-1,0.7278334601021971,0.9819909321432064,0.9819909321432064,False
base__s26__5000K_2.0gcc,26,5.32,inf,1.0472676938147192,-1,0.7922358224487566,1.3334066877975628,1.3334066877975628,False
base__s26__5000K_2.0gcc,26,5.36,inf,1.0341627089365577,-1,0.6500205939235483,1.1235928659082033,1.1235928659082033,False
base__s26__5000K_2.0gcc,26,5.4,inf,1.0271583440672618,-1,0.7560071556282104,1.020244066183731,1.020244066183731,False
base__s26__5000K_2.0gcc,26,5.44,inf,1.0432694716098043,-1,0.6705477360037647,0.8922063359177888,0.8922063359177888,False
base__s26__5000K_2.0gcc,26,5.48,inf,1.013370993353372,-1,0.7924315934008084,0.8979637287406336,0.8979637287406336,False
base__s26__5000K_2.0gcc,26,5.5200000000000005,inf,1.0080093181245895,-1,0.6236796352032793,1.4559610668940415,1.4559610668940415,False
base__s26__5000K_2.0gcc,26,5.5600000000000005,inf,1.0538425354525227,-1,0.7744757871598141,0.9622993999536114,0.9622993999536114,False
base__s26__5000K_2.0gcc,26,5.6000000000000005,inf,1.0078569331537095,-1,0.7538032990952734,1.2723569200640081,1.2723569200640081,False
base__s26__5000K_2.0gcc,26,5.64,inf,1.0556466895093264,-1,0.7633889092450286,1.4844978779022573,1.4844978779022573,False
base__s26__5000K_2.0gcc,26,5.68,inf,1.033570302222349,-1,0.739588058003325,1.35567965886298,1.35567965886298,False
base__s26__5000K_2.0gcc,26,5.72,inf,1.045139191519484,-1,0.8743606875048269,1.5486533768781054,1.5486533768781054,False
base__s26__5000K_2.0gcc,26,5.76,inf,1.0131949602865185,-1,0.7284147435538313,1.0683456821801487,1.0683456821801487,False
base__s26__5000K_2.0gcc,26,5.8,inf,1.0092388057769086,-1,0.7723720142833641,0.8230387692100518,0.8230387692100518,False
base__s26__5000K_2.0gcc,26,5.84,inf,1.053789067915871,-1,0.7712469424446242,1.1745290501388514,1.1745290501388514,False
base__s26__5000K_2.0gcc,26,5.88,inf,1.0129975155053437,-1,0.6170072757944898,0.8299446784625513,0.8299446784625513,False
base__s26__5000K_2.0gcc,26,5.92,inf,0.9987214970440956,-1,0.7409869865559017,1.0611424846697923,1.0611424846697923,False
base__s26__5000K_2.0gcc,26,5.96,inf,0.9815509224752426,-1,0.6707820960554008,0.8491697113545438,0.8440402630316767,False
base__s26__5000K_2.0gcc,26,6.0,inf,1.01109427863627,-1,0.6105933351887045,1.2934169350316131,1.2934169350316131,False
base__s26__5000K_2.0gcc,26,6.04,inf,1.0379867061908838,-1,0.7179834302409706,1.1225947692998308,1.1225947692998308,False
base__s26__5000K_2.0gcc,26,6.08,inf,1.011721785546797,-1,0.7579050307623517,1.101336103429074,1.101336103429074,False
base__s26__5000K_2.0gcc,26,6.12,inf,1.0160912343697293,-1,0.8738614163940157,0.8623935939577543,0.8738614163940157,False
base__s26__5000K_2.0gcc,26,6.16,inf,1.031209935490344,-1,0.7180593373970308,0.8772842380979764,0.8772842380979764,False
base__s26__5000K_2.0gcc,26,6.2,inf,1.0438767647658411,-1,0.6587105459036835,0.7361959919239593,0.7361959919239593,False
base__s26__5000K_2.0gcc,26,6.24,inf,1.011617094255035,-1,0.7648430689439886,1.0365340434664645,1.0365340434664645,False
base__s26__5000K_2.0gcc,26,6.28,inf,1.0289417991694183,-1,0.6999111862614708,0.8225302076633646,0.8225302076633646,False
base__s26__5000K_2.0gcc,26,6.32,inf,1.0104839664586476,-1,0.8627975415681013,1.2345764138885071,1.2345764138885071,False
base__s26__5000K_2.0gcc,26,6.36,inf,1.047797308622236,-1,0.6401205012622755,0.8269566992566766,0.8269566992566766,False
base__s26__5000K_2.0gcc,26,6.4,inf,1.000639186043601,-1,0.7475382614024623,1.2167900027238372,1.2167900027238372,False
base__s26__5000K_2.0gcc,26,6.44,inf,0.9824527548747576,-1,0.8281648603753755,0.9758344649933601,0.9758344649933601,False
base__s26__5000K_2.0gcc,26,6.48,inf,1.0055580790217935,-1,0.6285838245883678,1.2455668475769044,1.2455668475769044,False
base__s26__5000K_2.0gcc,26,6.5200000000000005,inf,1.013888352549727,-1,0.6515900276584674,0.9932628598510866,0.9932628598510866,False
base__s26__5000K_2.0gcc,26,6.5600000000000005,inf,0.985386406111836,-1,0.8171570225568328,0.9814157528061932,0.9747246310972093,False
base__s26__5000K_2.0gcc,26,6.6000000000000005,inf,1.017908672359657,-1,0.6192289905214081,1.0897548232549639,1.0897548232549639,False
base__s26__5000K_2.0gcc,26,6.640000000000001,inf,1.0061308494410657,-1,0.7224099479977715,2.8433050582141393,2.8433050582141393,False
base__s26__5000K_2.0gcc,26,6.68,inf,1.007377314325174,-1,0.8406574318266236,1.022984993467462,1.022984993467462,False
base__s26__5000K_2.0gcc,26,6.72,inf,1.0258297414371456,-1,0.6394512917764152,0.8094907981494966,0.8094907981494966,False
base__s26__5000K_2.0gcc,26,6.76,inf,1.0269034591649793,-1,0.6852393019297118,1.6609082639680217,1.6609082639680217,False
base__s26__5000K_2.0gcc,26,6.8,inf,1.039019908545067,-1,0.7014696782422737,1.2436626543604332,1.2436626543604332,False
base__s26__5000K_2.0gcc,26,6.84,inf,1.0044606791841086,-1,0.7928369046680218,0.968437316142136,0.968437316142136,False
base__s26__5000K_2.0gcc,26,6.88,inf,1.0238557580968128,-1,0.7420378906169113,1.1483309231115537,1.1483309231115537,False
base__s26__5000K_2.0gcc,26,6.92,inf,0.9999356040435804,-1,0.904795176777494,1.494893795969443,1.494893795969443,False
base__s26__5000K_2.0gcc,26,6.96,inf,1.0203718580017775,-1,0.730508269267899,0.7902093252877711,0.7902093252877711,False
base__s26__5000K_2.0gcc,26,7.0,inf,1.0199119636978484,-1,0.6163376706541073,0.9413895567990135,0.9413895567990135,False
base__s26__5000K_2.0gcc,26,7.04,inf,0.9982334165850182,-1,0.789415261614291,1.4000773529641053,1.4000773529641053,False
base__s26__5000K_2.0gcc,26,7.08,inf,0.9976046155396436,-1,0.8248030401229063,0.9134898977051732,0.8248030401229063,False
base__s26__5000K_2.0gcc,26,7.12,inf,1.0229647127374435,-1,0.8060139541310904,3.9258112788359085,3.9258112788359085,False
base__s26__5000K_2.0gcc,26,7.16,inf,1.0012786634483928,-1,0.8232943327977912,1.3035317977012153,1.3035317977012153,False
base__s26__5000K_2.0gcc,26,7.2,inf,1.0248967555944355,-1,0.7583675167027188,0.811541661893127,0.811541661893127,False
base__s26__5000K_2.0gcc,26,7.24,inf,1.0074504980082144,-1,0.6897629936624723,1.167263666594232,1.167263666594232,False
base__s26__5000K_2.0gcc,26,7.28,inf,1.0358807590287604,-1,0.8645068430900921,1.328688917206978,1.328688917206978,False
base__s26__5000K_2.0gcc,26,7.32,inf,0.9817125627845448,-1,0.8489439423799435,1.010616962572961,0.9696066641624099,False
base__s26__5000K_2.0gcc,26,7.36,inf,1.0426331187819615,-1,0.7004445064993695,1.2495091017463538,1.2495091017463538,False
base__s26__5000K_2.0gcc,26,7.4,inf,1.02259410966424,-1,0.7759243685781828,1.293940555598327,1.293940555598327,False
base__s26__5000K_2.0gcc,26,7.44,inf,1.0429534880549565,-1,0.704786145924911,1.1798831307654358,1.1798831307654358,False
base__s26__5000K_2.0gcc,26,7.48,inf,1.0464746583023403,-1,0.6613507526146583,0.9981760469277343,0.9981760469277343,False
base__s26__5000K_2.0gcc,26,7.52,inf,1.0355206288539114,-1,0.7425893842002818,0.9559582170772355,0.9559582170772355,False
base__s26__5000K_2.0gcc,26,7.56,inf,1.0397377902394414,-1,0.719323601721184,1.5554859259435276,1.5554859259435276,False
base__s26__5000K_2.0gcc,26,7.6,inf,1.0046243856606305,-1,0.7540158606861574,1.1897045657363499,1.1897045657363499,False
base__s26__5000K_2.0gcc,26,7.640000000000001,inf,1.025925534505307,-1,0.705681856523797,0.8016885962376763,0.8016885962376763,False
base__s26__5000K_2.0gcc,26,7.68,inf,1.0112611211521976,-1,0.6410825387120944,0.8308794395767982,0.8308794395767982,False
base__s26__5000K_2.0gcc,26,7.72,inf,1.0050362960410932,-1,0.6381690114790277,0.979205562538169,0.979205562538169,False
base__s26__5000K_2.0gcc,26,7.76,inf,1.017136120429316,-1,0.7020219243386407,0.9310910203276185,0.9310910203276185,False
base__s26__5000K_2.0gcc,26,7.8,inf,1.0232156038851243,-1,0.7054726863856461,1.0555106761928692,1.0555106761928692,False
base__s26__5000K_2.0gcc,26,7.84,inf,1.0201602855733012,-1,0.7057163176567293,1.4234533779510086,1.4234533779510086,False
base__s26__5000K_2.0gcc,26,7.88,inf,0.9888085093813668,-1,0.6985900195600051,0.984398509862815,0.984398509862815,False
base__s26__5000K_2.0gcc,26,7.92,inf,1.0478926332048526,-1,0.6436416469383502,0.8276131057646652,0.8276131057646652,False
base__s26__5000K_2.0gcc,26,7.96,inf,1.022937961061178,-1,0.7426660071883295,1.5230259114021454,1.5230259114021454,False
base__s26__5000K_2.0gcc,26,8.0,inf,1.0447640968649332,-1,0.6580780061331268,0.8926409528636674,0.8926409528636674,False
base__s26__5000K_2.0gcc,26,8.040000000000001,inf,1.023410081821554,-1,0.686702336586854,1.258032675215391,1.258032675215391,False
base__s26__5000K_2.0gcc,26,8.08,inf,1.0215269202918742,-1,0.6342734817438773,1.0245767224809719,1.0245767224809719,False
base__s26__5000K_2.0gcc,26,8.120000000000001,inf,1.014019678758258,-1,0.6575033730977319,2.698484514336868,2.698484514336868,False
base__s26__5000K_2.0gcc,26,8.16,inf,1.0579002182460306,-1,0.6077225368912453,0.7208709218907184,0.6725877900654142,False
base__s26__5000K_2.0gcc,26,8.2,inf,1.0305524063753382,-1,0.5733645509957388,1.1364090821157837,1.1364090821157837,False
base__s26__5000K_2.0gcc,26,8.24,inf,1.0240426611508917,-1,0.7239757576434191,2.1405333925223253,2.1405333925223253,False
base__s26__5000K_2.0gcc,26,8.28,inf,1.0250477403413942,-1,0.6366829264531572,0.7503690049502981,0.7503690049502981,False
base__s26__5000K_2.0gcc,26,8.32,inf,1.0205564059012122,-1,0.6708587497852772,1.0183655004507972,1.0183655004507972,False
base__s26__5000K_2.0gcc,26,8.36,inf,1.0228625148210295,-1,0.7133235692428553,1.5121965161609805,1.5121965161609805,False
base__s26__5000K_2.0gcc,26,8.4,inf,1.0424935805528972,-1,0.6536435496848014,1.1615715581868729,1.1615715581868729,False
base__s26__5000K_2.0gcc,26,8.44,inf,1.0336861146934304,-1,0.6221857097959048,0.9411274690421356,0.9411274690421356,False
base__s26__5000K_2.0gcc,26,8.48,inf,1.0570816376690115,-1,0.718166861671822,4.174629366676486,4.174629366676486,False
base__s26__5000K_2.0gcc,26,8.52,inf,1.018485933537621,-1,0.6862415315187516,1.0116524126980002,1.0116524126980002,False
base__s26__5000K_2.0gcc,26,8.56,inf,1.0357361331024428,-1,0.695159552727471,1.0732513612936687,1.0732513612936687,False
base__s26__5000K_2.0gcc,26,8.6,inf,1.0423029945548463,-1,0.6492402539337971,0.8938570762010689,0.8938570762010689,False
base__s26__5000K_2.0gcc,26,8.64,inf,1.0382258338690094,-1,0.6336589794419244,0.866545226838596,0.866545226838596,False
base__s26__5000K_2.0gcc,26,8.68,inf,0.9973028957568508,-1,0.6405529502344041,0.8908199513062757,0.8908199513062757,False
base__s26__5000K_2.0gcc,26,8.72,inf,1.0029307838978718,-1,0.7675727476667015,1.5034963931202174,1.5034963931202174,False
base__s26__5000K_2.0gcc,26,8.76,inf,0.9859964388099988,-1,0.9870812533693206,1.124530577496373,1.0365242081104988,False
base__s26__5000K_2.0gcc,26,8.8,inf,0.987161063953598,-1,1.0052000007917152,1.517388001737206,1.517388001737206,False
base__s26__5000K_2.0gcc,26,8.84,inf,1.0457621830827506,-1,0.6861653535300157,1.0704459147326164,1.0704459147326164,False
base__s26__5000K_2.0gcc,26,8.88,inf,0.9974341879081544,-1,0.7395699823158435,0.8819571939994697,0.8819571939994697,False
base__s26__5000K_2.0gcc,26,8.92,inf,1.0219341330937135,-1,1.036157646044882,1.8354368690190221,1.8354368690190221,False
base__s26__5000K_2.0gcc,26,8.96,inf,1.0562448653134369,-1,0.6740797971862091,1.151178681927477,1.151178681927477,False
base__s26__5000K_2.0gcc,26,9.0,inf,1.0349616195714706,-1,0.62143230469153,1.1288336767410247,1.1288336767410247,False
base__s26__5000K_2.0gcc,26,9.04,inf,1.0412867785432598,-1,0.6490583449051182,0.7451292630625029,0.7451292630625029,False
base__s26__5000K_2.0gcc,26,9.08,inf,1.057329235658412,-1,0.6483717939127758,1.3667905189311902,1.3667905189311902,False
base__s26__5000K_2.0gcc,26,9.12,inf,1.027854882673133,-1,0.6785934926947442,1.270944830748675,1.270944830748675,False
base__s26__5000K_2.0gcc,26,9.16,inf,1.0084736623958008,-1,0.6637939969112395,0.8497878922385083,0.8497878922385083,False
base__s26__5000K_2.0gcc,26,9.2,inf,1.0191006142619086,-1,0.6984435558676916,1.1484289464646769,1.1484289464646769,False
base__s26__5000K_2.0gcc,26,9.24,inf,0.997178138536942,-1,0.7853184080013689,1.1457680063073243,1.1457680063073243,False
base__s26__5000K_2.0gcc,26,9.28,inf,1.013787093050114,-1,0.7057707522640307,2.013478402459959,2.013478402459959,False
base__s26__5000K_2.0gcc,26,9.32,inf,0.9892424625515222,-1,0.8138098419183974,1.1609647198310422,1.1609647198310422,False
base__s26__5000K_2.0gcc,26,9.36,inf,0.9958700513611204,-1,0.7514613655790051,2.589400635400181,2.589400635400181,False
base__s26__5000K_2.0gcc,26,9.4,inf,0.9882342392110284,-1,0.9265748671050311,1.1237523330022359,1.0987429409144498,False
base__s26__5000K_2.0gcc,26,9.44,inf,1.0187749361080685,-1,0.7123436048363228,1.9418184450338223,1.9418184450338223,False
base__s26__5000K_2.0gcc,26,9.48,inf,1.01483954278004,-1,0.7048239163647653,1.4640355404729752,1.4640355404729752,False
base__s26__5000K_2.0gcc,26,9.52,inf,1.0616183277397764,-1,0.657108753893724,1.032076363394183,1.032076363394183,False
base__s26__5000K_2.0gcc,26,9.56,inf,1.0187895232878077,-1,0.673807232811039,1.1095731623300689,1.1095731623300689,False
base__s26__5000K_2.0gcc,26,9.6,inf,0.9712320216457035,-1,0.8546174547777922,1.3538353634172662,1.3538353634172662,False
base__s26__5000K_2.0gcc,26,9.64,inf,1.0451371969483243,-1,0.6511029819979973,0.8856908186908585,0.8856908186908585,False
base__s26__5000K_2.0gcc,26,9.68,inf,0.9726539279173247,-1,1.1818026641922845,1.1155091002605968,1.1959895902948117,False
base__s26__5000K_2.0gcc,26,9.72,inf,1.058336530508609,-1,0.7884865398695885,0.9943831910462567,0.9943831910462567,False
base__s26__5000K_2.0gcc,26,9.76,inf,1.0118488660961185,-1,0.7887305926036945,1.1659912061338622,1.1659912061338622,False
base__s26__5000K_2.0gcc,26,9.8,inf,0.9789404050896052,-1,1.0064764773095942,1.267369038987175,1.0092885275587054,False
base__s26__5000K_2.0gcc,26,9.84,inf,1.0654700471439824,-1,0.7419559801365736,0.7840701662090539,0.7840701662090539,False
base__s26__5000K_2.0gcc,26,9.88,inf,1.0385055646172534,-1,0.9627311450642841,1.1943039525963384,1.1943039525963384,False
base__s26__5000K_2.0gcc,26,9.92,inf,1.0120511828914582,-1,0.773988623815937,1.0627549079539103,1.0627549079539103,False
base__s26__5000K_2.0gcc,26,9.96,inf,1.0134899334384135,-1,0.7170098013905362,1.0101119061343946,1.0101119061343946,False
base__s26__5000K_2.0gcc,26,10.0,inf,0.9864401729263664,-1,0.7777543135055607,2.0817460206130005,2.0817460206130005,False
base__s27__5000K_2.0gcc,27,0.0,3.12,1.0310702502254634,-1,0.8928044464759279,1.0000000000000064,1.0000000000000064,True
base__s27__5000K_2.0gcc,27,0.04,3.12,1.0556572183796216,-1,0.7147837495023428,1.1573753665892408,1.1573753665892408,True
base__s27__5000K_2.0gcc,27,0.08,3.12,1.0371094709841386,-1,0.7587578468755328,1.1187230200683804,1.1187230200683804,True
base__s27__5000K_2.0gcc,27,0.12,3.12,1.0455626403358147,-1,0.7026906866050731,0.8306768281215303,0.8306768281215303,True
base__s27__5000K_2.0gcc,27,0.16,3.12,1.0413320797733066,-1,0.6937753491209075,1.1196973260608427,1.1196973260608427,True
base__s27__5000K_2.0gcc,27,0.2,3.12,1.042729960852281,-1,0.7635846383108057,1.0584711630265837,1.0584711630265837,True
base__s27__5000K_2.0gcc,27,0.24,3.12,1.0124427472657405,-1,0.647825755865872,0.9302507410490263,0.9302507410490263,True
base__s27__5000K_2.0gcc,27,0.28,3.12,1.015559785365194,-1,0.7222812721334811,1.140719742174992,1.140719742174992,True
base__s27__5000K_2.0gcc,27,0.32,3.12,1.0354068817334563,-1,0.7589943852989174,1.100852846921465,1.100852846921465,True
base__s27__5000K_2.0gcc,27,0.36,3.12,1.0317981107493848,-1,0.7408834098708373,1.1089547870532916,1.1089547870532916,True
base__s27__5000K_2.0gcc,27,0.4,3.12,1.003201653561735,-1,0.7245682063135652,1.0199784594471693,1.0199784594471693,True
base__s27__5000K_2.0gcc,27,0.44,3.12,1.0048016607301165,-1,0.7004036345145169,1.1903010571678265,1.1903010571678265,True
base__s27__5000K_2.0gcc,27,0.48,3.12,0.9732031000824036,-1,0.6987925416344278,1.2332940626878117,1.2332940626878117,True
base__s27__5000K_2.0gcc,27,0.52,3.12,1.0048275427012343,-1,0.6694505718158644,0.8275031554815214,0.8275031554815214,True
base__s27__5000K_2.0gcc,27,0.56,3.12,1.060057915841394,-1,0.6408035877989949,0.8911294582123561,0.8911294582123561,True
base__s27__5000K_2.0gcc,27,0.6,3.12,1.0396412706453122,-1,0.6573354908600086,1.166363038465987,1.166363038465987,True
base__s27__5000K_2.0gcc,27,0.64,3.12,0.9754365745700742,-1,0.8205518335421418,2.885129043522646,2.885129043522646,True
base__s27__5000K_2.0gcc,27,0.68,3.12,1.05902645555293,-1,0.6749672280588684,0.9544570195018988,0.9544570195018988,True
base__s27__5000K_2.0gcc,27,0.72,3.12,1.0436399562205352,-1,0.6836358998512201,1.2977116336629284,1.2977116336629284,True
base__s27__5000K_2.0gcc,27,0.76,3.12,1.0116075915833171,-1,0.7693478469888839,4.1594919925369025,4.1594919925369025,True
base__s27__5000K_2.0gcc,27,0.8,3.12,1.003112335091639,-1,0.6625104966658922,1.0328238533342153,1.0328238533342153,True
base__s27__5000K_2.0gcc,27,0.84,3.12,1.0158582799318023,-1,0.6826527057234044,1.134401576653579,1.134401576653579,True
base__s27__5000K_2.0gcc,27,0.88,3.12,1.0183056144380231,-1,0.817240794891968,1.7162627491340445,1.7162627491340445,True
base__s27__5000K_2.0gcc,27,0.92,3.12,1.0137592363495391,-1,0.6746231868869151,0.831725169515043,0.831725169515043,True
base__s27__5000K_2.0gcc,27,0.96,3.12,1.022303861139632,-1,0.7005440260886904,1.504598818971743,1.504598818971743,True
base__s27__5000K_2.0gcc,27,1.0,3.12,1.0079218891670123,-1,1.0186831284793338,2.040629055718189,2.040629055718189,True
base__s27__5000K_2.0gcc,27,1.04,3.12,1.016559973167348,-1,0.6614679448461394,3.8736982333624885,3.8736982333624885,True
base__s27__5000K_2.0gcc,27,1.08,3.12,1.0348233303144063,-1,0.7585448745160126,2.059519853018437,2.059519853018437,True
base__s27__5000K_2.0gcc,27,1.12,3.12,0.9987572838462808,-1,0.6824019719896366,0.8357079037934195,0.8357079037934195,True
base__s27__5000K_2.0gcc,27,1.16,3.12,1.0034755199350904,-1,0.689285133010838,0.8946732803337694,0.8946732803337694,True
base__s27__5000K_2.0gcc,27,1.2,3.12,1.0181345093478562,-1,0.6467817290296016,0.8916249238153144,0.8916249238153144,True
base__s27__5000K_2.0gcc,27,1.24,3.12,1.0358044737893346,-1,0.6339285021771686,1.1193866054024668,1.1193866054024668,True
base__s27__5000K_2.0gcc,27,1.28,3.12,1.0278586940693746,-1,0.626847596141733,1.3358896023864302,1.3358896023864302,True
base__s27__5000K_2.0gcc,27,1.32,3.12,1.0108670745716273,-1,0.8416872869990979,0.9951474579191464,0.9649282146259583,True
base__s27__5000K_2.0gcc,27,1.36,3.12,1.062619477558171,-1,0.677419464275021,1.535875783858955,1.535875783858955,True
base__s27__5000K_2.0gcc,27,1.4,3.12,1.0053873353459348,-1,0.7447350798539698,1.1389766625207471,1.1389766625207471,True
base__s27__5000K_2.0gcc,27,1.44,3.12,1.0503813829604942,-1,0.63095799382126,0.968662551184515,0.968662551184515,True
base__s27__5000K_2.0gcc,27,1.48,3.12,0.972899002997742,-1,0.9381354009661333,1.187360454294629,1.049546916751329,True
base__s27__5000K_2.0gcc,27,1.52,3.12,1.0164946291333758,-1,0.6356432949509758,1.1910039488379023,1.1910039488379023,True
base__s27__5000K_2.0gcc,27,1.56,3.12,1.0013162046871107,-1,0.6442585553399776,1.0919274448100351,1.0919274448100351,True
base__s27__5000K_2.0gcc,27,1.6,3.12,1.0137128561195226,-1,0.7984615950734447,1.0183440598838431,1.0183440598838431,True
base__s27__5000K_2.0gcc,27,1.64,3.12,1.0518080577800306,-1,0.7429106616645003,1.0445109699891948,1.0445109699891948,True
base__s27__5000K_2.0gcc,27,1.68,3.12,1.0603481795759349,-1,0.7110281004058208,1.0712884989748193,1.0712884989748193,True
base__s27__5000K_2.0gcc,27,1.72,3.12,1.021504014916241,-1,0.7066245983657444,1.315263798834181,1.315263798834181,True
base__s27__5000K_2.0gcc,27,1.76,3.12,1.0138091096981732,-1,0.6414487807593662,0.9773301377318251,0.9773301377318251,True
base__s27__5000K_2.0gcc,27,1.8,3.12,1.0075651322892232,-1,0.6452363271444063,6.491061593649863,6.491061593649863,True
base__s27__5000K_2.0gcc,27,1.84,3.12,1.0322238911854351,-1,0.6538634536680187,2.149629779339257,2.149629779339257,True
base__s27__5000K_2.0gcc,27,1.88,3.12,1.0258371003692544,-1,0.648166519364308,1.1078346959244096,1.1078346959244096,True
base__s27__5000K_2.0gcc,27,1.92,3.12,1.026327206132625,-1,0.7069015405563769,0.923178813317584,0.923178813317584,True
base__s27__5000K_2.0gcc,27,1.96,3.12,1.0267705486860244,-1,0.665308408107733,1.0770548416259624,1.0770548416259624,True
base__s27__5000K_2.0gcc,27,2.0,3.12,1.01232969724443,-1,0.6820883011066421,0.8842380456000984,0.8842380456000984,True
base__s27__5000K_2.0gcc,27,2.04,3.12,1.0191593304528,-1,0.7653000991619804,1.1642381538180095,1.1642381538180095,True
base__s27__5000K_2.0gcc,27,2.08,3.12,0.9828863391771194,-1,0.6340497291877609,1.836051594819813,1.836051594819813,True
base__s27__5000K_2.0gcc,27,2.12,3.12,1.030648523303168,-1,0.7726585779483053,1.3384061607938904,1.3384061607938904,True
base__s27__5000K_2.0gcc,27,2.16,3.12,1.0343521296328446,-1,0.7138256023398285,1.165473367711707,1.165473367711707,True
base__s27__5000K_2.0gcc,27,2.2,3.12,1.0449620428001196,-1,0.7484648251566905,1.4511360510390838,1.4511360510390838,True
base__s27__5000K_2.0gcc,27,2.24,3.12,1.0253133131969954,-1,0.8966655129236554,1.7022523355876995,1.7022523355876995,True
base__s27__5000K_2.0gcc,27,2.28,3.12,1.0214881227121535,-1,0.6932902555828415,2.662637567018695,2.662637567018695,True
base__s27__5000K_2.0gcc,27,2.32,3.12,1.0280798920944805,-1,0.9046386125040046,2.3324174413136363,2.3324174413136363,True
base__s27__5000K_2.0gcc,27,2.36,3.12,1.0409489830078136,-1,0.6051518570181386,2.341997256001206,2.341997256001206,True
base__s27__5000K_2.0gcc,27,2.4,3.12,1.0416210531018466,-1,0.6961933592085641,1.2537366977129687,1.2537366977129687,True
base__s27__5000K_2.0gcc,27,2.44,3.12,1.0336794066077744,-1,0.7777632601838724,3.098086269017421,3.098086269017421,True
base__s27__5000K_2.0gcc,27,2.48,3.12,1.0140167583210842,-1,0.7139569270486693,1.782242382860733,1.782242382860733,True
base__s27__5000K_2.0gcc,27,2.52,3.12,1.0342651083904937,-1,0.7710975380567092,1.0881158253685999,1.0881158253685999,True
base__s27__5000K_2.0gcc,27,2.56,3.12,1.039941670251269,-1,0.6577840447147172,1.444079528524258,1.444079528524258,True
base__s27__5000K_2.0gcc,27,2.6,3.12,1.041636566617647,-1,0.7763777309818637,1.720156762059121,1.720156762059121,True
base__s27__5000K_2.0gcc,27,2.64,3.12,1.0146309947434091,-1,0.7247063200818399,8.58990325791295,8.58990325791295,True
base__s27__5000K_2.0gcc,27,2.68,3.12,1.048911436168945,-1,0.6912539416119279,4.463598272589506,4.463598272589506,True
base__s27__5000K_2.0gcc,27,2.72,3.12,1.0501984758601584,-1,0.787825404583289,1.1602227415890594,1.1602227415890594,True
base__s27__5000K_2.0gcc,27,2.76,3.12,0.9806255839090676,-1,0.9146580983802647,1.1939928010333607,1.1939928010333607,True
base__s27__5000K_2.0gcc,27,2.8000000000000003,3.12,1.0129729707450243,-1,0.674463819968495,1.013076904093957,1.013076904093957,True
base__s27__5000K_2.0gcc,27,2.84,3.12,1.0262953916246524,-1,0.6798483503266451,1.1758533021778723,1.1758533021778723,True
base__s27__5000K_2.0gcc,27,2.88,3.12,1.0362329798370642,-1,0.674289413326637,1.097307298882983,1.097307298882983,True
base__s27__5000K_2.0gcc,27,2.92,3.12,1.0111591482610438,-1,0.650452100350209,0.9129330913507143,0.9129330913507143,True
base__s27__5000K_2.0gcc,27,2.96,3.12,1.0327694672224783,-1,0.8990585373637525,1.1817940287382336,1.1817940287382336,True
base__s27__5000K_2.0gcc,27,3.0,3.12,1.0283153869727908,-1,0.6870746915319615,0.8439763327434274,0.8439763327434274,True
base__s27__5000K_2.0gcc,27,3.04,3.12,1.0161657960141148,-1,0.723054957703503,1.2431045006299202,1.2431045006299202,True
base__s27__5000K_2.0gcc,27,3.08,3.12,1.0210876084298548,-1,0.7444520208409184,2.1829328197963966,2.1829328197963966,True
base__s28__5000K_2.0gcc,28,0.0,1.21,1.0310702502254634,-1,0.8928044464759279,1.0000000000000064,1.0000000000000064,True
base__s28__5000K_2.0gcc,28,0.04,1.21,1.0155491589174794,-1,0.7289352747281576,1.1048687177091032,1.1048687177091032,True
base__s28__5000K_2.0gcc,28,0.08,1.21,1.0139007143650705,-1,0.8060476852325147,1.0778782872861075,1.0778782872861075,True
base__s28__5000K_2.0gcc,28,0.12,1.21,1.033554771580587,-1,0.7338686682013089,0.9627825981344624,0.9627825981344624,True
base__s28__5000K_2.0gcc,28,0.16,1.21,1.061557116423323,-1,0.6425736540370114,0.8469737716756862,0.8469737716756862,True
base__s28__5000K_2.0gcc,28,0.2,1.21,1.0474246145117083,-1,0.7635701137806686,1.07567839116856,1.07567839116856,True
base__s28__5000K_2.0gcc,28,0.24,1.21,1.040354555860645,-1,0.6654942473000744,0.9209795893156336,0.9209795893156336,True
base__s28__5000K_2.0gcc,28,0.28,1.21,1.0280244548000792,-1,0.6729946570586332,0.7933318495494588,0.7933318495494588,True
base__s28__5000K_2.0gcc,28,0.32,1.21,1.0088837496743617,-1,0.7738099885690596,1.1249555546186856,1.1249555546186856,True
base__s28__5000K_2.0gcc,28,0.36,1.21,1.007504921450511,-1,0.7602765132423747,1.065244262236044,1.065244262236044,True
base__s28__5000K_2.0gcc,28,0.4,1.21,1.0225090599720863,-1,0.6577494936413977,1.1466925533938972,1.1466925533938972,True
base__s28__5000K_2.0gcc,28,0.44,1.21,1.0278075885164497,-1,0.6990432807675387,2.421151477604394,2.421151477604394,True
base__s28__5000K_2.0gcc,28,0.48,1.21,1.027285951997787,-1,0.6731930365153724,1.2993945757196488,1.2993945757196488,True
base__s28__5000K_2.0gcc,28,0.52,1.21,1.0066181596787336,-1,0.7416206410264918,0.9135562617858148,0.9135562617858148,True
base__s28__5000K_2.0gcc,28,0.56,1.21,1.0321118248465144,-1,0.623271075794385,1.421986576934219,1.421986576934219,True
base__s28__5000K_2.0gcc,28,0.6,1.21,1.0652293090579137,-1,0.6676402414700817,4.5466376271042055,4.5466376271042055,True
base__s28__5000K_2.0gcc,28,0.64,1.21,1.0170777981654109,-1,0.8093394384457024,1.041867383185601,1.041867383185601,True
base__s28__5000K_2.0gcc,28,0.68,1.21,1.0508313694680032,-1,0.6333511641214724,0.8701840595895426,0.8701840595895426,True
base__s28__5000K_2.0gcc,28,0.72,1.21,1.007179949470798,-1,0.6268419967344869,1.461297939183774,1.461297939183774,True
base__s28__5000K_2.0gcc,28,0.76,1.21,1.001453020476248,-1,0.6655638497112628,0.9275107574500326,0.9275107574500326,True
base__s28__5000K_2.0gcc,28,0.8,1.21,1.064538593838664,-1,0.7050456686687435,1.313310666193215,1.313310666193215,True
base__s28__5000K_2.0gcc,28,0.84,1.21,1.0600597062194186,-1,0.6619084597904279,1.1648308603072928,1.1648308603072928,True
base__s28__5000K_2.0gcc,28,0.88,1.21,1.04282312199289,-1,0.63587444596706,1.3451478470807239,1.3451478470807239,True
base__s28__5000K_2.0gcc,28,0.92,1.21,1.0553326119029962,-1,0.6860304599865736,4.022442048334339,4.022442048334339,True
base__s28__5000K_2.0gcc,28,0.96,1.21,1.038317091865004,-1,0.6690165716721936,0.8212227468448408,0.8212227468448408,True
base__s28__5000K_2.0gcc,28,1.0,1.21,1.0276150867567102,-1,0.8062853529200847,8.028819488645135,8.028819488645135,True
base__s28__5000K_2.0gcc,28,1.04,1.21,1.0437591565864226,-1,0.7418968166406535,1.9433334709315706,1.9433334709315706,True
base__s28__5000K_2.0gcc,28,1.08,1.21,1.0209966385630274,-1,0.7041246527634237,1.09271791172801,1.09271791172801,True
base__s28__5000K_2.0gcc,28,1.12,1.21,1.0215663426762838,-1,0.6977764660701705,0.9864242276187201,0.9864242276187201,True
base__s28__5000K_2.0gcc,28,1.16,1.21,0.9975356855762104,-1,0.6517627642834245,1.3883288890117675,1.3883288890117675,True
base__s28__5000K_2.0gcc,28,1.2,1.21,0.9912043764915484,-1,1.2138788400187497,15.30989702464313,15.30989702464313,True
base__s29__5000K_2.0gcc,29,0.0,9.66,1.0310702502254634,-1,0.8928044464759279,1.0000000000000064,1.0000000000000064,True
base__s29__5000K_2.0gcc,29,0.04,9.66,1.0083714067966227,-1,0.6074428585059823,0.808398954492269,0.808398954492269,True
base__s29__5000K_2.0gcc,29,0.08,9.66,1.0347055345140477,-1,0.7697235669007157,1.3139581486288825,1.3139581486288825,True
base__s29__5000K_2.0gcc,29,0.12,9.66,1.024317945812725,-1,0.6743566552770954,1.0154402094084514,1.0154402094084514,True
base__s29__5000K_2.0gcc,29,0.16,9.66,1.02999355609926,-1,0.6974983966322224,0.917402044041018,0.917402044041018,True
base__s29__5000K_2.0gcc,29,0.2,9.66,1.013175207786886,-1,0.7198879745013083,0.7674199075433472,0.7227002343514126,True
base__s29__5000K_2.0gcc,29,0.24,9.66,1.0428537182721265,-1,0.7761724200072491,1.0281290571610697,1.0281290571610697,True
base__s29__5000K_2.0gcc,29,0.28,9.66,1.0071389468151852,-1,0.6184529025274846,1.0316270404383423,1.0316270404383423,True
base__s29__5000K_2.0gcc,29,0.32,9.66,1.038064345262374,-1,0.6925206649117905,0.8321050023567574,0.7275651226055218,True
base__s29__5000K_2.0gcc,29,0.36,9.66,1.0191057591683013,-1,0.6404024158900448,0.8397683363801441,0.8397683363801441,True
base__s29__5000K_2.0gcc,29,0.4,9.66,0.9926782884368937,-1,0.7611345791731448,1.5142484659488238,1.5142484659488238,True
base__s29__5000K_2.0gcc,29,0.44,9.66,1.0073636851941803,-1,0.7708446884394277,1.1414058783765952,1.1414058783765952,True
base__s29__5000K_2.0gcc,29,0.48,9.66,1.04327663433147,-1,0.864993644592141,1.7115044374312454,1.7115044374312454,True
base__s29__5000K_2.0gcc,29,0.52,9.66,1.0781423391881044,-1,0.7233944347507931,0.8210131369961078,0.8210131369961078,True
base__s29__5000K_2.0gcc,29,0.56,9.66,0.997135578325234,-1,0.6960861929556288,0.936387735176168,0.936387735176168,True
base__s29__5000K_2.0gcc,29,0.6,9.66,0.976811374148561,-1,0.9049666434503504,2.552764501379853,2.552764501379853,True
base__s29__5000K_2.0gcc,29,0.64,9.66,1.0441325382440676,-1,0.6861590956074388,0.9047249736459511,0.9047249736459511,True
base__s29__5000K_2.0gcc,29,0.68,9.66,1.0137805304428564,-1,0.638550604287582,1.3085527715024816,1.3085527715024816,True
base__s29__5000K_2.0gcc,29,0.72,9.66,1.0487980260317042,-1,0.6760483429155023,0.9916646955587518,0.9916646955587518,True
base__s29__5000K_2.0gcc,29,0.76,9.66,1.0325707047882973,-1,0.678869122072479,1.0348595223981607,1.0348595223981607,True
base__s29__5000K_2.0gcc,29,0.8,9.66,0.9834206500496108,-1,0.6712968789129973,1.0573384355974715,1.0573384355974715,True
base__s29__5000K_2.0gcc,29,0.84,9.66,1.0165260253746582,-1,0.7456640403522489,2.6153172464352705,2.6153172464352705,True
base__s29__5000K_2.0gcc,29,0.88,9.66,1.001775722497806,-1,0.6644739640095263,0.9049630035034542,0.9049630035034542,True
base__s29__5000K_2.0gcc,29,0.92,9.66,1.00538571653918,-1,0.7433350044274911,1.2467838978822001,1.2467838978822001,True
base__s29__5000K_2.0gcc,29,0.96,9.66,1.031135572270688,-1,0.7139944301915634,1.2725026247385203,1.2725026247385203,True
base__s29__5000K_2.0gcc,29,1.0,9.66,1.0331049558515344,-1,0.7004813314162914,2.5537841710244837,2.5537841710244837,True
base__s29__5000K_2.0gcc,29,1.04,9.66,1.0433483290224796,-1,0.6843791146050295,1.2851562284198987,1.2851562284198987,True
base__s29__5000K_2.0gcc,29,1.08,9.66,1.0220606165066723,-1,0.6189221747741132,1.370471145494338,1.370471145494338,True
base__s29__5000K_2.0gcc,29,1.12,9.66,1.0252022297585974,-1,0.6454844794962139,1.1436492719312406,1.1436492719312406,True
base__s29__5000K_2.0gcc,29,1.16,9.66,1.0296902413065778,-1,0.7176885181803715,0.9149659387062252,0.9149659387062252,True
base__s29__5000K_2.0gcc,29,1.2,9.66,1.0194104694385873,-1,0.7697070859971695,1.1047281985203177,1.1047281985203177,True
base__s29__5000K_2.0gcc,29,1.24,9.66,1.0291182157021617,-1,0.6245408876001094,1.181730557944482,1.181730557944482,True
base__s29__5000K_2.0gcc,29,1.28,9.66,1.0557015218805923,-1,0.7374428797486774,5.689623767455851,5.689623767455851,True
base__s29__5000K_2.0gcc,29,1.32,9.66,1.0533983282263173,-1,0.7597805282253821,0.961721929300284,0.961721929300284,True
base__s29__5000K_2.0gcc,29,1.36,9.66,1.0078069471709352,-1,0.7915909926088813,1.1801311988140537,1.1801311988140537,True
base__s29__5000K_2.0gcc,29,1.4,9.66,1.0287560054556184,-1,0.6455374289093297,0.9905130756738936,0.9905130756738936,True
base__s29__5000K_2.0gcc,29,1.44,9.66,1.017817478842843,-1,0.6374097465325538,1.0489607680837356,1.0489607680837356,True
base__s29__5000K_2.0gcc,29,1.48,9.66,1.0391792052013935,-1,0.697505234667934,1.4104926978958998,1.4104926978958998,True
base__s29__5000K_2.0gcc,29,1.52,9.66,1.0285716381171508,-1,0.6592283409892989,2.6284307898453756,2.6284307898453756,True
base__s29__5000K_2.0gcc,29,1.56,9.66,1.0369868260286623,-1,0.6825699399405643,0.968914870647575,0.968914870647575,True
base__s29__5000K_2.0gcc,29,1.6,9.66,1.037539973017426,-1,0.6220958671409899,1.0178629010709552,1.0178629010709552,True
base__s29__5000K_2.0gcc,29,1.64,9.66,1.018914739858542,-1,0.6899851848512897,2.231650772539172,2.231650772539172,True
base__s29__5000K_2.0gcc,29,1.68,9.66,1.0140338713820158,-1,0.6640887352766982,1.3965463222458347,1.3965463222458347,True
base__s29__5000K_2.0gcc,29,1.72,9.66,0.9782331798139948,-1,0.768594813896837,1.1074466002796937,1.1074466002796937,True
base__s29__5000K_2.0gcc,29,1.76,9.66,0.9720588744278814,-1,1.1099444968697152,1.2822428694493393,1.1538110586903765,True
base__s29__5000K_2.0gcc,29,1.8,9.66,1.046058685002902,-1,0.6570160274948788,0.8873343315049113,0.8873343315049113,True
base__s29__5000K_2.0gcc,29,1.84,9.66,0.999200205494374,-1,0.8729331237467356,3.7746481694460323,3.7746481694460323,True
base__s29__5000K_2.0gcc,29,1.88,9.66,0.9535315674528037,-1,1.3415092526736951,1.8363432879067907,1.3371186222789415,True
base__s29__5000K_2.0gcc,29,1.92,9.66,1.006257317893391,-1,0.8111239055884457,1.2074235913057887,1.2074235913057887,True
base__s29__5000K_2.0gcc,29,1.96,9.66,1.0286410909063468,-1,0.6754108563125678,1.195135861656934,1.195135861656934,True
base__s29__5000K_2.0gcc,29,2.0,9.66,1.0424438322916971,-1,0.7052044176669139,1.594757113247723,1.594757113247723,True
base__s29__5000K_2.0gcc,29,2.04,9.66,1.0377758171792206,-1,0.8005313721161131,1.0871953466291409,1.0871953466291409,True
base__s29__5000K_2.0gcc,29,2.08,9.66,1.024888612863369,-1,0.810055133650976,1.873060828728649,1.873060828728649,True
base__s29__5000K_2.0gcc,29,2.12,9.66,1.0194846001416595,-1,0.7018341951158178,1.3051392487161881,1.3051392487161881,True
base__s29__5000K_2.0gcc,29,2.16,9.66,1.0258960015055132,-1,0.6876298435653951,1.0439949207091987,1.0439949207091987,True
base__s29__5000K_2.0gcc,29,2.2,9.66,0.977371948429563,-1,1.0643492220937303,1.8293777983740775,1.8293777983740775,True
base__s29__5000K_2.0gcc,29,2.24,9.66,0.999701697285745,-1,0.7757994186104861,1.893364883629113,1.893364883629113,True
base__s29__5000K_2.0gcc,29,2.28,9.66,0.9654707438975044,-1,0.8226823453137833,1.2383887742406106,1.2383887742406106,True
base__s29__5000K_2.0gcc,29,2.32,9.66,1.045881968765597,-1,0.7359414241019764,1.149529505509715,1.149529505509715,True
base__s29__5000K_2.0gcc,29,2.36,9.66,1.0300494003080638,-1,0.6623838134772664,1.0097003134601,1.0097003134601,True
base__s29__5000K_2.0gcc,29,2.4,9.66,1.0440310252669696,-1,0.6585740218967825,0.9904084609065784,0.9904084609065784,True
base__s29__5000K_2.0gcc,29,2.44,9.66,1.0257192463437532,-1,0.8140112360102701,1.7092455390205714,1.7092455390205714,True
base__s29__5000K_2.0gcc,29,2.48,9.66,1.028816644419208,-1,0.7317871417972042,1.6039317022258452,1.6039317022258452,True
base__s29__5000K_2.0gcc,29,2.52,9.66,1.0375821364084858,-1,0.704051709884339,1.0177006746693351,1.0177006746693351,True
base__s29__5000K_2.0gcc,29,2.56,9.66,1.0588817824785728,-1,0.7355783180509159,1.4747967678363891,1.4747967678363891,True
base__s29__5000K_2.0gcc,29,2.6,9.66,1.0213578952301676,-1,1.194012119071791,9.40306066626091,9.40306066626091,True
base__s29__5000K_2.0gcc,29,2.64,9.66,1.0461223822297263,-1,0.6988412178947742,1.2333067523204906,1.2333067523204906,True
base__s29__5000K_2.0gcc,29,2.68,9.66,1.010437514211542,-1,0.9095709451425769,3.410446955700909,3.410446955700909,True
base__s29__5000K_2.0gcc,29,2.72,9.66,1.0260003210920552,-1,0.744834287385785,1.7442851997648006,1.7442851997648006,True
base__s29__5000K_2.0gcc,29,2.76,9.66,1.0421956989884382,-1,0.8171543379953274,1.316091682981639,1.316091682981639,True
base__s29__5000K_2.0gcc,29,2.8000000000000003,9.66,1.0561203458915085,-1,0.7195018069591199,1.0247878395146137,1.0247878395146137,True
base__s29__5000K_2.0gcc,29,2.84,9.66,1.0372744668495413,-1,0.7528056423315217,1.2947481700134025,1.2947481700134025,True
base__s29__5000K_2.0gcc,29,2.88,9.66,1.0253974363040914,-1,0.7200315830290847,0.9934952853854175,0.9934952853854175,True
base__s29__5000K_2.0gcc,29,2.92,9.66,1.0042638474808303,-1,0.7832068916468365,3.579322874504868,3.579322874504868,True
base__s29__5000K_2.0gcc,29,2.96,9.66,1.0463193393085113,-1,0.7018479185880123,1.4820179004788279,1.4820179004788279,True
base__s29__5000K_2.0gcc,29,3.0,9.66,0.9820089924196214,-1,0.9138901531744544,1.13682061398235,0.9138901531744544,True
base__s29__5000K_2.0gcc,29,3.04,9.66,1.005975474091193,-1,0.6620956065274834,1.0332463914252772,1.0332463914252772,True
base__s29__5000K_2.0gcc,29,3.08,9.66,1.0364909620758875,-1,0.7140656632876092,0.7829537954186525,0.7402667689835755,True
base__s29__5000K_2.0gcc,29,3.12,9.66,1.0450625042077626,-1,0.6991764211146931,0.7781544421118209,0.7781544421118209,True
base__s29__5000K_2.0gcc,29,3.16,9.66,1.0180897357605565,-1,0.7849335588900485,0.9404796581446362,0.9404796581446362,True
base__s29__5000K_2.0gcc,29,3.2,9.66,1.043682315088264,-1,0.6434611240590427,0.9001859727297467,0.9001859727297467,True
base__s29__5000K_2.0gcc,29,3.24,9.66,1.035639374836628,-1,0.7295014908785451,1.5527879018541437,1.5527879018541437,True
base__s29__5000K_2.0gcc,29,3.28,9.66,1.065083259681608,-1,0.6428357060434712,1.006464830977356,1.006464830977356,True
base__s29__5000K_2.0gcc,29,3.3200000000000003,9.66,1.03972079330703,-1,0.8437019597274016,1.0378719907660867,1.0378719907660867,True
base__s29__5000K_2.0gcc,29,3.36,9.66,1.0485544428578806,-1,0.8142190888630164,1.2749914009004937,1.2749914009004937,True
base__s29__5000K_2.0gcc,29,3.4,9.66,1.0377674364157896,-1,0.8719405472298802,1.579545342207323,1.579545342207323,True
base__s29__5000K_2.0gcc,29,3.44,9.66,1.0211436296941776,-1,0.6537012521522717,1.1103170460102538,1.1103170460102538,True
base__s29__5000K_2.0gcc,29,3.48,9.66,1.0178393917052928,-1,0.7844879163158085,1.1750547110820366,1.1750547110820366,True
base__s29__5000K_2.0gcc,29,3.52,9.66,1.0519229434758997,-1,0.7827248188512673,1.503614954025671,1.503614954025671,True
base__s29__5000K_2.0gcc,29,3.56,9.66,1.0418538883423143,-1,0.6226355130913106,1.4265034874933906,1.4265034874933906,True
base__s29__5000K_2.0gcc,29,3.6,9.66,1.078079964600492,-1,0.6279794340531943,1.2771724191801248,1.2771724191801248,True
base__s29__5000K_2.0gcc,29,3.64,9.66,1.005680654783614,-1,0.6817176408299608,1.3251720681086747,1.3251720681086747,True
base__s29__5000K_2.0gcc,29,3.68,9.66,1.0076781067488758,-1,0.6468135922076421,1.1916118275777314,1.1916118275777314,True
base__s29__5000K_2.0gcc,29,3.72,9.66,1.0543757666719202,-1,0.6569197331150226,0.9711077111408105,0.9711077111408105,True
base__s29__5000K_2.0gcc,29,3.76,9.66,1.022277136588704,-1,0.6718681075422197,0.8768953509319232,0.8768953509319232,True
base__s29__5000K_2.0gcc,29,3.8,9.66,0.9899259828800328,-1,0.7376663173079998,0.8461746100351405,0.8461746100351405,True
base__s29__5000K_2.0gcc,29,3.84,9.66,0.9776857199662886,-1,0.8259017733388399,1.1106544515888612,1.1106544515888612,True
base__s29__5000K_2.0gcc,29,3.88,9.66,1.0399685318263243,-1,0.7376069581545327,1.2067705345511686,1.2067705345511686,True
base__s29__5000K_2.0gcc,29,3.92,9.66,1.0029890680456095,-1,0.6743001791244094,0.8692533584274758,0.8515628029827284,True
base__s29__5000K_2.0gcc,29,3.96,9.66,1.0298468759975925,-1,0.6235507274338608,1.344509903634043,1.344509903634043,True
base__s29__5000K_2.0gcc,29,4.0,9.66,0.9996824223472176,-1,0.6865172334611578,1.2262014947214983,1.2262014947214983,True
base__s29__5000K_2.0gcc,29,4.04,9.66,0.9937100249454066,-1,0.6848965601273398,1.4652175477728044,1.4652175477728044,True
base__s29__5000K_2.0gcc,29,4.08,9.66,1.0336738672647192,-1,0.8700641948310389,1.1914386469617986,1.1914386469617986,True
base__s29__5000K_2.0gcc,29,4.12,9.66,1.0553084795954213,-1,0.6757670396774976,1.1435496407281316,1.1435496407281316,True
base__s29__5000K_2.0gcc,29,4.16,9.66,1.010190972763566,-1,0.7913766758981584,0.9603438582036865,0.9603438582036865,True
base__s29__5000K_2.0gcc,29,4.2,9.66,1.0184077550436277,-1,0.6689152469149577,1.0947246256186491,1.0947246256186491,True
base__s29__5000K_2.0gcc,29,4.24,9.66,1.0302399301487977,-1,0.6512449769236721,0.9895978783296296,0.9895978783296296,True
base__s29__5000K_2.0gcc,29,4.28,9.66,0.9810406913849192,-1,0.9836816541110732,1.061114786209992,1.0405148155497428,True
base__s29__5000K_2.0gcc,29,4.32,9.66,1.0055353944188146,-1,0.6521365055698489,1.2935219680895242,1.2935219680895242,True
base__s29__5000K_2.0gcc,29,4.36,9.66,0.9667719253143428,-1,1.3805227088833514,1.7827976775494498,1.3881876020367763,True
base__s29__5000K_2.0gcc,29,4.4,9.66,1.05452845870607,-1,0.6292406944554959,0.685809297098884,0.6657786335529422,True
base__s29__5000K_2.0gcc,29,4.44,9.66,1.0055369746384268,-1,0.6929388515813331,0.9570395530314031,0.9570395530314031,True
base__s29__5000K_2.0gcc,29,4.48,9.66,0.9882155686468412,-1,0.9179516117030904,1.0671364317756922,1.0671364317756922,True
base__s29__5000K_2.0gcc,29,4.5200000000000005,9.66,1.0321158354748756,-1,0.6789754528383518,0.9453216904791961,0.9453216904791961,True
base__s29__5000K_2.0gcc,29,4.5600000000000005,9.66,1.0190543164454,-1,0.7362774798090392,1.099867062012208,1.099867062012208,True
base__s29__5000K_2.0gcc,29,4.6000000000000005,9.66,1.039629939240882,-1,0.7247266638872991,1.042842172195503,1.042842172195503,True
base__s29__5000K_2.0gcc,29,4.64,9.66,1.0025029664005989,-1,0.6528168013215211,0.9351133955781401,0.9351133955781401,True
base__s29__5000K_2.0gcc,29,4.68,9.66,1.0245002632644855,-1,0.6788272246821383,1.5521611585740274,1.5521611585740274,True
base__s29__5000K_2.0gcc,29,4.72,9.66,1.0039165644424837,-1,0.7978274474678092,2.8880534114574035,2.8880534114574035,True
base__s29__5000K_2.0gcc,29,4.76,9.66,1.036686198670553,-1,0.7478136593965514,1.5106038764090661,1.5106038764090661,True
base__s29__5000K_2.0gcc,29,4.8,9.66,1.0090438847290035,-1,0.6262242779885294,0.8804872412632655,0.8804872412632655,True
base__s29__5000K_2.0gcc,29,4.84,9.66,0.9997690841114268,-1,0.7008398182262251,1.4639572783309769,1.4639572783309769,True
base__s29__5000K_2.0gcc,29,4.88,9.66,0.9926418201415848,-1,0.6344954501719987,0.9770532846613073,0.9770532846613073,True
base__s29__5000K_2.0gcc,29,4.92,9.66,1.061290607736166,-1,0.6814855715421976,0.7864967814120494,0.7864967814120494,True
base__s29__5000K_2.0gcc,29,4.96,9.66,0.9922582876539762,-1,0.839937070008624,0.8077723573901496,0.839937070008624,True
base__s29__5000K_2.0gcc,29,5.0,9.66,0.9932678536009304,-1,0.6749876419706549,0.9440233813129378,0.9440233813129378,True
base__s29__5000K_2.0gcc,29,5.04,9.66,1.0112619850113027,-1,0.6444141323397903,1.1465255751551846,1.1465255751551846,True
base__s29__5000K_2.0gcc,29,5.08,9.66,1.0568699141398628,-1,0.7042653581725614,3.0666413816668547,3.0666413816668547,True
base__s29__5000K_2.0gcc,29,5.12,9.66,1.0341600286778638,-1,0.7312789975132428,1.2556953346797628,1.2556953346797628,True
base__s29__5000K_2.0gcc,29,5.16,9.66,1.0268129653529898,-1,0.6645579638823605,1.7518663117505284,1.7518663117505284,True
base__s29__5000K_2.0gcc,29,5.2,9.66,1.0330067830914762,-1,0.6495724350836627,1.180497675516412,1.180497675516412,True
base__s29__5000K_2.0gcc,29,5.24,9.66,0.9968166394974552,-1,0.8498256299848727,4.3453837062755625,4.3453837062755625,True
base__s29__5000K_2.0gcc,29,5.28,9.66,1.0578324041761056,-1,0.6674096049815477,1.009937223413681,1.009937223413681,True
base__s29__5000K_2.0gcc,29,5.32,9.66,1.0362110459993177,-1,0.7272336787486491,1.2671333519003798,1.2671333519003798,True
base__s29__5000K_2.0gcc,29,5.36,9.66,1.0206919481151009,-1,1.0740497815736199,1.6588648829889894,1.6588648829889894,True
base__s29__5000K_2.0gcc,29,5.4,9.66,1.0276876635758554,-1,0.6938786250250748,1.6423402258156117,1.6423402258156117,True
base__s29__5000K_2.0gcc,29,5.44,9.66,1.0435391034082049,-1,0.7059588231817309,0.9814231434084313,0.9814231434084313,True
base__s29__5000K_2.0gcc,29,5.48,9.66,1.0385897907951918,-1,0.671751801228882,1.819175987467418,1.819175987467418,True
base__s29__5000K_2.0gcc,29,5.5200000000000005,9.66,1.0397707180046951,-1,0.682565420964865,1.1527523131572575,1.1527523131572575,True
base__s29__5000K_2.0gcc,29,5.5600000000000005,9.66,1.025607491026659,-1,0.685320913108183,1.7110252177309786,1.7110252177309786,True
base__s29__5000K_2.0gcc,29,5.6000000000000005,9.66,1.023873321971034,-1,0.6546128225108145,1.6828931703591183,1.6828931703591183,True
base__s29__5000K_2.0gcc,29,5.64,9.66,1.0020317162779826,-1,0.8045060904930136,1.930016569998066,1.930016569998066,True
base__s29__5000K_2.0gcc,29,5.68,9.66,1.0617298646364814,-1,0.6956423728787107,1.1760870130706211,1.1760870130706211,True
base__s29__5000K_2.0gcc,29,5.72,9.66,1.0207847364131188,-1,0.6757270308208991,1.0713354296555562,1.0713354296555562,True
base__s29__5000K_2.0gcc,29,5.76,9.66,1.0255942404679357,-1,0.6856159569663038,1.1176320372122577,1.1176320372122577,True
base__s29__5000K_2.0gcc,29,5.8,9.66,1.056831054496886,-1,0.762230139778824,1.830921524599678,1.830921524599678,True
base__s29__5000K_2.0gcc,29,5.84,9.66,1.030198816059793,-1,0.7623601391259445,1.2297041887637592,1.2297041887637592,True
base__s29__5000K_2.0gcc,29,5.88,9.66,1.0079431348925385,-1,0.7836623381296844,1.108455733648166,1.108455733648166,True
base__s29__5000K_2.0gcc,29,5.92,9.66,1.0286126398776163,-1,0.7403078009423514,1.060510160582139,1.060510160582139,True
base__s29__5000K_2.0gcc,29,5.96,9.66,1.0365087313660215,-1,0.7378622098118939,0.9462992348653201,0.9462992348653201,True
base__s29__5000K_2.0gcc,29,6.0,9.66,1.0689013825306803,-1,0.6287270937002937,1.0925151589506465,1.0925151589506465,True
base__s29__5000K_2.0gcc,29,6.04,9.66,1.061617866566873,-1,0.6274182905810839,0.9419265435746456,0.9419265435746456,True
base__s29__5000K_2.0gcc,29,6.08,9.66,1.0283592052391035,-1,0.6320001125292356,1.0550478082930428,1.0550478082930428,True
base__s29__5000K_2.0gcc,29,6.12,9.66,1.0378778241267126,-1,0.6955687096279446,1.8918885602654925,1.8918885602654925,True
base__s29__5000K_2.0gcc,29,6.16,9.66,1.0280969915139333,-1,0.7262818818597385,1.3929638761805552,1.3929638761805552,True
base__s29__5000K_2.0gcc,29,6.2,9.66,1.020135947747162,-1,0.7812375538713514,1.203693987200346,1.203693987200346,True
base__s29__5000K_2.0gcc,29,6.24,9.66,1.0293887518396534,-1,0.786826725609697,3.0965451086468625,3.0965451086468625,True
base__s29__5000K_2.0gcc,29,6.28,9.66,1.0238463296559697,-1,0.8621451185753862,2.109110365249004,2.109110365249004,True
base__s29__5000K_2.0gcc,29,6.32,9.66,1.010178316906971,-1,0.6995043145265127,0.8893387689229751,0.8893387689229751,True
base__s29__5000K_2.0gcc,29,6.36,9.66,0.9881987520175288,-1,0.901680921462382,1.2508720353030829,1.2508720353030829,True
base__s29__5000K_2.0gcc,29,6.4,9.66,1.0076603226033074,-1,0.8132229162318424,1.0574056017780677,1.0574056017780677,True
base__s29__5000K_2.0gcc,29,6.44,9.66,1.0640331276825916,-1,0.6671825906277529,1.1646133076682532,1.1646133076682532,True
base__s29__5000K_2.0gcc,29,6.48,9.66,1.0171644354586915,-1,0.9114719212425678,2.99236640415981,2.99236640415981,True
base__s29__5000K_2.0gcc,29,6.5200000000000005,9.66,1.0184757886086444,-1,0.6942579761752722,0.8062414100558136,0.8062414100558136,True
base__s29__5000K_2.0gcc,29,6.5600000000000005,9.66,1.0720152150827889,-1,0.6953315648700262,1.070791132462554,1.070791132462554,True
base__s29__5000K_2.0gcc,29,6.6000000000000005,9.66,1.023566851063476,-1,0.8163240327538281,10.376250290934975,10.376250290934975,True
base__s29__5000K_2.0gcc,29,6.640000000000001,9.66,1.0427128363178422,-1,0.69500660457474,1.894008295598058,1.894008295598058,True
base__s29__5000K_2.0gcc,29,6.68,9.66,1.0352786809424792,-1,0.6165054536916162,0.860987118821485,0.860987118821485,True
base__s29__5000K_2.0gcc,29,6.72,9.66,1.040085520503482,-1,0.7214082158877935,1.0331973810574848,1.0331973810574848,True
base__s29__5000K_2.0gcc,29,6.76,9.66,1.0295420460831115,-1,0.650217986298778,0.8573300732247053,0.8573300732247053,True
base__s29__5000K_2.0gcc,29,6.8,9.66,1.0094840087153436,-1,0.7520912304888825,0.9330024947118745,0.9330024947118745,True
base__s29__5000K_2.0gcc,29,6.84,9.66,1.0051144715732634,-1,0.8047707542581376,1.1585828711621002,1.1585828711621002,True
base__s29__5000K_2.0gcc,29,6.88,9.66,0.9972841297629276,-1,0.7784960912431345,1.598921463641554,1.598921463641554,True
base__s29__5000K_2.0gcc,29,6.92,9.66,0.960608963225932,-1,1.407836153081687,2.836846742276461,2.836846742276461,True
base__s29__5000K_2.0gcc,29,6.96,9.66,0.9927852762213994,-1,0.7772388940197363,0.8036641483858441,0.8036641483858441,True
base__s29__5000K_2.0gcc,29,7.0,9.66,1.0326936976320715,-1,0.6796806282415899,1.059196858366207,1.059196858366207,True
base__s29__5000K_2.0gcc,29,7.04,9.66,1.025018368991503,-1,0.7602481220264895,1.2747699055330035,1.2747699055330035,True
base__s29__5000K_2.0gcc,29,7.08,9.66,1.0297309888553423,-1,0.6997097101936836,1.0503728900970102,1.0503728900970102,True
base__s29__5000K_2.0gcc,29,7.12,9.66,0.9713588823323744,-1,0.8422832741098866,1.5740510975377087,1.5740510975377087,True
base__s29__5000K_2.0gcc,29,7.16,9.66,1.0404103180024702,-1,0.7941254383807237,1.2501319062241745,1.2501319062241745,True
base__s29__5000K_2.0gcc,29,7.2,9.66,1.0387243454251958,-1,0.6871446622125086,1.1174770282228033,1.1174770282228033,True
base__s29__5000K_2.0gcc,29,7.24,9.66,1.0171916918678612,-1,0.725085041506965,1.5581185948879943,1.5581185948879943,True
base__s29__5000K_2.0gcc,29,7.28,9.66,1.0346819566818597,-1,0.6670430933348721,1.0715529425704182,1.0715529425704182,True
base__s29__5000K_2.0gcc,29,7.32,9.66,1.023029028803191,-1,0.6969538894325622,8.110786984182283,8.110786984182283,True
base__s29__5000K_2.0gcc,29,7.36,9.66,1.0478804520101517,-1,0.6920825237387745,1.0869621701733643,1.0869621701733643,True
base__s29__5000K_2.0gcc,29,7.4,9.66,1.0564346435861518,-1,0.6812098300878142,1.0057341790065508,1.0057341790065508,True
base__s29__5000K_2.0gcc,29,7.44,9.66,1.045493726656454,-1,0.7698210798899912,2.8112310256287865,2.8112310256287865,True
base__s29__5000K_2.0gcc,29,7.48,9.66,1.0016990329060915,-1,0.7344842745012812,0.87881789645902,0.87881789645902,True
base__s29__5000K_2.0gcc,29,7.52,9.66,1.0482753883693925,-1,0.7032696627081998,1.0714296614728824,1.0714296614728824,True
base__s29__5000K_2.0gcc,29,7.56,9.66,1.0311916469003226,-1,0.6899259674472431,0.8526361757906786,0.8526361757906786,True
base__s29__5000K_2.0gcc,29,7.6,9.66,1.0179613788263282,-1,0.7333107043417133,1.8916645337726403,1.8916645337726403,True
base__s29__5000K_2.0gcc,29,7.640000000000001,9.66,1.029946154960539,-1,0.7063149406267686,0.9572884109292875,0.9572884109292875,True
base__s29__5000K_2.0gcc,29,7.68,9.66,1.0141969455850282,-1,0.7747453264157328,1.3727355613628796,1.3727355613628796,True
base__s29__5000K_2.0gcc,29,7.72,9.66,1.0473754744989978,-1,0.6820630000539921,0.9686922905390599,0.9686922905390599,True
base__s29__5000K_2.0gcc,29,7.76,9.66,1.0529533230457084,-1,0.588253913844403,1.2431391046445737,1.2431391046445737,True
base__s29__5000K_2.0gcc,29,7.8,9.66,0.9972238544008072,-1,0.8375485147636649,0.9322995521600459,0.9322995521600459,True
base__s29__5000K_2.0gcc,29,7.84,9.66,1.0399884508555854,-1,0.7754515638702109,0.8767435127603518,0.7398902134168159,True
base__s29__5000K_2.0gcc,29,7.88,9.66,1.0342926136959505,-1,0.6705678793151775,1.4080614555316877,1.4080614555316877,True
base__s29__5000K_2.0gcc,29,7.92,9.66,1.0481495987410383,-1,0.7813634122194401,0.8845276401909183,0.8845276401909183,True
base__s29__5000K_2.0gcc,29,7.96,9.66,0.995300033311564,-1,0.6312296981025773,1.2251778711913937,1.2251778711913937,True
base__s29__5000K_2.0gcc,29,8.0,9.66,1.019635879275047,-1,0.6601079156307634,0.8540564078735343,0.8387417478408684,True
base__s29__5000K_2.0gcc,29,8.040000000000001,9.66,1.072858615097535,-1,0.6600105760757943,0.9473767623338798,0.9473767623338798,True
base__s29__5000K_2.0gcc,29,8.08,9.66,1.023478807599356,-1,0.6344175674789778,0.8084839023796322,0.8084839023796322,True
base__s29__5000K_2.0gcc,29,8.120000000000001,9.66,1.0156679578883048,-1,0.6933679815164344,0.7826585110984688,0.7826585110984688,True
base__s29__5000K_2.0gcc,29,8.16,9.66,0.9992884620218528,-1,0.8000854889467144,1.6212663854920073,1.6212663854920073,True
base__s29__5000K_2.0gcc,29,8.2,9.66,1.0208650684184468,-1,0.7058219207809133,1.2535944953025902,1.2535944953025902,True
base__s29__5000K_2.0gcc,29,8.24,9.66,1.0370520791295872,-1,0.6922451287720918,0.855298436727068,0.8236729503534466,True
base__s29__5000K_2.0gcc,29,8.28,9.66,1.0593682189045508,-1,0.6117007622660766,0.8186661403064678,0.8186661403064678,True
base__s29__5000K_2.0gcc,29,8.32,9.66,1.026989872070801,-1,0.7187327785406012,0.9861380706852598,0.9861380706852598,True
base__s29__5000K_2.0gcc,29,8.36,9.66,1.0014481769178074,-1,0.7621239586943879,1.1559351753221125,1.1559351753221125,True
base__s29__5000K_2.0gcc,29,8.4,9.66,1.0258898219638408,-1,0.7168826846538527,2.991248195571541,2.991248195571541,True
base__s29__5000K_2.0gcc,29,8.44,9.66,1.0502042822489348,-1,0.7533477527313489,0.9218023457050466,0.9218023457050466,True
base__s29__5000K_2.0gcc,29,8.48,9.66,1.0264791446186328,-1,0.7164944572388403,3.730666410323532,3.730666410323532,True
base__s29__5000K_2.0gcc,29,8.52,9.66,0.9608589632557932,-1,1.287935971409878,1.5245141992220712,1.2823363160337788,True
base__s29__5000K_2.0gcc,29,8.56,9.66,0.9660636248218852,-1,0.769782331776794,1.140192562979792,1.0077613877866738,True
base__s29__5000K_2.0gcc,29,8.6,9.66,0.9843628627117132,-1,0.9373594034213049,0.9748876577675532,0.9235321630968014,True
base__s29__5000K_2.0gcc,29,8.64,9.66,1.0532845630089716,-1,0.5932313708716128,1.239123164426287,1.239123164426287,True
base__s29__5000K_2.0gcc,29,8.68,9.66,1.0278941286518768,-1,0.6725711624222195,0.9816582446667562,0.9816582446667562,True
base__s29__5000K_2.0gcc,29,8.72,9.66,0.946315210075904,-1,1.8095218753218227,5.229354097255037,5.229354097255037,True
base__s29__5000K_2.0gcc,29,8.76,9.66,1.0177831083197435,-1,0.6944491743037846,0.921884566976425,0.7634651631096194,True
base__s29__5000K_2.0gcc,29,8.8,9.66,0.9957247203188236,-1,0.835476172921091,1.1612711619017264,1.1612711619017264,True
base__s29__5000K_2.0gcc,29,8.84,9.66,1.0387452909279549,-1,0.6279488581609394,1.16270914358508,1.16270914358508,True
base__s29__5000K_2.0gcc,29,8.88,9.66,1.066524114422642,-1,0.7448670277482857,1.4718169295065435,1.4718169295065435,True
base__s29__5000K_2.0gcc,29,8.92,9.66,1.0446793265280034,-1,0.6843180198630471,1.0750003890987234,1.0750003890987234,True
base__s29__5000K_2.0gcc,29,8.96,9.66,1.0342408919724655,-1,0.7909023604370227,0.9254992606440355,0.9254992606440355,True
base__s29__5000K_2.0gcc,29,9.0,9.66,1.009484280199053,-1,0.7813503069590009,0.9542440875306948,0.9542440875306948,True
base__s29__5000K_2.0gcc,29,9.04,9.66,0.9984960996048003,-1,0.7291743739831722,0.9838602692724097,0.9838602692724097,True
base__s29__5000K_2.0gcc,29,9.08,9.66,1.0082674018240394,-1,0.6085638805042313,0.9777385621335588,0.9777385621335588,True
base__s29__5000K_2.0gcc,29,9.12,9.66,1.0299785920988842,-1,0.7906013059938803,3.806625856521125,3.806625856521125,True
base__s29__5000K_2.0gcc,29,9.16,9.66,1.0202943155898694,-1,0.6769345205040537,1.2290077221986713,1.2290077221986713,True
base__s29__5000K_2.0gcc,29,9.2,9.66,1.0506199897246389,-1,0.8002390731004001,0.8519846335560061,0.8002390731004001,True
base__s29__5000K_2.0gcc,29,9.24,9.66,1.033306736837615,-1,0.6909486772875073,1.052267693458695,1.052267693458695,True
base__s29__5000K_2.0gcc,29,9.28,9.66,1.042104402942431,-1,0.6824839269604761,0.8570921136811471,0.8570921136811471,True
base__s29__5000K_2.0gcc,29,9.32,9.66,1.0390821571334,-1,0.7132805047878934,2.367997183231651,2.367997183231651,True
base__s29__5000K_2.0gcc,29,9.36,9.66,1.0276695814579706,-1,0.7480402514537411,1.0053150837212428,1.0053150837212428,True
base__s29__5000K_2.0gcc,29,9.4,9.66,1.0034717683258465,-1,0.7686833022054425,1.0492176786417007,1.0492176786417007,True
base__s29__5000K_2.0gcc,29,9.44,9.66,1.0266375473505729,-1,0.6965936244967184,0.8837246947292808,0.8837246947292808,True
base__s29__5000K_2.0gcc,29,9.48,9.66,0.9873096390955572,-1,0.7449500248322998,1.0121909142239924,1.0121909142239924,True
base__s29__5000K_2.0gcc,29,9.52,9.66,1.027629500949637,-1,0.7461113110384344,1.1360180819593548,1.1360180819593548,True
base__s29__5000K_2.0gcc,29,9.56,9.66,1.0211693397811157,-1,0.6399597112850112,1.2325738603976055,1.2325738603976055,True
base__s29__5000K_2.0gcc,29,9.6,9.66,1.0206257289138854,-1,0.6971609718784479,1.3403993910585288,1.3403993910585288,True
base__s29__5000K_2.0gcc,29,9.64,9.66,1.058783500621822,-1,0.6836270112914586,1.246957847543443,1.246957847543443,True
base__s2__5000K_2.0gcc,2,0.0,9.12,1.0310702502254634,-1,0.8928044464759279,1.0000000000000064,1.0000000000000064,True
base__s2__5000K_2.0gcc,2,0.04,9.12,1.047720190999963,-1,0.6367881455567139,1.3903789859191409,1.3903789859191409,True
base__s2__5000K_2.0gcc,2,0.08,9.12,1.053702085335794,-1,0.7273904789070157,1.1833412096864617,1.1833412096864617,True
base__s2__5000K_2.0gcc,2,0.12,9.12,1.055985286902711,-1,0.7265771699282979,1.960213943669268,1.960213943669268,True
base__s2__5000K_2.0gcc,2,0.16,9.12,0.9691140015509008,-1,0.8888973806256697,1.143104488107643,0.9115395780477537,True
base__s2__5000K_2.0gcc,2,0.2,9.12,1.0302366319977172,-1,0.7127112472908284,1.491896811562622,1.491896811562622,True
base__s2__5000K_2.0gcc,2,0.24,9.12,1.032508985747339,-1,0.6970916722430883,1.3221681504249996,1.3221681504249996,True
base__s2__5000K_2.0gcc,2,0.28,9.12,1.0388200609369267,-1,0.676496157173208,1.046618381032399,1.046618381032399,True
base__s2__5000K_2.0gcc,2,0.32,9.12,1.0351927096618283,-1,0.694924415169053,0.813544072261388,0.813544072261388,True
base__s2__5000K_2.0gcc,2,0.36,9.12,1.009895168757629,-1,0.6844511505447665,0.8742895580711847,0.8742895580711847,True
base__s2__5000K_2.0gcc,2,0.4,9.12,1.013179276424957,-1,0.6910293583481806,1.2109379794513444,1.2109379794513444,True
base__s2__5000K_2.0gcc,2,0.44,9.12,0.9919368754457109,-1,0.8017939305535051,1.2977770235621873,1.2977770235621873,True
base__s2__5000K_2.0gcc,2,0.48,9.12,1.0216302517413045,-1,0.6527785782681754,1.1389978390932964,1.1389978390932964,True
base__s2__5000K_2.0gcc,2,0.52,9.12,0.9751663190835708,-1,0.9372381757015094,1.1023177005797764,1.1023177005797764,True
base__s2__5000K_2.0gcc,2,0.56,9.12,1.0214664571536352,-1,0.6856545745948406,1.1604262032970858,1.1604262032970858,True
base__s2__5000K_2.0gcc,2,0.6,9.12,1.0265310573630977,-1,0.7124140093591116,1.258893732058781,1.258893732058781,True
base__s2__5000K_2.0gcc,2,0.64,9.12,1.035568435028318,-1,0.6319066939105037,1.1732119636671672,1.1732119636671672,True
base__s2__5000K_2.0gcc,2,0.68,9.12,1.021087051565145,-1,0.7437297767718288,0.9876840161626885,0.9876840161626885,True
base__s2__5000K_2.0gcc,2,0.72,9.12,1.007348961194182,-1,0.7649585642168719,0.917005363626253,0.917005363626253,True
base__s2__5000K_2.0gcc,2,0.76,9.12,1.0273920685862823,-1,0.6994971103164817,2.520919738847323,2.520919738847323,True
base__s2__5000K_2.0gcc,2,0.8,9.12,1.042103342538541,-1,0.7057396672068548,1.3184758094813698,1.3184758094813698,True
base__s2__5000K_2.0gcc,2,0.84,9.12,1.024086445640699,-1,0.7047840831143802,1.7891163000116852,1.7891163000116852,True
base__s2__5000K_2.0gcc,2,0.88,9.12,1.0402850483732808,-1,0.657937331542535,1.0890658784473894,1.0890658784473894,True
base__s2__5000K_2.0gcc,2,0.92,9.12,1.0263690392490414,-1,0.742331783718671,1.2635486594666538,1.2635486594666538,True
base__s2__5000K_2.0gcc,2,0.96,9.12,1.0112364802191425,-1,0.7862000589555729,1.1604031245486066,1.1604031245486066,True
base__s2__5000K_2.0gcc,2,1.0,9.12,1.0058366633449982,-1,0.723839997907002,1.555905569194998,1.555905569194998,True
base__s2__5000K_2.0gcc,2,1.04,9.12,1.058774387239793,-1,0.652590912500749,1.0394697880894732,1.0394697880894732,True
base__s2__5000K_2.0gcc,2,1.08,9.12,1.0101077913104124,-1,0.6849834851851325,4.164718321020835,4.164718321020835,True
base__s2__5000K_2.0gcc,2,1.12,9.12,1.0275543406501677,-1,0.7470121079234827,1.8600878531224112,1.8600878531224112,True
base__s2__5000K_2.0gcc,2,1.16,9.12,1.0467799226236625,-1,0.7334367526148482,1.2866649680524098,1.2866649680524098,True
base__s2__5000K_2.0gcc,2,1.2,9.12,1.031685353511428,-1,0.7193852027225822,0.9636239593213961,0.9636239593213961,True
base__s2__5000K_2.0gcc,2,1.24,9.12,1.0015061283292286,-1,0.7149171491047547,1.2735404009381077,1.2735404009381077,True
base__s2__5000K_2.0gcc,2,1.28,9.12,1.0584002001894173,-1,0.673470732200793,1.2755209242035417,1.2755209242035417,True
base__s2__5000K_2.0gcc,2,1.32,9.12,1.026035474174747,-1,0.7945009733784405,1.5280634358001335,1.5280634358001335,True
base__s2__5000K_2.0gcc,2,1.36,9.12,1.0273202015501302,-1,0.6276933386097562,2.2624874540361386,2.2624874540361386,True
base__s2__5000K_2.0gcc,2,1.4,9.12,1.0400047982490273,-1,0.6660465326480776,0.8742140093395161,0.8742140093395161,True
base__s2__5000K_2.0gcc,2,1.44,9.12,1.0356877580820387,-1,0.6571410306458272,1.4779475152695445,1.4779475152695445,True
base__s2__5000K_2.0gcc,2,1.48,9.12,0.9849847827382922,-1,0.664092571109831,1.2814990358836182,1.2814990358836182,True
base__s2__5000K_2.0gcc,2,1.52,9.12,0.9719527985483656,-1,0.830120715099401,0.9754518074852484,0.9754518074852484,True
base__s2__5000K_2.0gcc,2,1.56,9.12,1.0266480208586577,-1,0.7179587890073545,1.3911529144926584,1.3911529144926584,True
base__s2__5000K_2.0gcc,2,1.6,9.12,1.0555942461623211,-1,0.7021903326966665,1.0092862155279847,1.0092862155279847,True
base__s2__5000K_2.0gcc,2,1.64,9.12,1.0428272799912748,-1,0.6675584416038312,2.0535777605465393,2.0535777605465393,True
base__s2__5000K_2.0gcc,2,1.68,9.12,1.0592844053794044,-1,0.8136283095708338,1.1539699168330824,1.1539699168330824,True
base__s2__5000K_2.0gcc,2,1.72,9.12,1.005763690974178,-1,0.7017758669771534,2.367223854033466,2.367223854033466,True
base__s2__5000K_2.0gcc,2,1.76,9.12,1.0222052626018905,-1,0.6767822471101997,1.429562769084193,1.429562769084193,True
base__s2__5000K_2.0gcc,2,1.8,9.12,1.0285656945659811,-1,0.8112334326775938,1.8837114011331741,1.8837114011331741,True
base__s2__5000K_2.0gcc,2,1.84,9.12,1.0312002327215606,-1,0.6066217977392426,1.8503328223614066,1.8503328223614066,True
base__s2__5000K_2.0gcc,2,1.88,9.12,0.981524620578618,-1,0.7563587914195956,1.7995262957817346,1.7995262957817346,True
base__s2__5000K_2.0gcc,2,1.92,9.12,1.0137876481660235,-1,0.7434522630712785,6.517787930196445,6.517787930196445,True
base__s2__5000K_2.0gcc,2,1.96,9.12,1.0225369066615633,-1,0.6577794693629209,1.116964720658515,1.116964720658515,True
base__s2__5000K_2.0gcc,2,2.0,9.12,1.007103511650118,-1,0.7937318957192916,1.1855327436396093,1.1855327436396093,True
base__s2__5000K_2.0gcc,2,2.04,9.12,1.020619495326736,-1,0.6776321726735913,1.9114840023506097,1.9114840023506097,True
base__s2__5000K_2.0gcc,2,2.08,9.12,1.0175517260213365,-1,0.69088400480414,1.0544072926171353,1.0544072926171353,True
base__s2__5000K_2.0gcc,2,2.12,9.12,1.0453700101944767,-1,0.772379662357012,1.3482274491863768,1.3482274491863768,True
base__s2__5000K_2.0gcc,2,2.16,9.12,0.9990882657963716,-1,1.4454691342643509,3.666326843288965,3.666326843288965,True
base__s2__5000K_2.0gcc,2,2.2,9.12,0.9702774263194008,-1,0.9799156699238019,1.7123381954545127,1.7123381954545127,True
base__s2__5000K_2.0gcc,2,2.24,9.12,1.0073982494842844,-1,0.5929917392202,0.8485444547734996,0.8485444547734996,True
base__s2__5000K_2.0gcc,2,2.28,9.12,1.0557354166802395,-1,0.7153722980560941,1.1043337959414732,1.1043337959414732,True
base__s2__5000K_2.0gcc,2,2.32,9.12,1.01127094716154,-1,0.7406339474587995,1.0684943875064827,1.0684943875064827,True
base__s2__5000K_2.0gcc,2,2.36,9.12,1.0441446708066846,-1,0.7836417464963119,1.5306575359936059,1.5306575359936059,True
base__s2__5000K_2.0gcc,2,2.4,9.12,0.9684331215427322,-1,0.7886347727610072,1.1032341458611081,1.1032341458611081,True
base__s2__5000K_2.0gcc,2,2.44,9.12,1.0380764080186968,-1,0.8391721852765706,1.8988138748249273,1.8988138748249273,True
base__s2__5000K_2.0gcc,2,2.48,9.12,1.0279196917254771,-1,0.7512630781557799,1.41853484804758,1.41853484804758,True
base__s2__5000K_2.0gcc,2,2.52,9.12,1.036718186654888,-1,0.6875821623086626,3.6612303177969827,3.6612303177969827,True
base__s2__5000K_2.0gcc,2,2.56,9.12,1.0343579984057745,-1,0.5883887444474801,0.851761967603346,0.851761967603346,True
base__s2__5000K_2.0gcc,2,2.6,9.12,1.0422200246804894,-1,0.6292065222482008,0.9373145869002382,0.9373145869002382,True
base__s2__5000K_2.0gcc,2,2.64,9.12,1.0322246128866526,-1,0.6385338408561786,1.365829388523303,1.365829388523303,True
base__s2__5000K_2.0gcc,2,2.68,9.12,1.0376251653660873,-1,0.639785837014364,1.4004982032216051,1.4004982032216051,True
base__s2__5000K_2.0gcc,2,2.72,9.12,1.0530865844440331,-1,0.7198950447738737,1.137804359483845,1.137804359483845,True
base__s2__5000K_2.0gcc,2,2.76,9.12,1.0266670410576155,-1,0.6843506929498686,1.2832427381950011,1.2832427381950011,True
base__s2__5000K_2.0gcc,2,2.8000000000000003,9.12,1.0483550534709116,-1,0.7859739257570473,1.1450491023557834,1.1450491023557834,True
base__s2__5000K_2.0gcc,2,2.84,9.12,1.0049519322803453,-1,0.7654755358766069,1.3829808498721434,1.3829808498721434,True
base__s2__5000K_2.0gcc,2,2.88,9.12,1.003508608588885,-1,0.7182263296772836,2.143520798243557,2.143520798243557,True
base__s2__5000K_2.0gcc,2,2.92,9.12,1.0353267109111026,-1,0.6747178422622543,0.8994327530803858,0.8994327530803858,True
base__s2__5000K_2.0gcc,2,2.96,9.12,0.9880679825052532,-1,0.805642242107924,1.1978165454707759,1.1978165454707759,True
base__s2__5000K_2.0gcc,2,3.0,9.12,1.0456534620877036,-1,0.6874579994831791,1.097339721964414,1.097339721964414,True
base__s2__5000K_2.0gcc,2,3.04,9.12,1.0259856205278906,-1,0.9296753108885569,5.2058641928309095,5.2058641928309095,True
base__s2__5000K_2.0gcc,2,3.08,9.12,1.0061510311330002,-1,0.767714078661029,0.9667300107311723,0.8021009471765778,True
base__s2__5000K_2.0gcc,2,3.12,9.12,1.0534889845261792,-1,0.687089478247571,1.003570068758689,1.003570068758689,True
base__s2__5000K_2.0gcc,2,3.16,9.12,1.0330055635077675,-1,0.7346698030111245,1.4220204017039426,1.4220204017039426,True
base__s2__5000K_2.0gcc,2,3.2,9.12,1.0736304232281235,-1,0.7339664331567521,0.9922414984120062,0.9922414984120062,True
base__s2__5000K_2.0gcc,2,3.24,9.12,1.0384942765797989,-1,0.7248841329508804,1.245355219771015,1.245355219771015,True
base__s2__5000K_2.0gcc,2,3.28,9.12,1.0359638285282928,-1,0.7178693567543711,1.0695440006468029,1.0695440006468029,True
base__s2__5000K_2.0gcc,2,3.3200000000000003,9.12,1.0413637297707272,-1,0.7513116318241564,1.8424505411070893,1.8424505411070893,True
base__s2__5000K_2.0gcc,2,3.36,9.12,1.0248550430090098,-1,0.6848651185463506,3.1902249619962424,3.1902249619962424,True
base__s2__5000K_2.0gcc,2,3.4,9.12,1.023547438292432,-1,0.8548033448258547,8.935458376591509,8.935458376591509,True
base__s2__5000K_2.0gcc,2,3.44,9.12,1.0223286503047833,-1,0.6427179506196316,1.0413390631696207,1.0413390631696207,True
base__s2__5000K_2.0gcc,2,3.48,9.12,1.0216788501618308,-1,0.7238167823915751,1.9098493398053509,1.9098493398053509,True
base__s2__5000K_2.0gcc,2,3.52,9.12,1.0183802929480714,-1,0.695434385340057,2.5909693732658456,2.5909693732658456,True
base__s2__5000K_2.0gcc,2,3.56,9.12,1.0498999757467375,-1,0.7424040839033516,1.3401027231214004,1.3401027231214004,True
base__s2__5000K_2.0gcc,2,3.6,9.12,1.0567145081723823,-1,0.6676961002173157,1.4826850713371338,1.4826850713371338,True
base__s2__5000K_2.0gcc,2,3.64,9.12,1.0265854890874897,-1,0.7445044898274473,2.19614721939001,2.19614721939001,True
base__s2__5000K_2.0gcc,2,3.68,9.12,1.0135326073639668,-1,0.698852478204447,1.2833111787325544,1.2833111787325544,True
base__s2__5000K_2.0gcc,2,3.72,9.12,1.0061862553091248,-1,0.9009444460444996,1.191490272885407,0.9046271006648506,True
base__s2__5000K_2.0gcc,2,3.76,9.12,1.0461064162698748,-1,0.6525390380139984,2.522605946939848,2.522605946939848,True
base__s2__5000K_2.0gcc,2,3.8,9.12,1.0395750963643753,-1,0.5851338669998796,6.5448580430444965,6.5448580430444965,True
base__s2__5000K_2.0gcc,2,3.84,9.12,1.0208201002204058,-1,0.6968499942419832,1.7376527490861526,1.7376527490861526,True
base__s2__5000K_2.0gcc,2,3.88,9.12,1.0394427480135684,-1,0.7038733571254704,1.0972759013427942,1.0972759013427942,True
base__s2__5000K_2.0gcc,2,3.92,9.12,1.066376724850087,-1,0.6239732151472348,1.146656235906402,1.146656235906402,True
base__s2__5000K_2.0gcc,2,3.96,9.12,1.0095865959460832,-1,0.6298031096190274,1.5942591295321664,1.5942591295321664,True
base__s2__5000K_2.0gcc,2,4.0,9.12,1.0457166306978205,-1,0.738629155514156,1.4160944078259874,1.4160944078259874,True
base__s2__5000K_2.0gcc,2,4.04,9.12,1.0161005354358392,-1,0.7407762610698475,2.0976935590643278,2.0976935590643278,True
base__s2__5000K_2.0gcc,2,4.08,9.12,1.0282152862358152,-1,0.7037742698537961,0.9479868267272131,0.9479868267272131,True
base__s2__5000K_2.0gcc,2,4.12,9.12,1.0128352788059864,-1,0.633587576194712,0.8741081486477574,0.8741081486477574,True
base__s2__5000K_2.0gcc,2,4.16,9.12,1.0560182855514386,-1,0.6526981085714982,2.3270766253507245,2.3270766253507245,True
base__s2__5000K_2.0gcc,2,4.2,9.12,1.0306815839322052,-1,0.7255454985369207,1.3858846067044042,1.3858846067044042,True
base__s2__5000K_2.0gcc,2,4.24,9.12,1.003861553004696,-1,0.7905592166728785,1.1977477568997525,1.1977477568997525,True
base__s2__5000K_2.0gcc,2,4.28,9.12,1.0079494440228631,-1,0.6721207499189893,1.4907057150521652,1.4907057150521652,True
base__s2__5000K_2.0gcc,2,4.32,9.12,1.021493751795379,-1,0.6572668900563156,1.1790275068510616,1.1790275068510616,True
base__s2__5000K_2.0gcc,2,4.36,9.12,1.03338640623728,-1,0.7268753489617025,1.3242072616821574,1.3242072616821574,True
base__s2__5000K_2.0gcc,2,4.4,9.12,1.036457475357769,-1,0.7729782372310601,3.412707118159177,3.412707118159177,True
base__s2__5000K_2.0gcc,2,4.44,9.12,1.0280777174776232,-1,0.701007797951992,1.2406101527340623,1.2406101527340623,True
base__s2__5000K_2.0gcc,2,4.48,9.12,1.006918514691731,-1,0.7033635808972805,1.5532528257913465,1.5532528257913465,True
base__s2__5000K_2.0gcc,2,4.5200000000000005,9.12,1.0013938665610056,-1,0.6702882112185441,1.46009714371742,1.46009714371742,True
base__s2__5000K_2.0gcc,2,4.5600000000000005,9.12,1.0245770701484598,-1,0.7121871705629783,1.864123212410456,1.864123212410456,True
base__s2__5000K_2.0gcc,2,4.6000000000000005,9.12,1.0074197418697928,-1,0.706617607707716,1.2704726778889774,1.2704726778889774,True
base__s2__5000K_2.0gcc,2,4.64,9.12,1.0122443051546397,-1,0.7753666078312077,1.094066545415149,1.094066545415149,True
base__s2__5000K_2.0gcc,2,4.68,9.12,1.021471906083569,-1,0.7742298862954289,1.6457720040576138,1.6457720040576138,True
base__s2__5000K_2.0gcc,2,4.72,9.12,1.0314499698778414,-1,0.8422112036703069,1.0192358644004562,1.0192358644004562,True
base__s2__5000K_2.0gcc,2,4.76,9.12,0.984974088620102,-1,0.7611150822047555,1.0649638333360285,1.0649638333360285,True
base__s2__5000K_2.0gcc,2,4.8,9.12,1.034401979667479,-1,0.868178198720306,8.092256871287976,8.092256871287976,True
base__s2__5000K_2.0gcc,2,4.84,9.12,1.005673104117337,-1,0.6848844777714429,2.3344885953489887,2.3344885953489887,True
base__s2__5000K_2.0gcc,2,4.88,9.12,1.0458775661290385,-1,0.7004978060809408,0.9429526193173577,0.9429526193173577,True
base__s2__5000K_2.0gcc,2,4.92,9.12,1.0185237654355446,-1,0.771259381800943,1.5576336426639694,1.5576336426639694,True
base__s2__5000K_2.0gcc,2,4.96,9.12,1.0717206475537362,-1,0.7982386824260708,1.0300089046629437,1.0300089046629437,True
base__s2__5000K_2.0gcc,2,5.0,9.12,1.020205407819916,-1,0.7125370588691287,1.2008099432497685,1.2008099432497685,True
base__s2__5000K_2.0gcc,2,5.04,9.12,1.038105552010488,-1,0.6399018810946941,1.0927110214842437,1.0927110214842437,True
base__s2__5000K_2.0gcc,2,5.08,9.12,1.0612262755081967,-1,0.8210875373705593,0.9311019183498731,0.9311019183498731,True
base__s2__5000K_2.0gcc,2,5.12,9.12,1.0244646658006318,-1,0.6792026942957404,1.1406592763772374,1.1406592763772374,True
base__s2__5000K_2.0gcc,2,5.16,9.12,1.0283213903221118,-1,0.7957756520211657,1.8807638660544435,1.8807638660544435,True
base__s2__5000K_2.0gcc,2,5.2,9.12,1.0258281878609112,-1,0.7160215591651186,0.9977583629983139,0.9977583629983139,True
base__s2__5000K_2.0gcc,2,5.24,9.12,1.0333665509556615,-1,0.6717417735968698,1.4819493640155015,1.4819493640155015,True
base__s2__5000K_2.0gcc,2,5.28,9.12,1.014609987675561,-1,0.7028160664414917,1.143662701537952,1.143662701537952,True
base__s2__5000K_2.0gcc,2,5.32,9.12,1.0101253977947489,-1,0.8240711087165657,1.1299376727052117,1.1299376727052117,True
base__s2__5000K_2.0gcc,2,5.36,9.12,1.0447971379085992,-1,0.6726108703223812,1.1401233766779506,1.1401233766779506,True
base__s2__5000K_2.0gcc,2,5.4,9.12,1.027271653113236,-1,0.6574468986240316,0.9128783290623588,0.9128783290623588,True
base__s2__5000K_2.0gcc,2,5.44,9.12,1.0275185033219596,-1,0.7055314334425783,0.9042195356663338,0.9042195356663338,True
base__s2__5000K_2.0gcc,2,5.48,9.12,1.0218190453798557,-1,0.6989149319962452,1.0071544066344889,1.0071544066344889,True
base__s2__5000K_2.0gcc,2,5.5200000000000005,9.12,1.0646357378512152,-1,0.7316005871481333,1.1631955737653663,1.1631955737653663,True
base__s2__5000K_2.0gcc,2,5.5600000000000005,9.12,1.0185031887515128,-1,0.6857495777944475,1.037427636068898,1.037427636068898,True
base__s2__5000K_2.0gcc,2,5.6000000000000005,9.12,1.0766343303670938,-1,0.6712059339219565,1.0715745412148059,1.0715745412148059,True
base__s2__5000K_2.0gcc,2,5.64,9.12,1.0655327620838322,-1,0.6091029310117382,1.023281075512158,1.023281075512158,True
base__s2__5000K_2.0gcc,2,5.68,9.12,1.032092686324731,-1,0.7854606506668833,1.2558466469775773,1.2558466469775773,True
base__s2__5000K_2.0gcc,2,5.72,9.12,1.0358174177435913,-1,0.7071194867397611,1.1116559107758937,1.1116559107758937,True
base__s2__5000K_2.0gcc,2,5.76,9.12,1.0374048684891553,-1,0.6839113711792852,0.8909513742334756,0.8909513742334756,True
base__s2__5000K_2.0gcc,2,5.8,9.12,1.0803499758643031,-1,0.6147712179012319,1.098684107412843,1.098684107412843,True
base__s2__5000K_2.0gcc,2,5.84,9.12,1.0261110912347644,-1,0.7000367683934036,1.5945625255296214,1.5945625255296214,True
base__s2__5000K_2.0gcc,2,5.88,9.12,1.039424979342906,-1,0.6365060017530035,3.76422546511224,3.76422546511224,True
base__s2__5000K_2.0gcc,2,5.92,9.12,1.028096057475176,-1,0.6410033572189875,1.646222351394059,1.646222351394059,True
base__s2__5000K_2.0gcc,2,5.96,9.12,1.056968928022011,-1,0.7332805497463856,1.6905078593043825,1.6905078593043825,True
base__s2__5000K_2.0gcc,2,6.0,9.12,1.0384379890383453,-1,0.7166557346770948,0.9294585962725893,0.9294585962725893,True
base__s2__5000K_2.0gcc,2,6.04,9.12,1.0076080543490116,-1,0.7420595203977034,1.0333147015566164,1.0333147015566164,True
base__s2__5000K_2.0gcc,2,6.08,9.12,1.008328681529986,-1,0.6169526738271065,1.6957966437800027,1.6957966437800027,True
base__s2__5000K_2.0gcc,2,6.12,9.12,1.0278797826453248,-1,0.6992365865897074,1.8817778130802725,1.8817778130802725,True
base__s2__5000K_2.0gcc,2,6.16,9.12,0.9957223066015944,-1,0.7191693916871386,2.9240804141472063,2.9240804141472063,True
base__s2__5000K_2.0gcc,2,6.2,9.12,1.029085302182963,-1,0.7769158419167411,1.0289918011633747,0.7915181888830208,True
base__s2__5000K_2.0gcc,2,6.24,9.12,1.0212177433735667,-1,0.7823564800015397,1.1829529750640213,1.1829529750640213,True
base__s2__5000K_2.0gcc,2,6.28,9.12,1.0086323299820397,-1,0.6596268379085564,4.419336616599471,4.419336616599471,True
base__s2__5000K_2.0gcc,2,6.32,9.12,1.0200465073044465,-1,0.7113303235622856,1.3155400445238528,1.3155400445238528,True
base__s2__5000K_2.0gcc,2,6.36,9.12,1.0145827634279034,-1,0.6999810357781835,0.9378435558385178,0.9378435558385178,True
base__s2__5000K_2.0gcc,2,6.4,9.12,1.0439161990873598,-1,0.6830469495820138,1.0709233322895355,1.0709233322895355,True
base__s2__5000K_2.0gcc,2,6.44,9.12,1.0677135592325318,-1,0.6620101736882702,1.4805890005884206,1.4805890005884206,True
base__s2__5000K_2.0gcc,2,6.48,9.12,1.0195045945722851,-1,1.3283688395769508,4.385704082420507,4.385704082420507,True
base__s2__5000K_2.0gcc,2,6.5200000000000005,9.12,1.030998804436261,-1,0.6741961187531155,1.0588618023736502,1.0588618023736502,True
base__s2__5000K_2.0gcc,2,6.5600000000000005,9.12,1.024500595063761,-1,0.7808300460487662,0.910698591092163,0.910698591092163,True
base__s2__5000K_2.0gcc,2,6.6000000000000005,9.12,1.0305212589616963,-1,0.787751807687851,2.3376240127433476,2.3376240127433476,True
base__s2__5000K_2.0gcc,2,6.640000000000001,9.12,1.0451135511828369,-1,0.9085307735733605,1.0803507653421742,1.0803507653421742,True
base__s2__5000K_2.0gcc,2,6.68,9.12,1.0044044631934883,-1,0.7306590255764673,3.0266995053163677,3.0266995053163677,True
base__s2__5000K_2.0gcc,2,6.72,9.12,1.0516258928868203,-1,0.670519268617874,1.0460872771467022,1.0460872771467022,True
base__s2__5000K_2.0gcc,2,6.76,9.12,1.032168525193924,-1,0.7162995876387404,2.0640278284146647,2.0640278284146647,True
base__s2__5000K_2.0gcc,2,6.8,9.12,1.0263104613819354,-1,0.6827669897092845,2.132482882869864,2.132482882869864,True
base__s2__5000K_2.0gcc,2,6.84,9.12,1.0150181597439525,-1,0.6564149571799742,1.4048323729591858,1.4048323729591858,True
base__s2__5000K_2.0gcc,2,6.88,9.12,1.0151472586191626,-1,0.7452476894779549,1.757336866695266,1.757336866695266,True
base__s2__5000K_2.0gcc,2,6.92,9.12,1.037733272892895,-1,0.729873034662041,0.8483844199391722,0.8483844199391722,True
base__s2__5000K_2.0gcc,2,6.96,9.12,1.0059330512882063,-1,0.7755232774229861,3.286332719965869,3.286332719965869,True
base__s2__5000K_2.0gcc,2,7.0,9.12,1.0360209007968904,-1,0.6894307398599212,1.0523437554230355,1.0523437554230355,True
base__s2__5000K_2.0gcc,2,7.04,9.12,1.036040187546315,-1,0.6409668809997978,1.6029608437110539,1.6029608437110539,True
base__s2__5000K_2.0gcc,2,7.08,9.12,1.000366560489204,-1,0.6790034496998596,1.1362092272746247,1.1362092272746247,True
base__s2__5000K_2.0gcc,2,7.12,9.12,1.0364219961106578,-1,0.6993165742608428,1.0961273664205549,1.0961273664205549,True
base__s2__5000K_2.0gcc,2,7.16,9.12,1.0382607216345034,-1,0.6942856180905936,1.719394851204663,1.719394851204663,True
base__s2__5000K_2.0gcc,2,7.2,9.12,1.045515309940988,-1,0.8126206823068962,1.227896286353892,1.227896286353892,True
base__s2__5000K_2.0gcc,2,7.24,9.12,1.0465177920255346,-1,0.6603029961940304,0.8488249042314294,0.8488249042314294,True
base__s2__5000K_2.0gcc,2,7.28,9.12,1.0231780092408165,-1,0.6907891280118852,1.0936588142353356,1.0936588142353356,True
base__s2__5000K_2.0gcc,2,7.32,9.12,0.9880276872122562,-1,0.7414278076174192,1.345143909035079,1.345143909035079,True
base__s2__5000K_2.0gcc,2,7.36,9.12,0.9880839446266692,-1,0.8276210033043879,0.926532086250392,0.926532086250392,True
base__s2__5000K_2.0gcc,2,7.4,9.12,1.0564737450093116,-1,0.6581666646093434,1.2692500102128854,1.2692500102128854,True
base__s2__5000K_2.0gcc,2,7.44,9.12,1.0559082418894168,-1,0.6751920137871774,0.8802684428950448,0.8802684428950448,True
base__s2__5000K_2.0gcc,2,7.48,9.12,1.0643246964535775,-1,0.6956252864200968,1.0773407533823511,1.0773407533823511,True
base__s2__5000K_2.0gcc,2,7.52,9.12,1.023815362250928,-1,0.7275069375906195,1.120919791177681,1.120919791177681,True
base__s2__5000K_2.0gcc,2,7.56,9.12,1.03330933506332,-1,0.6724387802971323,1.0483959767850117,1.0483959767850117,True
base__s2__5000K_2.0gcc,2,7.6,9.12,1.0435093698942044,-1,0.671343628449389,1.0334110018338176,1.0334110018338176,True
base__s2__5000K_2.0gcc,2,7.640000000000001,9.12,1.0585028878264804,-1,0.6565402375982148,1.0178449266629745,1.0178449266629745,True
base__s2__5000K_2.0gcc,2,7.68,9.12,1.02491548067243,-1,0.6417913528142172,1.0963170990199298,1.0963170990199298,True
base__s2__5000K_2.0gcc,2,7.72,9.12,1.0270642505753955,-1,0.7257114157082327,1.3401151136354361,1.3401151136354361,True
base__s2__5000K_2.0gcc,2,7.76,9.12,1.0227050349631608,-1,0.7177249440188725,2.893880042894575,2.893880042894575,True
base__s2__5000K_2.0gcc,2,7.8,9.12,0.9979193113178032,-1,0.6774809443370711,8.777591371766867,8.777591371766867,True
base__s2__5000K_2.0gcc,2,7.84,9.12,1.052255273494507,-1,0.6038638906676104,0.819054448451584,0.819054448451584,True
base__s2__5000K_2.0gcc,2,7.88,9.12,1.011374776949673,-1,0.7479844447008531,1.236214335135437,1.236214335135437,True
base__s2__5000K_2.0gcc,2,7.92,9.12,1.0486042106886653,-1,0.6529724276666491,0.8310221621220537,0.8310221621220537,True
base__s2__5000K_2.0gcc,2,7.96,9.12,1.0209532305894329,-1,0.6749490486174723,0.920968696690435,0.920968696690435,True
base__s2__5000K_2.0gcc,2,8.0,9.12,1.0610897551258327,-1,0.6622007838882317,1.1950173929773404,1.1950173929773404,True
base__s2__5000K_2.0gcc,2,8.040000000000001,9.12,1.014186887940285,-1,0.655551198199783,0.7791291265277693,0.7791291265277693,True
base__s2__5000K_2.0gcc,2,8.08,9.12,0.9788268325204412,-1,0.8061203897506666,1.1133854261670268,1.1133854261670268,True
base__s2__5000K_2.0gcc,2,8.120000000000001,9.12,1.0061664538444917,-1,0.7030540336564348,3.5359049632833397,3.5359049632833397,True
base__s2__5000K_2.0gcc,2,8.16,9.12,1.0142094801400745,-1,0.7145888754973384,0.9509673181279453,0.9509673181279453,True
base__s2__5000K_2.0gcc,2,8.2,9.12,1.0501585908056943,-1,1.0357841618868708,1.3441813400369678,1.3441813400369678,True
base__s2__5000K_2.0gcc,2,8.24,9.12,0.9990459322443588,-1,0.7488291889057175,2.2784525681271814,2.2784525681271814,True
base__s2__5000K_2.0gcc,2,8.28,9.12,1.0526650531033126,-1,0.6239534255100524,1.540659458191437,1.540659458191437,True
base__s2__5000K_2.0gcc,2,8.32,9.12,1.0121428237007872,-1,0.7724089500550102,1.5795886667010097,1.5795886667010097,True
base__s2__5000K_2.0gcc,2,8.36,9.12,0.9645910528026884,-1,1.2584765907195437,1.7129519663638155,1.6154186690507726,True
base__s2__5000K_2.0gcc,2,8.4,9.12,1.0195949800087287,-1,0.8364952736954198,2.695467112946462,2.695467112946462,True
base__s2__5000K_2.0gcc,2,8.44,9.12,1.038531846755794,-1,0.7998748122068011,1.5158523620092652,1.5158523620092652,True
base__s2__5000K_2.0gcc,2,8.48,9.12,1.0190363624532743,-1,0.7445277291350181,10.817734331115814,10.817734331115814,True
base__s2__5000K_2.0gcc,2,8.52,9.12,0.9994926165054951,-1,0.6631270977101413,2.699449715735409,2.699449715735409,True
base__s2__5000K_2.0gcc,2,8.56,9.12,1.0145459152399166,-1,0.6889378397898255,1.5278536785408,1.5278536785408,True
base__s2__5000K_2.0gcc,2,8.6,9.12,1.037040095527169,-1,0.6610349878918237,1.1113795829549495,1.1113795829549495,True
base__s2__5000K_2.0gcc,2,8.64,9.12,0.9982158362253124,-1,0.6100705989854276,0.947436260234294,0.947436260234294,True
base__s2__5000K_2.0gcc,2,8.68,9.12,1.0513377514524056,-1,0.6551399418331003,0.9096935218269111,0.9096935218269111,True
base__s2__5000K_2.0gcc,2,8.72,9.12,0.9820402308138918,-1,1.11532971426659,1.3840346394387346,1.3840346394387346,True
base__s2__5000K_2.0gcc,2,8.76,9.12,1.009063457360834,-1,0.6958549593022034,0.9767718995438365,0.9767718995438365,True
base__s2__5000K_2.0gcc,2,8.8,9.12,1.021926239062781,-1,0.6138249424508488,0.9644184583168439,0.9644184583168439,True
base__s2__5000K_2.0gcc,2,8.84,9.12,1.0137324595113844,-1,0.6730226397230251,1.3896483866939042,1.3896483866939042,True
base__s2__5000K_2.0gcc,2,8.88,9.12,1.0072323659881073,-1,0.7125227207848391,1.3122106053108085,1.3122106053108085,True
base__s2__5000K_2.0gcc,2,8.92,9.12,1.0359069038779496,-1,0.7731307851509507,9.660479460419088,9.660479460419088,True
base__s2__5000K_2.0gcc,2,8.96,9.12,1.040352731706415,-1,0.7080160129731609,1.3447011907074073,1.3447011907074073,True
base__s2__5000K_2.0gcc,2,9.0,9.12,1.0310196535430356,-1,0.8400294043054238,4.859207265228271,4.859207265228271,True
base__s2__5000K_2.0gcc,2,9.04,9.12,1.0441943223351675,-1,0.6009299718715898,1.791779833615753,1.791779833615753,True
base__s2__5000K_2.0gcc,2,9.08,9.12,0.9905320115099768,-1,0.6698426959282731,0.9027654557729436,0.9027654557729436,True
base__s30__5000K_2.0gcc,30,0.0,inf,1.0310702502254634,-1,0.8928044464759279,1.0000000000000064,1.0000000000000064,False
base__s30__5000K_2.0gcc,30,0.04,inf,0.9975137946865698,-1,0.7763298817715623,2.354467243364797,2.354467243364797,False
base__s30__5000K_2.0gcc,30,0.08,inf,1.0232062679152232,-1,0.7558109677141716,0.9135819639127936,0.9135819639127936,False
base__s30__5000K_2.0gcc,30,0.12,inf,1.0048013135286993,-1,0.8708163462472296,0.9462583219427305,0.9214085624287373,False
base__s30__5000K_2.0gcc,30,0.16,inf,1.003570729862126,-1,0.6135911483915477,0.867948547739697,0.867948547739697,False
base__s30__5000K_2.0gcc,30,0.2,inf,1.0388057002197284,-1,0.7520786147774224,0.8354435533173602,0.7875484755353857,False
base__s30__5000K_2.0gcc,30,0.24,inf,1.0491873804588006,-1,0.612570352060118,0.8629537778127432,0.8629537778127432,False
base__s30__5000K_2.0gcc,30,0.28,inf,1.0212543367589677,-1,0.822641802141104,1.1308812689548884,1.1308812689548884,False
base__s30__5000K_2.0gcc,30,0.32,inf,1.0098336507455077,-1,0.7133401653117991,0.9735347537646455,0.9735347537646455,False
base__s30__5000K_2.0gcc,30,0.36,inf,1.0501605853282625,-1,0.6052382773763122,1.0370544716751147,1.0370544716751147,False
base__s30__5000K_2.0gcc,30,0.4,inf,1.001017483940215,-1,0.8687171421027404,1.0397658402898118,1.0397658402898118,False
base__s30__5000K_2.0gcc,30,0.44,inf,1.0130584424257076,-1,0.7515176733091596,0.844706432413371,0.844706432413371,False
base__s30__5000K_2.0gcc,30,0.48,inf,1.0140139818247085,-1,0.6988971668746612,0.8094226079474026,0.8094226079474026,False
base__s30__5000K_2.0gcc,30,0.52,inf,1.05227780753991,-1,0.6737791718489632,1.0531259257313093,1.0531259257313093,False
base__s30__5000K_2.0gcc,30,0.56,inf,1.0277527244133189,-1,0.7425507364913541,1.0020938210785686,1.0020938210785686,False
base__s30__5000K_2.0gcc,30,0.6,inf,0.9911118802244272,-1,0.8458687544818997,1.0648401468676703,1.0648401468676703,False
base__s30__5000K_2.0gcc,30,0.64,inf,1.0250977052178982,-1,0.7345875805712023,0.7844334701496523,0.7844334701496523,False
base__s30__5000K_2.0gcc,30,0.68,inf,1.039561094049792,-1,0.7030734904563966,0.7614074039281414,0.7614074039281414,False
base__s30__5000K_2.0gcc,30,0.72,inf,1.0312262384210358,-1,0.6563524184786865,0.9011057993671642,0.9011057993671642,False
base__s30__5000K_2.0gcc,30,0.76,inf,0.9900739313692692,-1,1.0369499598853509,1.0300002766255811,1.0369499598853509,False
base__s30__5000K_2.0gcc,30,0.8,inf,1.0024175636704495,-1,0.8645242855416676,0.7897036491831303,0.8766748033989078,False
base__s30__5000K_2.0gcc,30,0.84,inf,1.046331344404821,-1,0.6926516663078982,1.3920645502350268,1.3920645502350268,False
base__s30__5000K_2.0gcc,30,0.88,inf,1.0164514347094995,-1,0.6344783264428528,0.8359694223665993,0.8359694223665993,False
base__s30__5000K_2.0gcc,30,0.92,inf,1.0349084585184336,-1,0.7685283926131334,1.0432102652020985,1.0432102652020985,False
base__s30__5000K_2.0gcc,30,0.96,inf,1.0552954736494422,-1,0.7171096234926791,1.0650902993594678,1.0650902993594678,False
base__s30__5000K_2.0gcc,30,1.0,inf,1.039803590639598,-1,0.8490132550157048,1.129109233078672,1.129109233078672,False
base__s30__5000K_2.0gcc,30,1.04,inf,1.0152801368070787,-1,0.6476106550303314,1.3043443537259929,1.3043443537259929,False
base__s30__5000K_2.0gcc,30,1.08,inf,1.029107858107691,-1,0.6505175999779655,0.8391995686700092,0.8391995686700092,False
base__s30__5000K_2.0gcc,30,1.12,inf,1.0371930485907628,-1,0.7869401313247217,1.0306300724700344,1.0306300724700344,False
base__s30__5000K_2.0gcc,30,1.16,inf,1.043190371650831,-1,0.7803413931181924,0.8942777191315748,0.8942777191315748,False
base__s30__5000K_2.0gcc,30,1.2,inf,1.0237395265271338,-1,0.6682226319335747,0.9453480553689662,0.9453480553689662,False
base__s30__5000K_2.0gcc,30,1.24,inf,1.0344619373693744,-1,0.6801430515256099,0.7335606851468534,0.7335606851468534,False
base__s30__5000K_2.0gcc,30,1.28,inf,1.0108435464135883,-1,0.6038536937372778,0.8457738158516598,0.8457738158516598,False
base__s30__5000K_2.0gcc,30,1.32,inf,1.0101806841204206,-1,0.6768691082330734,0.8806369851721805,0.8806369851721805,False
base__s30__5000K_2.0gcc,30,1.36,inf,1.0352161212249351,-1,0.7055599237748819,4.025754288838608,4.025754288838608,False
base__s30__5000K_2.0gcc,30,1.4,inf,1.0576650625316122,-1,0.6788659184585202,0.9796855817248232,0.9796855817248232,False
base__s30__5000K_2.0gcc,30,1.44,inf,1.0220077051622458,-1,0.7725679245804729,1.1484684515062056,1.1484684515062056,False
base__s30__5000K_2.0gcc,30,1.48,inf,0.984679875634716,-1,1.022229432193059,1.2015443897985203,1.078191330469911,False
base__s30__5000K_2.0gcc,30,1.52,inf,1.0595621346924402,-1,0.578563579218657,0.7855724543220605,0.7855724543220605,False
base__s30__5000K_2.0gcc,30,1.56,inf,1.0517833677987116,-1,0.7579068680237528,0.7922137617975145,0.7922137617975145,False
base__s30__5000K_2.0gcc,30,1.6,inf,1.042995025480946,-1,0.6800091218436883,0.8155062822541257,0.8155062822541257,False
base__s30__5000K_2.0gcc,30,1.64,inf,1.0188481935371927,-1,0.6686574216723232,1.5558770449565422,1.5558770449565422,False
base__s30__5000K_2.0gcc,30,1.68,inf,1.037552285261326,-1,0.6609479605345244,1.0380809112913267,1.0380809112913267,False
base__s30__5000K_2.0gcc,30,1.72,inf,1.054039095300075,-1,0.6243423671069765,0.8651271174043911,0.8651271174043911,False
base__s30__5000K_2.0gcc,30,1.76,inf,1.0039301726086332,-1,0.6848491464566437,0.9994024293808954,0.9994024293808954,False
base__s30__5000K_2.0gcc,30,1.8,inf,1.0309341691039249,-1,0.7266072905931091,0.782077099763178,0.782077099763178,False
base__s30__5000K_2.0gcc,30,1.84,inf,0.9983741962240408,-1,0.6274288941349677,0.7569333754918548,0.7362586272350058,False
base__s30__5000K_2.0gcc,30,1.88,inf,0.9983391325701906,-1,0.649510405504117,0.8603393288921408,0.8603393288921408,False
base__s30__5000K_2.0gcc,30,1.92,inf,1.032354761082643,-1,0.7231491221162452,1.4519457651213348,1.4519457651213348,False
base__s30__5000K_2.0gcc,30,1.96,inf,1.0346291839031028,-1,0.6679102183452781,1.1172790043240062,1.1172790043240062,False
base__s30__5000K_2.0gcc,30,2.0,inf,0.9585798265501942,-1,0.8623740631968049,0.9709997023848793,0.9585286734539974,False
base__s30__5000K_2.0gcc,30,2.04,inf,1.013661098116131,-1,0.6339028110485054,1.3473591086370316,1.3473591086370316,False
base__s30__5000K_2.0gcc,30,2.08,inf,0.9623069387264126,-1,1.172141316307308,1.3097026549746789,1.1825080622138557,False
base__s30__5000K_2.0gcc,30,2.12,inf,1.022080676546133,-1,0.682408796142137,2.1624629458338136,2.1624629458338136,False
base__s30__5000K_2.0gcc,30,2.16,inf,1.0276534828559667,-1,0.6832793523381037,1.7868115656685035,1.7868115656685035,False
base__s30__5000K_2.0gcc,30,2.2,inf,1.0150665155988547,-1,0.6460436765204466,0.9568592198582045,0.9568592198582045,False
base__s30__5000K_2.0gcc,30,2.24,inf,1.0567687211372214,-1,0.6627730078813849,0.9772203140655232,0.9772203140655232,False
base__s30__5000K_2.0gcc,30,2.28,inf,1.024331735070724,-1,0.6487462924083875,0.9602784816088971,0.9602784816088971,False
base__s30__5000K_2.0gcc,30,2.32,inf,0.98323973325634,-1,0.9415729174529808,2.086198160357947,2.086198160357947,False
base__s30__5000K_2.0gcc,30,2.36,inf,0.9834583154262304,-1,0.7289437425538061,2.765093033650432,2.765093033650432,False
base__s30__5000K_2.0gcc,30,2.4,inf,1.016318918221048,-1,0.6410423739849417,1.1146157925620694,1.1146157925620694,False
base__s30__5000K_2.0gcc,30,2.44,inf,1.0033436883810054,-1,0.693080850972595,1.172414650477138,1.172414650477138,False
base__s30__5000K_2.0gcc,30,2.48,inf,0.9809174173665188,-1,0.8442353746332927,1.2089979397870494,1.2089979397870494,False
base__s30__5000K_2.0gcc,30,2.52,inf,1.033132906390073,-1,0.7175958866595106,1.0724429176316297,1.0724429176316297,False
base__s30__5000K_2.0gcc,30,2.56,inf,0.9925985431245604,-1,0.6389475805922704,1.6241944078712174,1.6241944078712174,False
base__s30__5000K_2.0gcc,30,2.6,inf,1.0302535625980624,-1,0.7282305461367213,2.748209902975238,2.748209902975238,False
base__s30__5000K_2.0gcc,30,2.64,inf,0.9782875769496416,-1,1.3084331130640678,1.561896949729951,1.3451951468266756,False
base__s30__5000K_2.0gcc,30,2.68,inf,1.0574050115045794,-1,0.5888707374357603,1.1707196923851408,1.1707196923851408,False
base__s30__5000K_2.0gcc,30,2.72,inf,1.0248480105386355,-1,0.6575179573243886,1.0268590882822264,1.0268590882822264,False
base__s30__5000K_2.0gcc,30,2.76,inf,1.037240512680641,-1,0.7842711280638589,1.1068141970393697,1.1068141970393697,False
base__s30__5000K_2.0gcc,30,2.8000000000000003,inf,1.0342030179389343,-1,0.6624539059047647,1.5168573454567258,1.5168573454567258,False
base__s30__5000K_2.0gcc,30,2.84,inf,1.0516589258866202,-1,0.7813610965478902,2.6302535236218283,2.6302535236218283,False
base__s30__5000K_2.0gcc,30,2.88,inf,0.993502606218021,-1,0.8527699765807331,0.9654067386703042,0.8527699765807331,False
base__s30__5000K_2.0gcc,30,2.92,inf,1.027517194162706,-1,0.657797702361947,1.4491630450882274,1.4491630450882274,False
base__s30__5000K_2.0gcc,30,2.96,inf,1.0552019793105962,-1,0.6383024329418546,1.2148901663482394,1.2148901663482394,False
base__s30__5000K_2.0gcc,30,3.0,inf,1.0542211119158065,-1,0.6059261267793422,0.9061354264574811,0.9061354264574811,False
base__s30__5000K_2.0gcc,30,3.04,inf,0.9905208311282514,-1,0.7029056540132073,0.8039829463095998,0.7697126092565643,False
base__s30__5000K_2.0gcc,30,3.08,inf,1.002415766422296,-1,0.6718262689990421,0.8712591284129572,0.8712591284129572,False
base__s30__5000K_2.0gcc,30,3.12,inf,1.0385632190791276,-1,0.6712197184357418,1.0848804664500298,1.0848804664500298,False
base__s30__5000K_2.0gcc,30,3.16,inf,0.99620370782737,-1,0.6693521978063905,1.9585814778468376,1.9585814778468376,False
base__s30__5000K_2.0gcc,30,3.2,inf,1.01132750885062,-1,0.704610467037952,1.0490832626654865,1.0490832626654865,False
base__s30__5000K_2.0gcc,30,3.24,inf,1.0384914998525503,-1,0.7055916959391485,0.866801017252482,0.866801017252482,False
base__s30__5000K_2.0gcc,30,3.28,inf,0.9728295043336218,-1,0.8260321743021588,1.1115769708914225,0.8762313458491786,False
base__s30__5000K_2.0gcc,30,3.3200000000000003,inf,1.0029685699402546,-1,0.8410354411002896,1.9844311524215392,1.9844311524215392,False
base__s30__5000K_2.0gcc,30,3.36,inf,1.0409751259790023,-1,0.6823657742701627,1.2350860201812004,1.2350860201812004,False
base__s30__5000K_2.0gcc,30,3.4,inf,1.0015816693270707,-1,0.6654454798720574,1.1207075848003119,1.1207075848003119,False
base__s30__5000K_2.0gcc,30,3.44,inf,0.976382988390826,-1,0.9321128220939325,1.1980062914355085,0.9636939971907724,False
base__s30__5000K_2.0gcc,30,3.48,inf,1.025357052676286,-1,0.6273274077357717,0.927555668396803,0.927555668396803,False
base__s30__5000K_2.0gcc,30,3.52,inf,0.9980492360860762,-1,0.7385163758171005,0.8390392226009172,0.8390392226009172,False
base__s30__5000K_2.0gcc,30,3.56,inf,1.0194815669407662,-1,0.7402255996586019,1.07670450924776,1.07670450924776,False
base__s30__5000K_2.0gcc,30,3.6,inf,1.025769949965878,-1,0.7181019035547838,0.9569466071736608,0.9569466071736608,False
base__s30__5000K_2.0gcc,30,3.64,inf,1.0261769848841868,-1,0.6527992547142606,0.9921706356094034,0.9921706356094034,False
base__s30__5000K_2.0gcc,30,3.68,inf,1.0174036034185252,-1,0.6851788122194733,1.983707804742495,1.983707804742495,False
base__s30__5000K_2.0gcc,30,3.72,inf,1.049919835477452,-1,0.6822526173812777,2.0453848167182436,2.0453848167182436,False
base__s30__5000K_2.0gcc,30,3.76,inf,1.015268757514482,-1,0.6752137752968627,1.334812872524867,1.334812872524867,False
base__s30__5000K_2.0gcc,30,3.8,inf,1.031213545314936,-1,0.7867849285788984,1.269678485427916,1.269678485427916,False
base__s30__5000K_2.0gcc,30,3.84,inf,1.0360701183752,-1,0.661004792931698,1.1424988746423796,1.1424988746423796,False
base__s30__5000K_2.0gcc,30,3.88,inf,1.043870204486171,-1,0.684904511272638,2.5705350681467394,2.5705350681467394,False
base__s30__5000K_2.0gcc,30,3.92,inf,1.0659482781561216,-1,0.6794554738082851,1.35569633558615,1.35569633558615,False
base__s30__5000K_2.0gcc,30,3.96,inf,1.0320725816598364,-1,0.7433989627479503,1.0152654452425751,1.0152654452425751,False
base__s30__5000K_2.0gcc,30,4.0,inf,1.0446140582602748,-1,0.7757058096335716,1.7230843954304107,1.7230843954304107,False
base__s30__5000K_2.0gcc,30,4.04,inf,1.0397997925663371,-1,0.5805086145294305,1.0194982731490572,1.0194982731490572,False
base__s30__5000K_2.0gcc,30,4.08,inf,1.0107746740248298,-1,0.662820835829231,0.9870872168047328,0.9870872168047328,False
base__s30__5000K_2.0gcc,30,4.12,inf,1.0547517664564492,-1,0.6255227429013994,1.3313870136700316,1.3313870136700316,False
base__s30__5000K_2.0gcc,30,4.16,inf,1.019758161996264,-1,0.6302675571173495,0.9378283706972951,0.9378283706972951,False
base__s30__5000K_2.0gcc,30,4.2,inf,1.0451910408207674,-1,0.6730847470635597,1.165177169126346,1.165177169126346,False
base__s30__5000K_2.0gcc,30,4.24,inf,1.052577305277859,-1,0.7361276769849497,1.7202479737417058,1.7202479737417058,False
base__s30__5000K_2.0gcc,30,4.28,inf,1.03424733208938,-1,0.6976041734783668,4.453497800588653,4.453497800588653,False
base__s30__5000K_2.0gcc,30,4.32,inf,1.0253538122701835,-1,0.7068579533408156,1.7268753313345033,1.7268753313345033,False
base__s30__5000K_2.0gcc,30,4.36,inf,1.009990635850155,-1,0.6995697726107784,0.7779808734889939,0.7426726484909633,False
base__s30__5000K_2.0gcc,30,4.4,inf,1.017358723769055,-1,0.6713285461344076,0.9709005825529047,0.9709005825529047,False
base__s30__5000K_2.0gcc,30,4.44,inf,1.0236193278782888,-1,0.6629734653036902,1.2096806691999684,1.2096806691999684,False
base__s30__5000K_2.0gcc,30,4.48,inf,1.0064786302401063,-1,0.7135751114346588,1.3582376349405028,1.3582376349405028,False
base__s30__5000K_2.0gcc,30,4.5200000000000005,inf,0.9756841879568412,-1,1.1510078249954865,1.2956263249426396,1.142371312450134,False
base__s30__5000K_2.0gcc,30,4.5600000000000005,inf,1.0548038216455229,-1,0.730628571943316,1.1722038884994055,1.1722038884994055,False
base__s30__5000K_2.0gcc,30,4.6000000000000005,inf,1.0238159238168736,-1,0.9188529493934757,3.699627885619493,3.699627885619493,False
base__s30__5000K_2.0gcc,30,4.64,inf,1.0133409474895403,-1,0.8591960256371094,2.9013597530794497,2.9013597530794497,False
base__s30__5000K_2.0gcc,30,4.68,inf,1.016197456443383,-1,0.6524136864879952,0.9113056318318691,0.9113056318318691,False
base__s30__5000K_2.0gcc,30,4.72,inf,1.0164503313207192,-1,0.7643382158854599,1.741073840566336,1.741073840566336,False
base__s30__5000K_2.0gcc,30,4.76,inf,1.0231432643012417,-1,0.8039473721199337,2.2063824539751957,2.2063824539751957,False
base__s30__5000K_2.0gcc,30,4.8,inf,1.0173663532621868,-1,0.6698284494519151,1.299387557124184,1.299387557124184,False
base__s30__5000K_2.0gcc,30,4.84,inf,1.020726379499422,-1,0.7966430875780077,2.907831814586682,2.907831814586682,False
base__s30__5000K_2.0gcc,30,4.88,inf,0.9988788369131666,-1,0.8130863764070583,1.7901450758562372,1.7901450758562372,False
base__s30__5000K_2.0gcc,30,4.92,inf,1.0358259703352684,-1,0.5862625970677271,0.7709255213556918,0.7709255213556918,False
base__s30__5000K_2.0gcc,30,4.96,inf,0.999864604890582,-1,0.8384828862782234,2.638521841192719,2.638521841192719,False
base__s30__5000K_2.0gcc,30,5.0,inf,1.0266407124802712,-1,0.6757079442826648,1.179523615936604,1.179523615936604,False
base__s30__5000K_2.0gcc,30,5.04,inf,0.9936682478201666,-1,0.7810252991865625,1.0563667215046815,1.0563667215046815,False
base__s30__5000K_2.0gcc,30,5.08,inf,1.0201229190215269,-1,0.7322872828818274,1.2522725587588428,1.2522725587588428,False
base__s30__5000K_2.0gcc,30,5.12,inf,0.973048417122704,-1,1.230985770065465,1.742361138825856,1.2555049281766704,False
base__s30__5000K_2.0gcc,30,5.16,inf,1.0095423236318528,-1,0.7984143498043028,1.7955300173532787,1.7955300173532787,False
base__s30__5000K_2.0gcc,30,5.2,inf,1.0391843380387336,-1,0.6744175465407578,1.1839256760731176,1.1839256760731176,False
base__s30__5000K_2.0gcc,30,5.24,inf,1.021844053358926,-1,0.7020293442384835,1.028407549801405,1.0254628557302428,False
base__s30__5000K_2.0gcc,30,5.28,inf,1.0273035607238985,-1,0.6350679189072238,1.3205451040338922,1.3205451040338922,False
base__s30__5000K_2.0gcc,30,5.32,inf,1.0469618682698043,-1,0.7005671755011369,1.0057779212688271,1.0057779212688271,False
base__s30__5000K_2.0gcc,30,5.36,inf,1.0330382688932676,-1,0.8052073463851137,1.1591112508456927,1.1591112508456927,False
base__s30__5000K_2.0gcc,30,5.4,inf,0.996408273399012,-1,0.7398793881375308,1.2026851102729157,1.2026851102729157,False
base__s30__5000K_2.0gcc,30,5.44,inf,1.0633622175105717,-1,0.6229047624645847,1.1820124204403828,1.1820124204403828,False
base__s30__5000K_2.0gcc,30,5.48,inf,1.015454188948965,-1,0.7215342478374528,1.009945087710354,1.009945087710354,False
base__s30__5000K_2.0gcc,30,5.5200000000000005,inf,0.9927047697689378,-1,0.7972847341247303,4.097566685467674,4.097566685467674,False
base__s30__5000K_2.0gcc,30,5.5600000000000005,inf,1.0426976223896356,-1,0.6680768052007175,1.1614614711485138,1.1614614711485138,False
base__s30__5000K_2.0gcc,30,5.6000000000000005,inf,1.0134214094220626,-1,0.8026026460557085,1.3497419329066187,1.3497419329066187,False
base__s30__5000K_2.0gcc,30,5.64,inf,1.0487305938276057,-1,0.6572244457668528,1.1948312925701914,1.1948312925701914,False
base__s30__5000K_2.0gcc,30,5.68,inf,1.0383116299753172,-1,0.7730146439681211,2.598927683482257,2.598927683482257,False
base__s30__5000K_2.0gcc,30,5.72,inf,1.023803148722448,-1,0.6456169396786394,1.389754387904007,1.389754387904007,False
base__s30__5000K_2.0gcc,30,5.76,inf,0.9880782783413468,-1,0.6501029909171356,4.201441613973715,4.201441613973715,False
base__s30__5000K_2.0gcc,30,5.8,inf,1.064402490980738,-1,0.6927031716172329,1.107964497731754,1.107964497731754,False
base__s30__5000K_2.0gcc,30,5.84,inf,1.0539095488252306,-1,0.6592771714362125,1.372285035120219,1.372285035120219,False
base__s30__5000K_2.0gcc,30,5.88,inf,0.9733341552550182,-1,1.1466366271225434,1.294521833598505,1.1466366271225434,False
base__s30__5000K_2.0gcc,30,5.92,inf,1.0417743299371511,-1,0.6947445260460723,0.9793868399715502,0.9793868399715502,False
base__s30__5000K_2.0gcc,30,5.96,inf,1.0430657782033694,-1,0.6693219171873862,2.9901611331708287,2.9901611331708287,False
base__s30__5000K_2.0gcc,30,6.0,inf,1.009172243925188,-1,0.6708050416926582,1.333590807632439,1.333590807632439,False
base__s30__5000K_2.0gcc,30,6.04,inf,1.023430357496298,-1,0.6268847729947493,1.2079157971483654,1.2079157971483654,False
base__s30__5000K_2.0gcc,30,6.08,inf,1.0465133773526252,-1,0.715820576546531,0.7793924382075368,0.715820576546531,False
base__s30__5000K_2.0gcc,30,6.12,inf,1.01346907147727,-1,0.6430856172560822,1.9566392376031252,1.9566392376031252,False
base__s30__5000K_2.0gcc,30,6.16,inf,1.001328842871311,-1,0.6941050223725039,1.2269723191077087,1.2269723191077087,False
base__s30__5000K_2.0gcc,30,6.2,inf,1.0284246440984377,-1,0.6556124953966862,2.7022098931693845,2.7022098931693845,False
base__s30__5000K_2.0gcc,30,6.24,inf,1.0429190865019198,-1,0.7444842062499596,1.1528173083432882,1.1528173083432882,False
base__s30__5000K_2.0gcc,30,6.28,inf,1.0226335013067982,-1,0.7595307941015957,2.1424102358189847,2.1424102358189847,False
base__s30__5000K_2.0gcc,30,6.32,inf,1.0651938589317904,-1,0.8231896041973112,4.109814966217582,4.109814966217582,False
base__s30__5000K_2.0gcc,30,6.36,inf,1.0210845254419445,-1,0.6891265366067768,0.9600913670364573,0.9600913670364573,False
base__s30__5000K_2.0gcc,30,6.4,inf,1.0297658525334772,-1,0.7632808929484598,1.0041143964029469,1.0041143964029469,False
base__s30__5000K_2.0gcc,30,6.44,inf,1.063009623096141,-1,0.6328668132575407,1.4605502091805915,1.4605502091805915,False
base__s30__5000K_2.0gcc,30,6.48,inf,1.0577551491559845,-1,0.6458652263878877,1.9605340615528395,1.9605340615528395,False
base__s30__5000K_2.0gcc,30,6.5200000000000005,inf,1.0454710742005255,-1,0.6809289299682885,1.1606630239405313,1.1606630239405313,False
base__s30__5000K_2.0gcc,30,6.5600000000000005,inf,1.020793540748569,-1,0.7762900587825662,4.136661565854495,4.136661565854495,False
base__s30__5000K_2.0gcc,30,6.6000000000000005,inf,0.9633851830207896,-1,0.948646569899877,1.326532716662636,1.326532716662636,False
base__s30__5000K_2.0gcc,30,6.640000000000001,inf,1.0356011310214952,-1,0.77489504364409,1.260755709191278,1.260755709191278,False
base__s30__5000K_2.0gcc,30,6.68,inf,0.9921366881085492,-1,0.8848160009014421,0.9904212252772417,0.9496222303947326,False
base__s30__5000K_2.0gcc,30,6.72,inf,1.0464088098205209,-1,0.6568496227321996,0.9708813149231427,0.9708813149231427,False
base__s30__5000K_2.0gcc,30,6.76,inf,1.0333896154790798,-1,0.7334263819700345,1.0045779926413778,1.0045779926413778,False
base__s30__5000K_2.0gcc,30,6.8,inf,1.0314294963670565,-1,0.5773360155994863,0.8080798316996758,0.8080798316996758,False
base__s30__5000K_2.0gcc,30,6.84,inf,1.0254352985215596,-1,0.66691276344189,1.0744623883240945,1.0744623883240945,False
base__s30__5000K_2.0gcc,30,6.88,inf,1.0014193818480843,-1,0.701019881367684,1.2161061646518772,1.2161061646518772,False
base__s30__5000K_2.0gcc,30,6.92,inf,1.035687350777733,-1,0.6680231581195233,1.6498403749454713,1.6498403749454713,False
base__s30__5000K_2.0gcc,30,6.96,inf,1.05465498871669,-1,0.7444086935254438,5.188129513331107,5.188129513331107,False
base__s30__5000K_2.0gcc,30,7.0,inf,1.0253419184803676,-1,0.7955316601001844,1.0177873244643174,1.0177873244643174,False
base__s30__5000K_2.0gcc,30,7.04,inf,1.009329214863515,-1,1.036089810205996,2.1322981143766406,2.1322981143766406,False
base__s30__5000K_2.0gcc,30,7.08,inf,1.006900274927462,-1,0.7149816912007577,1.0615734282191405,1.0615734282191405,False
base__s30__5000K_2.0gcc,30,7.12,inf,1.0157443283164318,-1,0.7723932674161127,0.849367157918038,0.849367157918038,False
base__s30__5000K_2.0gcc,30,7.16,inf,1.0407046423558417,-1,0.6381033230696137,2.097858104692612,2.097858104692612,False
base__s30__5000K_2.0gcc,30,7.2,inf,1.0404587798990406,-1,0.7372227052219397,1.2345979980373578,1.2345979980373578,False
base__s30__5000K_2.0gcc,30,7.24,inf,1.0208825704668485,-1,0.6550811771882439,1.8499731991110053,1.8499731991110053,False
base__s30__5000K_2.0gcc,30,7.28,inf,1.0244171025544235,-1,0.6850526640867839,0.9884193302415618,0.9884193302415618,False
base__s30__5000K_2.0gcc,30,7.32,inf,1.0182178489041531,-1,0.6755313418413824,1.217319186115225,1.217319186115225,False
base__s30__5000K_2.0gcc,30,7.36,inf,0.9984365641046004,-1,0.7413810685571105,1.6280160286051342,1.6280160286051342,False
base__s30__5000K_2.0gcc,30,7.4,inf,1.0327136137119537,-1,0.6809103309310683,0.9290201201449445,0.9290201201449445,False
base__s30__5000K_2.0gcc,30,7.44,inf,1.0315365329075843,-1,0.6549140874779539,1.2044953002617524,1.2044953002617524,False
base__s30__5000K_2.0gcc,30,7.48,inf,1.0289147051238017,-1,0.7622660218417383,1.6344707811106816,1.6344707811106816,False
base__s30__5000K_2.0gcc,30,7.52,inf,1.0450915073112028,-1,0.7552997297439842,1.0889713969418469,1.0889713969418469,False
base__s30__5000K_2.0gcc,30,7.56,inf,1.0468515691773117,-1,0.7020780661920677,0.9822230089382593,0.9822230089382593,False
base__s30__5000K_2.0gcc,30,7.6,inf,1.0372943713107672,-1,0.9761429555445484,2.718528013104321,2.718528013104321,False
base__s30__5000K_2.0gcc,30,7.640000000000001,inf,1.026076119403916,-1,0.6252550729748256,0.7889706022782897,0.7889706022782897,False
base__s30__5000K_2.0gcc,30,7.68,inf,1.0347193454782797,-1,0.6561943938032819,0.8045771730564757,0.8045771730564757,False
base__s30__5000K_2.0gcc,30,7.72,inf,1.0180552491697097,-1,0.7078014533494446,1.4239510384720542,1.4239510384720542,False
base__s30__5000K_2.0gcc,30,7.76,inf,0.9917798864133104,-1,0.7386294046308925,2.1765070639050927,2.1765070639050927,False
base__s30__5000K_2.0gcc,30,7.8,inf,1.0589172142084575,-1,0.62077952032877,0.8785436281856818,0.8785436281856818,False
base__s30__5000K_2.0gcc,30,7.84,inf,1.0347931625276623,-1,1.008275382370429,4.331772217872204,4.331772217872204,False
base__s30__5000K_2.0gcc,30,7.88,inf,1.03442776900468,-1,0.6244778451404699,0.9610544482634445,0.9610544482634445,False
base__s30__5000K_2.0gcc,30,7.92,inf,1.031003487196818,-1,0.7109116096471746,1.3948964123677232,1.3948964123677232,False
base__s30__5000K_2.0gcc,30,7.96,inf,1.0235717645827278,-1,0.701105614266068,1.2068011545697073,1.2068011545697073,False
base__s30__5000K_2.0gcc,30,8.0,inf,1.0284740061338449,-1,0.6824278931259815,1.3461764975918225,1.3461764975918225,False
base__s30__5000K_2.0gcc,30,8.040000000000001,inf,1.0395400217956978,-1,0.6730805636747949,1.0397646649116952,1.0397646649116952,False
base__s30__5000K_2.0gcc,30,8.08,inf,1.044812880895426,-1,0.7061609347358291,2.6704273006906094,2.6704273006906094,False
base__s30__5000K_2.0gcc,30,8.120000000000001,inf,0.986488985815858,-1,0.7411862775888428,2.9616536283830683,2.9616536283830683,False
base__s30__5000K_2.0gcc,30,8.16,inf,1.0644244437934522,-1,0.7043693044122223,1.3625370360711917,1.3625370360711917,False
base__s30__5000K_2.0gcc,30,8.2,inf,1.014525751595296,-1,0.7006777148321505,0.9310381643255481,0.9310381643255481,False
base__s30__5000K_2.0gcc,30,8.24,inf,1.0051349577335371,-1,0.6522601891676203,1.1310514521005466,1.1310514521005466,False
base__s30__5000K_2.0gcc,30,8.28,inf,1.0004797689273883,-1,0.6060805970710927,0.892515647414666,0.892515647414666,False
base__s30__5000K_2.0gcc,30,8.32,inf,1.022993179727998,-1,0.9337670133261206,1.663019731995427,1.663019731995427,False
base__s30__5000K_2.0gcc,30,8.36,inf,1.0070977869442472,-1,0.7270173693472994,1.0534301612786146,1.0534301612786146,False
base__s30__5000K_2.0gcc,30,8.4,inf,1.019795570837117,-1,0.6255899893547289,2.700233022869388,2.700233022869388,False
base__s30__5000K_2.0gcc,30,8.44,inf,1.0602116697707118,-1,0.6909149062331074,0.9992843046349129,0.9992843046349129,False
base__s30__5000K_2.0gcc,30,8.48,inf,1.0264733757881883,-1,0.652898576994434,0.8186989622383696,0.8186989622383696,False
base__s30__5000K_2.0gcc,30,8.52,inf,1.0103174273217306,-1,0.6447879254149497,2.8522375894760135,2.8522375894760135,False
base__s30__5000K_2.0gcc,30,8.56,inf,1.0257486931768427,-1,0.6935732164733321,1.0385019301657104,1.0385019301657104,False
base__s30__5000K_2.0gcc,30,8.6,inf,1.0323011512368852,-1,0.7980286038573645,1.1076580584295628,1.1076580584295628,False
base__s30__5000K_2.0gcc,30,8.64,inf,1.0505018645604582,-1,0.675650213146134,4.583078555667193,4.583078555667193,False
base__s30__5000K_2.0gcc,30,8.68,inf,0.9973314944360276,-1,0.7571199291394114,1.0308452040211353,1.0308452040211353,False
base__s30__5000K_2.0gcc,30,8.72,inf,1.0187177881857166,-1,0.7353965355651972,2.0267715892794738,2.0267715892794738,False
base__s30__5000K_2.0gcc,30,8.76,inf,1.0157778827563633,-1,0.7001393502484697,1.1385527174703998,1.1385527174703998,False
base__s30__5000K_2.0gcc,30,8.8,inf,0.9955038066190404,-1,0.9344417891763129,1.091613081168299,1.091613081168299,False
base__s30__5000K_2.0gcc,30,8.84,inf,1.0658687670257534,-1,0.6844092922479122,0.8053101739018654,0.8053101739018654,False
base__s30__5000K_2.0gcc,30,8.88,inf,1.0404901639213122,-1,0.7411174930578192,0.87357727957617,0.87357727957617,False
base__s30__5000K_2.0gcc,30,8.92,inf,1.0245985686560366,-1,0.6547624570720425,0.807702437102116,0.807702437102116,False
base__s30__5000K_2.0gcc,30,8.96,inf,1.06150424635326,-1,0.6814931029102403,1.0647394105772527,1.0647394105772527,False
base__s30__5000K_2.0gcc,30,9.0,inf,0.995017823997641,-1,0.8074141832521299,3.2153423641592065,3.2153423641592065,False
base__s30__5000K_2.0gcc,30,9.04,inf,1.046442147796523,-1,0.7187778975932129,1.0342366679376624,1.0342366679376624,False
base__s30__5000K_2.0gcc,30,9.08,inf,1.0597909351518349,-1,0.710128733493921,0.9948980332677759,0.9948980332677759,False
base__s30__5000K_2.0gcc,30,9.12,inf,1.012667275014849,-1,0.6909828668810649,2.2764469090048363,2.2764469090048363,False
base__s30__5000K_2.0gcc,30,9.16,inf,1.04900430773472,-1,0.7147691833721633,1.1134093754830616,1.1134093754830616,False
base__s30__5000K_2.0gcc,30,9.2,inf,1.0606581778664608,-1,0.708121905158839,1.5243962511358715,1.5243962511358715,False
base__s30__5000K_2.0gcc,30,9.24,inf,1.0687003851917525,-1,0.8196085041704222,1.6701966093627234,1.6701966093627234,False
base__s30__5000K_2.0gcc,30,9.28,inf,1.0495017588832332,-1,0.6950477372915603,8.43898800743138,8.43898800743138,False
base__s30__5000K_2.0gcc,30,9.32,inf,1.0241486394083623,-1,0.6502133962461649,1.3564336872570515,1.3564336872570515,False
base__s30__5000K_2.0gcc,30,9.36,inf,1.02255890160714,-1,0.6967273826325648,1.6768113831618048,1.6768113831618048,False
base__s30__5000K_2.0gcc,30,9.4,inf,1.0350439674825411,-1,0.8051297588472799,1.2800564144067723,1.2800564144067723,False
base__s30__5000K_2.0gcc,30,9.44,inf,1.0023892687683764,-1,1.2290525211665795,5.662173742374513,5.662173742374513,False
base__s30__5000K_2.0gcc,30,9.48,inf,1.077443056196011,-1,0.6338986306168277,0.9902301155667088,0.9902301155667088,False
base__s30__5000K_2.0gcc,30,9.52,inf,1.0080305570333667,-1,0.6342728296913889,1.0160365379317846,1.0160365379317846,False
base__s30__5000K_2.0gcc,30,9.56,inf,0.9827015588498884,-1,0.952131008439072,1.1085269983326849,0.9946934251766969,False
base__s30__5000K_2.0gcc,30,9.6,inf,1.009176359516016,-1,0.7066624533664061,0.9550102750185185,0.9096065907209706,False
base__s30__5000K_2.0gcc,30,9.64,inf,1.008907988500933,-1,0.6903198535547194,1.0494224140781745,1.0494224140781745,False
base__s30__5000K_2.0gcc,30,9.68,inf,1.0217697998223476,-1,0.610216721554824,0.9842688514344585,0.9842688514344585,False
base__s30__5000K_2.0gcc,30,9.72,inf,1.014244246214392,-1,0.8152852976175924,3.8686538859368995,3.8686538859368995,False
base__s30__5000K_2.0gcc,30,9.76,inf,1.0317674887231134,-1,0.7685191557246528,1.0973319816364422,1.0973319816364422,False
base__s30__5000K_2.0gcc,30,9.8,inf,1.0337585933993498,-1,0.6083065341931455,1.0691595672985386,1.0691595672985386,False
base__s30__5000K_2.0gcc,30,9.84,inf,1.0031234447509436,-1,0.6931067758701499,1.0091348226540833,1.0091348226540833,False
base__s30__5000K_2.0gcc,30,9.88,inf,1.0410230553335504,-1,0.6584686637643085,0.8701715639282634,0.8701715639282634,False
base__s30__5000K_2.0gcc,30,9.92,inf,1.026431492195656,-1,0.6022718908180718,0.956163491120375,0.956163491120375,False
base__s30__5000K_2.0gcc,30,9.96,inf,1.0162559465503755,-1,0.7090399019859888,0.9572871669102565,0.9572871669102565,False
base__s30__5000K_2.0gcc,30,10.0,inf,1.0271846543309522,-1,0.6976351500432065,1.6681065228726162,1.6681065228726162,False
base__s31__5000K_2.0gcc,31,0.0,inf,1.0310702502254634,-1,0.8928044464759279,1.0000000000000064,1.0000000000000064,False
base__s31__5000K_2.0gcc,31,0.04,inf,1.0271151795071478,-1,0.6775511244191262,0.863503869856537,0.863503869856537,False
base__s31__5000K_2.0gcc,31,0.08,inf,1.0299141853169127,-1,0.7987612396831458,1.0437669705068564,1.0437669705068564,False
base__s31__5000K_2.0gcc,31,0.12,inf,1.0340343648012862,-1,0.727675585696924,0.968028704959654,0.968028704959654,False
base__s31__5000K_2.0gcc,31,0.16,inf,1.0606182812463678,-1,0.705773421819005,0.9055423277430226,0.9055423277430226,False
base__s31__5000K_2.0gcc,31,0.2,inf,1.0686559532557705,-1,0.7881258004489965,1.0432037263609875,1.0432037263609875,False
base__s31__5000K_2.0gcc,31,0.24,inf,1.033624693587571,-1,0.7007823855019555,0.6982999579309117,0.6690366709915534,False
base__s31__5000K_2.0gcc,31,0.28,inf,1.0159354086205483,-1,0.6432774601255906,0.8995539785038439,0.8995539785038439,False
base__s31__5000K_2.0gcc,31,0.32,inf,1.0177358280005673,-1,0.7489553621317103,2.671440852789789,2.671440852789789,False
base__s31__5000K_2.0gcc,31,0.36,inf,1.016733381919272,-1,0.7081205361365621,0.9800942443428011,0.9800942443428011,False
base__s31__5000K_2.0gcc,31,0.4,inf,1.026263568845743,-1,0.8096765837568458,0.8204749807647709,0.8204749807647709,False
base__s31__5000K_2.0gcc,31,0.44,inf,1.0392366005015414,-1,0.6815332730531044,1.3590973105609545,1.3590973105609545,False
base__s31__5000K_2.0gcc,31,0.48,inf,1.0350355905639188,-1,0.7480453233971511,0.7771345321313602,0.7480453233971511,False
base__s31__5000K_2.0gcc,31,0.52,inf,1.0278236869570576,-1,0.7071056298701868,0.6971552741617826,0.7521753935046518,False
base__s31__5000K_2.0gcc,31,0.56,inf,1.0319604459188352,-1,0.6776588092460507,0.889234429461521,0.889234429461521,False
base__s31__5000K_2.0gcc,31,0.6,inf,1.0421375813283964,-1,0.7219136004578269,1.3747614531258292,1.3747614531258292,False
base__s31__5000K_2.0gcc,31,0.64,inf,1.0026897841830245,-1,0.7292816583206194,1.1896588298556618,1.1896588298556618,False
base__s31__5000K_2.0gcc,31,0.68,inf,1.00624994828621,-1,0.7797801499226777,1.0884863700620044,1.0884863700620044,False
base__s31__5000K_2.0gcc,31,0.72,inf,1.0424741882185862,-1,0.7261790584061851,1.0180769673903245,1.0180769673903245,False
base__s31__5000K_2.0gcc,31,0.76,inf,1.0227230272146028,-1,0.708315221428493,1.8246986743377462,1.8246986743377462,False
base__s31__5000K_2.0gcc,31,0.8,inf,1.0192719018348344,-1,0.649594440290687,1.1389343941631231,1.1389343941631231,False
base__s31__5000K_2.0gcc,31,0.84,inf,0.995164477532232,-1,0.7976663461048401,0.9534318628837022,0.9534318628837022,False
base__s31__5000K_2.0gcc,31,0.88,inf,1.035553598696369,-1,0.5811983979013379,0.9542699822761485,0.9542699822761485,False
base__s31__5000K_2.0gcc,31,0.92,inf,1.0278430983832112,-1,0.7313538891907291,1.348966987592799,1.348966987592799,False
base__s31__5000K_2.0gcc,31,0.96,inf,0.9934909850753542,-1,0.9671943078541121,1.0040187864769323,0.9733101792286339,False
base__s31__5000K_2.0gcc,31,1.0,inf,1.0279867853863691,-1,0.6445140862498036,1.228127028094137,1.228127028094137,False
base__s31__5000K_2.0gcc,31,1.04,inf,1.0500335506496918,-1,0.6533808524662129,3.7390383479284552,3.7390383479284552,False
base__s31__5000K_2.0gcc,31,1.08,inf,1.0480703516467778,-1,0.7264597682260842,7.672369128392168,7.672369128392168,False
base__s31__5000K_2.0gcc,31,1.12,inf,1.04903187330319,-1,0.7086975145374608,0.9576634952663747,0.9576634952663747,False
base__s31__5000K_2.0gcc,31,1.16,inf,1.0316177075050623,-1,0.6760858462012521,0.9136431294192787,0.9136431294192787,False
base__s31__5000K_2.0gcc,31,1.2,inf,1.011465113587711,-1,0.6198356642752026,1.2316617810782209,1.2316617810782209,False
base__s31__5000K_2.0gcc,31,1.24,inf,1.022510133784012,-1,0.7076434160841405,1.276992494751676,1.276992494751676,False
base__s31__5000K_2.0gcc,31,1.28,inf,1.0462912472046195,-1,0.7373619211699217,11.550553824816273,11.550553824816273,False
base__s31__5000K_2.0gcc,31,1.32,inf,1.008689165317542,-1,0.8189510080206631,1.7333687261809636,1.7333687261809636,False
base__s31__5000K_2.0gcc,31,1.36,inf,1.0226001867435774,-1,0.8668139647304571,1.2120373101186284,1.2120373101186284,False
base__s31__5000K_2.0gcc,31,1.4,inf,1.0306586641109654,-1,0.6804851739044586,1.2211495452482375,1.2211495452482375,False
base__s31__5000K_2.0gcc,31,1.44,inf,1.0009179954791505,-1,0.7115785101028281,7.609722152868339,7.609722152868339,False
base__s31__5000K_2.0gcc,31,1.48,inf,1.049932264719491,-1,0.6376972044727415,1.2696788289493117,1.2696788289493117,False
base__s31__5000K_2.0gcc,31,1.52,inf,1.036436809362732,-1,0.7938701752111248,1.00806861550048,1.00806861550048,False
base__s31__5000K_2.0gcc,31,1.56,inf,1.0103906618402605,-1,0.7048988247607813,1.2299660256823006,1.2299660256823006,False
base__s31__5000K_2.0gcc,31,1.6,inf,1.048141983554232,-1,0.620954347205835,1.390673039147244,1.390673039147244,False
base__s31__5000K_2.0gcc,31,1.64,inf,1.007143263287304,-1,0.8690755802355202,1.4408430174473617,1.4408430174473617,False
base__s31__5000K_2.0gcc,31,1.68,inf,1.0268153232256525,-1,0.6804918914342485,1.4027930491688785,1.4027930491688785,False
base__s31__5000K_2.0gcc,31,1.72,inf,1.0168279926914878,-1,0.7886141030450464,1.006551116719026,1.006551116719026,False
base__s31__5000K_2.0gcc,31,1.76,inf,1.0591817914871835,-1,0.6921931056039137,1.495678944705226,1.495678944705226,False
base__s31__5000K_2.0gcc,31,1.8,inf,1.0440226560424828,-1,0.7611376466194192,1.0694938072501137,1.0694938072501137,False
base__s31__5000K_2.0gcc,31,1.84,inf,1.0451250239741643,-1,0.6918565248317032,0.8948527961883839,0.8948527961883839,False
base__s31__5000K_2.0gcc,31,1.88,inf,1.0269748639226768,-1,0.6632494093842286,1.0595500966013511,1.0595500966013511,False
base__s31__5000K_2.0gcc,31,1.92,inf,1.0395857684236538,-1,0.7465299861461573,1.241734037032591,1.241734037032591,False
base__s31__5000K_2.0gcc,31,1.96,inf,1.070178354691404,-1,0.6877635643667059,1.205584210232106,1.205584210232106,False
base__s31__5000K_2.0gcc,31,2.0,inf,1.0204281032125682,-1,0.722580414658478,2.1815582784336875,2.1815582784336875,False
base__s31__5000K_2.0gcc,31,2.04,inf,1.0395233237763353,-1,0.6754306899964024,3.4025151687265565,3.4025151687265565,False
base__s31__5000K_2.0gcc,31,2.08,inf,0.988232387205054,-1,0.982882173314813,1.137137769561355,1.0849170761020193,False
base__s31__5000K_2.0gcc,31,2.12,inf,1.046025656337836,-1,0.9491399238030802,1.7642885148911156,1.7642885148911156,False
base__s31__5000K_2.0gcc,31,2.16,inf,1.0217305238001857,-1,0.7819122683186729,1.1244374016847771,1.1244374016847771,False
base__s31__5000K_2.0gcc,31,2.2,inf,1.03263371686092,-1,0.7585503383559213,1.1412361588986455,1.1412361588986455,False
base__s31__5000K_2.0gcc,31,2.24,inf,1.0665699087940743,-1,0.6283841379702497,1.6777541789060653,1.6777541789060653,False
base__s31__5000K_2.0gcc,31,2.28,inf,0.9902219983786462,-1,0.6863382477720057,0.8152668960624185,0.8152668960624185,False
base__s31__5000K_2.0gcc,31,2.32,inf,1.0552982036964718,-1,0.7329432465230934,3.2556604186109626,3.2556604186109626,False
base__s31__5000K_2.0gcc,31,2.36,inf,1.0018715970202972,-1,0.6475380339279729,1.1763219528466515,1.1763219528466515,False
base__s31__5000K_2.0gcc,31,2.4,inf,1.0530524329761553,-1,0.8374179093487925,1.0637348219747123,1.0637348219747123,False
base__s31__5000K_2.0gcc,31,2.44,inf,1.0571193703674144,-1,0.5849303248973163,0.9424976304384034,0.9424976304384034,False
base__s31__5000K_2.0gcc,31,2.48,inf,1.024879287418767,-1,0.640861580018047,1.12691020206467,1.12691020206467,False
base__s31__5000K_2.0gcc,31,2.52,inf,1.0453755573725645,-1,0.6701838960110356,1.3461949664940476,1.3461949664940476,False
base__s31__5000K_2.0gcc,31,2.56,inf,1.042266168529422,-1,0.6584418688271928,1.0570100022007485,1.0570100022007485,False
base__s31__5000K_2.0gcc,31,2.6,inf,1.029852779490836,-1,0.6740907865300837,0.954487270456547,0.954487270456547,False
base__s31__5000K_2.0gcc,31,2.64,inf,1.0261455338435186,-1,0.6002947950855071,1.0881643946382495,1.0881643946382495,False
base__s31__5000K_2.0gcc,31,2.68,inf,1.0630883549573855,-1,0.6478087226065767,1.5192608943048982,1.5192608943048982,False
base__s31__5000K_2.0gcc,31,2.72,inf,1.0120964616403916,-1,0.7549922015276433,0.8316675264195886,0.8316675264195886,False
base__s31__5000K_2.0gcc,31,2.76,inf,1.015675349614236,-1,0.718648698840525,1.682182896473174,1.682182896473174,False
base__s31__5000K_2.0gcc,31,2.8000000000000003,inf,1.0253104356232796,-1,0.6801217374215012,1.035045261482559,1.035045261482559,False
base__s31__5000K_2.0gcc,31,2.84,inf,1.0145523920010242,-1,0.6791543935998277,1.1559279727155747,1.1559279727155747,False
base__s31__5000K_2.0gcc,31,2.88,inf,1.0159380756822731,-1,0.6445731657597993,0.9799831815044241,0.9799831815044241,False
base__s31__5000K_2.0gcc,31,2.92,inf,1.0259169017381475,-1,0.6405148075346737,1.139458916967358,1.139458916967358,False
base__s31__5000K_2.0gcc,31,2.96,inf,1.014425040190256,-1,0.6794595901006302,1.0739604538504046,0.8953118395829571,False
base__s31__5000K_2.0gcc,31,3.0,inf,1.0494228383921331,-1,0.987168568626515,7.154382665310723,7.154382665310723,False
base__s31__5000K_2.0gcc,31,3.04,inf,1.0188665767140463,-1,0.7071175499659452,1.2281991130609813,1.2281991130609813,False
base__s31__5000K_2.0gcc,31,3.08,inf,1.024239073610259,-1,0.7122513916344464,0.9262966482811261,0.9262966482811261,False
base__s31__5000K_2.0gcc,31,3.12,inf,1.0297614210893706,-1,0.7945150525308513,1.3845763115830505,1.3845763115830505,False
base__s31__5000K_2.0gcc,31,3.16,inf,1.0292767644297618,-1,0.7941091618825226,1.4557114523038244,1.4557114523038244,False
base__s31__5000K_2.0gcc,31,3.2,inf,1.0296036263174289,-1,0.7132459834769737,0.9538574189975529,0.9538574189975529,False
base__s31__5000K_2.0gcc,31,3.24,inf,1.0260870343143411,-1,0.6802418848597236,0.8694233368971928,0.8572800604633912,False
base__s31__5000K_2.0gcc,31,3.28,inf,1.0205624206416772,-1,0.6107877116406425,0.9908365490732169,0.9908365490732169,False
base__s31__5000K_2.0gcc,31,3.3200000000000003,inf,1.0371682540465654,-1,0.7071558099855924,1.108209640211363,1.108209640211363,False
base__s31__5000K_2.0gcc,31,3.36,inf,0.9953451819399148,-1,0.7774098995580662,1.5839596591163592,1.5839596591163592,False
base__s31__5000K_2.0gcc,31,3.4,inf,1.0513424549393977,-1,0.6813549923875334,1.268877862386761,1.268877862386761,False
base__s31__5000K_2.0gcc,31,3.44,inf,1.0490268617199467,-1,0.788773750491601,0.9898658912514895,0.9898658912514895,False
base__s31__5000K_2.0gcc,31,3.48,inf,1.0157331586479788,-1,0.7651241661113846,4.100952584925951,4.100952584925951,False
base__s31__5000K_2.0gcc,31,3.52,inf,0.998132099154215,-1,0.6876272291764225,1.446404933834429,1.446404933834429,False
base__s31__5000K_2.0gcc,31,3.56,inf,1.00738627809247,-1,0.7128436313251089,0.8686115437942767,0.8686115437942767,False
base__s31__5000K_2.0gcc,31,3.6,inf,1.0164041759708589,-1,0.8171294718543847,0.9445607452445695,0.9445607452445695,False
base__s31__5000K_2.0gcc,31,3.64,inf,1.0041657982156131,-1,0.7637751065480056,1.129974749039523,1.129974749039523,False
base__s31__5000K_2.0gcc,31,3.68,inf,1.0141854478886,-1,0.6282120383428224,1.0302856363040382,1.0302856363040382,False
base__s31__5000K_2.0gcc,31,3.72,inf,1.0067973660558511,-1,0.6791738171023128,1.3936967482503537,1.3936967482503537,False
base__s31__5000K_2.0gcc,31,3.76,inf,1.006758531003338,-1,0.839293315956974,1.006122091333934,1.006122091333934,False
base__s31__5000K_2.0gcc,31,3.8,inf,1.0157272464067313,-1,0.6501594080602574,1.1906179040806741,1.1906179040806741,False
base__s31__5000K_2.0gcc,31,3.84,inf,1.040922944718292,-1,0.6383563212700273,0.8755110017800034,0.8755110017800034,False
base__s31__5000K_2.0gcc,31,3.88,inf,1.0250729666228644,-1,0.666506772283517,1.005404365631267,1.005404365631267,False
base__s31__5000K_2.0gcc,31,3.92,inf,0.988778509967728,-1,1.0824877605762455,1.5716730401983299,1.5716730401983299,False
base__s31__5000K_2.0gcc,31,3.96,inf,1.0107827552412043,-1,0.7065149505310704,1.6136631678087254,1.6136631678087254,False
base__s31__5000K_2.0gcc,31,4.0,inf,1.049633879996735,-1,0.6063925746642891,1.319208173429418,1.319208173429418,False
base__s31__5000K_2.0gcc,31,4.04,inf,1.0399114726677456,-1,0.7713391396555938,1.1594354547223187,1.1594354547223187,False
base__s31__5000K_2.0gcc,31,4.08,inf,1.0288701430355534,-1,0.6179977396931713,0.9672702462177434,0.9672702462177434,False
base__s31__5000K_2.0gcc,31,4.12,inf,1.002166553836736,-1,0.7762908257589876,1.549776315321577,1.549776315321577,False
base__s31__5000K_2.0gcc,31,4.16,inf,1.0333497203701174,-1,0.6178998476019512,0.8258155896954348,0.8258155896954348,False
base__s31__5000K_2.0gcc,31,4.2,inf,1.0542075782553448,-1,0.8294826440301385,0.8808411716512137,0.8485701866602952,False
base__s31__5000K_2.0gcc,31,4.24,inf,1.04312214577872,-1,0.682671915446152,1.2984695206632724,1.2984695206632724,False
base__s31__5000K_2.0gcc,31,4.28,inf,1.0487638090575964,-1,0.6493273165706827,1.1869808787844929,1.1869808787844929,False
base__s31__5000K_2.0gcc,31,4.32,inf,1.0335593494957125,-1,0.7261298507962686,3.7447986447920227,3.7447986447920227,False
base__s31__5000K_2.0gcc,31,4.36,inf,1.0463567507733675,-1,0.6761410402390311,0.8982249902388485,0.8982249902388485,False
base__s31__5000K_2.0gcc,31,4.4,inf,1.0227408418587765,-1,0.716657400962692,0.9232167829715486,0.9232167829715486,False
base__s31__5000K_2.0gcc,31,4.44,inf,1.0584545148214912,-1,0.7051177634711546,1.1915000938341005,1.1915000938341005,False
base__s31__5000K_2.0gcc,31,4.48,inf,1.0316660027358662,-1,0.6849804932282654,0.853589872329727,0.853589872329727,False
base__s31__5000K_2.0gcc,31,4.5200000000000005,inf,1.0196307691022268,-1,0.7146337767843598,2.855870751037612,2.855870751037612,False
base__s31__5000K_2.0gcc,31,4.5600000000000005,inf,1.0138283609418304,-1,0.7401871907928463,1.2516614854139756,1.2516614854139756,False
base__s31__5000K_2.0gcc,31,4.6000000000000005,inf,1.056815538029698,-1,0.616301927152237,1.227478157311086,1.227478157311086,False
base__s31__5000K_2.0gcc,31,4.64,inf,1.016319754847853,-1,0.7792377320641465,1.4420883511836278,1.4420883511836278,False
base__s31__5000K_2.0gcc,31,4.68,inf,1.0108956118180552,-1,0.6954836809763478,0.980767610119797,0.980767610119797,False
base__s31__5000K_2.0gcc,31,4.72,inf,1.03441281916699,-1,0.699858253461097,1.2137466752280939,1.2137466752280939,False
base__s31__5000K_2.0gcc,31,4.76,inf,1.029176923148299,-1,0.6577820382228542,1.1752006187917634,1.1752006187917634,False
base__s31__5000K_2.0gcc,31,4.8,inf,1.036022915171764,-1,0.8493088518279877,0.9799052478793424,0.9799052478793424,False
base__s31__5000K_2.0gcc,31,4.84,inf,1.0273132340250462,-1,0.6510486939425943,2.111095950033955,2.111095950033955,False
base__s31__5000K_2.0gcc,31,4.88,inf,1.0105016380273708,-1,0.6601226762099964,0.8296633927262296,0.8296633927262296,False
base__s31__5000K_2.0gcc,31,4.92,inf,1.04534891373407,-1,0.737908559363136,0.922652259986138,0.922652259986138,False
base__s31__5000K_2.0gcc,31,4.96,inf,1.0294361358904205,-1,0.7025424781064337,1.000415519869603,1.000415519869603,False
base__s31__5000K_2.0gcc,31,5.0,inf,1.0400564974317503,-1,0.6380988894570836,0.895866781632845,0.895866781632845,False
base__s31__5000K_2.0gcc,31,5.04,inf,1.0249923202765958,-1,0.6431206032802347,5.221481054905187,5.221481054905187,False
base__s31__5000K_2.0gcc,31,5.08,inf,1.0239560663490408,-1,0.7729722757497491,1.5575915163265872,1.5575915163265872,False
base__s31__5000K_2.0gcc,31,5.12,inf,1.0280357703120064,-1,0.5903305014759896,1.019680402271407,1.019680402271407,False
base__s31__5000K_2.0gcc,31,5.16,inf,1.0280886457684466,-1,0.6594523698234266,0.9460877328025898,0.9460877328025898,False
base__s31__5000K_2.0gcc,31,5.2,inf,1.0477751505614166,-1,0.7321626710761245,1.286846620609531,1.286846620609531,False
base__s31__5000K_2.0gcc,31,5.24,inf,1.0312352564366682,-1,0.625930919534856,0.7849450836083761,0.6894823077346377,False
base__s31__5000K_2.0gcc,31,5.28,inf,1.0426180303668264,-1,0.6772835415285083,1.2805607372176941,1.2805607372176941,False
base__s31__5000K_2.0gcc,31,5.32,inf,1.0240534162225126,-1,0.6713382005220971,1.1215532122684466,1.1215532122684466,False
base__s31__5000K_2.0gcc,31,5.36,inf,1.0488146785133208,-1,0.704389110765334,1.0530671086830865,1.0530671086830865,False
base__s31__5000K_2.0gcc,31,5.4,inf,1.017243364327829,-1,0.7347639111193502,1.4472967454632741,1.4472967454632741,False
base__s31__5000K_2.0gcc,31,5.44,inf,1.032963373896673,-1,0.7497408711445697,1.3490767370092027,1.3490767370092027,False
base__s31__5000K_2.0gcc,31,5.48,inf,1.0682788279344493,-1,0.7431293471185515,3.141767752622375,3.141767752622375,False
base__s31__5000K_2.0gcc,31,5.5200000000000005,inf,1.0611309105972735,-1,0.7984215157091205,1.3705058536317485,1.3705058536317485,False
base__s31__5000K_2.0gcc,31,5.5600000000000005,inf,1.0315771532454572,-1,0.6790656633090751,1.5125971825730615,1.5125971825730615,False
base__s31__5000K_2.0gcc,31,5.6000000000000005,inf,1.0334388759118756,-1,0.7002106226852591,1.1646985911358443,1.1646985911358443,False
base__s31__5000K_2.0gcc,31,5.64,inf,1.003256176511762,-1,0.8210850951317379,0.9538639750568866,0.9538639750568866,False
base__s31__5000K_2.0gcc,31,5.68,inf,1.001198030372612,-1,0.6710722701658169,0.9304734610758795,0.9304734610758795,False
base__s31__5000K_2.0gcc,31,5.72,inf,1.024997403202076,-1,0.7328873073202612,4.737071444607139,4.737071444607139,False
base__s31__5000K_2.0gcc,31,5.76,inf,1.0171351551116503,-1,0.7749323434518912,0.9147188916345736,0.9147188916345736,False
base__s31__5000K_2.0gcc,31,5.8,inf,1.0511649328706698,-1,0.7630709299139007,1.3288651986626694,1.3288651986626694,False
base__s31__5000K_2.0gcc,31,5.84,inf,1.0594693735205374,-1,0.6603001307380981,2.9952415621148143,2.9952415621148143,False
base__s31__5000K_2.0gcc,31,5.88,inf,1.0326250554044287,-1,0.838919457404178,10.632697105878865,10.632697105878865,False
base__s31__5000K_2.0gcc,31,5.92,inf,1.0505579751098937,-1,0.7769818268040368,1.237982195391666,1.237982195391666,False
base__s31__5000K_2.0gcc,31,5.96,inf,1.0354146679784872,-1,0.7183132627355215,1.1241916648057915,1.1241916648057915,False
base__s31__5000K_2.0gcc,31,6.0,inf,1.0505202706202297,-1,0.7283220556286867,2.108430704027794,2.108430704027794,False
base__s31__5000K_2.0gcc,31,6.04,inf,1.0273694137339309,-1,0.648571580886688,1.2601255865064882,1.2601255865064882,False
base__s31__5000K_2.0gcc,31,6.08,inf,0.9890135091175444,-1,0.7671175223786129,0.8800194062905093,0.8800194062905093,False
base__s31__5000K_2.0gcc,31,6.12,inf,0.9755455566953296,-1,0.758753127766328,4.047457586424736,4.047457586424736,False
base__s31__5000K_2.0gcc,31,6.16,inf,1.0003687823203,-1,0.7352010632935059,1.2287350690933982,1.2287350690933982,False
base__s31__5000K_2.0gcc,31,6.2,inf,1.0281321142192767,-1,0.6236270900229252,1.3723318718230972,1.3723318718230972,False
base__s31__5000K_2.0gcc,31,6.24,inf,1.0533756803329948,-1,0.6828297979260307,0.8676117756780665,0.8676117756780665,False
base__s31__5000K_2.0gcc,31,6.28,inf,1.0184550074343002,-1,0.7684654538441875,1.5423254288928603,1.5423254288928603,False
base__s31__5000K_2.0gcc,31,6.32,inf,0.991844492226982,-1,0.8646513730265731,1.548023243304566,1.548023243304566,False
base__s31__5000K_2.0gcc,31,6.36,inf,1.061822713681055,-1,0.6462175406728046,2.431466252128323,2.431466252128323,False
base__s31__5000K_2.0gcc,31,6.4,inf,0.9981588382637304,-1,0.6860289454326125,1.1766914172540928,1.1766914172540928,False
base__s31__5000K_2.0gcc,31,6.44,inf,0.9898755804372592,-1,0.6865721474335549,1.3150866292866417,1.3150866292866417,False
base__s31__5000K_2.0gcc,31,6.48,inf,0.9803559057143482,-1,1.1099769793720804,1.0468624443728138,1.1099769793720804,False
base__s31__5000K_2.0gcc,31,6.5200000000000005,inf,1.031010035280938,-1,0.7821287299386707,1.444100473110235,1.444100473110235,False
base__s31__5000K_2.0gcc,31,6.5600000000000005,inf,1.0400914411598623,-1,0.7472347174898295,5.391900005486789,5.391900005486789,False
base__s31__5000K_2.0gcc,31,6.6000000000000005,inf,1.0335020158262875,-1,0.7247607968956862,0.9649773905501483,0.9649773905501483,False
base__s31__5000K_2.0gcc,31,6.640000000000001,inf,1.0320258921427303,-1,0.6572737317647248,1.1549084725665308,1.1549084725665308,False
base__s31__5000K_2.0gcc,31,6.68,inf,1.0242457080583742,-1,0.7100974739581775,2.779203954096859,2.779203954096859,False
base__s31__5000K_2.0gcc,31,6.72,inf,1.0094656866530929,-1,0.7462945204963249,1.0185568556026836,1.0185568556026836,False
base__s31__5000K_2.0gcc,31,6.76,inf,1.0295806388452535,-1,0.6293538384381991,0.8413894576795873,0.8413894576795873,False
base__s31__5000K_2.0gcc,31,6.8,inf,0.9838255280551528,-1,0.8802901439036607,0.9385885993289946,0.9385885993289946,False
base__s31__5000K_2.0gcc,31,6.84,inf,1.0045420750625629,-1,0.8442777620466868,0.9245352781700282,0.9245352781700282,False
base__s31__5000K_2.0gcc,31,6.88,inf,1.026263992980851,-1,0.6791928216804146,1.0941743559677026,1.0941743559677026,False
base__s31__5000K_2.0gcc,31,6.92,inf,1.0360590591838863,-1,0.6821261629296407,1.256767102672519,1.256767102672519,False
base__s31__5000K_2.0gcc,31,6.96,inf,1.0074955340149154,-1,0.635411977809369,3.4709427400585944,3.4709427400585944,False
base__s31__5000K_2.0gcc,31,7.0,inf,1.0342217897554664,-1,0.7221881093559661,1.15854393267984,1.15854393267984,False
base__s31__5000K_2.0gcc,31,7.04,inf,1.0258417844701977,-1,0.640237146697233,1.4319014669079013,1.4319014669079013,False
base__s31__5000K_2.0gcc,31,7.08,inf,1.064777789889515,-1,0.6942771537094956,0.9449333310629362,0.9449333310629362,False
base__s31__5000K_2.0gcc,31,7.12,inf,1.024696601901753,-1,0.700803341190243,1.8214821600546034,1.8214821600546034,False
base__s31__5000K_2.0gcc,31,7.16,inf,1.0438768737332005,-1,0.6758548919880469,3.9449239265218337,3.9449239265218337,False
base__s31__5000K_2.0gcc,31,7.2,inf,1.0477010017987003,-1,0.7324480618439566,1.260752234865512,1.260752234865512,False
base__s31__5000K_2.0gcc,31,7.24,inf,1.0354708144733002,-1,0.6971451346395864,0.7280638865040816,0.7280638865040816,False
base__s31__5000K_2.0gcc,31,7.28,inf,1.0175578521037516,-1,0.6760268840132813,0.9585250623566051,0.9585250623566051,False
base__s31__5000K_2.0gcc,31,7.32,inf,1.0425591075905485,-1,0.8105145283957574,2.340307346382823,2.340307346382823,False
base__s31__5000K_2.0gcc,31,7.36,inf,1.0229108680569392,-1,0.7869397011537774,0.9763005432443871,0.9763005432443871,False
base__s31__5000K_2.0gcc,31,7.4,inf,1.032223046247758,-1,0.7753815110893824,6.009748498807653,6.009748498807653,False
base__s31__5000K_2.0gcc,31,7.44,inf,1.018497372903338,-1,0.6736468972511122,0.8132186561098852,0.715230780652796,False
base__s31__5000K_2.0gcc,31,7.48,inf,1.0083982995433896,-1,0.7122118914824646,3.587431350047902,3.587431350047902,False
base__s31__5000K_2.0gcc,31,7.52,inf,1.0399233697051906,-1,0.7434208053852555,1.0821171467611173,1.0821171467611173,False
base__s31__5000K_2.0gcc,31,7.56,inf,1.0122584289009398,-1,0.864704259200626,4.209344577307265,4.209344577307265,False
base__s31__5000K_2.0gcc,31,7.6,inf,1.0256267403417287,-1,0.7095425083507574,1.1037403565910486,1.1037403565910486,False
base__s31__5000K_2.0gcc,31,7.640000000000001,inf,1.0465040377972747,-1,0.6929724947363919,0.942932900861952,0.942932900861952,False
base__s31__5000K_2.0gcc,31,7.68,inf,1.0035150691643853,-1,0.7321602886918909,1.090577347077697,1.090577347077697,False
base__s31__5000K_2.0gcc,31,7.72,inf,1.0065314047683758,-1,0.8469197272425719,1.13478858122944,1.13478858122944,False
base__s31__5000K_2.0gcc,31,7.76,inf,1.021893139979421,-1,0.7611671665088475,1.653884210605638,1.653884210605638,False
base__s31__5000K_2.0gcc,31,7.8,inf,1.0402777931312377,-1,0.759433695391899,8.723493021458028,8.723493021458028,False
base__s31__5000K_2.0gcc,31,7.84,inf,1.0401105987153474,-1,0.6169433033871667,1.5751759065827977,1.5751759065827977,False
base__s31__5000K_2.0gcc,31,7.88,inf,1.0330461338241383,-1,0.7537743962963512,4.0341280421009325,4.0341280421009325,False
base__s31__5000K_2.0gcc,31,7.92,inf,1.047823033551468,-1,0.7693362142105693,1.16093159784514,1.16093159784514,False
base__s31__5000K_2.0gcc,31,7.96,inf,1.030729734961594,-1,0.6784970300818061,1.1536921636473394,1.1536921636473394,False
base__s31__5000K_2.0gcc,31,8.0,inf,1.049510316536241,-1,0.8755741764821936,1.7714889303370995,1.7714889303370995,False
base__s31__5000K_2.0gcc,31,8.040000000000001,inf,1.0400956351360204,-1,0.6861091638698901,0.9933357878862299,0.9933357878862299,False
base__s31__5000K_2.0gcc,31,8.08,inf,1.0183440752618929,-1,0.7197682187816101,11.720906602275067,11.720906602275067,False
base__s31__5000K_2.0gcc,31,8.120000000000001,inf,1.0392716285596373,-1,0.6830639230055014,0.9047074041373735,0.8806696749736623,False
base__s31__5000K_2.0gcc,31,8.16,inf,1.032801138675301,-1,0.7870518299535834,2.5846755351576993,2.5846755351576993,False
base__s31__5000K_2.0gcc,31,8.2,inf,1.0488434190125808,-1,0.7191298756580818,1.1584914435833518,1.1584914435833518,False
base__s31__5000K_2.0gcc,31,8.24,inf,1.033247399422326,-1,0.6794583878072389,1.469330789200637,1.469330789200637,False
base__s31__5000K_2.0gcc,31,8.28,inf,1.0022793409314588,-1,0.7413642009437424,1.920164370309243,1.920164370309243,False
base__s31__5000K_2.0gcc,31,8.32,inf,1.0570569420499538,-1,0.711153121554187,1.303351968280233,1.303351968280233,False
base__s31__5000K_2.0gcc,31,8.36,inf,1.016269490179155,-1,0.6973868681715405,1.3438995602140351,1.3438995602140351,False
base__s31__5000K_2.0gcc,31,8.4,inf,1.0402688722892752,-1,0.719942122368727,1.2369004271532507,1.2369004271532507,False
base__s31__5000K_2.0gcc,31,8.44,inf,1.0409372737696545,-1,0.6830888274039872,2.794115724425795,2.794115724425795,False
base__s31__5000K_2.0gcc,31,8.48,inf,0.98503779068521,-1,1.0290188038819363,1.9402659528555977,1.9402659528555977,False
base__s31__5000K_2.0gcc,31,8.52,inf,1.0696203719848456,-1,0.7035808528555011,1.0977858484362515,1.0977858484362515,False
base__s31__5000K_2.0gcc,31,8.56,inf,1.0736307352926333,-1,0.774762793165466,1.4028203807850024,1.4028203807850024,False
base__s31__5000K_2.0gcc,31,8.6,inf,1.015186026850745,-1,0.74652875149042,1.7855400190155408,1.7855400190155408,False
base__s31__5000K_2.0gcc,31,8.64,inf,1.056794722201999,-1,0.7907707111698323,4.428618550104451,4.428618550104451,False
base__s31__5000K_2.0gcc,31,8.68,inf,1.0397566967593908,-1,0.6737274635605548,1.5817693547189744,1.5817693547189744,False
base__s31__5000K_2.0gcc,31,8.72,inf,1.015008476821746,-1,0.6118052098286886,1.1367309085190154,1.1367309085190154,False
base__s31__5000K_2.0gcc,31,8.76,inf,1.0430224249444495,-1,0.6314479037756342,0.9266330555673028,0.9266330555673028,False
base__s31__5000K_2.0gcc,31,8.8,inf,1.020129780575982,-1,0.7651121599810834,2.956664339016392,2.956664339016392,False
base__s31__5000K_2.0gcc,31,8.84,inf,1.025294375170858,-1,0.7398872931491707,1.8386549133172925,1.8386549133172925,False
base__s31__5000K_2.0gcc,31,8.88,inf,1.0343907225869733,-1,0.752652854572201,1.1521639756027615,1.1521639756027615,False
base__s31__5000K_2.0gcc,31,8.92,inf,1.0318210657992022,-1,0.6897225091938398,1.397790518384482,1.397790518384482,False
base__s31__5000K_2.0gcc,31,8.96,inf,1.061939579140924,-1,0.8152188189615585,1.89465933683574,1.89465933683574,False
base__s31__5000K_2.0gcc,31,9.0,inf,0.984113067421118,-1,0.8768681085827124,1.05801920625661,0.9697327002690452,False
base__s31__5000K_2.0gcc,31,9.04,inf,0.9956615597847494,-1,0.684308503808554,1.211761593115164,1.211761593115164,False
base__s31__5000K_2.0gcc,31,9.08,inf,1.0209333259238824,-1,0.8443236125569793,0.9194431507099707,0.9194431507099707,False
base__s31__5000K_2.0gcc,31,9.12,inf,0.9971959874493076,-1,0.8458030468692309,1.029618772659778,1.029618772659778,False
base__s31__5000K_2.0gcc,31,9.16,inf,1.0063986342945823,-1,0.7394871670889371,1.3333418031675033,1.3333418031675033,False
base__s31__5000K_2.0gcc,31,9.2,inf,1.013441819727211,-1,0.6235031276013696,1.0388015785849816,1.0388015785849816,False
base__s31__5000K_2.0gcc,31,9.24,inf,1.015782204280032,-1,0.6942580872710148,0.8847172883303477,0.8847172883303477,False
base__s31__5000K_2.0gcc,31,9.28,inf,0.9958468927997922,-1,0.7358884300936631,1.0935949907094358,1.0935949907094358,False
base__s31__5000K_2.0gcc,31,9.32,inf,1.029238757041823,-1,0.6104237937927091,1.0170335573019238,1.0170335573019238,False
base__s31__5000K_2.0gcc,31,9.36,inf,1.061492890004921,-1,0.6686794723621443,0.8043080910448894,0.8043080910448894,False
base__s31__5000K_2.0gcc,31,9.4,inf,1.0019116262290797,-1,0.6461073964064004,1.5675131322245077,1.5675131322245077,False
base__s31__5000K_2.0gcc,31,9.44,inf,0.979137184498168,-1,0.7248708088186218,0.9636168227331211,0.9636168227331211,False
base__s31__5000K_2.0gcc,31,9.48,inf,1.0419543019734598,-1,0.6797317767184137,0.7540734945172527,0.7350920173213658,False
base__s31__5000K_2.0gcc,31,9.52,inf,1.0475736510957117,-1,0.6744317771645684,0.906777007598982,0.906777007598982,False
base__s31__5000K_2.0gcc,31,9.56,inf,1.0360868809226378,-1,0.6826766339072303,0.9314076227691143,0.9314076227691143,False
base__s31__5000K_2.0gcc,31,9.6,inf,1.0439817028027838,-1,0.7334438740841474,1.0050787023443655,1.0050787023443655,False
base__s31__5000K_2.0gcc,31,9.64,inf,1.0291953685982074,-1,0.6494173250785581,1.492086914876602,1.492086914876602,False
base__s31__5000K_2.0gcc,31,9.68,inf,1.0192351888656517,-1,0.6135327091820528,1.1981981311929653,1.1981981311929653,False
base__s31__5000K_2.0gcc,31,9.72,inf,1.0581336307073888,-1,0.680625830290518,1.4343333245190106,1.4343333245190106,False
base__s31__5000K_2.0gcc,31,9.76,inf,1.0006630098464715,-1,0.7494657466098339,1.7072226463139812,1.7072226463139812,False
base__s31__5000K_2.0gcc,31,9.8,inf,1.028691578994404,-1,0.6838484470755108,1.0800514324996882,1.0800514324996882,False
base__s31__5000K_2.0gcc,31,9.84,inf,1.0348346498634455,-1,0.6938145729470749,1.0214387639701923,1.0214387639701923,False
base__s31__5000K_2.0gcc,31,9.88,inf,1.0310555712322207,-1,0.6424591190692908,1.131370342016478,1.131370342016478,False
base__s31__5000K_2.0gcc,31,9.92,inf,1.0345780577298165,-1,0.7041315375236747,1.0690952177503,1.0690952177503,False
base__s31__5000K_2.0gcc,31,9.96,inf,1.0600331795991105,-1,0.7517697831558253,0.83933021092304,0.83933021092304,False
base__s31__5000K_2.0gcc,31,10.0,inf,1.0236404918984008,-1,0.8343256477867715,0.8389064102949513,0.8647276393431704,False
base__s32__5000K_2.0gcc,32,0.0,inf,1.0310702502254634,-1,0.8928044464759279,1.0000000000000064,1.0000000000000064,False
base__s32__5000K_2.0gcc,32,0.04,inf,1.050713103605832,-1,0.5968856949556902,1.4282643519173566,1.4282643519173566,False
base__s32__5000K_2.0gcc,32,0.08,inf,1.0025327927619128,-1,0.6820638645042095,0.7705284094365602,0.7705284094365602,False
base__s32__5000K_2.0gcc,32,0.12,inf,1.0366807721516784,-1,0.7396832225558192,0.8299189468915531,0.8092289122841885,False
base__s32__5000K_2.0gcc,32,0.16,inf,1.0267991907091665,-1,0.7213575613617674,1.095223869762989,1.095223869762989,False
base__s32__5000K_2.0gcc,32,0.2,inf,0.9639544474040254,-1,1.0655657897579593,1.3952773655315256,1.1637152020555226,False
base__s32__5000K_2.0gcc,32,0.24,inf,1.0127899055391496,-1,0.7047731191881716,0.9929441518409006,0.9929441518409006,False
base__s32__5000K_2.0gcc,32,0.28,inf,1.0234019447636402,-1,0.6502395782366067,1.5413444261626412,1.5413444261626412,False
base__s32__5000K_2.0gcc,32,0.32,inf,1.0150242840183674,-1,0.708669681833858,1.6199209088672348,1.6199209088672348,False
base__s32__5000K_2.0gcc,32,0.36,inf,0.9997138506262668,-1,0.6744135561191387,0.9633420783364915,0.9633420783364915,False
base__s32__5000K_2.0gcc,32,0.4,inf,1.040010093763035,-1,0.7313871918574536,1.2154537237130325,1.2154537237130325,False
base__s32__5000K_2.0gcc,32,0.44,inf,1.0130062296930855,-1,0.7122213350703605,1.4985749830876365,1.4985749830876365,False
base__s32__5000K_2.0gcc,32,0.48,inf,1.0021818062502432,-1,0.6830338451397548,0.9662569853979122,0.9662569853979122,False
base__s32__5000K_2.0gcc,32,0.52,inf,1.0297039729164883,-1,0.6588821878040382,1.0793111462470328,1.0793111462470328,False
base__s32__5000K_2.0gcc,32,0.56,inf,1.033758582774044,-1,0.7127134920205295,1.657656649630083,1.657656649630083,False
base__s32__5000K_2.0gcc,32,0.6,inf,1.0611540443700904,-1,0.63670048458781,11.362937088914038,11.362937088914038,False
base__s32__5000K_2.0gcc,32,0.64,inf,1.0129606223387957,-1,0.6362878880032075,5.2322511113454,5.2322511113454,False
base__s32__5000K_2.0gcc,32,0.68,inf,1.0082733352484332,-1,0.7642854208222889,1.5645579414290585,1.5645579414290585,False
base__s32__5000K_2.0gcc,32,0.72,inf,1.035173470151742,-1,0.7785758944900965,1.5047389502124,1.5047389502124,False
base__s32__5000K_2.0gcc,32,0.76,inf,1.0690766323458765,-1,0.7385320534501852,1.200997164330024,1.200997164330024,False
base__s32__5000K_2.0gcc,32,0.8,inf,1.0151393354781402,-1,0.725452051753245,4.121796709985999,4.121796709985999,False
base__s32__5000K_2.0gcc,32,0.84,inf,0.963906084911803,-1,1.0927426833125247,1.4071823902900484,1.1328738117478598,False
base__s32__5000K_2.0gcc,32,0.88,inf,1.024442703677468,-1,0.6522915675572404,1.1741714208641845,1.1741714208641845,False
base__s32__5000K_2.0gcc,32,0.92,inf,1.0120918973107134,-1,0.6683407463800872,0.8432492204593363,0.8432492204593363,False
base__s32__5000K_2.0gcc,32,0.96,inf,0.986190424695961,-1,0.7104271378414138,1.0060996953588202,1.0060996953588202,False
base__s32__5000K_2.0gcc,32,1.0,inf,1.045934707122295,-1,0.7777850291034575,1.5188876351766472,1.5188876351766472,False
base__s32__5000K_2.0gcc,32,1.04,inf,1.001648307766254,-1,0.6873499542380359,1.4960270706481957,1.4960270706481957,False
base__s32__5000K_2.0gcc,32,1.08,inf,1.0164313494993158,-1,0.6129848905819415,0.7523692179567945,0.7523692179567945,False
base__s32__5000K_2.0gcc,32,1.12,inf,1.0061218447494316,-1,0.6554025342341743,1.1793197973326823,1.1793197973326823,False
base__s32__5000K_2.0gcc,32,1.16,inf,1.0354168998340711,-1,0.7011681773092491,1.2233923314927886,1.2233923314927886,False
base__s32__5000K_2.0gcc,32,1.2,inf,1.03958525606561,-1,0.6376794567892399,0.7370693381277389,0.7370693381277389,False
base__s32__5000K_2.0gcc,32,1.24,inf,0.996501947620274,-1,0.7516658595835307,1.0743444567054026,1.0743444567054026,False
base__s32__5000K_2.0gcc,32,1.28,inf,0.9873755698917206,-1,0.7532059774290852,0.9307340621865988,0.9307340621865988,False
base__s32__5000K_2.0gcc,32,1.32,inf,1.024414954077204,-1,0.6661900026228385,1.0551206398596082,1.0551206398596082,False
base__s32__5000K_2.0gcc,32,1.36,inf,1.017237432803178,-1,0.7489078940406431,2.6812082809132844,2.6812082809132844,False
base__s32__5000K_2.0gcc,32,1.4,inf,1.0014770677319575,-1,0.6675374680556517,0.8010730845821268,0.8010730845821268,False
base__s32__5000K_2.0gcc,32,1.44,inf,1.008812959299691,-1,0.717063032835434,0.8294309801495234,0.8294309801495234,False
base__s32__5000K_2.0gcc,32,1.48,inf,1.0517595086915064,-1,0.8753148797026841,1.6505950528338738,1.6505950528338738,False
base__s32__5000K_2.0gcc,32,1.52,inf,0.9916809277428902,-1,0.7774425565429153,1.325077608578561,1.325077608578561,False
base__s32__5000K_2.0gcc,32,1.56,inf,1.0004576048479012,-1,0.7210125739763414,1.5171589609037357,1.5171589609037357,False
base__s32__5000K_2.0gcc,32,1.6,inf,0.9726655153520148,-1,0.9129140192851072,1.1959482396908476,1.0040357719589046,False
base__s32__5000K_2.0gcc,32,1.64,inf,1.0092237125330543,-1,0.6898531132805216,0.8555167468548142,0.8555167468548142,False
base__s32__5000K_2.0gcc,32,1.68,inf,1.0261276446899767,-1,0.6420832664229352,1.0239656902646037,1.0239656902646037,False
base__s32__5000K_2.0gcc,32,1.72,inf,1.0333899536486704,-1,0.6294191296073727,0.9369694813379252,0.9369694813379252,False
base__s32__5000K_2.0gcc,32,1.76,inf,1.0233208869000965,-1,0.6549748964196802,0.9224664093319792,0.9224664093319792,False
base__s32__5000K_2.0gcc,32,1.8,inf,1.0307100298522378,-1,0.7088931065032791,0.9108881193082181,0.9108881193082181,False
base__s32__5000K_2.0gcc,32,1.84,inf,1.015061323945504,-1,0.6475270000690425,0.8340413998949344,0.8340413998949344,False
base__s32__5000K_2.0gcc,32,1.88,inf,1.0215109197120706,-1,0.706707281826836,1.3071230047813929,1.3071230047813929,False
base__s32__5000K_2.0gcc,32,1.92,inf,1.0035219794947188,-1,0.6796124176586092,1.2143702636778826,1.2143702636778826,False
base__s32__5000K_2.0gcc,32,1.96,inf,1.0464091796606143,-1,0.7220898032539693,0.8448875069470001,0.8448875069470001,False
base__s32__5000K_2.0gcc,32,2.0,inf,1.0146016134749654,-1,0.7478243055245082,1.044385994022614,1.044385994022614,False
base__s32__5000K_2.0gcc,32,2.04,inf,1.0171885006369272,-1,0.7377562699635533,0.9405436129379524,0.9405436129379524,False
base__s32__5000K_2.0gcc,32,2.08,inf,1.0276716558439278,-1,0.8003210218818271,0.899681556989212,0.899681556989212,False
base__s32__5000K_2.0gcc,32,2.12,inf,1.0219125776919475,-1,0.727502088784548,0.7882807867907632,0.7882807867907632,False
base__s32__5000K_2.0gcc,32,2.16,inf,1.0293803185144936,-1,0.7416397118309968,0.9808087061665514,0.9808087061665514,False
base__s32__5000K_2.0gcc,32,2.2,inf,0.9953887627726166,-1,0.8879158775991891,1.5469642422352368,1.5469642422352368,False
base__s32__5000K_2.0gcc,32,2.24,inf,1.0244526893268426,-1,0.6996665225997554,0.9994345684279576,0.9994345684279576,False
base__s32__5000K_2.0gcc,32,2.28,inf,0.99289681639685,-1,0.6793463156120332,1.0012311652444392,1.0012311652444392,False
base__s32__5000K_2.0gcc,32,2.32,inf,0.9664096728934362,-1,1.0831632246116325,1.3404164763946913,1.161874719301727,False
base__s32__5000K_2.0gcc,32,2.36,inf,1.0524504960001684,-1,0.6930855064976493,0.8606397017925907,0.8606397017925907,False
base__s32__5000K_2.0gcc,32,2.4,inf,1.0333520402936265,-1,0.7443874820351251,1.4403330809200705,1.4403330809200705,False
base__s32__5000K_2.0gcc,32,2.44,inf,1.0207748011809463,-1,0.7425649115815924,0.9196033328841446,0.9196033328841446,False
base__s32__5000K_2.0gcc,32,2.48,inf,1.0262010511049964,-1,0.6467672297614789,0.7771988467536288,0.7771988467536288,False
base__s32__5000K_2.0gcc,32,2.52,inf,1.0233673320802263,-1,0.7924995398476314,1.0809545015848676,1.0809545015848676,False
base__s32__5000K_2.0gcc,32,2.56,inf,1.0012581107356886,-1,0.841395982835816,1.092942024254818,1.092942024254818,False
base__s32__5000K_2.0gcc,32,2.6,inf,1.0379340923628049,-1,0.6448593130991724,1.0224837294522264,1.0224837294522264,False
base__s32__5000K_2.0gcc,32,2.64,inf,1.0413958143899944,-1,0.7149467387979532,0.9398385379769362,0.9398385379769362,False
base__s32__5000K_2.0gcc,32,2.68,inf,1.0512749234120442,-1,0.6510720112033812,0.867651834974356,0.867651834974356,False
base__s32__5000K_2.0gcc,32,2.72,inf,1.0316175434723864,-1,0.7820039637495259,1.432091541540408,1.432091541540408,False
base__s32__5000K_2.0gcc,32,2.76,inf,1.03433856951242,-1,0.6790439347919618,0.9840860604455154,0.9840860604455154,False
base__s32__5000K_2.0gcc,32,2.8000000000000003,inf,1.0283192253527118,-1,0.6801345109690596,0.9661915823305571,0.9661915823305571,False
base__s32__5000K_2.0gcc,32,2.84,inf,1.038145234739822,-1,0.6916907760047668,0.9245410031560573,0.9245410031560573,False
base__s32__5000K_2.0gcc,32,2.88,inf,1.0399440275793692,-1,0.6611204076311656,1.018202657527976,1.018202657527976,False
base__s32__5000K_2.0gcc,32,2.92,inf,1.022486437874361,-1,0.6776848582518822,1.055269775515098,1.055269775515098,False
base__s32__5000K_2.0gcc,32,2.96,inf,1.0207913523458163,-1,0.7999182368326039,2.3046870698209605,2.3046870698209605,False
base__s32__5000K_2.0gcc,32,3.0,inf,0.996087757330648,-1,0.7536764861927374,0.881627329826887,0.8631247286764177,False
base__s32__5000K_2.0gcc,32,3.04,inf,1.0400563720851863,-1,0.7157179047469528,0.8310788845053487,0.8310788845053487,False
base__s32__5000K_2.0gcc,32,3.08,inf,1.0508087388611695,-1,0.6395224325615427,0.7711697107997286,0.7711697107997286,False
base__s32__5000K_2.0gcc,32,3.12,inf,0.960246522837235,-1,1.3375934461808439,1.5734840391381577,1.3290553547811501,False
base__s32__5000K_2.0gcc,32,3.16,inf,1.034850506816323,-1,0.7215246655375925,0.9645100310996492,0.9645100310996492,False
base__s32__5000K_2.0gcc,32,3.2,inf,1.0071476619011726,-1,0.6395410290381504,1.233897922889314,1.233897922889314,False
base__s32__5000K_2.0gcc,32,3.24,inf,1.0289864392954844,-1,0.6668117212413704,0.9806206755355313,0.9806206755355313,False
base__s32__5000K_2.0gcc,32,3.28,inf,1.025958701532864,-1,0.6475502194876236,0.8620723984066287,0.8620723984066287,False
base__s32__5000K_2.0gcc,32,3.3200000000000003,inf,1.0250826944998142,-1,0.6668298891274829,1.005718310488831,1.005718310488831,False
base__s32__5000K_2.0gcc,32,3.36,inf,1.0563675195541562,-1,0.7830432107443668,1.3342996472741855,1.3342996472741855,False
base__s32__5000K_2.0gcc,32,3.4,inf,1.0357649288569293,-1,0.7670577153138697,1.2900276375743025,1.2900276375743025,False
base__s32__5000K_2.0gcc,32,3.44,inf,1.03237361286019,-1,0.6976376211743192,1.4297526042269388,1.4297526042269388,False
base__s32__5000K_2.0gcc,32,3.48,inf,1.0238091581627895,-1,0.8191395220853408,1.3319024503465478,1.3319024503465478,False
base__s32__5000K_2.0gcc,32,3.52,inf,1.0354460976439093,-1,0.7050917205588626,1.1814001103755096,1.1814001103755096,False
base__s32__5000K_2.0gcc,32,3.56,inf,1.0321240571045711,-1,0.6441875886757191,2.6334565085226296,2.6334565085226296,False
base__s32__5000K_2.0gcc,32,3.6,inf,1.0388479687254537,-1,0.717000946525227,1.7281340302223633,1.7281340302223633,False
base__s32__5000K_2.0gcc,32,3.64,inf,1.027196629724319,-1,0.6834153956489664,1.4186670460893058,1.4186670460893058,False
base__s32__5000K_2.0gcc,32,3.68,inf,0.990334505654024,-1,0.6881621715050519,0.7770203113469846,0.7584422319521285,False
base__s32__5000K_2.0gcc,32,3.72,inf,1.0261159220078406,-1,0.6678124201785639,0.8804321708896584,0.8804321708896584,False
base__s32__5000K_2.0gcc,32,3.76,inf,1.0175715565605203,-1,0.653865878306779,1.9763330221909143,1.9763330221909143,False
base__s32__5000K_2.0gcc,32,3.8,inf,1.022181212851225,-1,0.7055153650882658,0.7443165095473718,0.7443165095473718,False
base__s32__5000K_2.0gcc,32,3.84,inf,0.9978567504276352,-1,0.7024143131151431,1.0030528650993615,1.0030528650993615,False
base__s32__5000K_2.0gcc,32,3.88,inf,1.046194098454966,-1,0.8060692312469279,0.9548124943681632,0.9548124943681632,False
base__s32__5000K_2.0gcc,32,3.92,inf,1.0181541716110574,-1,0.708567926183372,0.9415648371864481,0.9415648371864481,False
base__s32__5000K_2.0gcc,32,3.96,inf,1.0614570006411,-1,0.680494874521259,1.0670629897122017,1.0670629897122017,False
base__s32__5000K_2.0gcc,32,4.0,inf,1.0155252461972577,-1,0.7913347018103764,1.243702082324422,1.243702082324422,False
base__s32__5000K_2.0gcc,32,4.04,inf,1.000309467414959,-1,0.7079259221950667,0.9920574878522193,0.9920574878522193,False
base__s32__5000K_2.0gcc,32,4.08,inf,1.05761422932088,-1,0.6670401239102054,1.0194649765672974,1.0194649765672974,False
base__s32__5000K_2.0gcc,32,4.12,inf,1.0103500089127535,-1,0.7347857448673669,1.1590791551794064,1.1590791551794064,False
base__s32__5000K_2.0gcc,32,4.16,inf,1.0117309272435042,-1,0.7086679335481565,2.02575526387934,2.02575526387934,False
base__s32__5000K_2.0gcc,32,4.2,inf,1.0443840248586729,-1,0.7702719726720954,4.2907479988838935,4.2907479988838935,False
base__s32__5000K_2.0gcc,32,4.24,inf,1.023382081040117,-1,0.7011097185624425,0.9982101064399174,0.9982101064399174,False
base__s32__5000K_2.0gcc,32,4.28,inf,1.0475270228733955,-1,0.6815376279200542,1.108178401544938,1.108178401544938,False
base__s32__5000K_2.0gcc,32,4.32,inf,1.016212021632297,-1,0.9598660190411795,0.8524012686267304,0.9598660190411795,False
base__s32__5000K_2.0gcc,32,4.36,inf,0.9926467149822236,-1,0.8745529685043347,1.0854423529953483,1.0854423529953483,False
base__s32__5000K_2.0gcc,32,4.4,inf,1.0226406189360946,-1,0.7424782405329278,6.702528247003821,6.702528247003821,False
base__s32__5000K_2.0gcc,32,4.44,inf,1.0318534357305789,-1,0.6336970893289022,1.0587425627992273,1.0587425627992273,False
base__s32__5000K_2.0gcc,32,4.48,inf,1.0057029040114185,-1,0.7790602163408039,0.9963821319371498,0.9963821319371498,False
base__s32__5000K_2.0gcc,32,4.5200000000000005,inf,1.0170560309761698,-1,0.7917907764213468,1.9482610887146188,1.9482610887146188,False
base__s32__5000K_2.0gcc,32,4.5600000000000005,inf,1.017980656195883,-1,0.7018751022833658,1.803039355476038,1.803039355476038,False
base__s32__5000K_2.0gcc,32,4.6000000000000005,inf,1.0536925063048508,-1,0.6854950237223831,1.4845841971674336,1.4845841971674336,False
base__s32__5000K_2.0gcc,32,4.64,inf,1.032087905528884,-1,0.7554842321293594,1.1435288735922486,1.1435288735922486,False
base__s32__5000K_2.0gcc,32,4.68,inf,0.9874970594720788,-1,0.8468969977866943,1.1853496350861825,1.1853496350861825,False
base__s32__5000K_2.0gcc,32,4.72,inf,1.0266750820873174,-1,0.665728175815942,1.7909634275928603,1.7909634275928603,False
base__s32__5000K_2.0gcc,32,4.76,inf,0.9789403456646378,-1,0.8713761371412717,1.1185490188526999,0.9731002529062429,False
base__s32__5000K_2.0gcc,32,4.8,inf,1.0083698709308009,-1,0.7162058879085844,1.5350372492766386,1.5350372492766386,False
base__s32__5000K_2.0gcc,32,4.84,inf,1.0173095896082966,-1,0.8622845404209528,0.8995020725516051,0.8780033721514096,False
base__s32__5000K_2.0gcc,32,4.88,inf,1.0166064123587846,-1,0.9982651613748313,1.0335187906270862,0.9982651613748313,False
base__s32__5000K_2.0gcc,32,4.92,inf,1.0108388939311748,-1,0.7252740419581573,5.7664633272121035,5.7664633272121035,False
base__s32__5000K_2.0gcc,32,4.96,inf,1.004483398328215,-1,0.6826369208798114,0.980091763231434,0.980091763231434,False
base__s32__5000K_2.0gcc,32,5.0,inf,1.0390871003303814,-1,0.6454842334730729,0.935692166395247,0.935692166395247,False
base__s32__5000K_2.0gcc,32,5.04,inf,1.0566928043755195,-1,0.7076987390574462,1.3850680685840635,1.3850680685840635,False
base__s32__5000K_2.0gcc,32,5.08,inf,1.0218419082044932,-1,0.9095114054085112,1.1181856330591837,1.1181856330591837,False
base__s32__5000K_2.0gcc,32,5.12,inf,0.9995572440655917,-1,0.7135207377400297,1.0861864925356965,1.0861864925356965,False
base__s32__5000K_2.0gcc,32,5.16,inf,0.9791275884817062,-1,0.8213411491121863,1.4357944276435401,1.4357944276435401,False
base__s32__5000K_2.0gcc,32,5.2,inf,1.0173857491359903,-1,0.7794160859014528,0.9769872206270167,0.9769872206270167,False
base__s32__5000K_2.0gcc,32,5.24,inf,1.0372477956505854,-1,0.7218470425475079,0.945072319673183,0.945072319673183,False
base__s32__5000K_2.0gcc,32,5.28,inf,0.9806089695296488,-1,0.7718466865685963,1.689401581057546,1.689401581057546,False
base__s32__5000K_2.0gcc,32,5.32,inf,0.9689580779538388,-1,0.9265584511322225,1.1614365242059344,1.1069912234574022,False
base__s32__5000K_2.0gcc,32,5.36,inf,1.046362831612916,-1,0.645070075682623,0.8726016297409356,0.7977657226233859,False
base__s32__5000K_2.0gcc,32,5.4,inf,1.055981837694664,-1,0.6387099310725214,0.9123588023951866,0.9123588023951866,False
base__s32__5000K_2.0gcc,32,5.44,inf,1.031003596638246,-1,0.6641582915517922,1.1948604939545446,1.1948604939545446,False
base__s32__5000K_2.0gcc,32,5.48,inf,1.0346147267060335,-1,0.6862076517724891,1.0732890149904613,1.0732890149904613,False
base__s32__5000K_2.0gcc,32,5.5200000000000005,inf,1.0116695245059029,-1,0.7222989951682528,0.9005557582503799,0.9005557582503799,False
base__s32__5000K_2.0gcc,32,5.5600000000000005,inf,0.988259065329026,-1,0.8741922411312182,1.0505317505007956,1.0505317505007956,False
base__s32__5000K_2.0gcc,32,5.6000000000000005,inf,1.0406041205213437,-1,0.7032078652115457,1.9186386009089271,1.9186386009089271,False
base__s32__5000K_2.0gcc,32,5.64,inf,1.0153321283604688,-1,0.6990095603306697,1.0440247783749523,1.0440247783749523,False
base__s32__5000K_2.0gcc,32,5.68,inf,1.0030983029598852,-1,0.8142692537249996,3.7583336639917193,3.7583336639917193,False
base__s32__5000K_2.0gcc,32,5.72,inf,1.0155668403162836,-1,0.6626026878946248,1.287960074623705,1.287960074623705,False
base__s32__5000K_2.0gcc,32,5.76,inf,1.0187711260008303,-1,0.6328147284368807,1.7826735394489865,1.7826735394489865,False
base__s32__5000K_2.0gcc,32,5.8,inf,1.0284299975890434,-1,0.7290596729651752,2.708453623059886,2.708453623059886,False
base__s32__5000K_2.0gcc,32,5.84,inf,1.0200910387754614,-1,0.7372287855165489,1.5025347564303595,1.5025347564303595,False
base__s32__5000K_2.0gcc,32,5.88,inf,1.0375680813339434,-1,0.6408665934561704,2.107378410771698,2.107378410771698,False
base__s32__5000K_2.0gcc,32,5.92,inf,1.0147405922801154,-1,0.9812715268696506,4.451178839019927,4.451178839019927,False
base__s32__5000K_2.0gcc,32,5.96,inf,0.983485834503985,-1,1.048566504255803,4.016877997426775,4.016877997426775,False
base__s32__5000K_2.0gcc,32,6.0,inf,1.0228298046693791,-1,0.741860941623917,2.213322562424373,2.213322562424373,False
base__s32__5000K_2.0gcc,32,6.04,inf,1.010856468231272,-1,0.7048897231075395,4.013637175863145,4.013637175863145,False
base__s32__5000K_2.0gcc,32,6.08,inf,0.967406976723344,-1,0.7909715702120801,1.1286373336603392,1.1286373336603392,False
base__s32__5000K_2.0gcc,32,6.12,inf,1.0544790503940795,-1,0.7896212428797436,1.4231623053084288,1.4231623053084288,False
base__s32__5000K_2.0gcc,32,6.16,inf,0.934217503175786,-1,3.2750891325947427,3.8141873525300256,3.4931775812350048,False
base__s32__5000K_2.0gcc,32,6.2,inf,1.0018046235928444,-1,0.7661205260643198,0.8543535874582867,0.8543535874582867,False
base__s32__5000K_2.0gcc,32,6.24,inf,1.0508392821530808,-1,0.6484560339766405,0.8661738558005302,0.8661738558005302,False
base__s32__5000K_2.0gcc,32,6.28,inf,1.0446717085793025,-1,0.7091246711982642,1.0389374258520527,1.0389374258520527,False
base__s32__5000K_2.0gcc,32,6.32,inf,1.0298130212150165,-1,0.8231900988337897,1.0199716191144155,1.0199716191144155,False
base__s32__5000K_2.0gcc,32,6.36,inf,1.0215221892670758,-1,0.7056398250587279,0.9314020285180599,0.9314020285180599,False
base__s32__5000K_2.0gcc,32,6.4,inf,1.0412358654512437,-1,0.6450418046524357,1.7030316125974256,1.7030316125974256,False
base__s32__5000K_2.0gcc,32,6.44,inf,1.007572238714426,-1,0.8867573445290221,1.7379778038565088,1.7379778038565088,False
base__s32__5000K_2.0gcc,32,6.48,inf,1.0451055938679117,-1,0.7088047327635462,6.1501102310779165,6.1501102310779165,False
base__s32__5000K_2.0gcc,32,6.5200000000000005,inf,1.0500473191856643,-1,0.6551944859846892,1.1321510289331296,1.1321510289331296,False
base__s32__5000K_2.0gcc,32,6.5600000000000005,inf,1.0359200693692538,-1,0.6189650807984196,1.6576451377495354,1.6576451377495354,False
base__s32__5000K_2.0gcc,32,6.6000000000000005,inf,1.0436280534179787,-1,0.6533750109160501,2.9379318959896756,2.9379318959896756,False
base__s32__5000K_2.0gcc,32,6.640000000000001,inf,1.0206143624048218,-1,0.8311647877200224,3.1026900528958015,3.1026900528958015,False
base__s32__5000K_2.0gcc,32,6.68,inf,1.0615295758592878,-1,0.6064446733483893,1.356192542919238,1.356192542919238,False
base__s32__5000K_2.0gcc,32,6.72,inf,1.0602409273221818,-1,0.7330403703387491,1.0891667860023726,1.0891667860023726,False
base__s32__5000K_2.0gcc,32,6.76,inf,0.9995852236387854,-1,0.6362963295142994,1.5672931448152956,1.5672931448152956,False
base__s32__5000K_2.0gcc,32,6.8,inf,1.0377334524944248,-1,0.7771007369385364,0.9948103518879792,0.9948103518879792,False
base__s32__5000K_2.0gcc,32,6.84,inf,1.0132179871621902,-1,0.6671781265141888,1.4769223859290197,1.4769223859290197,False
base__s32__5000K_2.0gcc,32,6.88,inf,1.0185513787934315,-1,0.7096566849474826,0.8734567261593817,0.8734567261593817,False
base__s32__5000K_2.0gcc,32,6.92,inf,1.041654953467318,-1,0.7393453206820677,23.181257628028465,23.181257628028465,False
base__s32__5000K_2.0gcc,32,6.96,inf,1.0468585099362764,-1,0.640163324206642,1.069422858380332,1.069422858380332,False
base__s32__5000K_2.0gcc,32,7.0,inf,1.0410259941913071,-1,0.6235097631083827,0.856781844582005,0.856781844582005,False
base__s32__5000K_2.0gcc,32,7.04,inf,1.0343157533761147,-1,0.7738722712509366,1.1903262257656324,1.1903262257656324,False
base__s32__5000K_2.0gcc,32,7.08,inf,1.0728120694716297,-1,0.662682507099456,0.98709926277654,0.98709926277654,False
base__s32__5000K_2.0gcc,32,7.12,inf,1.0495555572746011,-1,0.654790756119594,1.3549168594901901,1.3549168594901901,False
base__s32__5000K_2.0gcc,32,7.16,inf,1.0349236848647352,-1,0.6293453624727625,0.9036577933928378,0.9036577933928378,False
base__s32__5000K_2.0gcc,32,7.2,inf,1.0526507442889108,-1,0.6860841429624098,1.0774574997406723,1.0774574997406723,False
base__s32__5000K_2.0gcc,32,7.24,inf,1.0173062492828802,-1,0.7102026472864206,0.7567538217205094,0.7240526134031685,False
base__s32__5000K_2.0gcc,32,7.28,inf,1.0067585860403674,-1,0.6923425524709085,0.9302993852495198,0.9302993852495198,False
base__s32__5000K_2.0gcc,32,7.32,inf,1.000538871479764,-1,0.6635324990417907,0.7403751009750923,0.7316755300347121,False
base__s32__5000K_2.0gcc,32,7.36,inf,1.039664616623072,-1,0.6625446321772268,0.9327002755849433,0.9327002755849433,False
base__s32__5000K_2.0gcc,32,7.4,inf,1.0523291123512637,-1,0.6236919390236564,0.7967158680281061,0.7967158680281061,False
base__s32__5000K_2.0gcc,32,7.44,inf,1.0258251388711428,-1,0.6930477239296443,0.8781963843765614,0.8781963843765614,False
base__s32__5000K_2.0gcc,32,7.48,inf,1.0258908523878163,-1,0.7171310514599971,0.8697753230287744,0.8697753230287744,False
base__s32__5000K_2.0gcc,32,7.52,inf,1.019992426874336,-1,0.6169878348550402,0.783141848083807,0.783141848083807,False
base__s32__5000K_2.0gcc,32,7.56,inf,0.9960592490841096,-1,0.6764565003264006,1.0446605502180704,1.0446605502180704,False
base__s32__5000K_2.0gcc,32,7.6,inf,1.0141756398361184,-1,0.7258205526735674,0.94373371756331,0.94373371756331,False
base__s32__5000K_2.0gcc,32,7.640000000000001,inf,1.0271439060740222,-1,0.8331210081272138,1.2023603533970628,1.2023603533970628,False
base__s32__5000K_2.0gcc,32,7.68,inf,1.026174430286586,-1,0.6678631690925008,0.9893936326609412,0.9893936326609412,False
base__s32__5000K_2.0gcc,32,7.72,inf,1.0325706445401206,-1,0.7031657134999577,3.1776131469006246,3.1776131469006246,False
base__s32__5000K_2.0gcc,32,7.76,inf,0.9997817850856257,-1,0.7126082833173215,0.837711110485311,0.837711110485311,False
base__s32__5000K_2.0gcc,32,7.8,inf,0.9905384717919844,-1,0.735537745002565,1.0114366201489347,1.0114366201489347,False
base__s32__5000K_2.0gcc,32,7.84,inf,1.0462088133852627,-1,0.6926300637056387,0.8733667765621436,0.8733667765621436,False
base__s32__5000K_2.0gcc,32,7.88,inf,1.011837108784808,-1,0.7378401845367388,0.793147070976319,0.793147070976319,False
base__s32__5000K_2.0gcc,32,7.92,inf,0.9799900684930438,-1,0.9018610186741626,0.9872465850772996,0.9872465850772996,False
base__s32__5000K_2.0gcc,32,7.96,inf,0.9793094878887878,-1,0.8293009113641586,0.8411213281933669,0.8411213281933669,False
base__s32__5000K_2.0gcc,32,8.0,inf,0.9973184384142304,-1,1.0473231108987622,1.0356788342529208,1.0473231108987622,False
base__s32__5000K_2.0gcc,32,8.040000000000001,inf,1.012943701078199,-1,0.6762855305150332,1.0977395944227668,1.0977395944227668,False
base__s32__5000K_2.0gcc,32,8.08,inf,0.9832042506137776,-1,0.9180318198592643,1.75329355667744,1.75329355667744,False
base__s32__5000K_2.0gcc,32,8.120000000000001,inf,1.041206301448949,-1,0.7473374808884803,1.0976408238900717,0.9799267164554136,False
base__s32__5000K_2.0gcc,32,8.16,inf,1.01881687915837,-1,0.7192352657105644,0.7773762968078526,0.7773762968078526,False
base__s32__5000K_2.0gcc,32,8.2,inf,1.0128952259908226,-1,0.7893200185494221,1.3919302729706975,1.3919302729706975,False
base__s32__5000K_2.0gcc,32,8.24,inf,1.009983835637482,-1,0.7347565640150777,0.9935357453013717,0.9935357453013717,False
base__s32__5000K_2.0gcc,32,8.28,inf,1.0005238492654736,-1,0.7640098831320482,1.3861513502901386,1.3861513502901386,False
base__s32__5000K_2.0gcc,32,8.32,inf,1.0066673219862656,-1,0.6849076845171099,1.083301085496189,1.083301085496189,False
base__s32__5000K_2.0gcc,32,8.36,inf,0.99113153109262,-1,0.6750667229659074,0.8328904567239335,0.8328904567239335,False
base__s32__5000K_2.0gcc,32,8.4,inf,0.9980683648423088,-1,0.7425928310982413,1.1463414060921524,1.1463414060921524,False
base__s32__5000K_2.0gcc,32,8.44,inf,1.0770887537979403,-1,0.7264747990213106,0.9359106293353647,0.9359106293353647,False
base__s32__5000K_2.0gcc,32,8.48,inf,1.0287063328525787,-1,0.6595798132520386,0.9726639132726488,0.9726639132726488,False
base__s32__5000K_2.0gcc,32,8.52,inf,1.0141155111273072,-1,0.6392710694716829,1.2451466503949935,1.2451466503949935,False
base__s32__5000K_2.0gcc,32,8.56,inf,1.0485762223877673,-1,0.6520387315794076,1.0409698374542558,1.0409698374542558,False
base__s32__5000K_2.0gcc,32,8.6,inf,1.0457919135363405,-1,0.6604441449876634,1.4193317867393436,1.4193317867393436,False
base__s32__5000K_2.0gcc,32,8.64,inf,1.0145570414944638,-1,0.690983355417041,0.9627762649190753,0.9627762649190753,False
base__s32__5000K_2.0gcc,32,8.68,inf,1.007854364647492,-1,0.7009005218913089,2.809296748744686,2.809296748744686,False
base__s32__5000K_2.0gcc,32,8.72,inf,1.0391547872295062,-1,0.6434645234890322,0.9195200952114085,0.9195200952114085,False
base__s32__5000K_2.0gcc,32,8.76,inf,1.0077221795991194,-1,0.6810712490202339,1.0604136408634415,1.0604136408634415,False
base__s32__5000K_2.0gcc,32,8.8,inf,0.987214962083233,-1,0.9004000858196409,1.102526969045174,1.102526969045174,False
base__s32__5000K_2.0gcc,32,8.84,inf,1.0230308109343529,-1,0.7107096887566078,0.9449079572376761,0.9449079572376761,False
base__s32__5000K_2.0gcc,32,8.88,inf,1.0241800511135732,-1,0.6184066956334757,1.07822257107405,1.07822257107405,False
base__s32__5000K_2.0gcc,32,8.92,inf,0.988968529957349,-1,0.6846656622614218,0.9884292434106197,0.9884292434106197,False
base__s32__5000K_2.0gcc,32,8.96,inf,1.0299736522557257,-1,0.6597131356374308,1.041465813726013,1.041465813726013,False
base__s32__5000K_2.0gcc,32,9.0,inf,0.9934173006315123,-1,0.677644303860632,0.8153680008359304,0.8153680008359304,False
base__s32__5000K_2.0gcc,32,9.04,inf,1.0056513024846143,-1,0.6612067801876399,0.904464309163196,0.8941602043429301,False
base__s32__5000K_2.0gcc,32,9.08,inf,1.0519101835941131,-1,0.6415827160626668,1.455425076000936,1.455425076000936,False
base__s32__5000K_2.0gcc,32,9.12,inf,0.9980386761744254,-1,0.7847302150482344,1.2500720275701966,1.2500720275701966,False
base__s32__5000K_2.0gcc,32,9.16,inf,1.0143259371671416,-1,0.6315197363058733,0.9528444034812921,0.9528444034812921,False
base__s32__5000K_2.0gcc,32,9.2,inf,1.0480408351991828,-1,0.6646638208562867,1.8079673137376766,1.8079673137376766,False
base__s32__5000K_2.0gcc,32,9.24,inf,1.0178808221658369,-1,0.757288672256552,1.2715047931182581,1.2715047931182581,False
base__s32__5000K_2.0gcc,32,9.28,inf,1.0185852702621412,-1,0.6361929876367661,0.8954525542058505,0.8954525542058505,False
base__s32__5000K_2.0gcc,32,9.32,inf,1.0173994062146885,-1,0.6328810982861574,0.8915530642221796,0.8915530642221796,False
base__s32__5000K_2.0gcc,32,9.36,inf,1.0447964721403875,-1,0.6358120586848915,0.9500904159396903,0.9500904159396903,False
base__s32__5000K_2.0gcc,32,9.4,inf,1.0433738345027634,-1,0.6179696346322447,0.8719664031436295,0.8719664031436295,False
base__s32__5000K_2.0gcc,32,9.44,inf,1.0515080752200625,-1,0.6565225360639515,0.815984177270313,0.815984177270313,False
base__s32__5000K_2.0gcc,32,9.48,inf,1.037181355104786,-1,0.7391108878973677,0.8834060587156433,0.8834060587156433,False
base__s32__5000K_2.0gcc,32,9.52,inf,1.0359021672677398,-1,0.6402206908722529,2.2479400721467933,2.2479400721467933,False
base__s32__5000K_2.0gcc,32,9.56,inf,1.0742940927855835,-1,0.5789736381049817,0.9739636772652005,0.9739636772652005,False
base__s32__5000K_2.0gcc,32,9.6,inf,1.0401172595880717,-1,0.6414507426466938,0.8915378856622069,0.8915378856622069,False
base__s32__5000K_2.0gcc,32,9.64,inf,1.0175664676737337,-1,0.7610660733275795,4.326888124061752,4.326888124061752,False
base__s32__5000K_2.0gcc,32,9.68,inf,1.0391744762849018,-1,0.6528155341336713,1.9994594478936096,1.9994594478936096,False
base__s32__5000K_2.0gcc,32,9.72,inf,0.9675851790628052,-1,0.8662569448438127,1.113671859173311,0.8662569448438127,False
base__s32__5000K_2.0gcc,32,9.76,inf,1.0483259533761435,-1,0.7575752062269538,1.1616403114337177,1.1616403114337177,False
base__s32__5000K_2.0gcc,32,9.8,inf,1.0011818525377896,-1,0.6721103159232251,1.2144485244238914,1.2144485244238914,False
base__s32__5000K_2.0gcc,32,9.84,inf,1.0312609203664216,-1,0.6988678958398641,1.5061454323078503,1.5061454323078503,False
base__s32__5000K_2.0gcc,32,9.88,inf,1.0140064248543994,-1,0.857216780815747,1.1151392534388263,1.1151392534388263,False
base__s32__5000K_2.0gcc,32,9.92,inf,1.0366942513981638,-1,0.6378166213638257,0.9016621067336199,0.9016621067336199,False
base__s32__5000K_2.0gcc,32,9.96,inf,1.0132014096841755,-1,0.8586287813981839,1.6662972832768148,1.6662972832768148,False
base__s32__5000K_2.0gcc,32,10.0,inf,1.0581301278581006,-1,0.6908975378559573,0.9340073477319745,0.9340073477319745,False
base__s33__5000K_2.0gcc,33,0.0,inf,1.0310702502254634,-1,0.8928044464759279,1.0000000000000064,1.0000000000000064,False
base__s33__5000K_2.0gcc,33,0.04,inf,1.0232586024060586,-1,0.7918711180981233,1.1182702272741953,1.1182702272741953,False
base__s33__5000K_2.0gcc,33,0.08,inf,1.0461135990985873,-1,0.6651669329961629,1.3644747898390277,1.3644747898390277,False
base__s33__5000K_2.0gcc,33,0.12,inf,1.0392317368402486,-1,0.7092302365096974,1.25882785441384,1.25882785441384,False
base__s33__5000K_2.0gcc,33,0.16,inf,1.0358223103848458,-1,0.6853531475549008,0.8276169824097025,0.8276169824097025,False
base__s33__5000K_2.0gcc,33,0.2,inf,1.0367575709557184,-1,0.6497328856128506,0.6993880453689691,0.6993880453689691,False
base__s33__5000K_2.0gcc,33,0.24,inf,1.016978969193562,-1,0.6517592375362818,1.0305140765633931,1.0305140765633931,False
base__s33__5000K_2.0gcc,33,0.28,inf,0.9990276511373452,-1,0.6869545280462411,0.8466570227974325,0.8466570227974325,False
base__s33__5000K_2.0gcc,33,0.32,inf,1.06743728559855,-1,0.688700172624826,0.8796940935116409,0.8796940935116409,False
base__s33__5000K_2.0gcc,33,0.36,inf,1.0167045783402366,-1,0.8174260697480138,1.0422967327628316,1.0422967327628316,False
base__s33__5000K_2.0gcc,33,0.4,inf,0.9720948337019388,-1,0.9538976513171606,1.1937892698792818,0.9538976513171606,False
base__s33__5000K_2.0gcc,33,0.44,inf,1.0787310963544163,-1,0.6605354470822777,1.0831969803335673,1.0831969803335673,False
base__s33__5000K_2.0gcc,33,0.48,inf,0.9959763188635564,-1,0.9566924956117449,1.1553601954392765,0.9566924956117449,False
base__s33__5000K_2.0gcc,33,0.52,inf,1.0424958797371815,-1,0.6982258380817391,0.8334790819898783,0.8282212514011855,False
base__s33__5000K_2.0gcc,33,0.56,inf,1.0262650413124286,-1,0.6631688718544408,0.8537183851067398,0.8537183851067398,False
base__s33__5000K_2.0gcc,33,0.6,inf,1.0195773378003257,-1,0.7209359816729075,1.3110501635865408,1.3110501635865408,False
base__s33__5000K_2.0gcc,33,0.64,inf,1.0211819579609698,-1,0.6870655713802815,0.9597834501701057,0.9597834501701057,False
base__s33__5000K_2.0gcc,33,0.68,inf,0.9882851672660072,-1,0.7351829227476955,1.243058499804881,1.243058499804881,False
base__s33__5000K_2.0gcc,33,0.72,inf,1.0459318411756096,-1,0.7153265138672636,1.0355717165175677,1.0355717165175677,False
base__s33__5000K_2.0gcc,33,0.76,inf,1.045870035882088,-1,0.6746901575460642,1.043580136471598,1.043580136471598,False
base__s33__5000K_2.0gcc,33,0.8,inf,1.0395302064572245,-1,0.6574519324365968,0.9089199819180763,0.9089199819180763,False
base__s33__5000K_2.0gcc,33,0.84,inf,1.0556042604731175,-1,0.6827872416641899,0.835339869263932,0.835339869263932,False
base__s33__5000K_2.0gcc,33,0.88,inf,1.04730126896753,-1,0.6110986828630731,0.9625828760646273,0.9625828760646273,False
base__s33__5000K_2.0gcc,33,0.92,inf,1.0539113769677226,-1,0.7702445862022703,1.1844921035885085,1.1844921035885085,False
base__s33__5000K_2.0gcc,33,0.96,inf,1.0206256011731238,-1,0.7055705251892587,3.0939143481803857,3.0939143481803857,False
base__s33__5000K_2.0gcc,33,1.0,inf,1.0278114731540022,-1,0.6381693007393394,4.959132277841948,4.959132277841948,False
base__s33__5000K_2.0gcc,33,1.04,inf,1.0539079334125911,-1,0.6545146395640412,1.0008672207210816,1.0008672207210816,False
base__s33__5000K_2.0gcc,33,1.08,inf,1.0296637496357737,-1,0.6502995096307634,1.0448043307175134,1.0448043307175134,False
base__s33__5000K_2.0gcc,33,1.12,inf,1.0160240024103764,-1,0.6476375237930023,2.8241267299281074,2.8241267299281074,False
base__s33__5000K_2.0gcc,33,1.16,inf,1.0151507800489534,-1,0.6902973267976319,2.0680887797712164,2.0680887797712164,False
base__s33__5000K_2.0gcc,33,1.2,inf,1.0263106514174936,-1,0.6564558732092479,0.8579691342496746,0.8579691342496746,False
base__s33__5000K_2.0gcc,33,1.24,inf,1.0154977228142854,-1,0.6505283320125468,1.58690133518738,1.58690133518738,False
base__s33__5000K_2.0gcc,33,1.28,inf,1.0622087908678786,-1,0.6102462088029235,1.3031152895438802,1.3031152895438802,False
base__s33__5000K_2.0gcc,33,1.32,inf,1.0221132436765503,-1,0.6669845731959361,1.1175003939877792,1.1175003939877792,False
base__s33__5000K_2.0gcc,33,1.36,inf,1.0261770751044867,-1,0.6262238146494746,0.9997326297201743,0.9997326297201743,False
base__s33__5000K_2.0gcc,33,1.4,inf,1.0195787564165897,-1,0.7058809716360903,0.8443651071789432,0.8443651071789432,False
base__s33__5000K_2.0gcc,33,1.44,inf,1.0137077859289627,-1,0.7876355753169875,1.452662543881623,1.452662543881623,False
base__s33__5000K_2.0gcc,33,1.48,inf,0.97440773813943,-1,1.0724465699380228,2.405974240119576,2.405974240119576,False
base__s33__5000K_2.0gcc,33,1.52,inf,0.9640978730512788,-1,1.0873612149518466,1.396835488663011,1.2740795936244125,False
base__s33__5000K_2.0gcc,33,1.56,inf,1.011017638790739,-1,0.7702005678386313,2.893269852727113,2.893269852727113,False
base__s33__5000K_2.0gcc,33,1.6,inf,1.0250229239475572,-1,0.6437131278613749,1.1118639556122936,1.1118639556122936,False
base__s33__5000K_2.0gcc,33,1.64,inf,1.028053622050913,-1,0.6549536573562555,1.1498585277415831,1.1498585277415831,False
base__s33__5000K_2.0gcc,33,1.68,inf,1.0253640270333269,-1,0.7729786605486033,1.6218932803563768,1.6218932803563768,False
base__s33__5000K_2.0gcc,33,1.72,inf,1.007981364459681,-1,0.7192645011952133,1.0369460944315152,1.0369460944315152,False
base__s33__5000K_2.0gcc,33,1.76,inf,1.0076265443967811,-1,0.7112467101948808,0.9557704490736446,0.9557704490736446,False
base__s33__5000K_2.0gcc,33,1.8,inf,1.0108599510817515,-1,0.7333192485209361,1.189889957518479,1.189889957518479,False
base__s33__5000K_2.0gcc,33,1.84,inf,1.0486214944978958,-1,0.7716808890901146,1.3576442662901278,1.3576442662901278,False
base__s33__5000K_2.0gcc,33,1.88,inf,1.007075424573055,-1,0.7512458075620052,8.417098999803681,8.417098999803681,False
base__s33__5000K_2.0gcc,33,1.92,inf,1.0245787264071036,-1,0.7959592487180546,2.706282675288323,2.706282675288323,False
base__s33__5000K_2.0gcc,33,1.96,inf,1.033359200240168,-1,0.7582922091216621,0.8263746031188777,0.8263746031188777,False
base__s33__5000K_2.0gcc,33,2.0,inf,1.0271806052145844,-1,0.6741233196363254,0.9636070289000662,0.9636070289000662,False
base__s33__5000K_2.0gcc,33,2.04,inf,1.0138141433467969,-1,0.7361684167027536,1.249833250899834,1.249833250899834,False
base__s33__5000K_2.0gcc,33,2.08,inf,1.0213841270834396,-1,0.763104482512114,1.6123598428970713,1.6123598428970713,False
base__s33__5000K_2.0gcc,33,2.12,inf,1.021876153437881,-1,0.7033657452085116,1.1486525226737454,1.1486525226737454,False
base__s33__5000K_2.0gcc,33,2.16,inf,0.9923251727105384,-1,0.6156754184298547,1.0911324958832347,1.0911324958832347,False
base__s33__5000K_2.0gcc,33,2.2,inf,1.0472630300841332,-1,0.768070080276585,1.6074896694475065,1.6074896694475065,False
base__s33__5000K_2.0gcc,33,2.24,inf,1.0308542289548026,-1,0.6703755449400406,1.3375138683478158,1.3375138683478158,False
base__s33__5000K_2.0gcc,33,2.28,inf,1.0435682834750204,-1,0.7786808252121359,3.5732951275196867,3.5732951275196867,False
base__s33__5000K_2.0gcc,33,2.32,inf,1.0249290284317252,-1,0.7248221562650873,1.7520622530259833,1.7520622530259833,False
base__s33__5000K_2.0gcc,33,2.36,inf,1.042418743943622,-1,0.6967029701195464,1.144253197727736,1.144253197727736,False
base__s33__5000K_2.0gcc,33,2.4,inf,1.0500276819903367,-1,0.6838390329078554,1.3611968228203695,1.3611968228203695,False
base__s33__5000K_2.0gcc,33,2.44,inf,1.0241323489110183,-1,0.7732185443476249,3.0315371414726346,3.0315371414726346,False
base__s33__5000K_2.0gcc,33,2.48,inf,1.0250011322496182,-1,0.742146376986023,2.8416286944990667,2.8416286944990667,False
base__s33__5000K_2.0gcc,33,2.52,inf,1.000035160472371,-1,0.7879861054851152,2.1097617957756603,2.1097617957756603,False
base__s33__5000K_2.0gcc,33,2.56,inf,1.0398697053092762,-1,0.7202228672049419,1.872058823193425,1.872058823193425,False
base__s33__5000K_2.0gcc,33,2.6,inf,1.046682711250167,-1,0.6682818570665472,2.169525142907096,2.169525142907096,False
base__s33__5000K_2.0gcc,33,2.64,inf,1.0549951558376938,-1,0.6609733800162859,1.0695618664633408,1.0695618664633408,False
base__s33__5000K_2.0gcc,33,2.68,inf,1.049945469596398,-1,0.6832146215218684,1.2587292338266987,1.2587292338266987,False
base__s33__5000K_2.0gcc,33,2.72,inf,0.9907826259215492,-1,0.9519300268080875,12.021603268585295,12.021603268585295,False
base__s33__5000K_2.0gcc,33,2.76,inf,1.0014170776978986,-1,0.7023845911252933,1.313711160206872,1.313711160206872,False
base__s33__5000K_2.0gcc,33,2.8000000000000003,inf,1.0090293286351986,-1,0.7223162543765278,1.3643465924916183,1.3643465924916183,False
base__s33__5000K_2.0gcc,33,2.84,inf,1.0243315530852304,-1,0.7801088027726355,1.1164336237179815,1.1164336237179815,False
base__s33__5000K_2.0gcc,33,2.88,inf,0.966706847321358,-1,1.0710097919292072,1.6740995550142945,1.6740995550142945,False
base__s33__5000K_2.0gcc,33,2.92,inf,0.9581254617480948,-1,1.5946822679559347,1.8388708250216432,1.6617827189315797,False
base__s33__5000K_2.0gcc,33,2.96,inf,1.0527561736176148,-1,0.7184319394491301,1.1193133296271351,1.1193133296271351,False
base__s33__5000K_2.0gcc,33,3.0,inf,1.0446420233989249,-1,0.6882940114195863,1.1877927099964007,1.1877927099964007,False
base__s33__5000K_2.0gcc,33,3.04,inf,1.0346062718822084,-1,0.6312276938994366,1.0733304382072282,1.0733304382072282,False
base__s33__5000K_2.0gcc,33,3.08,inf,1.056277766364985,-1,0.6655461456914573,0.8924087520573533,0.8924087520573533,False
base__s33__5000K_2.0gcc,33,3.12,inf,0.9705636566985189,-1,0.9939005578382151,2.2616164902007774,2.2616164902007774,False
base__s33__5000K_2.0gcc,33,3.16,inf,1.0159231183185078,-1,0.6175868469937498,0.9858378567580438,0.9858378567580438,False
base__s33__5000K_2.0gcc,33,3.2,inf,1.012322648783974,-1,0.7734451664035855,0.7851992844833309,0.7851992844833309,False
base__s33__5000K_2.0gcc,33,3.24,inf,1.0249276604521902,-1,0.7372752008809451,1.9488516412927612,1.9488516412927612,False
base__s33__5000K_2.0gcc,33,3.28,inf,0.9926868212462588,-1,0.7025511168318772,1.220848286232913,1.220848286232913,False
base__s33__5000K_2.0gcc,33,3.3200000000000003,inf,1.0159789811511843,-1,0.6387426952224767,1.1127449821034139,1.1127449821034139,False
base__s33__5000K_2.0gcc,33,3.36,inf,1.0369684550910878,-1,0.868385995302404,1.3030231637575025,1.3030231637575025,False
base__s33__5000K_2.0gcc,33,3.4,inf,1.0218633597115614,-1,0.6300763917404787,0.9614822172884034,0.9614822172884034,False
base__s33__5000K_2.0gcc,33,3.44,inf,1.0435510722005898,-1,0.771209080466957,1.5713020641442168,1.5713020641442168,False
base__s33__5000K_2.0gcc,33,3.48,inf,1.010219497973584,-1,0.6940906938739292,1.2556743654142846,1.2556743654142846,False
base__s33__5000K_2.0gcc,33,3.52,inf,1.044804712288856,-1,0.7321882069228762,1.091528503409628,1.091528503409628,False
base__s33__5000K_2.0gcc,33,3.56,inf,1.0031221786896152,-1,0.6709214278666542,1.6433816616698504,1.6433816616698504,False
base__s33__5000K_2.0gcc,33,3.6,inf,1.0151246375283185,-1,0.7160366412765483,2.007838081112325,2.007838081112325,False
base__s33__5000K_2.0gcc,33,3.64,inf,1.0479820021560482,-1,0.6502687322053492,3.1538078188519054,3.1538078188519054,False
base__s33__5000K_2.0gcc,33,3.68,inf,0.985713169116656,-1,1.0320615162761784,1.2893044733169792,1.0941787824607303,False
base__s33__5000K_2.0gcc,33,3.72,inf,1.0164108248016652,-1,0.8347474524748295,2.4562410427086645,2.4562410427086645,False
base__s33__5000K_2.0gcc,33,3.76,inf,1.0102389884299654,-1,0.6294997300161431,1.1608261961891153,1.1608261961891153,False
base__s33__5000K_2.0gcc,33,3.8,inf,1.0478563469331093,-1,0.6151219374463837,1.1646862536194587,1.1646862536194587,False
base__s33__5000K_2.0gcc,33,3.84,inf,1.0172245524096433,-1,0.8365330168754873,1.645016250471194,0.8828010200495126,False
base__s33__5000K_2.0gcc,33,3.88,inf,1.0294855517791397,-1,0.6997224940659241,1.0049557796286004,1.0049557796286004,False
base__s33__5000K_2.0gcc,33,3.92,inf,1.0626982926094313,-1,0.6843868129957104,8.430591311076093,8.430591311076093,False
base__s33__5000K_2.0gcc,33,3.96,inf,1.045486274098804,-1,0.716892825466566,1.297542107205222,1.297542107205222,False
base__s33__5000K_2.0gcc,33,4.0,inf,1.0085935236461718,-1,0.7579552493983284,0.8678732617329651,0.8678732617329651,False
base__s33__5000K_2.0gcc,33,4.04,inf,1.0124342850876789,-1,0.6613897790315726,1.1592712982268139,1.1592712982268139,False
base__s33__5000K_2.0gcc,33,4.08,inf,1.0258573322475208,-1,0.6510528134927586,1.06168022127464,1.06168022127464,False
base__s33__5000K_2.0gcc,33,4.12,inf,1.0325597938681323,-1,0.7866241418208504,2.4063823174992827,2.4063823174992827,False
base__s33__5000K_2.0gcc,33,4.16,inf,1.0343887491286825,-1,0.6539576952114322,1.0328634194140842,1.0328634194140842,False
base__s33__5000K_2.0gcc,33,4.2,inf,1.0563303179299548,-1,0.6647286034640559,1.380072852743013,1.380072852743013,False
base__s33__5000K_2.0gcc,33,4.24,inf,1.0635506712545482,-1,0.675648840511423,2.66063960103934,2.66063960103934,False
base__s33__5000K_2.0gcc,33,4.28,inf,1.001710879271559,-1,0.7973141224210618,1.1857026230068612,1.1857026230068612,False
base__s33__5000K_2.0gcc,33,4.32,inf,1.0125962841414142,-1,0.6513154450113543,2.3821642199730766,2.3821642199730766,False
base__s33__5000K_2.0gcc,33,4.36,inf,1.0054409581914787,-1,0.605835519362308,0.814893040334456,0.814893040334456,False
base__s33__5000K_2.0gcc,33,4.4,inf,1.0265226615155654,-1,0.6356314895794035,2.0797849503305637,2.0797849503305637,False
base__s33__5000K_2.0gcc,33,4.44,inf,1.0259186448164397,-1,0.713440838861317,2.0536331669866272,2.0536331669866272,False
base__s33__5000K_2.0gcc,33,4.48,inf,0.9940395701183126,-1,0.8385587971925009,1.1783805459528334,1.1783805459528334,False
base__s33__5000K_2.0gcc,33,4.5200000000000005,inf,1.0169386896514456,-1,0.7423854026269551,1.3441573103919306,1.3441573103919306,False
base__s33__5000K_2.0gcc,33,4.5600000000000005,inf,1.020924676064302,-1,0.666449351918045,1.8550206481706148,1.8550206481706148,False
base__s33__5000K_2.0gcc,33,4.6000000000000005,inf,1.0465737069676455,-1,0.6750434401401286,0.9403226505943236,0.9403226505943236,False
base__s33__5000K_2.0gcc,33,4.64,inf,1.0069962953129472,-1,0.7938055031531908,1.6984815989369921,1.6984815989369921,False
base__s33__5000K_2.0gcc,33,4.68,inf,1.0641752414832808,-1,0.7080213410910009,1.1717290016521926,1.1717290016521926,False
base__s33__5000K_2.0gcc,33,4.72,inf,1.0105489608074414,-1,0.6185453197407689,1.0805807522369957,1.0805807522369957,False
base__s33__5000K_2.0gcc,33,4.76,inf,1.0165531518317186,-1,0.5672696703248308,1.0349943499483,1.0349943499483,False
base__s33__5000K_2.0gcc,33,4.8,inf,0.9837575946873296,-1,0.9115040856368154,1.0959362297888906,1.0959362297888906,False
base__s33__5000K_2.0gcc,33,4.84,inf,0.9698608521401408,-1,0.764855102713929,1.160969985586609,1.160969985586609,False
base__s33__5000K_2.0gcc,33,4.88,inf,1.0055496350434423,-1,0.7433750413301036,6.632996760764582,6.632996760764582,False
base__s33__5000K_2.0gcc,33,4.92,inf,1.035647920051019,-1,0.8010916196660564,1.3626201263194326,1.3626201263194326,False
base__s33__5000K_2.0gcc,33,4.96,inf,1.021803415371078,-1,0.6953082951507905,1.4886201695481052,1.4886201695481052,False
base__s33__5000K_2.0gcc,33,5.0,inf,0.9949751326988028,-1,0.961641658203695,1.0337268954785455,1.0217094325652565,False
base__s33__5000K_2.0gcc,33,5.04,inf,0.9956263601401888,-1,0.6737044247819474,1.9019415972118794,1.9019415972118794,False
base__s33__5000K_2.0gcc,33,5.08,inf,1.0619842475620818,-1,0.6925944338643657,0.9108881312519074,0.9108881312519074,False
base__s33__5000K_2.0gcc,33,5.12,inf,1.0171154198270718,-1,0.8662627643158345,0.874528808207549,0.8662627643158345,False
base__s33__5000K_2.0gcc,33,5.16,inf,1.0357132367533013,-1,0.8706947669086457,1.3515517595583144,1.3515517595583144,False
base__s33__5000K_2.0gcc,33,5.2,inf,1.0615526324874336,-1,0.6691588660898379,0.9471235192774154,0.9471235192774154,False
base__s33__5000K_2.0gcc,33,5.24,inf,1.031818022974012,-1,0.6910669928419959,1.482629296400407,1.482629296400407,False
base__s33__5000K_2.0gcc,33,5.28,inf,1.040641918583429,-1,0.6315373599184152,1.2058534402253418,1.2058534402253418,False
base__s33__5000K_2.0gcc,33,5.32,inf,1.050306370654771,-1,0.6864301514105515,1.4672469032132915,1.4672469032132915,False
base__s33__5000K_2.0gcc,33,5.36,inf,1.0016824454596376,-1,0.7268521534912378,1.875975066635257,1.875975066635257,False
base__s33__5000K_2.0gcc,33,5.4,inf,1.054569568347674,-1,0.6931255746794344,1.0333144943620454,1.0333144943620454,False
base__s33__5000K_2.0gcc,33,5.44,inf,1.002014876456931,-1,0.6600987895321183,0.9356961458033831,0.9356961458033831,False
base__s33__5000K_2.0gcc,33,5.48,inf,1.0412844636764735,-1,0.7124820928728592,1.2169672470440205,1.2169672470440205,False
base__s33__5000K_2.0gcc,33,5.5200000000000005,inf,1.0445537043019866,-1,0.6199777432243703,1.1569695573721142,1.1569695573721142,False
base__s33__5000K_2.0gcc,33,5.5600000000000005,inf,1.0158893091410108,-1,0.6091291239045349,1.2750873019021154,1.2750873019021154,False
base__s33__5000K_2.0gcc,33,5.6000000000000005,inf,1.019224334348921,-1,0.6915577410651365,1.9652932677431842,1.9652932677431842,False
base__s33__5000K_2.0gcc,33,5.64,inf,1.0072768586456256,-1,0.7219042590610749,1.1780561976484532,1.1780561976484532,False
base__s33__5000K_2.0gcc,33,5.68,inf,1.0221433181041688,-1,0.7500347076198933,0.9016591846690887,0.9016591846690887,False
base__s33__5000K_2.0gcc,33,5.72,inf,1.0400854462672764,-1,0.6938948810868026,1.518995179600005,1.518995179600005,False
base__s33__5000K_2.0gcc,33,5.76,inf,1.0155573274498098,-1,0.6214964711066775,1.041842069024639,1.041842069024639,False
base__s33__5000K_2.0gcc,33,5.8,inf,1.0181431697821284,-1,0.7452768631725443,0.9316437459192448,0.9316437459192448,False
base__s33__5000K_2.0gcc,33,5.84,inf,1.032987461824198,-1,0.6398014548678942,3.335584620409405,3.335584620409405,False
base__s33__5000K_2.0gcc,33,5.88,inf,0.9979535532227936,-1,0.6473053121782097,1.0366514552551145,1.0366514552551145,False
base__s33__5000K_2.0gcc,33,5.92,inf,1.010977754084134,-1,0.7190454260897103,1.1447748168653171,1.1447748168653171,False
base__s33__5000K_2.0gcc,33,5.96,inf,1.0026287388131256,-1,0.629817699328895,1.5527080387625982,1.5527080387625982,False
base__s33__5000K_2.0gcc,33,6.0,inf,1.0044481375133316,-1,0.6937313013128081,0.8042591816630136,0.7937614229295336,False
base__s33__5000K_2.0gcc,33,6.04,inf,1.0207565877901543,-1,0.754008013137242,0.8040788926589242,0.7731391168618096,False
base__s33__5000K_2.0gcc,33,6.08,inf,1.0429712472633166,-1,0.7433296103402511,0.861582523336325,0.861582523336325,False
base__s33__5000K_2.0gcc,33,6.12,inf,1.0225203867556876,-1,0.7463601751468929,0.936662459993232,0.9315515718125091,False
base__s33__5000K_2.0gcc,33,6.16,inf,1.0357414729482448,-1,0.657211917355333,0.8484751237279795,0.8484751237279795,False
base__s33__5000K_2.0gcc,33,6.2,inf,1.0351906573071457,-1,0.6352726918614751,1.085734882767936,1.085734882767936,False
base__s33__5000K_2.0gcc,33,6.24,inf,1.042915455555723,-1,0.6703560103016045,0.9731866342462417,0.9731866342462417,False
base__s33__5000K_2.0gcc,33,6.28,inf,1.0196072600001431,-1,0.6051876405051468,0.8219832365437533,0.8219832365437533,False
base__s33__5000K_2.0gcc,33,6.32,inf,0.9703445880768335,-1,1.1485425278695076,1.4095722196012057,1.2807672986563587,False
base__s33__5000K_2.0gcc,33,6.36,inf,1.0174352719760604,-1,0.725789624020958,0.9409738100149022,0.9409738100149022,False
base__s33__5000K_2.0gcc,33,6.4,inf,1.03277484817021,-1,0.7413538203129062,3.344548822535176,3.344548822535176,False
base__s33__5000K_2.0gcc,33,6.44,inf,1.0637890084664343,-1,0.6202152327368757,0.8412296544968747,0.8412296544968747,False
base__s33__5000K_2.0gcc,33,6.48,inf,1.0304230650145598,-1,0.7559042600503243,2.1670017911870403,2.1670017911870403,False
base__s33__5000K_2.0gcc,33,6.5200000000000005,inf,1.0089574347216037,-1,0.8813527768135337,2.2100628715289847,2.2100628715289847,False
base__s33__5000K_2.0gcc,33,6.5600000000000005,inf,1.046832065530093,-1,0.8131362831957537,0.9161570724392483,0.9161570724392483,False
base__s33__5000K_2.0gcc,33,6.6000000000000005,inf,0.9662954040292228,-1,0.9013975112972116,1.1039520792818565,1.0084814887009963,False
base__s33__5000K_2.0gcc,33,6.640000000000001,inf,0.9786455886959288,-1,1.351029510045802,1.6291868291872547,1.5461571627615218,False
base__s33__5000K_2.0gcc,33,6.68,inf,1.0244120527824734,-1,0.6749255127723524,0.76384980134307,0.76384980134307,False
base__s33__5000K_2.0gcc,33,6.72,inf,0.997063877931098,-1,0.6488022758690349,1.6675592389986196,1.6675592389986196,False
base__s33__5000K_2.0gcc,33,6.76,inf,1.0366030919551612,-1,0.7957249493945567,0.8235408822148461,0.8122695584342029,False
base__s33__5000K_2.0gcc,33,6.8,inf,1.0451214262338138,-1,0.677674805017369,1.2337279647136061,1.2337279647136061,False
base__s33__5000K_2.0gcc,33,6.84,inf,1.0181616945745902,-1,0.9044092536657702,0.9755563374583047,0.9755563374583047,False
base__s33__5000K_2.0gcc,33,6.88,inf,1.0241198318048523,-1,0.6653202914358556,1.4279631140179678,1.4279631140179678,False
base__s33__5000K_2.0gcc,33,6.92,inf,1.0477851087021612,-1,0.8050389073242871,0.9504699540866863,0.9504699540866863,False
base__s33__5000K_2.0gcc,33,6.96,inf,1.0412053790967464,-1,0.6885965939905504,1.2551632540614037,1.2551632540614037,False
base__s33__5000K_2.0gcc,33,7.0,inf,0.9877516748459604,-1,0.7848868183655979,2.4986873744914546,2.4986873744914546,False
base__s33__5000K_2.0gcc,33,7.04,inf,1.0287563998406033,-1,0.6877027022865475,0.9646186894485812,0.9646186894485812,False
base__s33__5000K_2.0gcc,33,7.08,inf,1.01416489657501,-1,0.6142203328847518,0.7933146840054999,0.7933146840054999,False
base__s33__5000K_2.0gcc,33,7.12,inf,1.0192827832770457,-1,0.7382711542624216,1.0098851117984569,1.0098851117984569,False
base__s33__5000K_2.0gcc,33,7.16,inf,1.0484083129396675,-1,0.6131523542703552,1.0942305911509267,1.0942305911509267,False
base__s33__5000K_2.0gcc,33,7.2,inf,1.05131758195181,-1,0.6576803394680218,1.1697822221869836,1.1697822221869836,False
base__s33__5000K_2.0gcc,33,7.24,inf,1.0245918673920853,-1,0.7909704848891559,0.8185887782292683,0.7999508668066472,False
base__s33__5000K_2.0gcc,33,7.28,inf,1.014316834331857,-1,0.672515892419083,0.8684049365887953,0.8684049365887953,False
base__s33__5000K_2.0gcc,33,7.32,inf,1.0362321534969854,-1,0.6758918256667834,1.3970778203295964,1.3970778203295964,False
base__s33__5000K_2.0gcc,33,7.36,inf,1.0477791230025535,-1,0.68214362179896,1.732320587264552,1.732320587264552,False
base__s33__5000K_2.0gcc,33,7.4,inf,1.0092005982786576,-1,0.772705267719942,0.861414462900378,0.8283172925656581,False
base__s33__5000K_2.0gcc,33,7.44,inf,1.0318944602986289,-1,0.735625165241712,0.9642723797106637,0.9642723797106637,False
base__s33__5000K_2.0gcc,33,7.48,inf,1.0538906684642386,-1,0.6049441957056584,1.6104759820789578,1.6104759820789578,False
base__s33__5000K_2.0gcc,33,7.52,inf,1.0100519701658917,-1,0.709734154694728,1.7119142750810616,1.7119142750810616,False
base__s33__5000K_2.0gcc,33,7.56,inf,1.0537710363190864,-1,0.646817296541793,1.04738739384747,1.04738739384747,False
base__s33__5000K_2.0gcc,33,7.6,inf,1.0309755108051792,-1,0.7173783671596532,1.441154767986966,1.441154767986966,False
base__s33__5000K_2.0gcc,33,7.640000000000001,inf,1.0799420080629336,-1,0.6658379099291303,1.3344371977218297,1.3344371977218297,False
base__s33__5000K_2.0gcc,33,7.68,inf,1.0039147556929324,-1,0.6882360765346153,0.8548521699335658,0.8548521699335658,False
base__s33__5000K_2.0gcc,33,7.72,inf,1.009816641863759,-1,0.8341077873429725,1.129812532733625,1.129812532733625,False
base__s33__5000K_2.0gcc,33,7.76,inf,1.0413837290321952,-1,0.7410406396520337,0.8644452360052248,0.8644452360052248,False
base__s33__5000K_2.0gcc,33,7.8,inf,1.0382291015864469,-1,0.6860181487493587,1.487290193781337,1.487290193781337,False
base__s33__5000K_2.0gcc,33,7.84,inf,1.006927599856117,-1,0.6847505798073762,1.203675139109317,1.203675139109317,False
base__s33__5000K_2.0gcc,33,7.88,inf,1.0252633295431954,-1,0.6337083611320383,0.9926844412587918,0.9926844412587918,False
base__s33__5000K_2.0gcc,33,7.92,inf,1.024617728311881,-1,0.7409268176610081,3.769998230682526,3.769998230682526,False
base__s33__5000K_2.0gcc,33,7.96,inf,1.0363545448489138,-1,0.6909812493416057,1.036819317213244,1.036819317213244,False
base__s33__5000K_2.0gcc,33,8.0,inf,1.0268670953263617,-1,0.7075816547564632,1.6292650249200178,1.6292650249200178,False
base__s33__5000K_2.0gcc,33,8.040000000000001,inf,1.0389156487116749,-1,0.6408530143078435,1.4159707214621178,1.4159707214621178,False
base__s33__5000K_2.0gcc,33,8.08,inf,1.0504737730324354,-1,0.6604022391602106,0.9250421359665436,0.9250421359665436,False
base__s33__5000K_2.0gcc,33,8.120000000000001,inf,0.9890695090366504,-1,0.8779973911968415,0.9125902506074206,0.9125902506074206,False
base__s33__5000K_2.0gcc,33,8.16,inf,1.007270465878953,-1,0.7057037881964134,0.8604668834591541,0.8604668834591541,False
base__s33__5000K_2.0gcc,33,8.2,inf,1.0259127747040684,-1,0.5987277767487257,0.8333158271623194,0.8333158271623194,False
base__s33__5000K_2.0gcc,33,8.24,inf,1.0224213044699333,-1,0.6444439392044552,1.0819341023323308,1.0819341023323308,False
base__s33__5000K_2.0gcc,33,8.28,inf,1.0423919841470388,-1,0.6951687969865212,0.8371758452589916,0.8371758452589916,False
base__s33__5000K_2.0gcc,33,8.32,inf,0.9974361476385344,-1,0.7004140608346147,1.4384323973799273,1.4384323973799273,False
base__s33__5000K_2.0gcc,33,8.36,inf,0.9853803632739996,-1,1.0423559286628183,1.1948082818205386,1.0439739599537234,False
base__s33__5000K_2.0gcc,33,8.4,inf,1.0085069373851632,-1,0.721040414940313,1.1446193110806746,1.1446193110806746,False
base__s33__5000K_2.0gcc,33,8.44,inf,1.020627209110653,-1,0.6339127548279405,1.437618758932338,1.437618758932338,False
base__s33__5000K_2.0gcc,33,8.48,inf,1.0370825936674477,-1,0.6631691467339669,1.3017499124361973,1.3017499124361973,False
base__s33__5000K_2.0gcc,33,8.52,inf,1.00883879466444,-1,0.6535453219982891,1.1731059326830287,1.1731059326830287,False
base__s33__5000K_2.0gcc,33,8.56,inf,1.0369622493827824,-1,0.6497733314368507,1.0816884520528287,1.0816884520528287,False
base__s33__5000K_2.0gcc,33,8.6,inf,1.0196870456890197,-1,0.6790438222386853,1.0853621053285458,1.0853621053285458,False
base__s33__5000K_2.0gcc,33,8.64,inf,0.9858111997137184,-1,0.6624657987651934,1.1233923630662825,1.1233923630662825,False
base__s33__5000K_2.0gcc,33,8.68,inf,1.0117682743266858,-1,0.6826103469519296,1.173808657113566,1.173808657113566,False
base__s33__5000K_2.0gcc,33,8.72,inf,1.0458397103973436,-1,0.7473406218837603,1.0115492706676605,1.0115492706676605,False
base__s33__5000K_2.0gcc,33,8.76,inf,1.0173973332656228,-1,0.7857858731429677,1.8824438204606408,1.8824438204606408,False
base__s33__5000K_2.0gcc,33,8.8,inf,1.0044523712561,-1,0.6936967247427377,8.63085873395135,8.63085873395135,False
base__s33__5000K_2.0gcc,33,8.84,inf,1.024363287271171,-1,0.7823383482361495,1.059519071711697,1.059519071711697,False
base__s33__5000K_2.0gcc,33,8.88,inf,1.0013852775220928,-1,0.6971681246770653,3.117815194468889,3.117815194468889,False
base__s33__5000K_2.0gcc,33,8.92,inf,1.0251854375428868,-1,0.6403998617719291,1.023139433799618,1.023139433799618,False
base__s33__5000K_2.0gcc,33,8.96,inf,0.9992527529719388,-1,0.6741418986035204,0.9404354040101216,0.9404354040101216,False
base__s33__5000K_2.0gcc,33,9.0,inf,1.012431831863262,-1,0.6106848602927808,1.8108410081951543,1.8108410081951543,False
base__s33__5000K_2.0gcc,33,9.04,inf,0.9915043310858506,-1,0.6155228578384049,1.1499228916170894,1.1499228916170894,False
base__s33__5000K_2.0gcc,33,9.08,inf,0.9926204261433472,-1,0.8941786359549203,1.068363926049983,1.068363926049983,False
base__s33__5000K_2.0gcc,33,9.12,inf,1.0279638162299294,-1,0.6493048800051084,1.41017581673373,1.41017581673373,False
base__s33__5000K_2.0gcc,33,9.16,inf,1.0218891952550422,-1,0.8235657494075687,1.5012432537003029,1.5012432537003029,False
base__s33__5000K_2.0gcc,33,9.2,inf,1.0637864891725215,-1,0.666555282267929,1.0439695790022678,1.0439695790022678,False
base__s33__5000K_2.0gcc,33,9.24,inf,1.0650242310234068,-1,0.6279783730952607,2.2716513149121953,2.2716513149121953,False
base__s33__5000K_2.0gcc,33,9.28,inf,1.021573845828582,-1,0.7086336823392057,1.7610781762257262,1.7610781762257262,False
base__s33__5000K_2.0gcc,33,9.32,inf,1.041796961588965,-1,0.7056698441125844,0.9158261664792381,0.9158261664792381,False
base__s33__5000K_2.0gcc,33,9.36,inf,1.036037567700129,-1,0.9455089609006327,4.715373865672511,4.715373865672511,False
base__s33__5000K_2.0gcc,33,9.4,inf,1.0326747542793904,-1,0.6780422861918602,0.9733258437134262,0.9733258437134262,False
base__s33__5000K_2.0gcc,33,9.44,inf,1.033882301797453,-1,0.6693982094971024,0.8715676142336545,0.8715676142336545,False
base__s33__5000K_2.0gcc,33,9.48,inf,0.9809703256133688,-1,0.9021901130011312,2.0194725150178483,2.0194725150178483,False
base__s33__5000K_2.0gcc,33,9.52,inf,0.9810842160513034,-1,1.0378781913236579,1.318454914997776,1.1700667845461392,False
base__s33__5000K_2.0gcc,33,9.56,inf,0.998669442927939,-1,0.9240693918276108,1.0829683374461783,1.0829683374461783,False
base__s33__5000K_2.0gcc,33,9.6,inf,1.0090393057582048,-1,0.6495783124457585,1.041874204785546,1.041874204785546,False
base__s33__5000K_2.0gcc,33,9.64,inf,1.042347471349646,-1,0.6905507903515304,0.9644063468930781,0.9644063468930781,False
base__s33__5000K_2.0gcc,33,9.68,inf,1.0403290606538873,-1,0.7185200924280087,1.2994817086895174,1.2994817086895174,False
base__s33__5000K_2.0gcc,33,9.72,inf,1.0436475840684922,-1,0.6618752488968763,0.7509181875333466,0.7509181875333466,False
base__s33__5000K_2.0gcc,33,9.76,inf,1.038246591255661,-1,0.5788275323618477,0.7394674071930953,0.7394674071930953,False
base__s33__5000K_2.0gcc,33,9.8,inf,1.017135759175735,-1,0.9859681757017078,1.0280778130353905,0.9859681757017078,False
base__s33__5000K_2.0gcc,33,9.84,inf,1.042004171523799,-1,0.6306042758646258,1.0224761559200108,1.0224761559200108,False
base__s33__5000K_2.0gcc,33,9.88,inf,1.022306297124301,-1,0.6121996987842016,0.8181555502410551,0.8181555502410551,False
base__s33__5000K_2.0gcc,33,9.92,inf,1.0447443440445134,-1,0.7060630784961186,0.7676749346370209,0.7653878153009287,False
base__s33__5000K_2.0gcc,33,9.96,inf,1.04884393841124,-1,0.6718722534451633,1.051993184009857,1.051993184009857,False
base__s33__5000K_2.0gcc,33,10.0,inf,1.019996036174651,-1,0.7620621126310586,1.3117318333379757,1.3117318333379757,False
base__s34__5000K_2.0gcc,34,0.0,0.13,1.0310702502254634,-1,0.8928044464759279,1.0000000000000064,1.0000000000000064,True
base__s34__5000K_2.0gcc,34,0.04,0.13,1.0404951142206291,-1,0.6007778900343451,0.7557603078627739,0.7557603078627739,True
base__s34__5000K_2.0gcc,34,0.08,0.13,1.0463639939380562,-1,0.7070983554910638,0.9466701117958669,0.9466701117958669,True
base__s34__5000K_2.0gcc,34,0.12,0.13,1.0347237206418922,-1,0.7788932331249604,7.775608533173921,7.775608533173921,True
base__s35__5000K_2.0gcc,35,0.0,4.28,1.0310702502254634,-1,0.8928044464759279,1.0000000000000064,1.0000000000000064,True
base__s35__5000K_2.0gcc,35,0.04,4.28,1.0057774988097523,-1,0.7268708320853068,1.0031436997747543,1.0031436997747543,True
base__s35__5000K_2.0gcc,35,0.08,4.28,1.041110713214018,-1,0.6401134207120296,0.8445613837245431,0.8445613837245431,True
base__s35__5000K_2.0gcc,35,0.12,4.28,1.0215520748312346,-1,0.7878540878302838,0.7388478837921107,0.8251239338600064,True
base__s35__5000K_2.0gcc,35,0.16,4.28,1.0459851756339575,-1,0.6380512447764243,1.0646828813348945,1.0646828813348945,True
base__s35__5000K_2.0gcc,35,0.2,4.28,1.02506736933384,-1,0.6179328722875557,1.1245525182574865,1.1245525182574865,True
base__s35__5000K_2.0gcc,35,0.24,4.28,1.036806903604523,-1,0.6868028945670063,0.9803928949178081,0.9803928949178081,True
base__s35__5000K_2.0gcc,35,0.28,4.28,0.995732249563606,-1,0.683046397368525,1.1820679163463716,1.1820679163463716,True
base__s35__5000K_2.0gcc,35,0.32,4.28,0.9945685462360048,-1,0.6835749984165578,0.9030791583050807,0.9030791583050807,True
base__s35__5000K_2.0gcc,35,0.36,4.28,1.021302725074696,-1,0.7008970117794664,0.7756919752235766,0.7756919752235766,True
base__s35__5000K_2.0gcc,35,0.4,4.28,1.0320435093396012,-1,0.7702456980941538,1.287035598485709,1.287035598485709,True
base__s35__5000K_2.0gcc,35,0.44,4.28,1.004301435508782,-1,0.7154978599319893,2.350750961502928,2.350750961502928,True
base__s35__5000K_2.0gcc,35,0.48,4.28,1.00771990608254,-1,0.6989433480301048,1.2865020045087898,1.2865020045087898,True
base__s35__5000K_2.0gcc,35,0.52,4.28,0.9686476461737772,-1,1.0288999096823976,1.126859642995499,1.126859642995499,True
base__s35__5000K_2.0gcc,35,0.56,4.28,1.043946187150947,-1,0.6474197787590698,0.776296973250953,0.776296973250953,True
base__s35__5000K_2.0gcc,35,0.6,4.28,1.0306169580275688,-1,0.751766859171741,0.7726376105929278,0.7726376105929278,True
base__s35__5000K_2.0gcc,35,0.64,4.28,1.0330086545000488,-1,0.6345308127494472,1.292395713330843,1.292395713330843,True
base__s35__5000K_2.0gcc,35,0.68,4.28,0.9872641905700824,-1,0.8213113707865153,1.0776321426218485,1.0776321426218485,True
base__s35__5000K_2.0gcc,35,0.72,4.28,1.016434719226473,-1,0.6641156986488623,1.031931439829987,1.031931439829987,True
base__s35__5000K_2.0gcc,35,0.76,4.28,1.0209089082876102,-1,0.775010370968725,1.46509943543681,1.46509943543681,True
base__s35__5000K_2.0gcc,35,0.8,4.28,1.027518272153833,-1,0.6783768211462547,1.356984151399369,1.356984151399369,True
base__s35__5000K_2.0gcc,35,0.84,4.28,1.0560348696795008,-1,0.6520357373388206,0.7759893508621615,0.6953635701784163,True
base__s35__5000K_2.0gcc,35,0.88,4.28,1.0129101557477838,-1,0.6739071035449931,1.019680808033799,1.019680808033799,True
base__s35__5000K_2.0gcc,35,0.92,4.28,1.0267029956189857,-1,0.6908524041312019,0.9211898843816794,0.8647278893592036,True
base__s35__5000K_2.0gcc,35,0.96,4.28,1.0296160070909932,-1,0.7305320541844159,1.9288819169471023,1.9288819169471023,True
base__s35__5000K_2.0gcc,35,1.0,4.28,1.0114358338431562,-1,0.6920304798626402,0.8765412713855035,0.8765412713855035,True
base__s35__5000K_2.0gcc,35,1.04,4.28,1.0057744687354115,-1,0.6069221317349351,0.7689848669929321,0.7689848669929321,True
base__s35__5000K_2.0gcc,35,1.08,4.28,1.034309895806861,-1,0.7716646535935535,0.9417482943477928,0.9417482943477928,True
base__s35__5000K_2.0gcc,35,1.12,4.28,1.0451426382135598,-1,0.7160764412375744,1.2236075250829168,1.2236075250829168,True
base__s35__5000K_2.0gcc,35,1.16,4.28,1.0449439145380013,-1,0.6585556222692008,0.785415652065941,0.785415652065941,True
base__s35__5000K_2.0gcc,35,1.2,4.28,1.0223495577017672,-1,0.7895280856751603,0.8357088397900917,0.8357088397900917,True
base__s35__5000K_2.0gcc,35,1.24,4.28,1.0206557711300126,-1,0.7261721478875579,0.876094986960136,0.876094986960136,True
base__s35__5000K_2.0gcc,35,1.28,4.28,1.0393123538248743,-1,0.7259344312019712,1.0784173500408998,1.0784173500408998,True
base__s35__5000K_2.0gcc,35,1.32,4.28,1.0182431578046574,-1,0.653764794498025,0.9977598336577399,0.9977598336577399,True
base__s35__5000K_2.0gcc,35,1.36,4.28,1.046098149916632,-1,0.7157748791726032,1.275284779166482,1.275284779166482,True
base__s35__5000K_2.0gcc,35,1.4,4.28,1.0450876679341303,-1,0.6300261207731037,0.7789250146542098,0.7789250146542098,True
base__s35__5000K_2.0gcc,35,1.44,4.28,1.017516007273596,-1,0.7059737664496326,0.876453641698995,0.876453641698995,True
base__s35__5000K_2.0gcc,35,1.48,4.28,1.0248988970635102,-1,0.8031649171152416,1.2485871068720131,1.2485871068720131,True
base__s35__5000K_2.0gcc,35,1.52,4.28,1.0146087054194834,-1,0.7167101822548683,1.2078213043382795,1.2078213043382795,True
base__s35__5000K_2.0gcc,35,1.56,4.28,1.0439597777314034,-1,0.7188459193349989,1.1038020441935668,1.1038020441935668,True
base__s35__5000K_2.0gcc,35,1.6,4.28,1.056906840402219,-1,0.7494557789841739,1.1785618414968095,1.1785618414968095,True
base__s35__5000K_2.0gcc,35,1.64,4.28,1.0203195523217223,-1,0.7386841437126888,0.9848620965040048,0.9848620965040048,True
base__s35__5000K_2.0gcc,35,1.68,4.28,1.0277654262019127,-1,0.6631326056278405,1.4210882269662453,1.4210882269662453,True
base__s35__5000K_2.0gcc,35,1.72,4.28,1.0794648108901008,-1,0.7011316484053124,0.9498969048025276,0.9498969048025276,True
base__s35__5000K_2.0gcc,35,1.76,4.28,1.0432143522143469,-1,0.7503569981356446,3.2261262991159705,3.2261262991159705,True
base__s35__5000K_2.0gcc,35,1.8,4.28,1.0309306680150705,-1,0.7076388870965327,1.3804167416590556,1.3804167416590556,True
base__s35__5000K_2.0gcc,35,1.84,4.28,1.043332292442825,-1,0.6881095244691673,1.4207737170835162,1.4207737170835162,True
base__s35__5000K_2.0gcc,35,1.88,4.28,1.0342543112861555,-1,0.6927337902598814,0.9739922601887985,0.9739922601887985,True
base__s35__5000K_2.0gcc,35,1.92,4.28,0.912992641426534,-1,6.5398281147965545,7.984107998159088,7.008500004146296,True
base__s35__5000K_2.0gcc,35,1.96,4.28,1.025620140494033,-1,0.6507250144044691,0.7966585777308006,0.790049811847671,True
base__s35__5000K_2.0gcc,35,2.0,4.28,1.0385426175535606,-1,0.8301678040598361,0.9999039864302194,0.9999039864302194,True
base__s35__5000K_2.0gcc,35,2.04,4.28,0.9930875870536294,-1,0.6697736354080401,1.5352013851268598,1.5352013851268598,True
base__s35__5000K_2.0gcc,35,2.08,4.28,1.0409922104506832,-1,0.7147345635255743,2.4589607602888774,2.4589607602888774,True
base__s35__5000K_2.0gcc,35,2.12,4.28,1.0286226007729953,-1,0.6391546637652571,1.8682024318004604,1.8682024318004604,True
base__s35__5000K_2.0gcc,35,2.16,4.28,1.0459437798127589,-1,0.7212519198826094,0.8374075536140613,0.8374075536140613,True
base__s35__5000K_2.0gcc,35,2.2,4.28,0.9900153362630304,-1,0.6823553574072734,1.062865259254421,1.062865259254421,True
base__s35__5000K_2.0gcc,35,2.24,4.28,1.0088834567476068,-1,0.6385253288470638,1.073252988584737,1.073252988584737,True
base__s35__5000K_2.0gcc,35,2.28,4.28,1.036252157975557,-1,0.7012734802818175,0.9084186964951122,0.9084186964951122,True
base__s35__5000K_2.0gcc,35,2.32,4.28,1.0384736266468213,-1,0.7857068506312908,1.2460110198790624,1.2460110198790624,True
base__s35__5000K_2.0gcc,35,2.36,4.28,1.031040032131148,-1,0.7841674512818632,1.3889131106682322,1.3889131106682322,True
base__s35__5000K_2.0gcc,35,2.4,4.28,1.0235427260554402,-1,0.6175218649170392,0.8273516400351582,0.8273516400351582,True
base__s35__5000K_2.0gcc,35,2.44,4.28,1.006908242475946,-1,0.703589306635421,1.053798760078803,1.053798760078803,True
base__s35__5000K_2.0gcc,35,2.48,4.28,1.0529641817165485,-1,0.7381523953959306,1.495914939526481,1.495914939526481,True
base__s35__5000K_2.0gcc,35,2.52,4.28,1.0013382452707975,-1,0.7076571964782098,1.6783331014595937,1.6783331014595937,True
base__s35__5000K_2.0gcc,35,2.56,4.28,1.0496780010288866,-1,0.6444103181465058,1.1629353721855789,1.1629353721855789,True
base__s35__5000K_2.0gcc,35,2.6,4.28,1.0560561522196628,-1,0.7433363058697655,1.099212663042256,1.099212663042256,True
base__s35__5000K_2.0gcc,35,2.64,4.28,1.0232773593063609,-1,0.7120473818381979,0.9827091182982347,0.9827091182982347,True
base__s35__5000K_2.0gcc,35,2.68,4.28,0.9882940490086946,-1,0.8598920835080032,1.7105679941285836,1.7105679941285836,True
base__s35__5000K_2.0gcc,35,2.72,4.28,1.002437723959449,-1,0.6300749638657664,0.9199475292669756,0.9199475292669756,True
base__s35__5000K_2.0gcc,35,2.76,4.28,1.022432207656821,-1,0.781577079214821,1.6978647901631079,1.6978647901631079,True
base__s35__5000K_2.0gcc,35,2.8000000000000003,4.28,1.044160163198156,-1,0.7970320525675161,1.4154164510969198,1.4154164510969198,True
base__s35__5000K_2.0gcc,35,2.84,4.28,1.0369695772880705,-1,0.6498041479411085,1.3934699176600964,1.3934699176600964,True
base__s35__5000K_2.0gcc,35,2.88,4.28,1.0465567471460877,-1,0.7156282386229814,1.0715493980441197,1.0715493980441197,True
base__s35__5000K_2.0gcc,35,2.92,4.28,0.987338347601268,-1,0.7985094616752493,1.024372984274006,1.024372984274006,True
base__s35__5000K_2.0gcc,35,2.96,4.28,0.99729942168789,-1,0.6924596491862673,0.8752995725556992,0.8255627588985167,True
base__s35__5000K_2.0gcc,35,3.0,4.28,1.0437901652473065,-1,0.7168360218870766,1.6822697071978936,1.6822697071978936,True
base__s35__5000K_2.0gcc,35,3.04,4.28,1.0189002064157215,-1,0.6847907201290884,1.0435858728438823,1.0435858728438823,True
base__s35__5000K_2.0gcc,35,3.08,4.28,1.0411920806345003,-1,0.6509957958263135,1.042853557927597,1.042853557927597,True
base__s35__5000K_2.0gcc,35,3.12,4.28,1.0219308604059285,-1,0.7167264505302222,1.4906582760582778,1.4906582760582778,True
base__s35__5000K_2.0gcc,35,3.16,4.28,1.0141718780374458,-1,0.7313195616430022,1.6880604665877363,1.6880604665877363,True
base__s35__5000K_2.0gcc,35,3.2,4.28,1.018150683011606,-1,0.7217433486751157,1.0546112783296062,1.0546112783296062,True
base__s35__5000K_2.0gcc,35,3.24,4.28,1.0133844647901395,-1,0.9073779827931443,1.201118374529877,1.201118374529877,True
base__s35__5000K_2.0gcc,35,3.28,4.28,1.0370574026243682,-1,0.7610639721848313,1.0659913097189542,1.0659913097189542,True
base__s35__5000K_2.0gcc,35,3.3200000000000003,4.28,1.0457436678656005,-1,0.6274133249053655,2.324609833903972,2.324609833903972,True
base__s35__5000K_2.0gcc,35,3.36,4.28,0.9980961909079704,-1,0.7549568710954375,1.1558058212059021,1.1558058212059021,True
base__s35__5000K_2.0gcc,35,3.4,4.28,0.9894608839287176,-1,0.8037126279259603,1.0203634334730682,0.8782023040050548,True
base__s35__5000K_2.0gcc,35,3.44,4.28,1.0194006691007222,-1,0.6514035830099238,1.606000273214742,1.606000273214742,True
base__s35__5000K_2.0gcc,35,3.48,4.28,1.0396152636215958,-1,0.9720556527097919,2.7711927675135946,2.7711927675135946,True
base__s35__5000K_2.0gcc,35,3.52,4.28,1.045461292981237,-1,0.6485764946973861,1.2048362432358393,1.2048362432358393,True
base__s35__5000K_2.0gcc,35,3.56,4.28,1.0216897853942752,-1,0.6813788166958645,1.0975017174592085,1.0975017174592085,True
base__s35__5000K_2.0gcc,35,3.6,4.28,1.0198725750337634,-1,0.6610811521726285,2.20368638637473,2.20368638637473,True
base__s35__5000K_2.0gcc,35,3.64,4.28,1.053830177083575,-1,0.686348311073646,3.2108235350756473,3.2108235350756473,True
base__s35__5000K_2.0gcc,35,3.68,4.28,1.0500069662478435,-1,0.710134577143165,1.243752838157469,1.243752838157469,True
base__s35__5000K_2.0gcc,35,3.72,4.28,0.9930525555347012,-1,0.6371784232258311,1.1138053999055044,1.1138053999055044,True
base__s35__5000K_2.0gcc,35,3.76,4.28,1.0336871248158217,-1,0.7192815490143631,0.9935612930961166,0.9935612930961166,True
base__s35__5000K_2.0gcc,35,3.8,4.28,1.0036462311237957,-1,0.6962652061200021,2.1898351580731172,2.1898351580731172,True
base__s35__5000K_2.0gcc,35,3.84,4.28,1.0545471787482998,-1,0.6216744906179845,1.321842783837037,1.321842783837037,True
base__s35__5000K_2.0gcc,35,3.88,4.28,1.0490057073519672,-1,0.681620730658181,0.9021166827925473,0.7863325399799959,True
base__s35__5000K_2.0gcc,35,3.92,4.28,1.0553657255060922,-1,0.7420299077332426,1.455536338035482,1.455536338035482,True
base__s35__5000K_2.0gcc,35,3.96,4.28,1.0237998802002275,-1,0.654467444927849,1.7261813203788143,1.7261813203788143,True
base__s35__5000K_2.0gcc,35,4.0,4.28,1.076525616316212,-1,0.6212166393007889,1.1206529381161783,1.1206529381161783,True
base__s35__5000K_2.0gcc,35,4.04,4.28,1.0325696957247008,-1,0.6659940307789054,1.0810195468101411,1.0810195468101411,True
base__s35__5000K_2.0gcc,35,4.08,4.28,1.0440166664689794,-1,0.6839844216972314,1.169676749645221,1.169676749645221,True
base__s35__5000K_2.0gcc,35,4.12,4.28,1.031920903543969,-1,0.7194221783115202,1.0848499723732266,1.0848499723732266,True
base__s35__5000K_2.0gcc,35,4.16,4.28,0.9832780736582096,-1,0.6987812894968924,0.8322998643782317,0.8322998643782317,True
base__s35__5000K_2.0gcc,35,4.2,4.28,0.9988190085070476,-1,0.818692909624582,0.9223554184729817,0.9223554184729817,True
base__s35__5000K_2.0gcc,35,4.24,4.28,0.9769466424733744,-1,1.0914129406551731,1.2685681900909962,1.2623989015663795,True
base__s36__5000K_2.0gcc,36,0.0,inf,1.0310702502254634,-1,0.8928044464759279,1.0000000000000064,1.0000000000000064,False
base__s36__5000K_2.0gcc,36,0.04,inf,1.0625208394172796,-1,0.6629612776117965,0.8605373511371491,0.8605373511371491,False
base__s36__5000K_2.0gcc,36,0.08,inf,1.0214355348234168,-1,0.7670023836302693,0.8766884131064382,0.8766884131064382,False
base__s36__5000K_2.0gcc,36,0.12,inf,1.034768957536415,-1,0.6921750710192899,2.587323113391509,2.587323113391509,False
base__s36__5000K_2.0gcc,36,0.16,inf,1.0346283561245553,-1,0.6858744602380706,0.9688440811943018,0.9688440811943018,False
base__s36__5000K_2.0gcc,36,0.2,inf,1.0118842795013672,-1,0.7858797542485391,0.8027241372198871,0.8027241372198871,False
base__s36__5000K_2.0gcc,36,0.24,inf,1.0054302933898498,-1,0.8458827881182269,1.486672316936584,1.486672316936584,False
base__s36__5000K_2.0gcc,36,0.28,inf,1.019453201392295,-1,0.7789555948652838,3.4535969169053287,3.4535969169053287,False
base__s36__5000K_2.0gcc,36,0.32,inf,1.0543377454482974,-1,0.7096855662536894,0.9321507097004158,0.9321507097004158,False
base__s36__5000K_2.0gcc,36,0.36,inf,0.9599390428985586,-1,1.1622046650470932,1.4649349091568713,1.2775210030913393,False
base__s36__5000K_2.0gcc,36,0.4,inf,1.0167343596726728,-1,0.7104800040034642,2.2665395455438992,2.2665395455438992,False
base__s36__5000K_2.0gcc,36,0.44,inf,1.025355476268108,-1,0.6753967547011693,0.9520713773333945,0.9520713773333945,False
base__s36__5000K_2.0gcc,36,0.48,inf,1.0421643148817743,-1,0.6664619285019128,0.9709671596971715,0.9709671596971715,False
base__s36__5000K_2.0gcc,36,0.52,inf,1.0320517424848423,-1,0.6468653629818368,0.8661682517163841,0.8661682517163841,False
base__s36__5000K_2.0gcc,36,0.56,inf,1.0362081222848043,-1,0.6635555844851895,1.3369470579862295,1.3369470579862295,False
base__s36__5000K_2.0gcc,36,0.6,inf,1.0404277627288692,-1,0.7243929361716894,0.8475921728283803,0.7770152772696695,False
base__s36__5000K_2.0gcc,36,0.64,inf,0.9960071536289284,-1,0.7753713490274212,1.292678353500706,1.292678353500706,False
base__s36__5000K_2.0gcc,36,0.68,inf,1.016356192625893,-1,0.6270394840090445,1.1616844266350095,1.1616844266350095,False
base__s36__5000K_2.0gcc,36,0.72,inf,1.0323075062819225,-1,0.7590493591934256,0.9408263297359071,0.9408263297359071,False
base__s36__5000K_2.0gcc,36,0.76,inf,1.045328588629432,-1,0.6997722309876986,0.85428023303769,0.85428023303769,False
base__s36__5000K_2.0gcc,36,0.8,inf,1.001245291990429,-1,0.794914851925175,1.0353847879499418,1.0353847879499418,False
base__s36__5000K_2.0gcc,36,0.84,inf,1.0081068442625516,-1,0.7030801375998728,0.8958597527440914,0.8958597527440914,False
base__s36__5000K_2.0gcc,36,0.88,inf,1.008554199306611,-1,0.8762113430434777,0.9273503274950524,0.8993288547829762,False
base__s36__5000K_2.0gcc,36,0.92,inf,1.0158255640792857,-1,0.6376508000248229,0.7570153844071521,0.7570153844071521,False
base__s36__5000K_2.0gcc,36,0.96,inf,1.023714969462203,-1,0.6526019509724972,1.3638618294230997,1.3638618294230997,False
base__s36__5000K_2.0gcc,36,1.0,inf,1.019278985300884,-1,0.6780192635279609,1.0910417167957889,1.0910417167957889,False
base__s36__5000K_2.0gcc,36,1.04,inf,1.0304555739040862,-1,0.8951960896496974,1.0990437183993393,1.0990437183993393,False
base__s36__5000K_2.0gcc,36,1.08,inf,1.023192555020803,-1,0.6315627549349805,0.8320311768320803,0.8320311768320803,False
base__s36__5000K_2.0gcc,36,1.12,inf,1.0273480124310357,-1,0.7003525983898975,0.8535182048715322,0.8535182048715322,False
base__s36__5000K_2.0gcc,36,1.16,inf,1.0106923007315334,-1,0.7154216972722709,1.0249038771079564,1.0249038771079564,False
base__s36__5000K_2.0gcc,36,1.2,inf,1.0272534507885582,-1,0.6922893203616753,1.098862459695264,1.098862459695264,False
base__s36__5000K_2.0gcc,36,1.24,inf,1.0379494619513032,-1,0.7067925076094518,0.7991958347477124,0.7991958347477124,False
base__s36__5000K_2.0gcc,36,1.28,inf,1.046999582813193,-1,0.6431158422976003,1.0884624560533074,1.0884624560533074,False
base__s36__5000K_2.0gcc,36,1.32,inf,1.051709256904207,-1,0.7035978268875064,1.1000183500640546,1.1000183500640546,False
base__s36__5000K_2.0gcc,36,1.36,inf,1.0022252873655704,-1,0.832273159896641,0.8901727872033259,0.8901727872033259,False
base__s36__5000K_2.0gcc,36,1.4,inf,1.0363792164468555,-1,0.7531151980197989,0.9517169426826868,0.9517169426826868,False
base__s36__5000K_2.0gcc,36,1.44,inf,1.0380660644910809,-1,0.7005230412944647,1.56513157304301,1.56513157304301,False
base__s36__5000K_2.0gcc,36,1.48,inf,1.0461633203372225,-1,0.6488770789570777,0.8632682835042923,0.8632682835042923,False
base__s36__5000K_2.0gcc,36,1.52,inf,0.9923074724826983,-1,0.9192627220319162,0.9812171000848926,0.8997788777721262,False
base__s36__5000K_2.0gcc,36,1.56,inf,1.033778407654658,-1,0.6686780701136433,1.368558540571758,1.368558540571758,False
base__s36__5000K_2.0gcc,36,1.6,inf,1.0343376281127936,-1,0.7647271562878206,1.3377197635291789,1.3377197635291789,False
base__s36__5000K_2.0gcc,36,1.64,inf,1.0213233878806458,-1,0.7997503685903766,0.7967376757444027,0.7997503685903766,False
base__s36__5000K_2.0gcc,36,1.68,inf,1.017482722497537,-1,0.7157330941327091,0.9467961641235554,0.9467961641235554,False
base__s36__5000K_2.0gcc,36,1.72,inf,1.0415544399434913,-1,0.6680393499174934,0.7752914658399591,0.7752914658399591,False
base__s36__5000K_2.0gcc,36,1.76,inf,1.0249553186383291,-1,0.6734410393671632,0.9673918729173507,0.9673918729173507,False
base__s36__5000K_2.0gcc,36,1.8,inf,1.0563442898960542,-1,0.8411273051969026,1.0306882334905256,1.0306882334905256,False
base__s36__5000K_2.0gcc,36,1.84,inf,1.001394452072708,-1,0.6969559446981455,0.7421737672769273,0.7421737672769273,False
base__s36__5000K_2.0gcc,36,1.88,inf,1.0140625572152833,-1,0.77713773325808,0.9579466365803823,0.9579466365803823,False
base__s36__5000K_2.0gcc,36,1.92,inf,1.063914459383836,-1,0.7250579686878437,0.9352110770495397,0.9352110770495397,False
base__s36__5000K_2.0gcc,36,1.96,inf,1.0031819129101165,-1,0.7088165224639584,0.9702430266328438,0.9702430266328438,False
base__s36__5000K_2.0gcc,36,2.0,inf,0.977679475416662,-1,0.8558642212751915,1.5985781656212243,1.5985781656212243,False
base__s36__5000K_2.0gcc,36,2.04,inf,0.9858390306054028,-1,0.6841625750556297,1.00958833774642,1.00958833774642,False
base__s36__5000K_2.0gcc,36,2.08,inf,1.0244486074079069,-1,0.675272153220084,0.7553975472124455,0.7553975472124455,False
base__s36__5000K_2.0gcc,36,2.12,inf,1.0197818670661882,-1,0.7641984910981909,1.657990173011099,1.657990173011099,False
base__s36__5000K_2.0gcc,36,2.16,inf,0.9921840598649028,-1,0.7844932867990664,1.1367636111221657,1.1367636111221657,False
base__s36__5000K_2.0gcc,36,2.2,inf,1.0219498387107853,-1,0.7094799058530473,0.9715633074727663,0.9715633074727663,False
base__s36__5000K_2.0gcc,36,2.24,inf,0.995732694256345,-1,0.8140943351284011,3.5048541133080553,3.5048541133080553,False
base__s36__5000K_2.0gcc,36,2.28,inf,1.0230666002157438,-1,0.7392111701513449,0.9620766079527898,0.9620766079527898,False
base__s36__5000K_2.0gcc,36,2.32,inf,0.9907744047294518,-1,0.8078021980262757,2.092898540450121,2.092898540450121,False
base__s36__5000K_2.0gcc,36,2.36,inf,1.0283061748968547,-1,0.6597596422909984,0.887387539324591,0.887387539324591,False
base__s36__5000K_2.0gcc,36,2.4,inf,0.993082332087828,-1,0.715474190376477,1.0836021836349143,1.0836021836349143,False
base__s36__5000K_2.0gcc,36,2.44,inf,1.0363577688607346,-1,0.6123402041114477,0.893050369895197,0.893050369895197,False
base__s36__5000K_2.0gcc,36,2.48,inf,0.9998938638320568,-1,0.8811820153926403,1.010487748561924,1.010487748561924,False
base__s36__5000K_2.0gcc,36,2.52,inf,1.021517125242156,-1,0.7052641565021036,1.1557091602159892,1.1557091602159892,False
base__s36__5000K_2.0gcc,36,2.56,inf,1.0319198853229836,-1,0.6971676050305657,1.27447687490616,1.27447687490616,False
base__s36__5000K_2.0gcc,36,2.6,inf,0.9731045005527424,-1,0.9391771888004351,1.4787661867841249,1.4787661867841249,False
base__s36__5000K_2.0gcc,36,2.64,inf,1.0403788969889776,-1,0.6937081057648048,1.84363287619894,1.84363287619894,False
base__s36__5000K_2.0gcc,36,2.68,inf,1.0329376842089748,-1,0.7501838371142808,1.4098827761165218,1.4098827761165218,False
base__s36__5000K_2.0gcc,36,2.72,inf,1.0158675918868558,-1,1.3793052949063807,1.7547933183472808,1.6488666028270358,False
base__s36__5000K_2.0gcc,36,2.76,inf,1.0320190794001831,-1,0.656950697055632,2.8078409901631654,2.8078409901631654,False
base__s36__5000K_2.0gcc,36,2.8000000000000003,inf,1.0410974354309976,-1,0.6475421883223149,0.9786609461161442,0.9786609461161442,False
base__s36__5000K_2.0gcc,36,2.84,inf,1.0212142517229177,-1,0.701878894204969,2.3858781513889147,2.3858781513889147,False
base__s36__5000K_2.0gcc,36,2.88,inf,1.0555714483899232,-1,0.6604405307243566,4.7784436085463176,4.7784436085463176,False
base__s36__5000K_2.0gcc,36,2.92,inf,1.0306758751877327,-1,0.6892751387179967,0.9433635900477363,0.9433635900477363,False
base__s36__5000K_2.0gcc,36,2.96,inf,1.0091363460395224,-1,0.6810532249871617,1.081186334002867,1.081186334002867,False
base__s36__5000K_2.0gcc,36,3.0,inf,1.0379760596690082,-1,0.71518680675653,3.3406408526038534,3.3406408526038534,False
base__s36__5000K_2.0gcc,36,3.04,inf,1.0020456037810854,-1,0.6307080749868756,1.2056091038935155,1.2056091038935155,False
base__s36__5000K_2.0gcc,36,3.08,inf,1.0387507525027349,-1,0.6245694220313271,2.7425018727243713,2.7425018727243713,False
base__s36__5000K_2.0gcc,36,3.12,inf,0.9415291914088484,-1,2.0328487452391273,2.4394009900203137,2.187120277464202,False
base__s36__5000K_2.0gcc,36,3.16,inf,1.0251028580693744,-1,0.7416206888980681,1.23927414928584,1.23927414928584,False
base__s36__5000K_2.0gcc,36,3.2,inf,1.03082292219275,-1,0.8627497098645698,2.5542796075425183,2.5542796075425183,False
base__s36__5000K_2.0gcc,36,3.24,inf,0.989291324408033,-1,0.8870529029071756,1.5146510444817598,1.5146510444817598,False
base__s36__5000K_2.0gcc,36,3.28,inf,1.012162035504197,-1,0.7869645068241888,1.09637403174361,1.09637403174361,False
base__s36__5000K_2.0gcc,36,3.3200000000000003,inf,1.042129961358468,-1,0.6742695733423463,1.2241706056873676,1.2241706056873676,False
base__s36__5000K_2.0gcc,36,3.36,inf,1.021346110910989,-1,0.8006880226417049,1.2828626719277918,1.2828626719277918,False
base__s36__5000K_2.0gcc,36,3.4,inf,1.0380576693965518,-1,0.6352130599446246,1.1567925014015887,1.1567925014015887,False
base__s36__5000K_2.0gcc,36,3.44,inf,1.052412312191852,-1,0.7956190193749092,1.3349405819761302,1.3349405819761302,False
base__s36__5000K_2.0gcc,36,3.48,inf,1.0241951891397458,-1,0.7393049985762515,1.126505026390493,1.126505026390493,False
base__s36__5000K_2.0gcc,36,3.52,inf,1.049813166030508,-1,0.6966782095535964,0.9311476939551817,0.9311476939551817,False
base__s36__5000K_2.0gcc,36,3.56,inf,1.0362697748887597,-1,0.7158889461149306,1.155134733521772,1.155134733521772,False
base__s36__5000K_2.0gcc,36,3.6,inf,1.0381374312859548,-1,0.7015050096998724,1.3363780382046115,1.3363780382046115,False
base__s36__5000K_2.0gcc,36,3.64,inf,1.0373165401332425,-1,0.6349108418245635,1.1678819925288932,1.1678819925288932,False
base__s36__5000K_2.0gcc,36,3.68,inf,1.0092788102328318,-1,0.6855960965217699,0.9161916968006872,0.9161916968006872,False
base__s36__5000K_2.0gcc,36,3.72,inf,0.996771093066507,-1,0.7342211817702148,11.71073315794698,11.71073315794698,False
base__s36__5000K_2.0gcc,36,3.76,inf,1.0017099819818112,-1,0.6618595904050556,0.9769159055746872,0.9769159055746872,False
base__s36__5000K_2.0gcc,36,3.8,inf,1.0020522721819451,-1,0.8125085978540587,0.9396895989810155,0.9396895989810155,False
base__s36__5000K_2.0gcc,36,3.84,inf,1.037550200707898,-1,0.6954965146649397,1.0012759208574682,1.0012759208574682,False
base__s36__5000K_2.0gcc,36,3.88,inf,1.0161097139728568,-1,0.7287420918101115,0.9518922504178725,0.9518922504178725,False
base__s36__5000K_2.0gcc,36,3.92,inf,1.0477371260488006,-1,0.7176898567170723,0.9973364291168524,0.9973364291168524,False
base__s36__5000K_2.0gcc,36,3.96,inf,1.0367438554488773,-1,0.6748558832157047,1.7558191208503486,1.7558191208503486,False
base__s36__5000K_2.0gcc,36,4.0,inf,1.0643597188418024,-1,0.6210857344644556,0.9481377826854913,0.9116257144694586,False
base__s36__5000K_2.0gcc,36,4.04,inf,1.016156129977081,-1,0.7777620389301396,1.218590982100422,1.218590982100422,False
base__s36__5000K_2.0gcc,36,4.08,inf,1.0243621922542834,-1,0.684610847694272,1.014383302133262,1.014383302133262,False
base__s36__5000K_2.0gcc,36,4.12,inf,1.0235499728142243,-1,0.7760660539254352,2.1814458721132133,2.1814458721132133,False
base__s36__5000K_2.0gcc,36,4.16,inf,1.0380182226781958,-1,0.6721112176503963,1.2849968431947982,1.2849968431947982,False
base__s36__5000K_2.0gcc,36,4.2,inf,1.0233332921243208,-1,0.9131633332793004,3.4745136836474395,3.4745136836474395,False
base__s36__5000K_2.0gcc,36,4.24,inf,0.978102721888146,-1,0.7905497994592607,0.9517164526128326,0.8714461793539445,False
base__s36__5000K_2.0gcc,36,4.28,inf,0.9873131560016816,-1,0.6599098143002287,2.228927749938051,2.228927749938051,False
base__s36__5000K_2.0gcc,36,4.32,inf,1.017271299539115,-1,0.8034362557680206,1.1255703316852144,1.1255703316852144,False
base__s36__5000K_2.0gcc,36,4.36,inf,1.0477858858927238,-1,0.6855563887054801,1.2531007302335575,1.2531007302335575,False
base__s36__5000K_2.0gcc,36,4.4,inf,1.0412531733665926,-1,0.791791951045731,1.4878254041874102,1.4878254041874102,False
base__s36__5000K_2.0gcc,36,4.44,inf,1.0024531976950344,-1,0.7348121629004413,1.2334699684328774,1.2334699684328774,False
base__s36__5000K_2.0gcc,36,4.48,inf,1.0308691194652213,-1,0.6645373965807886,0.8624253267566517,0.8624253267566517,False
base__s36__5000K_2.0gcc,36,4.5200000000000005,inf,1.003522223296026,-1,0.6998586886440544,1.426978302730172,1.426978302730172,False
base__s36__5000K_2.0gcc,36,4.5600000000000005,inf,0.9626990084818824,-1,1.2143979583042213,1.3208339038128416,1.2143979583042213,False
base__s36__5000K_2.0gcc,36,4.6000000000000005,inf,1.0369472658867471,-1,0.7091600183691685,1.5210144985663319,1.5210144985663319,False
base__s36__5000K_2.0gcc,36,4.64,inf,1.0048022571013664,-1,0.7499984784846079,2.124272397989818,2.124272397989818,False
base__s36__5000K_2.0gcc,36,4.68,inf,1.035305048379462,-1,0.6348311869639401,1.551214036215545,1.551214036215545,False
base__s36__5000K_2.0gcc,36,4.72,inf,1.0131377385730929,-1,0.7225074227682237,4.2668501136653445,4.2668501136653445,False
base__s36__5000K_2.0gcc,36,4.76,inf,0.9769449348274442,-1,0.8955146268408555,3.9088845253498667,3.9088845253498667,False
base__s36__5000K_2.0gcc,36,4.8,inf,1.047419424685737,-1,0.7046397517321863,1.0634281160968162,1.0634281160968162,False
base__s36__5000K_2.0gcc,36,4.84,inf,1.0136703269687837,-1,0.6331998668680179,3.2432993192742585,3.2432993192742585,False
base__s36__5000K_2.0gcc,36,4.88,inf,1.036578390565325,-1,0.8023306569180034,1.6949029077733258,1.6949029077733258,False
base__s36__5000K_2.0gcc,36,4.92,inf,1.0226234810261303,-1,0.861940879402115,5.171780909255171,5.171780909255171,False
base__s36__5000K_2.0gcc,36,4.96,inf,1.0187059312691764,-1,0.7202867909704783,2.767924046865193,2.767924046865193,False
base__s36__5000K_2.0gcc,36,5.0,inf,1.034299967288988,-1,0.8253203629829592,0.9957031495657838,0.9957031495657838,False
base__s36__5000K_2.0gcc,36,5.04,inf,1.0545269993044273,-1,0.7336977301154679,1.0094319628736288,1.0094319628736288,False
base__s36__5000K_2.0gcc,36,5.08,inf,1.0472754251680885,-1,0.6897889111667629,1.4363499588599475,1.4363499588599475,False
base__s36__5000K_2.0gcc,36,5.12,inf,1.0559726462375811,-1,0.6935026415391432,1.337075833465331,1.337075833465331,False
base__s36__5000K_2.0gcc,36,5.16,inf,1.0153672637765114,-1,0.7927542768156969,1.065104122869141,1.065104122869141,False
base__s36__5000K_2.0gcc,36,5.2,inf,1.0159184302103192,-1,0.5742242365427043,0.8831295540816992,0.8831295540816992,False
base__s36__5000K_2.0gcc,36,5.24,inf,1.0494827170758934,-1,0.6364335418017777,0.8806314260774591,0.8806314260774591,False
base__s36__5000K_2.0gcc,36,5.28,inf,1.0522192636698875,-1,0.642664612146269,1.6838815162849374,1.6838815162849374,False
base__s36__5000K_2.0gcc,36,5.32,inf,1.011943201884869,-1,0.636339433408055,0.8801354004159642,0.8801354004159642,False
base__s36__5000K_2.0gcc,36,5.36,inf,1.0713865780440783,-1,0.6567024860820202,1.055606637673398,1.055606637673398,False
base__s36__5000K_2.0gcc,36,5.4,inf,1.0203565177196643,-1,0.7195269290438947,0.8804898097087218,0.8804898097087218,False
base__s36__5000K_2.0gcc,36,5.44,inf,0.9982481288307032,-1,1.0430914677584275,1.1761133478225172,1.1761133478225172,False
base__s36__5000K_2.0gcc,36,5.48,inf,1.018761219813554,-1,0.6727509100342455,0.952027392627261,0.952027392627261,False
base__s36__5000K_2.0gcc,36,5.5200000000000005,inf,1.0237855764148074,-1,0.8620151035235082,1.1072428380687798,1.1072428380687798,False
base__s36__5000K_2.0gcc,36,5.5600000000000005,inf,1.0131312811097104,-1,0.6955953104361942,1.5776964346568172,1.5776964346568172,False
base__s36__5000K_2.0gcc,36,5.6000000000000005,inf,1.060055117861803,-1,0.6830559905341447,1.7402116836040566,1.7402116836040566,False
base__s36__5000K_2.0gcc,36,5.64,inf,0.991572328836379,-1,0.7736825301398207,0.992026733262338,0.992026733262338,False
base__s36__5000K_2.0gcc,36,5.68,inf,1.025648440904582,-1,0.8319420718960713,1.02843823195023,1.02843823195023,False
base__s36__5000K_2.0gcc,36,5.72,inf,1.0553129159562114,-1,0.7359511780156697,0.9950747414994041,0.9950747414994041,False
base__s36__5000K_2.0gcc,36,5.76,inf,1.055943531630361,-1,0.6290649794846385,1.3650469434615675,1.3650469434615675,False
base__s36__5000K_2.0gcc,36,5.8,inf,1.0455163658833853,-1,0.6754439528540396,2.816051861405529,2.816051861405529,False
base__s36__5000K_2.0gcc,36,5.84,inf,1.0135078569271183,-1,0.6968922337825016,1.6389726128657593,1.6389726128657593,False
base__s36__5000K_2.0gcc,36,5.88,inf,1.0393804379153004,-1,0.6649765688557748,1.4852156482023886,1.4852156482023886,False
base__s36__5000K_2.0gcc,36,5.92,inf,1.042573157423977,-1,0.6977114145412477,0.9744651524250578,0.9744651524250578,False
base__s36__5000K_2.0gcc,36,5.96,inf,1.0386443747852294,-1,0.7676624248674007,0.9966196562991966,0.9966196562991966,False
base__s36__5000K_2.0gcc,36,6.0,inf,1.0105851573647815,-1,0.7882932007942979,2.108703002703856,2.108703002703856,False
base__s36__5000K_2.0gcc,36,6.04,inf,1.0499304383915158,-1,0.6570382951990446,0.8837936982323151,0.8837936982323151,False
base__s36__5000K_2.0gcc,36,6.08,inf,1.0312884338093782,-1,0.7181851881981021,0.9333153800564127,0.9333153800564127,False
base__s36__5000K_2.0gcc,36,6.12,inf,1.0376914988155197,-1,0.7137590849663493,1.5201662025393259,1.5201662025393259,False
base__s36__5000K_2.0gcc,36,6.16,inf,1.0198011904018356,-1,0.854002576977672,1.3295534216541334,1.3295534216541334,False
base__s36__5000K_2.0gcc,36,6.2,inf,1.035163885375162,-1,0.7289971398711242,1.734339623524368,1.734339623524368,False
base__s36__5000K_2.0gcc,36,6.24,inf,1.0371106085495412,-1,0.714798629792654,0.999113799449953,0.999113799449953,False
base__s36__5000K_2.0gcc,36,6.28,inf,1.030077932621121,-1,0.72071474223882,3.4281119348627556,3.4281119348627556,False
base__s36__5000K_2.0gcc,36,6.32,inf,1.033444671001307,-1,0.7527256058294381,0.884497586982571,0.884497586982571,False
base__s36__5000K_2.0gcc,36,6.36,inf,1.00619610355139,-1,0.7644964466228638,1.5929419569768197,1.5929419569768197,False
base__s36__5000K_2.0gcc,36,6.4,inf,1.031779737441088,-1,0.6906909251984523,2.428856518217537,2.428856518217537,False
base__s36__5000K_2.0gcc,36,6.44,inf,1.0372478803979304,-1,0.7160019744721021,1.0793214860814477,1.0793214860814477,False
base__s36__5000K_2.0gcc,36,6.48,inf,1.0428672433713702,-1,0.6548471008737439,0.9864832340697408,0.9864832340697408,False
base__s36__5000K_2.0gcc,36,6.5200000000000005,inf,1.04084820320064,-1,0.6205039926639054,1.1057633571375785,1.1057633571375785,False
base__s36__5000K_2.0gcc,36,6.5600000000000005,inf,1.0341799318363316,-1,0.7485557128801749,1.2518693822289262,1.2518693822289262,False
base__s36__5000K_2.0gcc,36,6.6000000000000005,inf,1.0327646156336885,-1,0.6864137463489565,0.9078786714605902,0.9078786714605902,False
base__s36__5000K_2.0gcc,36,6.640000000000001,inf,1.060176064689729,-1,0.6720379253147577,1.1290005498935303,1.1290005498935303,False
base__s36__5000K_2.0gcc,36,6.68,inf,1.0451374821639492,-1,0.709620678404387,1.687627809821463,1.687627809821463,False
base__s36__5000K_2.0gcc,36,6.72,inf,1.025992391656488,-1,0.6584345416834645,1.2066816837951795,1.2066816837951795,False
base__s36__5000K_2.0gcc,36,6.76,inf,1.0339691618002924,-1,0.6645784697031673,1.5000569387235212,1.5000569387235212,False
base__s36__5000K_2.0gcc,36,6.8,inf,1.0641567610056328,-1,0.6713565731288297,1.607805131797543,1.607805131797543,False
base__s36__5000K_2.0gcc,36,6.84,inf,1.0084421219663524,-1,0.6930788872928626,1.2648225779731412,1.2648225779731412,False
base__s36__5000K_2.0gcc,36,6.88,inf,1.0342432423825645,-1,0.8129850306606663,1.0982758573268918,1.0982758573268918,False
base__s36__5000K_2.0gcc,36,6.92,inf,1.028603749988303,-1,0.7774668484484519,1.4500899164543992,1.4500899164543992,False
base__s36__5000K_2.0gcc,36,6.96,inf,1.032008891013057,-1,0.7126108316509423,1.8261082587085842,1.8261082587085842,False
base__s36__5000K_2.0gcc,36,7.0,inf,1.021285869116968,-1,0.7107883217431772,9.502993979548076,9.502993979548076,False
base__s36__5000K_2.0gcc,36,7.04,inf,1.0335506852564125,-1,0.7139066461814008,1.1820322700276669,1.1820322700276669,False
base__s36__5000K_2.0gcc,36,7.08,inf,1.0092078915679366,-1,0.6898509388107541,1.1677253771941971,1.1677253771941971,False
base__s36__5000K_2.0gcc,36,7.12,inf,0.9974668672622672,-1,0.9075589435031739,4.871149528988653,4.871149528988653,False
base__s36__5000K_2.0gcc,36,7.16,inf,1.0502728568181705,-1,0.659698852038158,0.949315011163699,0.949315011163699,False
base__s36__5000K_2.0gcc,36,7.2,inf,1.0421215163449031,-1,0.722544804714496,1.1980420366358875,1.1980420366358875,False
base__s36__5000K_2.0gcc,36,7.24,inf,1.0261037002457405,-1,0.7691543684231845,1.7322396357519785,1.7322396357519785,False
base__s36__5000K_2.0gcc,36,7.28,inf,1.0267454688543796,-1,0.7446165276128153,1.1126063043340486,1.1126063043340486,False
base__s36__5000K_2.0gcc,36,7.32,inf,1.0270938736673487,-1,0.8370313987523168,2.5438049000916627,2.5438049000916627,False
base__s36__5000K_2.0gcc,36,7.36,inf,1.0247408007764691,-1,0.7360451801389507,4.632656425490514,4.632656425490514,False
base__s36__5000K_2.0gcc,36,7.4,inf,1.003798668075426,-1,0.7982172363227972,2.7387346200453613,2.7387346200453613,False
base__s36__5000K_2.0gcc,36,7.44,inf,1.052080509198796,-1,0.7654300854173347,1.0461845887822556,1.0461845887822556,False
base__s36__5000K_2.0gcc,36,7.48,inf,0.997958471261706,-1,1.075536453546395,1.1667720199427147,1.086106214849056,False
base__s36__5000K_2.0gcc,36,7.52,inf,1.043566788817084,-1,0.7551050487352933,1.350987459038502,1.350987459038502,False
base__s36__5000K_2.0gcc,36,7.56,inf,1.009795830219654,-1,0.6194642778767755,1.1619385127035917,1.1619385127035917,False
base__s36__5000K_2.0gcc,36,7.6,inf,1.000590824723573,-1,0.7127113733917944,2.3967283914998143,2.3967283914998143,False
base__s36__5000K_2.0gcc,36,7.640000000000001,inf,0.997489312850518,-1,0.7336348051891133,1.096821490987861,1.096821490987861,False
base__s36__5000K_2.0gcc,36,7.68,inf,1.0552688331576934,-1,0.7385599528577884,1.5236399409150863,1.5236399409150863,False
base__s36__5000K_2.0gcc,36,7.72,inf,1.0564920456193696,-1,0.7065259761045242,1.9354982977027813,1.9354982977027813,False
base__s36__5000K_2.0gcc,36,7.76,inf,1.0267515525841684,-1,0.656209347169529,1.0280139283953271,1.0280139283953271,False
base__s36__5000K_2.0gcc,36,7.8,inf,1.0439842746411463,-1,0.7380224199184819,1.1216099656325145,1.1216099656325145,False
base__s36__5000K_2.0gcc,36,7.84,inf,0.985605704720706,-1,0.7868619639110562,1.445262061581432,1.445262061581432,False
base__s36__5000K_2.0gcc,36,7.88,inf,1.0367081044643192,-1,0.8050752919722546,0.9663046572792764,0.9663046572792764,False
base__s36__5000K_2.0gcc,36,7.92,inf,1.0088831333038526,-1,0.6678509512893477,3.9405437117562974,3.9405437117562974,False
base__s36__5000K_2.0gcc,36,7.96,inf,1.032770634037878,-1,0.6240590254234156,1.0564647261925662,1.0564647261925662,False
base__s36__5000K_2.0gcc,36,8.0,inf,1.017888598852546,-1,0.8583319504671467,2.061787506172307,2.061787506172307,False
base__s36__5000K_2.0gcc,36,8.040000000000001,inf,1.0400633142905291,-1,0.6963685023364848,1.469583604719801,1.469583604719801,False
base__s36__5000K_2.0gcc,36,8.08,inf,1.0328862643490817,-1,0.7639812036394721,1.2834983993543805,1.2834983993543805,False
base__s36__5000K_2.0gcc,36,8.120000000000001,inf,0.9930719531690538,-1,0.7108661922864249,1.280255533581756,1.280255533581756,False
base__s36__5000K_2.0gcc,36,8.16,inf,1.0319414778799232,-1,0.7920870890210197,1.5496258399656773,1.5496258399656773,False
base__s36__5000K_2.0gcc,36,8.2,inf,1.015372550904346,-1,0.7262712152767318,1.8063253322411952,1.8063253322411952,False
base__s36__5000K_2.0gcc,36,8.24,inf,1.0074318538501752,-1,0.7683172689098468,1.1882911068846205,1.1882911068846205,False
base__s36__5000K_2.0gcc,36,8.28,inf,1.0289221691357424,-1,0.781491532952512,1.472657262161383,1.472657262161383,False
base__s36__5000K_2.0gcc,36,8.32,inf,1.0425431840000683,-1,0.6170937714172853,0.8725401413606402,0.8725401413606402,False
base__s36__5000K_2.0gcc,36,8.36,inf,1.0071263414567215,-1,0.7902732838633753,1.012234408917714,1.012234408917714,False
base__s36__5000K_2.0gcc,36,8.4,inf,1.0334648541585745,-1,0.7711082058932288,0.8126155285849824,0.8126155285849824,False
base__s36__5000K_2.0gcc,36,8.44,inf,1.042976360381194,-1,0.7064759944387842,1.9767562435149977,1.9767562435149977,False
base__s36__5000K_2.0gcc,36,8.48,inf,1.0022071404784545,-1,0.8658322050980878,4.47339954926313,4.47339954926313,False
base__s36__5000K_2.0gcc,36,8.52,inf,1.0139200876252523,-1,0.6783886724810781,1.2086663757689968,1.2086663757689968,False
base__s36__5000K_2.0gcc,36,8.56,inf,0.994743669054496,-1,0.963752342315242,4.667353004422237,4.667353004422237,False
base__s36__5000K_2.0gcc,36,8.6,inf,1.0348578448255588,-1,0.6309652422513568,3.6586492392284926,3.6586492392284926,False
base__s36__5000K_2.0gcc,36,8.64,inf,1.0274385673790911,-1,0.7018032136029169,1.8584647617896664,1.8584647617896664,False
base__s36__5000K_2.0gcc,36,8.68,inf,1.0409417459829344,-1,0.6925810016836499,1.7661742767048518,1.7661742767048518,False
base__s36__5000K_2.0gcc,36,8.72,inf,1.0357111795196574,-1,0.7506632783035824,1.708970462451515,1.708970462451515,False
base__s36__5000K_2.0gcc,36,8.76,inf,1.024881347590051,-1,0.7168887434329196,2.074662612595263,2.074662612595263,False
base__s36__5000K_2.0gcc,36,8.8,inf,1.031050599058553,-1,0.6657483774931183,2.13073402655366,2.13073402655366,False
base__s36__5000K_2.0gcc,36,8.84,inf,0.9943485454939832,-1,0.6641361995840882,1.0546711610922777,1.0546711610922777,False
base__s36__5000K_2.0gcc,36,8.88,inf,0.9996690324637454,-1,0.8193708936664301,4.34063902675651,4.34063902675651,False
base__s36__5000K_2.0gcc,36,8.92,inf,0.990875173474944,-1,0.7126840882022735,0.8646855025182092,0.8646855025182092,False
base__s36__5000K_2.0gcc,36,8.96,inf,1.0026687619842367,-1,0.7208680806682388,1.0409923876262872,1.0409923876262872,False
base__s36__5000K_2.0gcc,36,9.0,inf,1.0179461598365596,-1,0.7170588717338716,0.9787452468246031,0.9787452468246031,False
base__s36__5000K_2.0gcc,36,9.04,inf,1.0076880319836097,-1,0.6486035314963996,1.1333893331740992,1.1333893331740992,False
base__s36__5000K_2.0gcc,36,9.08,inf,1.0302923487971751,-1,0.801257514516576,1.335038161805676,1.335038161805676,False
base__s36__5000K_2.0gcc,36,9.12,inf,1.0348178327657482,-1,0.939021105041164,1.1088182662798205,1.1088182662798205,False
base__s36__5000K_2.0gcc,36,9.16,inf,1.030201953057264,-1,0.7410456780230958,1.0754325067748174,1.0754325067748174,False
base__s36__5000K_2.0gcc,36,9.2,inf,1.050309117788188,-1,0.6946739733794367,1.0719561744285468,1.0719561744285468,False
base__s36__5000K_2.0gcc,36,9.24,inf,1.054066050458414,-1,0.6811552260871204,0.9192375121242131,0.9192375121242131,False
base__s36__5000K_2.0gcc,36,9.28,inf,1.0005413924556048,-1,0.787209756511434,0.9907824511542553,0.9907824511542553,False
base__s36__5000K_2.0gcc,36,9.32,inf,1.0538757226827078,-1,0.7493182499503188,1.047290857825049,1.047290857825049,False
base__s36__5000K_2.0gcc,36,9.36,inf,1.0372589539671373,-1,0.6605184649137613,1.0301423274698929,1.0301423274698929,False
base__s36__5000K_2.0gcc,36,9.4,inf,1.0323032225203987,-1,0.6359860299010732,1.1042806972363397,1.1042806972363397,False
base__s36__5000K_2.0gcc,36,9.44,inf,1.0313554029921017,-1,0.7388510901270317,1.2252219827235389,1.2252219827235389,False
base__s36__5000K_2.0gcc,36,9.48,inf,1.0338285551613478,-1,0.7428793290950186,1.2091068086325456,1.2091068086325456,False
base__s36__5000K_2.0gcc,36,9.52,inf,1.0190656286108364,-1,0.7839041341626938,2.7079621833751997,2.7079621833751997,False
base__s36__5000K_2.0gcc,36,9.56,inf,1.006399735389969,-1,0.6244781936816044,1.1905300795554696,1.1905300795554696,False
base__s36__5000K_2.0gcc,36,9.6,inf,1.029446034863897,-1,0.6678277954149018,1.1503043655910568,1.1503043655910568,False
base__s36__5000K_2.0gcc,36,9.64,inf,1.0428948032030851,-1,0.6306986691882052,0.7798974519637057,0.6726238605336713,False
base__s36__5000K_2.0gcc,36,9.68,inf,1.0423434033575498,-1,0.6503673918256884,1.1373002686809826,1.1373002686809826,False
base__s36__5000K_2.0gcc,36,9.72,inf,1.0459720878728074,-1,0.6958509743307227,1.206195631520454,1.206195631520454,False
base__s36__5000K_2.0gcc,36,9.76,inf,1.0652984177633058,-1,0.7212185168768785,3.427122310920275,3.427122310920275,False
base__s36__5000K_2.0gcc,36,9.8,inf,1.0136373066738424,-1,0.6715515016987151,1.0048401084859484,1.0048401084859484,False
base__s36__5000K_2.0gcc,36,9.84,inf,1.019376981412666,-1,0.7531242506396782,1.1956073864403505,1.1956073864403505,False
base__s36__5000K_2.0gcc,36,9.88,inf,1.039386606439587,-1,0.7491685348149301,1.6516695422149517,1.6516695422149517,False
base__s36__5000K_2.0gcc,36,9.92,inf,1.030822418547928,-1,0.7671896251785074,1.67320505238938,1.67320505238938,False
base__s36__5000K_2.0gcc,36,9.96,inf,1.042094536331997,-1,0.6904315810839402,1.2781730325379912,1.2781730325379912,False
base__s36__5000K_2.0gcc,36,10.0,inf,1.0224814813374368,-1,0.7369091858221911,1.1893217044053301,1.1893217044053301,False
base__s37__5000K_2.0gcc,37,0.0,6.66,1.0310702502254634,-1,0.8928044464759279,1.0000000000000064,1.0000000000000064,True
base__s37__5000K_2.0gcc,37,0.04,6.66,1.0422396077155198,-1,0.6957999648165216,1.100906812359363,1.100906812359363,True
base__s37__5000K_2.0gcc,37,0.08,6.66,1.0189320078837454,-1,0.7329750903607033,1.2762097780142523,1.2762097780142523,True
base__s37__5000K_2.0gcc,37,0.12,6.66,1.0468059175195763,-1,0.6075616842347841,0.9726899641560749,0.9726899641560749,True
base__s37__5000K_2.0gcc,37,0.16,6.66,1.057021313982836,-1,0.6744841425702826,0.9605716507994304,0.9605716507994304,True
base__s37__5000K_2.0gcc,37,0.2,6.66,1.0302219083367428,-1,0.6975351829787665,0.9627019464907883,0.9627019464907883,True
base__s37__5000K_2.0gcc,37,0.24,6.66,1.007296847685925,-1,0.7439625936088122,1.0201234180275462,1.0201234180275462,True
base__s37__5000K_2.0gcc,37,0.28,6.66,1.0178641335689156,-1,0.8053154538501743,1.1595666737593944,1.1595666737593944,True
base__s37__5000K_2.0gcc,37,0.32,6.66,1.0746308957037292,-1,0.7371889648015857,1.1003498240064833,1.1003498240064833,True
base__s37__5000K_2.0gcc,37,0.36,6.66,1.036871973070446,-1,0.6969669326613654,2.2752100468531733,2.2752100468531733,True
base__s37__5000K_2.0gcc,37,0.4,6.66,1.0158316017239282,-1,0.6752810877431836,0.9823950225221914,0.9823950225221914,True
base__s37__5000K_2.0gcc,37,0.44,6.66,0.9856355852697284,-1,0.6803997279035444,1.568205539594363,1.568205539594363,True
base__s37__5000K_2.0gcc,37,0.48,6.66,1.0041706180754348,-1,0.7142480032630987,3.044924496192624,3.044924496192624,True
base__s37__5000K_2.0gcc,37,0.52,6.66,0.9906840615514108,-1,0.847616247961593,1.1932545068189186,1.1932545068189186,True
base__s37__5000K_2.0gcc,37,0.56,6.66,1.0391756834477028,-1,0.6892961270770387,1.0720042723620888,1.0720042723620888,True
base__s37__5000K_2.0gcc,37,0.6,6.66,1.0280990016345704,-1,0.6059314640751271,1.0711666674935607,1.0711666674935607,True
base__s37__5000K_2.0gcc,37,0.64,6.66,1.0569297609699524,-1,0.669691045291775,1.0702406199583585,1.0702406199583585,True
base__s37__5000K_2.0gcc,37,0.68,6.66,0.986551418924022,-1,0.9852528238959504,1.052247784069183,1.001955997649139,True
base__s37__5000K_2.0gcc,37,0.72,6.66,1.0592624157799608,-1,0.7457356154551789,1.2518915430398547,1.2518915430398547,True
base__s37__5000K_2.0gcc,37,0.76,6.66,1.027677511775459,-1,0.6685029644944763,0.8243806880850574,0.6685029644944763,True
base__s37__5000K_2.0gcc,37,0.8,6.66,1.009044592015635,-1,0.635410396645913,1.1744254315905007,1.1744254315905007,True
base__s37__5000K_2.0gcc,37,0.84,6.66,1.0134112216079911,-1,0.6921693413570698,1.814236358331587,1.814236358331587,True
base__s37__5000K_2.0gcc,37,0.88,6.66,1.0314429872780175,-1,0.6306919901577803,0.8656638411215735,0.8656638411215735,True
base__s37__5000K_2.0gcc,37,0.92,6.66,1.0230121125451053,-1,0.6739289441569317,1.0682252830311265,1.0682252830311265,True
base__s37__5000K_2.0gcc,37,0.96,6.66,0.9874570608132784,-1,0.9741794492087641,1.1201891980793275,1.0863413859904214,True
base__s37__5000K_2.0gcc,37,1.0,6.66,1.0122408164152443,-1,0.7628750003801059,2.210559732223625,2.210559732223625,True
base__s37__5000K_2.0gcc,37,1.04,6.66,1.023574936549835,-1,0.6455113453789335,1.5425477390268632,1.5425477390268632,True
base__s37__5000K_2.0gcc,37,1.08,6.66,1.0176666916264876,-1,0.6550654262448703,0.8555979895188501,0.8471141868906491,True
base__s37__5000K_2.0gcc,37,1.12,6.66,1.0279972306392655,-1,0.7756702157315818,2.619842905586887,2.619842905586887,True
base__s37__5000K_2.0gcc,37,1.16,6.66,1.0536971154544368,-1,0.6380945082234064,0.7169106210700009,0.7076651604626976,True
base__s37__5000K_2.0gcc,37,1.2,6.66,0.9979340198194468,-1,0.7505264073149824,1.3079966091082196,1.3079966091082196,True
base__s37__5000K_2.0gcc,37,1.24,6.66,1.0269584947888597,-1,0.8734406185455222,1.650454483683734,1.650454483683734,True
base__s37__5000K_2.0gcc,37,1.28,6.66,1.0240027765597126,-1,0.607719677447383,2.1618519528816402,2.1618519528816402,True
base__s37__5000K_2.0gcc,37,1.32,6.66,1.038146604003982,-1,0.6679091810787254,2.812590700319983,2.812590700319983,True
base__s37__5000K_2.0gcc,37,1.36,6.66,0.996815602070915,-1,0.6285321452113484,1.0695141508183774,1.0695141508183774,True
base__s37__5000K_2.0gcc,37,1.4,6.66,1.0351095153683012,-1,0.7772455526999733,3.0344814279943924,3.0344814279943924,True
base__s37__5000K_2.0gcc,37,1.44,6.66,1.0247340326113887,-1,0.6583055197329213,0.9958873565181362,0.9958873565181362,True
base__s37__5000K_2.0gcc,37,1.48,6.66,0.9968807024243173,-1,0.7188921326642589,1.481952925525728,1.481952925525728,True
base__s37__5000K_2.0gcc,37,1.52,6.66,1.036685918788328,-1,0.7644301716841161,1.1498193491464872,1.1498193491464872,True
base__s37__5000K_2.0gcc,37,1.56,6.66,1.0343039655246418,-1,0.7359317285837175,1.6066860628375637,1.6066860628375637,True
base__s37__5000K_2.0gcc,37,1.6,6.66,0.9622008457588264,-1,1.7324825718673882,11.168676076382354,11.168676076382354,True
base__s37__5000K_2.0gcc,37,1.64,6.66,1.028815816875888,-1,0.6506626126146333,1.219829109461583,1.219829109461583,True
base__s37__5000K_2.0gcc,37,1.68,6.66,1.0510714086369208,-1,0.8248342095609411,1.3537378921146253,1.3537378921146253,True
base__s37__5000K_2.0gcc,37,1.72,6.66,1.0299920733947423,-1,0.6450812111534692,3.451332543382599,3.451332543382599,True
base__s37__5000K_2.0gcc,37,1.76,6.66,1.0074950648320813,-1,0.9519526435452381,0.9930077834227566,0.9930077834227566,True
base__s37__5000K_2.0gcc,37,1.8,6.66,0.9854578774706714,-1,0.657692235017058,0.8445699104139262,0.8271587506398026,True
base__s37__5000K_2.0gcc,37,1.84,6.66,1.0461712590895431,-1,0.7107603973499967,1.1979842017312385,1.1979842017312385,True
base__s37__5000K_2.0gcc,37,1.88,6.66,1.040003731598113,-1,0.7895611070326813,1.3228414427835091,1.3228414427835091,True
base__s37__5000K_2.0gcc,37,1.92,6.66,1.0368240287556034,-1,0.6107414212042446,0.8894853966444171,0.8894853966444171,True
base__s37__5000K_2.0gcc,37,1.96,6.66,1.0495997465486546,-1,0.7092013603169478,1.1859939843282805,1.1859939843282805,True
base__s37__5000K_2.0gcc,37,2.0,6.66,1.0319691304341423,-1,0.6789583014916369,1.4730333295064537,1.4730333295064537,True
base__s37__5000K_2.0gcc,37,2.04,6.66,1.045447504442954,-1,0.6981280801509766,0.9406722653876457,0.9406722653876457,True
base__s37__5000K_2.0gcc,37,2.08,6.66,1.0314922151809969,-1,0.6669692390747011,1.07519353882843,1.07519353882843,True
base__s37__5000K_2.0gcc,37,2.12,6.66,0.9940884260552478,-1,1.0916050129789816,5.013616841377705,5.013616841377705,True
base__s37__5000K_2.0gcc,37,2.16,6.66,1.024182154256751,-1,0.9899639720619154,1.2318368358284058,1.013748139289823,True
base__s37__5000K_2.0gcc,37,2.2,6.66,0.9811467489927286,-1,1.1646029119067323,1.420645585848609,1.1849818056552015,True
base__s37__5000K_2.0gcc,37,2.24,6.66,1.050403507653607,-1,0.7014758150400406,2.926648250340988,2.926648250340988,True
base__s37__5000K_2.0gcc,37,2.28,6.66,1.0505118152153263,-1,0.7492403002842509,1.1809667872965495,1.1809667872965495,True
base__s37__5000K_2.0gcc,37,2.32,6.66,0.99480213721423,-1,0.7295271867511063,1.0597846639132797,1.0597846639132797,True
base__s37__5000K_2.0gcc,37,2.36,6.66,1.0227075862107406,-1,0.7356786114351148,0.9965616926709819,0.9965616926709819,True
base__s37__5000K_2.0gcc,37,2.4,6.66,1.030171521550174,-1,0.6007321178258803,0.8756451562938482,0.8756451562938482,True
base__s37__5000K_2.0gcc,37,2.44,6.66,1.045983857543223,-1,0.7026278063305024,1.612887128761535,1.612887128761535,True
base__s37__5000K_2.0gcc,37,2.48,6.66,1.0301191913341867,-1,0.6447102048694766,1.2054571042089446,1.2054571042089446,True
base__s37__5000K_2.0gcc,37,2.52,6.66,1.0251787394220575,-1,0.7683791979654758,2.149955336450919,2.149955336450919,True
base__s37__5000K_2.0gcc,37,2.56,6.66,1.0236054822659957,-1,0.6880442361872983,1.4583120647768866,1.4583120647768866,True
base__s37__5000K_2.0gcc,37,2.6,6.66,1.060420375377142,-1,0.6376910375984053,0.9553975742684294,0.9553975742684294,True
base__s37__5000K_2.0gcc,37,2.64,6.66,1.0311934540565124,-1,0.832034873253886,4.184784068423248,4.184784068423248,True
base__s37__5000K_2.0gcc,37,2.68,6.66,1.008303748113632,-1,0.7101162966644513,1.260232104875328,1.260232104875328,True
base__s37__5000K_2.0gcc,37,2.72,6.66,1.010886636913358,-1,0.7074879446021056,1.1113090550271463,1.1113090550271463,True
base__s37__5000K_2.0gcc,37,2.76,6.66,1.0276045722947122,-1,0.6755396963032432,0.8085397810429132,0.8085397810429132,True
base__s37__5000K_2.0gcc,37,2.8000000000000003,6.66,1.015749147237642,-1,0.6937411507915205,0.9055312219189003,0.9055312219189003,True
base__s37__5000K_2.0gcc,37,2.84,6.66,1.0285691818336773,-1,0.6256535166246249,1.0994155994927512,1.0994155994927512,True
base__s37__5000K_2.0gcc,37,2.88,6.66,1.0374127077287036,-1,0.6558119094162326,1.280077264472443,1.280077264472443,True
base__s37__5000K_2.0gcc,37,2.92,6.66,1.0331293604984806,-1,0.650544710788396,2.313287728452417,2.313287728452417,True
base__s37__5000K_2.0gcc,37,2.96,6.66,1.0168043455031055,-1,0.8656764201531602,3.2346604317617045,3.2346604317617045,True
base__s37__5000K_2.0gcc,37,3.0,6.66,1.0405308739955776,-1,0.7245493414405815,1.0483230039121745,1.0483230039121745,True
base__s37__5000K_2.0gcc,37,3.04,6.66,1.0166437687297352,-1,0.6560762144005371,1.4367824794952895,1.4367824794952895,True
base__s37__5000K_2.0gcc,37,3.08,6.66,1.049413713764024,-1,0.7144546685696731,1.36891430786434,1.36891430786434,True
base__s37__5000K_2.0gcc,37,3.12,6.66,1.0286405880038956,-1,0.6698669981264673,1.1234945117405009,1.1234945117405009,True
base__s37__5000K_2.0gcc,37,3.16,6.66,1.0543740196988922,-1,0.6792647368564744,1.1733336765475992,1.1733336765475992,True
base__s37__5000K_2.0gcc,37,3.2,6.66,1.0420414917156609,-1,0.8438777137294498,0.9022333051019601,0.9022333051019601,True
base__s37__5000K_2.0gcc,37,3.24,6.66,1.004745789503494,-1,0.5755611979246693,0.8260346754944665,0.8260346754944665,True
base__s37__5000K_2.0gcc,37,3.28,6.66,1.0274132972246368,-1,0.7023898165013893,1.6387363905121983,1.6387363905121983,True
base__s37__5000K_2.0gcc,37,3.3200000000000003,6.66,1.0500492044294871,-1,0.7580675770607508,1.4799299432774098,1.4799299432774098,True
base__s37__5000K_2.0gcc,37,3.36,6.66,1.0456065422619545,-1,0.6865247851147831,1.153407404163522,1.153407404163522,True
base__s37__5000K_2.0gcc,37,3.4,6.66,1.0387367907097549,-1,0.6340829693429182,1.845348483150028,1.845348483150028,True
base__s37__5000K_2.0gcc,37,3.44,6.66,1.0786572062527555,-1,0.6857636857633322,1.2724158495054172,1.2724158495054172,True
base__s37__5000K_2.0gcc,37,3.48,6.66,1.055694454715473,-1,0.7016898777285806,1.3608147467350615,1.3608147467350615,True
base__s37__5000K_2.0gcc,37,3.52,6.66,1.0454997788412008,-1,0.7018403583691196,1.6199600154297495,1.6199600154297495,True
base__s37__5000K_2.0gcc,37,3.56,6.66,0.9852946484448196,-1,0.8012823595527298,1.7753481419632937,1.7753481419632937,True
base__s37__5000K_2.0gcc,37,3.6,6.66,1.0182273156677737,-1,0.6917964616777056,1.3471148805583752,1.3471148805583752,True
base__s37__5000K_2.0gcc,37,3.64,6.66,1.0098107261982314,-1,0.7612268696119618,2.248556556125871,2.248556556125871,True
base__s37__5000K_2.0gcc,37,3.68,6.66,1.020563167757881,-1,0.7897456318889775,0.9450798421972779,0.9450798421972779,True
base__s37__5000K_2.0gcc,37,3.72,6.66,1.022575439584288,-1,0.6854986613914249,1.2596082516295417,1.2596082516295417,True
base__s37__5000K_2.0gcc,37,3.76,6.66,1.0364022123215484,-1,0.7026582474376053,1.3691574858729623,1.3691574858729623,True
base__s37__5000K_2.0gcc,37,3.8,6.66,1.06551767512557,-1,0.7071746727749374,1.5331234294822864,1.5331234294822864,True
base__s37__5000K_2.0gcc,37,3.84,6.66,1.001336196002122,-1,0.6784828930630181,1.2123534116539791,1.2123534116539791,True
base__s37__5000K_2.0gcc,37,3.88,6.66,1.0314590851012946,-1,0.7208793054582647,1.0490960167200107,1.0490960167200107,True
base__s37__5000K_2.0gcc,37,3.92,6.66,1.0095670515186206,-1,0.7697697240190501,1.477869373644318,1.477869373644318,True
base__s37__5000K_2.0gcc,37,3.96,6.66,1.004368766651473,-1,0.7033945248191124,1.0784621045638247,1.0784621045638247,True
base__s37__5000K_2.0gcc,37,4.0,6.66,1.0478182399051854,-1,0.7323884576726751,1.033878092979066,1.033878092979066,True
base__s37__5000K_2.0gcc,37,4.04,6.66,1.0395608993849277,-1,0.8002577166176298,1.0991527668182464,1.0991527668182464,True
base__s37__5000K_2.0gcc,37,4.08,6.66,1.0393219453480234,-1,0.668474397546521,1.5053206852835486,1.5053206852835486,True
base__s37__5000K_2.0gcc,37,4.12,6.66,1.0087746964857909,-1,0.6433620029669576,1.0918162175040396,1.0918162175040396,True
base__s37__5000K_2.0gcc,37,4.16,6.66,1.039622057700778,-1,0.6965075178386158,1.3527491955099515,1.3527491955099515,True
base__s37__5000K_2.0gcc,37,4.2,6.66,1.0319081732877202,-1,0.6764322825898015,1.8712706339161642,1.8712706339161642,True
base__s37__5000K_2.0gcc,37,4.24,6.66,1.059763395813896,-1,0.5739962895018245,2.022009690327219,2.022009690327219,True
base__s37__5000K_2.0gcc,37,4.28,6.66,1.048940771472346,-1,0.6974352653184007,0.9824126583590503,0.9824126583590503,True
base__s37__5000K_2.0gcc,37,4.32,6.66,1.0620791127321916,-1,0.5590340410542204,1.141463212961384,1.141463212961384,True
base__s37__5000K_2.0gcc,37,4.36,6.66,1.018814697892605,-1,0.6763674157796705,1.7419122440122532,1.7419122440122532,True
base__s37__5000K_2.0gcc,37,4.4,6.66,1.0166103701487608,-1,0.7514584836673472,1.5797849297658124,1.5797849297658124,True
base__s37__5000K_2.0gcc,37,4.44,6.66,1.0616034291805958,-1,0.651504999462049,1.367514181569346,1.367514181569346,True
base__s37__5000K_2.0gcc,37,4.48,6.66,1.0187035417985928,-1,0.641156017626513,1.6740960831170084,1.6740960831170084,True
base__s37__5000K_2.0gcc,37,4.5200000000000005,6.66,1.031456521939243,-1,0.6439730989293062,1.3621259349707417,1.3621259349707417,True
base__s37__5000K_2.0gcc,37,4.5600000000000005,6.66,1.0206859115364526,-1,0.7698290785698652,1.375719021631744,1.375719021631744,True
base__s37__5000K_2.0gcc,37,4.6000000000000005,6.66,1.006241719225057,-1,0.8345347749677566,1.0947874627057073,1.0947874627057073,True
base__s37__5000K_2.0gcc,37,4.64,6.66,1.0433412642304531,-1,0.697227336149904,1.162209811415528,1.162209811415528,True
base__s37__5000K_2.0gcc,37,4.68,6.66,0.9973138475174204,-1,0.729073515445088,1.0988039089054187,1.0988039089054187,True
base__s37__5000K_2.0gcc,37,4.72,6.66,1.0180561918857918,-1,0.6359537008607316,0.8541411976107083,0.8541411976107083,True
base__s37__5000K_2.0gcc,37,4.76,6.66,1.011503372576681,-1,0.9541874780620081,1.0665844802123863,1.0183211382697699,True
base__s37__5000K_2.0gcc,37,4.8,6.66,1.0531197530523304,-1,0.6225033801795414,0.90772120245534,0.90772120245534,True
base__s37__5000K_2.0gcc,37,4.84,6.66,0.9879514276542142,-1,0.7300063826313344,1.1989702611947182,1.1989702611947182,True
base__s37__5000K_2.0gcc,37,4.88,6.66,0.976085642641566,-1,0.9059364298423216,18.146269449363707,18.146269449363707,True
base__s37__5000K_2.0gcc,37,4.92,6.66,0.9814591829745136,-1,0.8605837485088677,0.8594041696461062,0.8605837485088677,True
base__s37__5000K_2.0gcc,37,4.96,6.66,0.98961743675675,-1,0.7163111099739343,0.9070098028648113,0.9070098028648113,True
base__s37__5000K_2.0gcc,37,5.0,6.66,1.0287295593857504,-1,0.6780181119278219,0.8678048052631844,0.8678048052631844,True
base__s37__5000K_2.0gcc,37,5.04,6.66,1.0305915023975307,-1,0.6993730741895108,1.1844526242548685,1.1844526242548685,True
base__s37__5000K_2.0gcc,37,5.08,6.66,1.0547687330699564,-1,0.7255026968918606,5.597610432861499,5.597610432861499,True
base__s37__5000K_2.0gcc,37,5.12,6.66,1.0141268598148858,-1,0.7941951155114862,1.1370124948107807,1.1370124948107807,True
base__s37__5000K_2.0gcc,37,5.16,6.66,1.0271575443956975,-1,0.7634227428756022,5.0122828875164505,5.0122828875164505,True
base__s37__5000K_2.0gcc,37,5.2,6.66,1.0327826503354909,-1,0.6664242253442402,1.2865468726262,1.2865468726262,True
base__s37__5000K_2.0gcc,37,5.24,6.66,1.0094671247792075,-1,0.7314390534525895,1.2260334210838257,1.2260334210838257,True
base__s37__5000K_2.0gcc,37,5.28,6.66,1.058431015137972,-1,0.6172868088700852,1.519671158775855,1.519671158775855,True
base__s37__5000K_2.0gcc,37,5.32,6.66,1.0340957311859478,-1,0.6878034407483118,1.1569262068527935,1.1569262068527935,True
base__s37__5000K_2.0gcc,37,5.36,6.66,1.0185863028482176,-1,0.6773622125336571,1.8385056101621018,1.8385056101621018,True
base__s37__5000K_2.0gcc,37,5.4,6.66,1.0018806095817998,-1,0.9767564891888194,1.6328353899223884,1.6328353899223884,True
base__s37__5000K_2.0gcc,37,5.44,6.66,1.0114207267018025,-1,0.7169883331653295,0.9578455037297194,0.9578455037297194,True
base__s37__5000K_2.0gcc,37,5.48,6.66,1.0703399378730103,-1,0.7660363528989212,1.4970573663112585,1.4970573663112585,True
base__s37__5000K_2.0gcc,37,5.5200000000000005,6.66,0.9882247608181044,-1,1.0958150035087086,1.2295550807411035,1.103739763918486,True
base__s37__5000K_2.0gcc,37,5.5600000000000005,6.66,1.0442695365900514,-1,0.677826267230482,2.0435442123252896,2.0435442123252896,True
base__s37__5000K_2.0gcc,37,5.6000000000000005,6.66,1.0176379553809896,-1,0.6406208753305629,0.7944878058491264,0.7944878058491264,True
base__s37__5000K_2.0gcc,37,5.64,6.66,1.0141679760596864,-1,0.7537348859520272,3.231518137459331,3.231518137459331,True
base__s37__5000K_2.0gcc,37,5.68,6.66,1.0362895673845216,-1,0.7064762552723564,1.1030804957878138,1.1030804957878138,True
base__s37__5000K_2.0gcc,37,5.72,6.66,1.0417140494099135,-1,0.6578177499443518,2.751520715744141,2.751520715744141,True
base__s37__5000K_2.0gcc,37,5.76,6.66,1.0134000009695083,-1,0.7049459411557081,1.1353666585999025,1.1353666585999025,True
base__s37__5000K_2.0gcc,37,5.8,6.66,1.0266395493623846,-1,0.7186172758535783,1.4027914239111035,1.4027914239111035,True
base__s37__5000K_2.0gcc,37,5.84,6.66,1.03792515801285,-1,0.6627208366866016,1.3512198884200235,1.3512198884200235,True
base__s37__5000K_2.0gcc,37,5.88,6.66,1.0458086501846309,-1,0.6203995579159083,1.401550718867479,1.401550718867479,True
base__s37__5000K_2.0gcc,37,5.92,6.66,0.9952258381864892,-1,0.7219087385629969,2.086651648536564,2.086651648536564,True
base__s37__5000K_2.0gcc,37,5.96,6.66,1.022598352101156,-1,0.7326509438782907,4.4063386951823835,4.4063386951823835,True
base__s37__5000K_2.0gcc,37,6.0,6.66,1.0406036522893811,-1,0.6921168234426018,1.1382219734742107,1.1382219734742107,True
base__s37__5000K_2.0gcc,37,6.04,6.66,0.9994790055368844,-1,0.6455496378435657,1.3928251196442851,1.3928251196442851,True
base__s37__5000K_2.0gcc,37,6.08,6.66,1.0389849993267468,-1,0.7495137580246611,1.2276293940679643,1.2276293940679643,True
base__s37__5000K_2.0gcc,37,6.12,6.66,1.0529347116250842,-1,0.6558533427668063,0.950635224730792,0.950635224730792,True
base__s37__5000K_2.0gcc,37,6.16,6.66,1.034601219856714,-1,0.7659620232001888,1.6787213657482958,1.6787213657482958,True
base__s37__5000K_2.0gcc,37,6.2,6.66,0.9839040702659988,-1,0.719567141262323,1.0311463264984768,1.0311463264984768,True
base__s37__5000K_2.0gcc,37,6.24,6.66,1.069561467474404,-1,0.6839430547655395,1.0682401946841007,1.0682401946841007,True
base__s37__5000K_2.0gcc,37,6.28,6.66,1.0244236088376717,-1,0.6705615587271626,0.9867986777497124,0.9867986777497124,True
base__s37__5000K_2.0gcc,37,6.32,6.66,1.0202868221309145,-1,0.7691002795374737,1.0023553037015567,1.0023553037015567,True
base__s37__5000K_2.0gcc,37,6.36,6.66,1.0214913832260164,-1,0.6892711471769126,1.6464190401939025,1.6464190401939025,True
base__s37__5000K_2.0gcc,37,6.4,6.66,1.0385969706700475,-1,0.7250502578966742,2.196770547494077,2.196770547494077,True
base__s37__5000K_2.0gcc,37,6.44,6.66,1.041418637403326,-1,0.6646389540536235,1.2587627042202203,1.2587627042202203,True
base__s37__5000K_2.0gcc,37,6.48,6.66,1.0588706608963152,-1,0.7796879680798557,1.6796602745754907,1.6796602745754907,True
base__s37__5000K_2.0gcc,37,6.5200000000000005,6.66,0.9970796947756986,-1,0.73828638131939,1.0014895367679644,1.0014895367679644,True
base__s37__5000K_2.0gcc,37,6.5600000000000005,6.66,1.0110955684142815,-1,0.7675671186752373,1.3957525059636002,1.3957525059636002,True
base__s37__5000K_2.0gcc,37,6.6000000000000005,6.66,0.9976736777939968,-1,0.6983288139213538,0.9882470697455565,0.9882470697455565,True
base__s37__5000K_2.0gcc,37,6.640000000000001,6.66,1.03744357827932,-1,0.6789682631346976,1.2998423415510003,1.2998423415510003,True
base__s38__5000K_2.0gcc,38,0.0,inf,1.0310702502254634,-1,0.8928044464759279,1.0000000000000064,1.0000000000000064,False
base__s38__5000K_2.0gcc,38,0.04,inf,1.054027080895932,-1,0.7169302977266873,0.9116597547629318,0.9116597547629318,False
base__s38__5000K_2.0gcc,38,0.08,inf,1.0324342126000077,-1,0.62303907206115,1.224389145135872,1.224389145135872,False
base__s38__5000K_2.0gcc,38,0.12,inf,1.0483506754182976,-1,0.7031552411234738,1.3402234349010083,1.3402234349010083,False
base__s38__5000K_2.0gcc,38,0.16,inf,1.0541033321781126,-1,0.6220965737966181,1.1907155439988064,1.1907155439988064,False
base__s38__5000K_2.0gcc,38,0.2,inf,1.0287458769846902,-1,0.6671037229169872,0.9280259249264777,0.9280259249264777,False
base__s38__5000K_2.0gcc,38,0.24,inf,1.0249739583291868,-1,0.6379689345485751,0.8983531088608079,0.8983531088608079,False
base__s38__5000K_2.0gcc,38,0.28,inf,1.008943925103373,-1,0.6560530863021604,1.0241124115586862,1.0241124115586862,False
base__s38__5000K_2.0gcc,38,0.32,inf,1.0371241279258714,-1,0.8104841395089647,1.096922134687653,1.096922134687653,False
base__s38__5000K_2.0gcc,38,0.36,inf,1.0223566607837988,-1,0.6192244470697994,1.0464365066456773,1.0464365066456773,False
base__s38__5000K_2.0gcc,38,0.4,inf,1.0312875574799694,-1,0.669067343532838,0.9612788772921796,0.9612788772921796,False
base__s38__5000K_2.0gcc,38,0.44,inf,1.0367273406436233,-1,0.6603199189998294,0.7792184537253583,0.7792184537253583,False
base__s38__5000K_2.0gcc,38,0.48,inf,1.019069092324951,-1,0.7788648160473624,0.7604889670812129,0.7461220096849648,False
base__s38__5000K_2.0gcc,38,0.52,inf,1.00089818622725,-1,0.8061093596071748,1.1736887049233864,1.1736887049233864,False
base__s38__5000K_2.0gcc,38,0.56,inf,1.028648988693908,-1,0.6295258029954823,1.5988013783800419,1.5988013783800419,False
base__s38__5000K_2.0gcc,38,0.6,inf,1.0332948660498609,-1,0.6184263940198707,1.3728294831238248,1.3728294831238248,False
base__s38__5000K_2.0gcc,38,0.64,inf,1.0498733901675954,-1,0.7434511499404762,1.8860028206818746,1.8860028206818746,False
base__s38__5000K_2.0gcc,38,0.68,inf,1.0623091089922931,-1,0.744258244328865,4.447914101221382,4.447914101221382,False
base__s38__5000K_2.0gcc,38,0.72,inf,1.020045988731881,-1,0.8004859263345937,1.1247628218508396,1.1247628218508396,False
base__s38__5000K_2.0gcc,38,0.76,inf,1.0790842083489127,-1,0.7409952349986216,1.5465371468802833,1.5465371468802833,False
base__s38__5000K_2.0gcc,38,0.8,inf,1.0446426241796758,-1,0.7206980043020625,1.1061367128336463,1.1061367128336463,False
base__s38__5000K_2.0gcc,38,0.84,inf,1.0313872918070102,-1,0.7623578007669456,1.1977632291991651,1.1977632291991651,False
base__s38__5000K_2.0gcc,38,0.88,inf,1.007391866293352,-1,0.7114140023170876,1.2521196569018584,1.2521196569018584,False
base__s38__5000K_2.0gcc,38,0.92,inf,1.012640945044689,-1,0.7334844630379523,1.2973172604127616,1.2973172604127616,False
base__s38__5000K_2.0gcc,38,0.96,inf,1.024400155261605,-1,0.7367846476484237,1.3564765413401356,1.3564765413401356,False
base__s38__5000K_2.0gcc,38,1.0,inf,1.038723906302825,-1,0.8172215902224712,9.566638653914117,9.566638653914117,False
base__s38__5000K_2.0gcc,38,1.04,inf,1.0437069700514598,-1,0.7565396881566673,1.2912500538960656,1.2912500538960656,False
base__s38__5000K_2.0gcc,38,1.08,inf,1.0078004022354825,-1,0.7133257139506634,1.0065055361840427,1.0065055361840427,False
base__s38__5000K_2.0gcc,38,1.12,inf,1.0171613651451763,-1,0.6576539520698124,0.9800248522906461,0.9800248522906461,False
base__s38__5000K_2.0gcc,38,1.16,inf,1.0432870221592907,-1,0.7299393536654495,1.7236974583970994,1.7236974583970994,False
base__s38__5000K_2.0gcc,38,1.2,inf,1.026180715810817,-1,0.6398672127662852,1.2432884438691718,1.2432884438691718,False
base__s38__5000K_2.0gcc,38,1.24,inf,1.040696564582588,-1,0.6403618974631626,1.390940045115332,1.390940045115332,False
base__s38__5000K_2.0gcc,38,1.28,inf,1.0463450466777209,-1,0.7045869872972562,0.8762497860136078,0.8762497860136078,False
base__s38__5000K_2.0gcc,38,1.32,inf,1.0545882624920506,-1,0.6457457892545887,0.9270790106995473,0.9270790106995473,False
base__s38__5000K_2.0gcc,38,1.36,inf,1.043297478899475,-1,0.6123307378852999,1.1957622114092126,1.1957622114092126,False
base__s38__5000K_2.0gcc,38,1.4,inf,1.0669621773446327,-1,0.6727703875700146,1.5137222048833834,1.5137222048833834,False
base__s38__5000K_2.0gcc,38,1.44,inf,1.0389166832879335,-1,0.7001359198029855,0.8352680439046096,0.8352680439046096,False
base__s38__5000K_2.0gcc,38,1.48,inf,1.0513802955686395,-1,0.734810342680986,1.028472525023116,1.028472525023116,False
base__s38__5000K_2.0gcc,38,1.52,inf,1.056806583712933,-1,0.7320381015924985,1.0325587254803907,1.0325587254803907,False
base__s38__5000K_2.0gcc,38,1.56,inf,1.0065919048248897,-1,0.734127221352258,0.9607156438122437,0.9607156438122437,False
base__s38__5000K_2.0gcc,38,1.6,inf,1.0628616884830313,-1,0.671160683760861,5.577282808167374,5.577282808167374,False
base__s38__5000K_2.0gcc,38,1.64,inf,1.0369608932438092,-1,0.6280744589761132,1.0806294530329255,1.0806294530329255,False
base__s38__5000K_2.0gcc,38,1.68,inf,1.040851728745742,-1,0.7900159109549445,2.7523458710469737,2.7523458710469737,False
base__s38__5000K_2.0gcc,38,1.72,inf,1.026108387856273,-1,0.7060652667795007,1.1157018200807973,1.1157018200807973,False
base__s38__5000K_2.0gcc,38,1.76,inf,1.0201994866931667,-1,0.7626168296043039,0.7338586359689548,0.7626168296043039,False
base__s38__5000K_2.0gcc,38,1.8,inf,1.008928628671523,-1,0.7492534656459611,1.1665828397499418,1.1665828397499418,False
base__s38__5000K_2.0gcc,38,1.84,inf,1.010670873756635,-1,0.6591755839343898,0.965647459609013,0.965647459609013,False
base__s38__5000K_2.0gcc,38,1.88,inf,1.014103792023775,-1,0.8922708259412448,0.9704154704054286,0.9704154704054286,False
base__s38__5000K_2.0gcc,38,1.92,inf,1.0062789392305695,-1,0.722008029456506,0.9144856369409269,0.9144856369409269,False
base__s38__5000K_2.0gcc,38,1.96,inf,1.0097224280568395,-1,0.6632383157580356,0.9231447674157034,0.9231447674157034,False
base__s38__5000K_2.0gcc,38,2.0,inf,1.0404354898185664,-1,0.763244202292323,1.3194926237226983,1.3194926237226983,False
base__s38__5000K_2.0gcc,38,2.04,inf,1.0217580703635278,-1,0.6899279871292773,1.1395952639391622,1.1395952639391622,False
base__s38__5000K_2.0gcc,38,2.08,inf,1.045727452242696,-1,0.7303774177998893,1.0518088932061729,1.0518088932061729,False
base__s38__5000K_2.0gcc,38,2.12,inf,1.0486207674130814,-1,0.7213543996680907,0.8240973776819139,0.7996536398211035,False
base__s38__5000K_2.0gcc,38,2.16,inf,1.050820610107167,-1,0.688635760013984,1.1145003600075494,1.1145003600075494,False
base__s38__5000K_2.0gcc,38,2.2,inf,1.0035620827681762,-1,0.7765926240372245,0.9614567619182294,0.9055479976501453,False
base__s38__5000K_2.0gcc,38,2.24,inf,1.0370564860961042,-1,0.7350081905738044,1.2756410779820144,1.2756410779820144,False
base__s38__5000K_2.0gcc,38,2.28,inf,1.0055492764230902,-1,0.7049931922280129,0.9595844752602141,0.9595844752602141,False
base__s38__5000K_2.0gcc,38,2.32,inf,1.0540062637271188,-1,0.7221775371073076,1.2904731641871603,1.2904731641871603,False
base__s38__5000K_2.0gcc,38,2.36,inf,1.0513934574891546,-1,0.6969021966316213,1.1536706169774729,1.1536706169774729,False
base__s38__5000K_2.0gcc,38,2.4,inf,1.0099240327118677,-1,0.6747110676948884,1.7508840447475982,1.7508840447475982,False
base__s38__5000K_2.0gcc,38,2.44,inf,0.9955998660511164,-1,0.726536145993691,1.7552791425639136,1.7552791425639136,False
base__s38__5000K_2.0gcc,38,2.48,inf,1.0401442111149788,-1,0.6473085359810975,1.5921483254561535,1.5921483254561535,False
base__s38__5000K_2.0gcc,38,2.52,inf,1.0054221426888317,-1,0.6468126728114967,0.9641027922473573,0.9641027922473573,False
base__s38__5000K_2.0gcc,38,2.56,inf,1.0006688709443303,-1,0.7639358547411732,1.0762648527629968,1.0762648527629968,False
base__s38__5000K_2.0gcc,38,2.6,inf,1.0104955289030235,-1,0.7189897528900818,1.0260444611385702,1.0260444611385702,False
base__s38__5000K_2.0gcc,38,2.64,inf,1.0047130847426045,-1,0.6772331053339519,0.9282282514302642,0.8717984230915432,False
base__s38__5000K_2.0gcc,38,2.68,inf,1.000225752084998,-1,0.7317087875492143,1.1003917141214468,1.1003917141214468,False
base__s38__5000K_2.0gcc,38,2.72,inf,1.0090519927347652,-1,0.6493426705674725,1.4622439816125516,1.4622439816125516,False
base__s38__5000K_2.0gcc,38,2.76,inf,1.0339459228823331,-1,0.6555217986366728,1.1199148464194946,1.1199148464194946,False
base__s38__5000K_2.0gcc,38,2.8000000000000003,inf,1.0526559024187343,-1,0.6248146161813938,0.8147367999233831,0.8147367999233831,False
base__s38__5000K_2.0gcc,38,2.84,inf,1.018675601889532,-1,0.7787542421750346,0.8374684987372836,0.7787542421750346,False
base__s38__5000K_2.0gcc,38,2.88,inf,1.0375839545680146,-1,0.6715228382065281,1.1322942562185445,1.1322942562185445,False
base__s38__5000K_2.0gcc,38,2.92,inf,1.0325521980156744,-1,0.7687691962179246,1.8077596047516504,1.8077596047516504,False
base__s38__5000K_2.0gcc,38,2.96,inf,1.0500844959540163,-1,0.6724277075034119,1.0334285285568443,1.0334285285568443,False
base__s38__5000K_2.0gcc,38,3.0,inf,1.0576606751647717,-1,0.6353233592840488,0.9588572870546473,0.9588572870546473,False
base__s38__5000K_2.0gcc,38,3.04,inf,1.0342083008847882,-1,0.6898303351791828,1.0289362084090823,1.0289362084090823,False
base__s38__5000K_2.0gcc,38,3.08,inf,1.0360532942725482,-1,0.677291597625484,1.4176701694365397,1.4176701694365397,False
base__s38__5000K_2.0gcc,38,3.12,inf,1.0354121522316608,-1,0.6984225606229717,2.6254513536629895,2.6254513536629895,False
base__s38__5000K_2.0gcc,38,3.16,inf,1.063683536166655,-1,0.7659222871761852,1.38336849822181,1.38336849822181,False
base__s38__5000K_2.0gcc,38,3.2,inf,1.0504916608226855,-1,0.6929915233952941,0.9517404107615495,0.9517404107615495,False
base__s38__5000K_2.0gcc,38,3.24,inf,1.030209444450011,-1,0.6899889527259884,5.26290195212259,5.26290195212259,False
base__s38__5000K_2.0gcc,38,3.28,inf,0.9771982457950892,-1,0.8181637470888145,1.181525164332415,1.181525164332415,False
base__s38__5000K_2.0gcc,38,3.3200000000000003,inf,1.0245015135986868,-1,0.7793236236634355,1.0443971663699727,1.0443971663699727,False
base__s38__5000K_2.0gcc,38,3.36,inf,1.0252616221843085,-1,0.6635926205030612,1.0254665356054633,1.0254665356054633,False
base__s38__5000K_2.0gcc,38,3.4,inf,1.0161691276529707,-1,0.6669211301344964,0.9070377668741987,0.9070377668741987,False
base__s38__5000K_2.0gcc,38,3.44,inf,1.0126702390916795,-1,0.7387490507742955,0.9601922580406292,0.9601922580406292,False
base__s38__5000K_2.0gcc,38,3.48,inf,1.0222348356478563,-1,0.7002542900430746,1.2179848675676195,1.2179848675676195,False
base__s38__5000K_2.0gcc,38,3.52,inf,1.0311786675688168,-1,0.6419133782795204,0.776694254579384,0.757532407509218,False
base__s38__5000K_2.0gcc,38,3.56,inf,1.01717739503245,-1,0.7587071365424236,1.4808495581311238,1.4808495581311238,False
base__s38__5000K_2.0gcc,38,3.6,inf,1.0562677283539434,-1,0.6831600760206937,1.0231344415468668,1.0231344415468668,False
base__s38__5000K_2.0gcc,38,3.64,inf,0.9920509236092678,-1,0.7233162475478769,1.000138111557812,1.000138111557812,False
base__s38__5000K_2.0gcc,38,3.68,inf,1.0480887601162416,-1,0.6430024553979916,1.102797050528032,1.102797050528032,False
base__s38__5000K_2.0gcc,38,3.72,inf,1.02043208845322,-1,0.6685212294346099,1.5349303791769173,1.5349303791769173,False
base__s38__5000K_2.0gcc,38,3.76,inf,1.0028320079818946,-1,0.6264966332900064,0.9289035157806523,0.9289035157806523,False
base__s38__5000K_2.0gcc,38,3.8,inf,1.016694952958851,-1,0.6612669167378946,1.153007058622496,1.153007058622496,False
base__s38__5000K_2.0gcc,38,3.84,inf,1.0315283951486744,-1,0.652581100513535,1.5218155748966578,1.5218155748966578,False
base__s38__5000K_2.0gcc,38,3.88,inf,0.9776990794186112,-1,0.8487072475695957,1.072337844361107,1.0342556441543556,False
base__s38__5000K_2.0gcc,38,3.92,inf,1.0366930224015205,-1,0.6955807603755558,1.3826368662395256,1.3826368662395256,False
base__s38__5000K_2.0gcc,38,3.96,inf,1.023276945429731,-1,0.7754197961053508,1.0425714683842162,1.0425714683842162,False
base__s38__5000K_2.0gcc,38,4.0,inf,0.9916524776140078,-1,0.7510619605998815,0.8678748595231465,0.8518224904222869,False
base__s38__5000K_2.0gcc,38,4.04,inf,1.0205133768207058,-1,0.6852308200767814,0.95997672629994,0.95997672629994,False
base__s38__5000K_2.0gcc,38,4.08,inf,1.013411824188962,-1,0.8145253370688271,1.2313526433573871,1.2313526433573871,False
base__s38__5000K_2.0gcc,38,4.12,inf,1.0358233832121186,-1,0.6531879594568999,1.038231184451371,1.038231184451371,False
base__s38__5000K_2.0gcc,38,4.16,inf,1.027810490421751,-1,0.6605781052065881,5.91991125206669,5.91991125206669,False
base__s38__5000K_2.0gcc,38,4.2,inf,1.036144872534723,-1,0.7156772915934884,1.58802299230373,1.58802299230373,False
base__s38__5000K_2.0gcc,38,4.24,inf,0.9992210920071696,-1,1.0233273433215462,1.8514369619256084,1.8514369619256084,False
base__s38__5000K_2.0gcc,38,4.28,inf,1.021126219435678,-1,0.7794355484012621,1.5311166395061746,1.5311166395061746,False
base__s38__5000K_2.0gcc,38,4.32,inf,1.0090270093595115,-1,0.6482981496863222,0.9942508152405793,0.9942508152405793,False
base__s38__5000K_2.0gcc,38,4.36,inf,1.0417253218238482,-1,0.7126602980195191,0.9960992044800072,0.9960992044800072,False
base__s38__5000K_2.0gcc,38,4.4,inf,1.0083747032978372,-1,0.730599619765616,0.9715927816322789,0.9715927816322789,False
base__s38__5000K_2.0gcc,38,4.44,inf,1.0268199784631185,-1,0.658807080918869,1.3882606680680782,1.3882606680680782,False
base__s38__5000K_2.0gcc,38,4.48,inf,1.060008146888032,-1,0.7408729810782047,1.077448797999748,1.077448797999748,False
base__s38__5000K_2.0gcc,38,4.5200000000000005,inf,1.0054569991207984,-1,0.6544478326522352,1.3442845211922807,1.3442845211922807,False
base__s38__5000K_2.0gcc,38,4.5600000000000005,inf,1.0281907201959186,-1,0.6648987008445897,1.0021392070407615,1.0021392070407615,False
base__s38__5000K_2.0gcc,38,4.6000000000000005,inf,1.0436782460495182,-1,0.6551707784685783,1.2345044594115797,1.2345044594115797,False
base__s38__5000K_2.0gcc,38,4.64,inf,0.9740353397736652,-1,1.136893887545784,1.4328506464279471,1.4328506464279471,False
base__s38__5000K_2.0gcc,38,4.68,inf,1.0104136419219605,-1,0.7500269938563056,1.1664294613193626,1.1664294613193626,False
base__s38__5000K_2.0gcc,38,4.72,inf,1.0293451187021776,-1,0.8155768142486304,1.9610319266125895,1.9610319266125895,False
base__s38__5000K_2.0gcc,38,4.76,inf,1.0477923119273205,-1,0.689445046426847,1.0846447643392225,1.0846447643392225,False
base__s38__5000K_2.0gcc,38,4.8,inf,1.0406364053659665,-1,0.6925924835660628,1.0735307381848562,1.0735307381848562,False
base__s38__5000K_2.0gcc,38,4.84,inf,1.014492619436436,-1,0.7948308538786263,0.9493106896907658,0.9493106896907658,False
base__s38__5000K_2.0gcc,38,4.88,inf,1.0335871070253342,-1,0.7932626260749047,3.6183849869734552,3.6183849869734552,False
base__s38__5000K_2.0gcc,38,4.92,inf,1.0080188317472047,-1,0.7131026302864927,1.2075924913430856,1.2075924913430856,False
base__s38__5000K_2.0gcc,38,4.96,inf,0.9793567588141718,-1,0.6682045579661459,1.4314549955707012,1.4314549955707012,False
base__s38__5000K_2.0gcc,38,5.0,inf,1.055986609952986,-1,0.6379929685320493,0.9662054786503091,0.9662054786503091,False
base__s38__5000K_2.0gcc,38,5.04,inf,1.0618238990157467,-1,0.733653402101109,1.259970649261686,1.259970649261686,False
base__s38__5000K_2.0gcc,38,5.08,inf,1.0334073220052196,-1,0.750761044392432,1.1357033426210024,1.1357033426210024,False
base__s38__5000K_2.0gcc,38,5.12,inf,1.0610614590988594,-1,0.7327546780385445,1.0219306076099026,1.0219306076099026,False
base__s38__5000K_2.0gcc,38,5.16,inf,1.0377003943552303,-1,0.9573339598029564,4.400190301729286,4.400190301729286,False
base__s38__5000K_2.0gcc,38,5.2,inf,1.0607726616169937,-1,0.6943667478759383,1.3141470243843305,1.3141470243843305,False
base__s38__5000K_2.0gcc,38,5.24,inf,1.0246153830906504,-1,0.7951030234995612,2.5267040177096276,2.5267040177096276,False
base__s38__5000K_2.0gcc,38,5.28,inf,1.023816760734556,-1,0.6759583236179958,1.0848885397813852,1.0848885397813852,False
base__s38__5000K_2.0gcc,38,5.32,inf,1.0276783583256972,-1,0.6612658749181692,2.0591498952911933,2.0591498952911933,False
base__s38__5000K_2.0gcc,38,5.36,inf,1.033160812604214,-1,0.7316271611484648,1.251696048610021,1.251696048610021,False
base__s38__5000K_2.0gcc,38,5.4,inf,1.004781440328691,-1,0.7798185319565272,1.2682744903637446,1.2682744903637446,False
base__s38__5000K_2.0gcc,38,5.44,inf,0.9989870597300048,-1,0.6982209855099638,1.5717634655783834,1.5717634655783834,False
base__s38__5000K_2.0gcc,38,5.48,inf,1.0395409629437409,-1,0.574073697000961,1.0518830722374752,1.0518830722374752,False
base__s38__5000K_2.0gcc,38,5.5200000000000005,inf,1.0385006220710702,-1,0.7909931621683393,5.781659549207894,5.781659549207894,False
base__s38__5000K_2.0gcc,38,5.5600000000000005,inf,1.0107604735687872,-1,0.7364044481401637,1.9088299576896517,1.9088299576896517,False
base__s38__5000K_2.0gcc,38,5.6000000000000005,inf,1.063109324685378,-1,0.729581450639779,1.1139231634417341,1.1139231634417341,False
base__s38__5000K_2.0gcc,38,5.64,inf,1.0140715155421731,-1,0.6572122788009926,1.5783549437493996,1.5783549437493996,False
base__s38__5000K_2.0gcc,38,5.68,inf,0.9827054622566213,-1,0.8798913149251929,1.3727626069479844,1.3727626069479844,False
base__s38__5000K_2.0gcc,38,5.72,inf,1.0395110489153063,-1,0.6319246915478217,0.8082272064079872,0.7690394113377531,False
base__s38__5000K_2.0gcc,38,5.76,inf,1.0111480912878192,-1,0.6029645439421104,0.8885968631812595,0.8885968631812595,False
base__s38__5000K_2.0gcc,38,5.8,inf,0.9985408236847408,-1,0.6278061282969114,1.1576984653985314,1.1576984653985314,False
base__s38__5000K_2.0gcc,38,5.84,inf,1.0389068276399955,-1,0.7711249348064932,3.0056627206104265,3.0056627206104265,False
base__s38__5000K_2.0gcc,38,5.88,inf,1.0237958773280933,-1,0.732501032608693,0.9430421579483422,0.9430421579483422,False
base__s38__5000K_2.0gcc,38,5.92,inf,1.0172891972875755,-1,0.7207206429278913,0.9763294407709528,0.9763294407709528,False
base__s38__5000K_2.0gcc,38,5.96,inf,1.014652943740371,-1,0.6959983298516819,1.1285745627562247,1.1285745627562247,False
base__s38__5000K_2.0gcc,38,6.0,inf,1.0337237709881684,-1,0.6942607486578639,1.2151689674390211,1.2151689674390211,False
base__s38__5000K_2.0gcc,38,6.04,inf,1.040184005877325,-1,0.5938029113119406,1.1722926432340017,1.1722926432340017,False
base__s38__5000K_2.0gcc,38,6.08,inf,1.0637751561293392,-1,0.73736214428344,2.2345745859028843,2.2345745859028843,False
base__s38__5000K_2.0gcc,38,6.12,inf,1.026859455098408,-1,0.6937588947249511,4.052220235744086,4.052220235744086,False
base__s38__5000K_2.0gcc,38,6.16,inf,1.0168631641214076,-1,0.7489866423772257,3.9324765613052364,3.9324765613052364,False
base__s38__5000K_2.0gcc,38,6.2,inf,1.0156491552110891,-1,0.6482366508635758,1.0748541664429032,1.0748541664429032,False
base__s38__5000K_2.0gcc,38,6.24,inf,1.0276278548477558,-1,0.7806124362284057,1.5334260732361902,1.5334260732361902,False
base__s38__5000K_2.0gcc,38,6.28,inf,0.9914903625361172,-1,0.9469110025814047,1.5860928422445033,1.5860928422445033,False
base__s38__5000K_2.0gcc,38,6.32,inf,1.0289339437961986,-1,0.6258660716625368,1.502815972154248,1.502815972154248,False
base__s38__5000K_2.0gcc,38,6.36,inf,1.0482866079322006,-1,0.6463746955438582,2.3274224331712325,2.3274224331712325,False
base__s38__5000K_2.0gcc,38,6.4,inf,1.045035615841872,-1,0.772344586034729,1.2619827962619998,1.2619827962619998,False
base__s38__5000K_2.0gcc,38,6.44,inf,1.0035169382093156,-1,0.7528153591815834,1.3338246063448278,1.3338246063448278,False
base__s38__5000K_2.0gcc,38,6.48,inf,1.035505995546622,-1,0.7114152459310601,1.3700522949448106,1.3700522949448106,False
base__s38__5000K_2.0gcc,38,6.5200000000000005,inf,1.0010642029750136,-1,0.7301819745798487,0.839700343764747,0.839700343764747,False
base__s38__5000K_2.0gcc,38,6.5600000000000005,inf,1.0159622364492684,-1,0.7179649039825002,1.3815323078366544,1.3815323078366544,False
base__s38__5000K_2.0gcc,38,6.6000000000000005,inf,1.0094711878394549,-1,0.782808232791049,1.1458720043887314,1.1458720043887314,False
base__s38__5000K_2.0gcc,38,6.640000000000001,inf,1.0301870789914809,-1,0.6283207316009118,1.128709239132887,1.128709239132887,False
base__s38__5000K_2.0gcc,38,6.68,inf,1.012800356445434,-1,0.6286912373267444,0.8748824663926438,0.8748824663926438,False
base__s38__5000K_2.0gcc,38,6.72,inf,1.020532857739524,-1,0.679465132658881,1.475439156876795,1.475439156876795,False
base__s38__5000K_2.0gcc,38,6.76,inf,0.9911273786744054,-1,0.6972957483416348,1.197938373375768,1.197938373375768,False
base__s38__5000K_2.0gcc,38,6.8,inf,1.0493834395153174,-1,0.727670911106107,2.7059883369690145,2.7059883369690145,False
base__s38__5000K_2.0gcc,38,6.84,inf,1.042025917455991,-1,0.7048675995432394,1.5952107260547852,1.5952107260547852,False
base__s38__5000K_2.0gcc,38,6.88,inf,1.0343339188951508,-1,0.6952651560831858,2.972588332971271,2.972588332971271,False
base__s38__5000K_2.0gcc,38,6.92,inf,0.9597173531311188,-1,0.8826979405308245,6.742456090870817,6.742456090870817,False
base__s38__5000K_2.0gcc,38,6.96,inf,1.0328423047435646,-1,0.694732841437243,3.092392431467307,3.092392431467307,False
base__s38__5000K_2.0gcc,38,7.0,inf,1.0195307325225658,-1,0.6430843212153385,1.2087556611782442,1.2087556611782442,False
base__s38__5000K_2.0gcc,38,7.04,inf,1.0231077956906596,-1,0.6371057646286001,1.2731231565669232,1.2731231565669232,False
base__s38__5000K_2.0gcc,38,7.08,inf,1.013934321274312,-1,0.7433506783865191,1.1495857647941696,1.1495857647941696,False
base__s38__5000K_2.0gcc,38,7.12,inf,0.9986182176933288,-1,0.7094043876352332,0.9715180704878097,0.9715180704878097,False
base__s38__5000K_2.0gcc,38,7.16,inf,1.0006121091352025,-1,0.706426169686014,1.3350914644353988,1.3350914644353988,False
base__s38__5000K_2.0gcc,38,7.2,inf,1.0023573202012344,-1,0.7172105022134213,1.0289268453460427,1.0289268453460427,False
base__s38__5000K_2.0gcc,38,7.24,inf,1.0096794461095062,-1,0.6799683715423259,1.0894080610710952,1.0894080610710952,False
base__s38__5000K_2.0gcc,38,7.28,inf,0.9623028404660352,-1,1.0708211399508771,1.3548069398473142,1.1096147256422784,False
base__s38__5000K_2.0gcc,38,7.32,inf,1.031059050228938,-1,0.6455811719655106,1.0587136646850854,1.0587136646850854,False
base__s38__5000K_2.0gcc,38,7.36,inf,1.0754011372260122,-1,0.6947520686061586,0.9775024115909499,0.9775024115909499,False
base__s38__5000K_2.0gcc,38,7.4,inf,1.0349656691286917,-1,0.6581342839086737,0.9858344315463354,0.9858344315463354,False
base__s38__5000K_2.0gcc,38,7.44,inf,1.0342767040492598,-1,0.6821139432319158,0.8040306850839576,0.8040306850839576,False
base__s38__5000K_2.0gcc,38,7.48,inf,0.9772858947457496,-1,0.8165536766394663,1.267653911439309,1.267653911439309,False
base__s38__5000K_2.0gcc,38,7.52,inf,1.007924066832914,-1,0.6834379927845059,0.9325039749855154,0.9325039749855154,False
base__s38__5000K_2.0gcc,38,7.56,inf,1.0208410712466462,-1,0.6591025736541576,0.9130790516468348,0.9130790516468348,False
base__s38__5000K_2.0gcc,38,7.6,inf,1.0046062906123971,-1,0.7020081742302631,0.9421226680872495,0.9421226680872495,False
base__s38__5000K_2.0gcc,38,7.640000000000001,inf,1.0557344828809936,-1,0.7887182530559133,1.0338164987836167,1.0338164987836167,False
base__s38__5000K_2.0gcc,38,7.68,inf,1.058812045297464,-1,0.7667745827423407,0.7448464415411116,0.7667745827423407,False
base__s38__5000K_2.0gcc,38,7.72,inf,1.005602212504527,-1,0.7462140880455183,1.3155394798858029,1.3155394798858029,False
base__s38__5000K_2.0gcc,38,7.76,inf,1.0371034576347726,-1,0.6745537814151087,0.7506726157751571,0.7496044168051597,False
base__s38__5000K_2.0gcc,38,7.8,inf,0.9796757802671248,-1,0.7920039910933763,0.9246853055330913,0.9246853055330913,False
base__s38__5000K_2.0gcc,38,7.84,inf,0.9814760231131472,-1,0.825921559082679,1.1575129420760157,0.9692210346370379,False
base__s38__5000K_2.0gcc,38,7.88,inf,1.0324525233568858,-1,0.6611011084238563,0.8524675293926107,0.8524675293926107,False
base__s38__5000K_2.0gcc,38,7.92,inf,1.01169260753897,-1,0.668093701431913,0.9889191937832325,0.9889191937832325,False
base__s38__5000K_2.0gcc,38,7.96,inf,1.0422148585421338,-1,0.6937030488566733,0.8778422926241918,0.8778422926241918,False
base__s38__5000K_2.0gcc,38,8.0,inf,1.013144040376293,-1,0.6383610312583107,0.9394229121720145,0.9394229121720145,False
base__s38__5000K_2.0gcc,38,8.040000000000001,inf,1.0166571970600515,-1,0.6764708070624739,0.7998342747041848,0.7998342747041848,False
base__s38__5000K_2.0gcc,38,8.08,inf,1.014373034137836,-1,0.6766556469173165,0.9027317916725016,0.9027317916725016,False
base__s38__5000K_2.0gcc,38,8.120000000000001,inf,1.028094776341656,-1,0.8296041732785963,0.8368409585015882,0.8155018860206293,False
base__s38__5000K_2.0gcc,38,8.16,inf,1.02774985801118,-1,0.7168897895650753,0.7700117856716627,0.7700117856716627,False
base__s38__5000K_2.0gcc,38,8.2,inf,1.0417573474922075,-1,0.7622222072301099,1.0511897128528533,1.0511897128528533,False
base__s38__5000K_2.0gcc,38,8.24,inf,1.0355978191102952,-1,0.710900155694989,1.3010139983561786,1.3010139983561786,False
base__s38__5000K_2.0gcc,38,8.28,inf,1.022484754635002,-1,0.7145743613422596,0.8845190086848869,0.8845190086848869,False
base__s38__5000K_2.0gcc,38,8.32,inf,1.0209498465027556,-1,0.8870886778275097,2.499571237204685,2.499571237204685,False
base__s38__5000K_2.0gcc,38,8.36,inf,1.0449646964893118,-1,0.6652027311330079,1.251346917135492,1.251346917135492,False
base__s38__5000K_2.0gcc,38,8.4,inf,1.0423774005277548,-1,0.820300968971187,1.2384042350951208,1.2384042350951208,False
base__s38__5000K_2.0gcc,38,8.44,inf,1.045128560213049,-1,0.7864837596444614,1.163159105285232,1.163159105285232,False
base__s38__5000K_2.0gcc,38,8.48,inf,1.024016346088773,-1,0.6578218532421459,0.8491262730296635,0.8491262730296635,False
base__s38__5000K_2.0gcc,38,8.52,inf,1.0275975688084311,-1,0.6744694187952597,2.0593562885403935,2.0593562885403935,False
base__s38__5000K_2.0gcc,38,8.56,inf,1.030381041049378,-1,0.6429795298827596,1.0100745735359677,1.0100745735359677,False
base__s38__5000K_2.0gcc,38,8.6,inf,1.0284464586671485,-1,0.7956108892540664,0.7072895273778873,0.7072895273778873,False
base__s38__5000K_2.0gcc,38,8.64,inf,1.0355150072818844,-1,0.7130967936524901,1.2029709775893118,1.2029709775893118,False
base__s38__5000K_2.0gcc,38,8.68,inf,1.0376131055383802,-1,0.6461829784451375,1.1085928726078464,1.1085928726078464,False
base__s38__5000K_2.0gcc,38,8.72,inf,1.0281346082731573,-1,0.7719515481823713,1.2380993775021145,1.2380993775021145,False
base__s38__5000K_2.0gcc,38,8.76,inf,0.995028865788325,-1,0.6730162980611293,1.0507693067415596,1.0507693067415596,False
base__s38__5000K_2.0gcc,38,8.8,inf,1.0150855181825806,-1,0.7203147699155854,0.8332150231097752,0.8332150231097752,False
base__s38__5000K_2.0gcc,38,8.84,inf,1.0633822890193347,-1,0.6950113368459908,0.9887651225020486,0.9887651225020486,False
base__s38__5000K_2.0gcc,38,8.88,inf,1.0382479693295816,-1,0.8156854143712536,0.7840713865135528,0.8156854143712536,False
base__s38__5000K_2.0gcc,38,8.92,inf,1.0058845513626302,-1,0.9074150079184644,1.475572955835683,1.475572955835683,False
base__s38__5000K_2.0gcc,38,8.96,inf,1.0344873433682025,-1,0.704070199943377,1.095963633887427,1.095963633887427,False
base__s38__5000K_2.0gcc,38,9.0,inf,1.0271539156801186,-1,0.8201612689844472,1.4524430486481754,1.4524430486481754,False
base__s38__5000K_2.0gcc,38,9.04,inf,1.0614543029829404,-1,0.6965921727779693,2.141398800569889,2.141398800569889,False
base__s38__5000K_2.0gcc,38,9.08,inf,1.036166650659053,-1,0.6378232066644309,1.408297025024872,1.408297025024872,False
base__s38__5000K_2.0gcc,38,9.12,inf,1.047570825910591,-1,0.6740372900042098,1.194535199199647,1.194535199199647,False
base__s38__5000K_2.0gcc,38,9.16,inf,1.0535128416350703,-1,0.7577348828151047,1.4788511217734421,1.4788511217734421,False
base__s38__5000K_2.0gcc,38,9.2,inf,1.019305768694556,-1,0.7298038198431607,0.8990657349764714,0.8471122395979618,False
base__s38__5000K_2.0gcc,38,9.24,inf,1.0585574022385371,-1,0.6911308143346027,1.2857220646347318,1.2857220646347318,False
base__s38__5000K_2.0gcc,38,9.28,inf,1.0237249329453686,-1,0.6780227289727443,0.9169806662911999,0.9169806662911999,False
base__s38__5000K_2.0gcc,38,9.32,inf,1.0134193394064477,-1,0.6974174973346712,1.806662697698199,1.806662697698199,False
base__s38__5000K_2.0gcc,38,9.36,inf,1.0419250048683923,-1,0.6266788408164115,1.2729877921341868,1.2729877921341868,False
base__s38__5000K_2.0gcc,38,9.4,inf,0.998907947177316,-1,0.6349757945165121,1.44712058191499,1.44712058191499,False
base__s38__5000K_2.0gcc,38,9.44,inf,0.9907760334672012,-1,0.8056767294150576,2.0932700241481497,2.0932700241481497,False
base__s38__5000K_2.0gcc,38,9.48,inf,1.030445922290927,-1,0.6719602079696837,1.197951329648302,1.197951329648302,False
base__s38__5000K_2.0gcc,38,9.52,inf,1.0155518899450682,-1,0.6632833217018385,1.521805593159395,1.521805593159395,False
base__s38__5000K_2.0gcc,38,9.56,inf,0.9858115262315614,-1,0.715571875092305,1.3721908581580755,1.3721908581580755,False
base__s38__5000K_2.0gcc,38,9.6,inf,1.0274558211981673,-1,0.815461449712638,1.1397341355762305,1.1397341355762305,False
base__s38__5000K_2.0gcc,38,9.64,inf,1.0489340586738514,-1,0.6887471555586039,1.1839984495208458,1.1839984495208458,False
base__s38__5000K_2.0gcc,38,9.68,inf,0.986452860895543,-1,0.7710274476567107,0.8803177088295806,0.8803177088295806,False
base__s38__5000K_2.0gcc,38,9.72,inf,1.0361328089149575,-1,0.6045164654016043,1.1375497061616446,1.1375497061616446,False
base__s38__5000K_2.0gcc,38,9.76,inf,1.026095236048779,-1,0.6970229537975223,1.4882120490117774,1.4882120490117774,False
base__s38__5000K_2.0gcc,38,9.8,inf,1.027379329134571,-1,0.678697397195523,1.3024408245222685,1.3024408245222685,False
base__s38__5000K_2.0gcc,38,9.84,inf,1.030931418689914,-1,0.6600172330157381,1.0122306276437472,1.0122306276437472,False
base__s38__5000K_2.0gcc,38,9.88,inf,1.039486194466286,-1,0.7417903604890611,2.340606011157511,2.340606011157511,False
base__s38__5000K_2.0gcc,38,9.92,inf,1.052639947175671,-1,0.6997749431721493,1.1321842954125638,1.1321842954125638,False
base__s38__5000K_2.0gcc,38,9.96,inf,1.0232103343663022,-1,0.7908205174589857,1.2266024827332163,1.2266024827332163,False
base__s38__5000K_2.0gcc,38,10.0,inf,1.0528619962241017,-1,0.937082384665201,3.9684024072321393,3.9684024072321393,False
base__s39__5000K_2.0gcc,39,0.0,inf,1.0310702502254634,-1,0.8928044464759279,1.0000000000000064,1.0000000000000064,False
base__s39__5000K_2.0gcc,39,0.04,inf,1.0427438647352478,-1,0.7048336560287007,1.5404270315811526,1.5404270315811526,False
base__s39__5000K_2.0gcc,39,0.08,inf,1.0217719537592531,-1,0.7221008663484226,1.0244932686159816,1.0244932686159816,False
base__s39__5000K_2.0gcc,39,0.12,inf,1.0244619086491211,-1,0.7084080494761996,1.0917095546812028,1.0917095546812028,False
base__s39__5000K_2.0gcc,39,0.16,inf,1.0317889773015607,-1,0.7853054077402408,1.261838871076372,1.261838871076372,False
base__s39__5000K_2.0gcc,39,0.2,inf,1.0225322879337355,-1,0.6811052184369366,0.8711182158104538,0.8711182158104538,False
base__s39__5000K_2.0gcc,39,0.24,inf,1.0117663479292038,-1,0.6632760525247929,0.8079307385540258,0.8079307385540258,False
base__s39__5000K_2.0gcc,39,0.28,inf,1.021660120318396,-1,0.6084666680911178,0.9458987407323647,0.9458987407323647,False
base__s39__5000K_2.0gcc,39,0.32,inf,1.0016675021038663,-1,0.5940034602092765,0.8622221758309679,0.8622221758309679,False
base__s39__5000K_2.0gcc,39,0.36,inf,1.00933340184599,-1,0.7511095500965093,0.9709883142416187,0.9709883142416187,False
base__s39__5000K_2.0gcc,39,0.4,inf,1.0203671482961414,-1,0.6895270554537325,0.7590890733340026,0.7289583073254866,False
base__s39__5000K_2.0gcc,39,0.44,inf,1.0372384587562304,-1,0.774524771561044,1.1704731046124162,1.1704731046124162,False
base__s39__5000K_2.0gcc,39,0.48,inf,0.9855251655467764,-1,0.8007141317079928,0.8112940976497148,0.8007141317079928,False
base__s39__5000K_2.0gcc,39,0.52,inf,1.0081162908489278,-1,0.7192553431028894,0.7338029296706965,0.7192553431028894,False
base__s39__5000K_2.0gcc,39,0.56,inf,1.0249426374509931,-1,0.7230849233472473,0.9104087450924162,0.7947075060540699,False
base__s39__5000K_2.0gcc,39,0.6,inf,1.0222668084184288,-1,0.6864858558473095,1.0741162056239157,1.0741162056239157,False
base__s39__5000K_2.0gcc,39,0.64,inf,1.0143514247448957,-1,0.693694136353106,1.0483188451778551,1.0483188451778551,False
base__s39__5000K_2.0gcc,39,0.68,inf,1.0328522290076152,-1,0.691061072978388,1.2219057975477325,1.2219057975477325,False
base__s39__5000K_2.0gcc,39,0.72,inf,1.0317766500677363,-1,0.7014927743450846,1.360675172677174,1.360675172677174,False
base__s39__5000K_2.0gcc,39,0.76,inf,1.0191535215761165,-1,0.6700829284764663,0.9939366032252916,0.9939366032252916,False
base__s39__5000K_2.0gcc,39,0.8,inf,1.0201335562175182,-1,0.6989566904762288,0.9805940769613601,0.9805940769613601,False
base__s39__5000K_2.0gcc,39,0.84,inf,1.0411478914515462,-1,0.6386465900644338,0.8096288349415571,0.8096288349415571,False
base__s39__5000K_2.0gcc,39,0.88,inf,1.0269876730014826,-1,0.6631884766825287,0.9245645454778912,0.9245645454778912,False
base__s39__5000K_2.0gcc,39,0.92,inf,0.9858310289588168,-1,0.6227205882679907,1.135186799924282,1.135186799924282,False
base__s39__5000K_2.0gcc,39,0.96,inf,1.011791162549862,-1,0.6456863882540758,0.874242892273051,0.874242892273051,False
base__s39__5000K_2.0gcc,39,1.0,inf,1.036996776865772,-1,0.6648213075919736,0.7842170654549662,0.7396347034319258,False
base__s39__5000K_2.0gcc,39,1.04,inf,1.0082772372487638,-1,0.7311106422260852,0.973686928380275,0.973686928380275,False
base__s39__5000K_2.0gcc,39,1.08,inf,1.0218099715284636,-1,0.7794440318984506,0.9371995932078512,0.9371995932078512,False
base__s39__5000K_2.0gcc,39,1.12,inf,1.0382258123818733,-1,0.6746126103527464,1.1057915741727782,1.1057915741727782,False
base__s39__5000K_2.0gcc,39,1.16,inf,1.0273744299645569,-1,0.7290357001738166,0.6925354226275069,0.7290357001738166,False
base__s39__5000K_2.0gcc,39,1.2,inf,1.060643136603919,-1,0.6802849290454068,0.7670821517068107,0.7544400431557585,False
base__s39__5000K_2.0gcc,39,1.24,inf,1.0029640250781675,-1,0.6852357200226183,0.7834364506953584,0.7728699167391723,False
base__s39__5000K_2.0gcc,39,1.28,inf,1.027329681133082,-1,0.7578212292024153,1.2055351418976519,1.2055351418976519,False
base__s39__5000K_2.0gcc,39,1.32,inf,1.026378183882043,-1,0.6263122405205618,0.7950823189551639,0.7950823189551639,False
base__s39__5000K_2.0gcc,39,1.36,inf,1.0455720128518171,-1,0.6754018301694182,1.2338419223887687,1.2338419223887687,False
base__s39__5000K_2.0gcc,39,1.4,inf,1.0703767126119663,-1,0.6234403003710409,1.0446895811989356,1.0446895811989356,False
base__s39__5000K_2.0gcc,39,1.44,inf,1.0148457646095783,-1,0.7871008450889898,1.3411440910406438,1.3411440910406438,False
base__s39__5000K_2.0gcc,39,1.48,inf,1.0358908409567098,-1,0.8803191762461735,1.7389448574797182,1.7389448574797182,False
base__s39__5000K_2.0gcc,39,1.52,inf,1.048659540507309,-1,0.7479502445712267,1.4137602911813487,1.4137602911813487,False
base__s39__5000K_2.0gcc,39,1.56,inf,1.029060304144028,-1,0.6387580987802741,0.9646132090026682,0.9646132090026682,False
base__s39__5000K_2.0gcc,39,1.6,inf,1.022702902380256,-1,0.6691647987532215,1.1994695345369841,1.1994695345369841,False
base__s39__5000K_2.0gcc,39,1.64,inf,0.9891887280605248,-1,1.243675547841199,1.3199845302304478,1.2438022914866136,False
base__s39__5000K_2.0gcc,39,1.68,inf,1.05513010256982,-1,0.7751848686400232,2.5055161507486443,2.5055161507486443,False
base__s39__5000K_2.0gcc,39,1.72,inf,1.0403378712254974,-1,0.7002826128773793,1.1571672060549776,1.1571672060549776,False
base__s39__5000K_2.0gcc,39,1.76,inf,1.047066520435545,-1,0.8456897543437162,1.2924128190571031,1.2924128190571031,False
base__s39__5000K_2.0gcc,39,1.8,inf,0.9863393346201904,-1,0.7992815569806326,1.0747003870114589,1.0747003870114589,False
base__s39__5000K_2.0gcc,39,1.84,inf,1.03915759716272,-1,0.7104686823962161,1.2484596047761127,1.2484596047761127,False
base__s39__5000K_2.0gcc,39,1.88,inf,1.0352975255973524,-1,0.6960902468954913,1.022570000802286,1.022570000802286,False
base__s39__5000K_2.0gcc,39,1.92,inf,1.070154841671521,-1,0.6511602066770265,1.558574670054918,1.558574670054918,False
base__s39__5000K_2.0gcc,39,1.96,inf,1.0440719215772447,-1,0.7256062234529892,0.9271540216935111,0.9271540216935111,False
base__s39__5000K_2.0gcc,39,2.0,inf,0.9633564722302952,-1,1.0945053059901768,1.380106731169135,1.1281858511153522,False
base__s39__5000K_2.0gcc,39,2.04,inf,1.0144991520380884,-1,0.7005831849208969,1.2662764815065242,1.2662764815065242,False
base__s39__5000K_2.0gcc,39,2.08,inf,1.0411415388836427,-1,0.6368126679918307,1.0201462423514653,1.0201462423514653,False
base__s39__5000K_2.0gcc,39,2.12,inf,1.034921202760867,-1,0.6694467742016211,1.6720879927620849,1.6720879927620849,False
base__s39__5000K_2.0gcc,39,2.16,inf,1.0394382122959498,-1,0.6905345526360316,0.953013125856987,0.953013125856987,False
base__s39__5000K_2.0gcc,39,2.2,inf,1.0218347804542574,-1,0.6813314325516723,2.0230489367212057,2.0230489367212057,False
base__s39__5000K_2.0gcc,39,2.24,inf,0.9894192967923164,-1,0.782360370167814,1.087523592328854,1.087523592328854,False
base__s39__5000K_2.0gcc,39,2.28,inf,1.0670558074674446,-1,0.7768428315503484,0.9657177314228355,0.9657177314228355,False
base__s39__5000K_2.0gcc,39,2.32,inf,1.0184743245433336,-1,0.7213867845162886,8.9630508574235,8.9630508574235,False
base__s39__5000K_2.0gcc,39,2.36,inf,1.0296931406321983,-1,0.6176317732860752,0.9683902216494147,0.9683902216494147,False
base__s39__5000K_2.0gcc,39,2.4,inf,1.0050863208764702,-1,0.7180939912669511,0.9533929086624131,0.9533929086624131,False
base__s39__5000K_2.0gcc,39,2.44,inf,1.0366422910657265,-1,0.6795165831648079,1.085279472013556,1.085279472013556,False
base__s39__5000K_2.0gcc,39,2.48,inf,1.0317741353930132,-1,0.7266323693515224,1.2139056556870382,1.2139056556870382,False
base__s39__5000K_2.0gcc,39,2.52,inf,0.9940209920947356,-1,0.6973871878229343,3.776218219493309,3.776218219493309,False
base__s39__5000K_2.0gcc,39,2.56,inf,1.0395561127817967,-1,0.6575657755425739,1.0592500315058744,1.0592500315058744,False
base__s39__5000K_2.0gcc,39,2.6,inf,0.9996439612627084,-1,0.7012370237107705,0.928323612135754,0.928323612135754,False
base__s39__5000K_2.0gcc,39,2.64,inf,1.0293527921912875,-1,0.666951776985246,1.1511811372078395,1.1511811372078395,False
base__s39__5000K_2.0gcc,39,2.68,inf,1.0566707934158115,-1,0.8120261176783685,1.099759670509091,1.099759670509091,False
base__s39__5000K_2.0gcc,39,2.72,inf,1.0081321415776805,-1,0.8351687515236079,1.293132109700606,1.293132109700606,False
base__s39__5000K_2.0gcc,39,2.76,inf,1.0143301622928302,-1,0.6928084890865207,1.209639740245169,1.209639740245169,False
base__s39__5000K_2.0gcc,39,2.8000000000000003,inf,1.0091656931693622,-1,0.810860253581955,1.918316914937482,1.918316914937482,False
base__s39__5000K_2.0gcc,39,2.84,inf,1.042373135851553,-1,0.7751522916432844,1.0082013301759694,1.0082013301759694,False
base__s39__5000K_2.0gcc,39,2.88,inf,1.031198897240004,-1,0.8000318803781008,1.1840314305027821,1.1840314305027821,False
base__s39__5000K_2.0gcc,39,2.92,inf,1.031586680316298,-1,0.7025001736545439,1.1600732937844938,1.1600732937844938,False
base__s39__5000K_2.0gcc,39,2.96,inf,1.0524824722307733,-1,0.704152280325004,1.0807238746276782,1.0807238746276782,False
base__s39__5000K_2.0gcc,39,3.0,inf,1.000477167301684,-1,0.6532741046264771,1.6603539267194083,1.6603539267194083,False
base__s39__5000K_2.0gcc,39,3.04,inf,1.0445140564750683,-1,0.731664355413385,1.0281651202142987,1.0138004579439521,False
base__s39__5000K_2.0gcc,39,3.08,inf,1.0604953767820018,-1,0.6292644770458743,2.2223111499554067,2.2223111499554067,False
base__s39__5000K_2.0gcc,39,3.12,inf,1.0192014665001226,-1,0.6307913780316896,1.8670855741096877,1.8670855741096877,False
base__s39__5000K_2.0gcc,39,3.16,inf,1.0341213848910575,-1,0.5986446107282488,1.204778215585181,1.204778215585181,False
base__s39__5000K_2.0gcc,39,3.2,inf,1.0338384396118183,-1,0.7368596428924563,1.3395943116876035,1.3395943116876035,False
base__s39__5000K_2.0gcc,39,3.24,inf,1.0084791314543895,-1,0.6967771081397331,2.21986443428409,2.21986443428409,False
base__s39__5000K_2.0gcc,39,3.28,inf,1.013008912611335,-1,0.6997572701629752,1.4290099601197728,1.4290099601197728,False
base__s39__5000K_2.0gcc,39,3.3200000000000003,inf,1.0241675928548026,-1,0.7693508632970942,0.9492577549888749,0.9492577549888749,False
base__s39__5000K_2.0gcc,39,3.36,inf,1.0167659620910805,-1,0.7189368797503635,1.0114594429237527,1.0114594429237527,False
base__s39__5000K_2.0gcc,39,3.4,inf,1.00999984356484,-1,0.775643157409338,2.0589387757936795,2.0589387757936795,False
base__s39__5000K_2.0gcc,39,3.44,inf,0.9997790257321868,-1,0.7645327958232426,1.2121577388928102,1.2121577388928102,False
base__s39__5000K_2.0gcc,39,3.48,inf,1.026362945662498,-1,0.6966230324673519,0.8209730236626293,0.8209730236626293,False
base__s39__5000K_2.0gcc,39,3.52,inf,1.0355767322077103,-1,0.6911358312699261,1.6272809698338058,1.6272809698338058,False
base__s39__5000K_2.0gcc,39,3.56,inf,1.0114686071440868,-1,0.6750169706989577,1.3494667268967357,1.3494667268967357,False
base__s39__5000K_2.0gcc,39,3.6,inf,0.9892699032731156,-1,0.6716129936042176,1.361390273098882,1.361390273098882,False
base__s39__5000K_2.0gcc,39,3.64,inf,1.0117365860543943,-1,0.6763065765300951,1.2372494536374856,1.2372494536374856,False
base__s39__5000K_2.0gcc,39,3.68,inf,1.0224647986053113,-1,0.7182644505602426,1.754321615236897,1.754321615236897,False
base__s39__5000K_2.0gcc,39,3.72,inf,0.9940208754452794,-1,0.6334897883391748,1.139160089232138,1.139160089232138,False
base__s39__5000K_2.0gcc,39,3.76,inf,1.01241962404825,-1,0.6692710655959788,2.5132196824531876,2.5132196824531876,False
base__s39__5000K_2.0gcc,39,3.8,inf,1.0457963239063337,-1,0.7219250915522409,1.3966340839043472,1.3966340839043472,False
base__s39__5000K_2.0gcc,39,3.84,inf,1.005408772198652,-1,0.8256094444347536,1.066239973727214,1.066239973727214,False
base__s39__5000K_2.0gcc,39,3.88,inf,1.043106608636913,-1,0.7951871378533738,1.0490185333246855,1.0490185333246855,False
base__s39__5000K_2.0gcc,39,3.92,inf,1.0547388201322647,-1,0.7139154854246234,1.2990912063247988,1.2990912063247988,False
base__s39__5000K_2.0gcc,39,3.96,inf,1.0345402291689776,-1,0.6640287750466881,1.689908153852425,1.689908153852425,False
base__s39__5000K_2.0gcc,39,4.0,inf,1.0478119772258758,-1,0.6890778333178329,1.9859272891747846,1.9859272891747846,False
base__s39__5000K_2.0gcc,39,4.04,inf,1.0276208461709018,-1,0.6204945129966765,1.2911805381081927,1.2911805381081927,False
base__s39__5000K_2.0gcc,39,4.08,inf,1.0696012439624405,-1,0.6944889223599036,1.8712075252375904,1.8712075252375904,False
base__s39__5000K_2.0gcc,39,4.12,inf,1.0360222217853248,-1,0.7950962862187175,0.9997543771804794,0.9997543771804794,False
base__s39__5000K_2.0gcc,39,4.16,inf,1.0182931808825983,-1,0.7897732864329816,2.422049094841557,2.422049094841557,False
base__s39__5000K_2.0gcc,39,4.2,inf,1.0323245253218585,-1,0.7466918269866817,3.5037200083333095,3.5037200083333095,False
base__s39__5000K_2.0gcc,39,4.24,inf,1.0098656555626595,-1,0.6015148445608282,0.9953189157560194,0.9953189157560194,False
base__s39__5000K_2.0gcc,39,4.28,inf,1.0257146060054914,-1,0.6732197245643822,1.456229493816156,1.456229493816156,False
base__s39__5000K_2.0gcc,39,4.32,inf,1.032972527453175,-1,0.6630373167024979,1.127520126232429,1.127520126232429,False
base__s39__5000K_2.0gcc,39,4.36,inf,1.0240974820059854,-1,0.6550215618001918,1.270658031298041,1.270658031298041,False
base__s39__5000K_2.0gcc,39,4.4,inf,1.029564275986205,-1,0.6434967834464487,1.0444368879499029,1.0444368879499029,False
base__s39__5000K_2.0gcc,39,4.44,inf,1.0054131586462351,-1,0.6563629826995842,1.2941756574611039,1.2941756574611039,False
base__s39__5000K_2.0gcc,39,4.48,inf,0.98809284041177,-1,0.6819791597214795,1.2403703204413574,1.2403703204413574,False
base__s39__5000K_2.0gcc,39,4.5200000000000005,inf,1.0334611642456624,-1,0.6342620733445296,1.691483568826298,1.691483568826298,False
base__s39__5000K_2.0gcc,39,4.5600000000000005,inf,1.03673155305074,-1,0.6819994788774137,1.048462401405955,1.048462401405955,False
base__s39__5000K_2.0gcc,39,4.6000000000000005,inf,1.0449184943118772,-1,0.6882644725982078,2.988256030792969,2.988256030792969,False
base__s39__5000K_2.0gcc,39,4.64,inf,1.0118705379029471,-1,0.7320609855838989,0.8843448180549615,0.8843448180549615,False
base__s39__5000K_2.0gcc,39,4.68,inf,0.9891285162404324,-1,0.7018259798931772,1.4907284153252618,1.4907284153252618,False
base__s39__5000K_2.0gcc,39,4.72,inf,0.9988296726799826,-1,0.8582941433259231,2.8617509475182556,2.8617509475182556,False
base__s39__5000K_2.0gcc,39,4.76,inf,1.011111842230126,-1,0.6926883770939197,5.551367313661276,5.551367313661276,False
base__s39__5000K_2.0gcc,39,4.8,inf,1.0346793963827634,-1,0.7529201896558094,1.4901414635177161,1.4901414635177161,False
base__s39__5000K_2.0gcc,39,4.84,inf,1.036445968637536,-1,0.7449753332788036,1.9493412439475724,1.9493412439475724,False
base__s39__5000K_2.0gcc,39,4.88,inf,1.0446493145017617,-1,0.8103837036866428,5.1460779482683545,5.1460779482683545,False
base__s39__5000K_2.0gcc,39,4.92,inf,1.029317883858043,-1,0.6052548183405092,1.3098163351478758,1.3098163351478758,False
base__s39__5000K_2.0gcc,39,4.96,inf,1.0072549917716969,-1,0.7117421308172517,2.966649738051571,2.966649738051571,False
base__s39__5000K_2.0gcc,39,5.0,inf,1.0341514198356063,-1,0.7049253219091512,1.9503910580304864,1.9503910580304864,False
base__s39__5000K_2.0gcc,39,5.04,inf,1.024713222107531,-1,0.6531606238303114,1.7711358282881122,1.7711358282881122,False
base__s39__5000K_2.0gcc,39,5.08,inf,1.0424949508836958,-1,0.696030503320745,0.9367258687381235,0.9367258687381235,False
base__s39__5000K_2.0gcc,39,5.12,inf,1.041234462063661,-1,0.6636758121166026,1.3878497070050513,1.3878497070050513,False
base__s39__5000K_2.0gcc,39,5.16,inf,1.0297801574253604,-1,0.7988358706547258,1.0738387024864768,1.0738387024864768,False
base__s39__5000K_2.0gcc,39,5.2,inf,1.0736164187944406,-1,0.7180859658904702,3.6494099958333814,3.6494099958333814,False
base__s39__5000K_2.0gcc,39,5.24,inf,1.0366454218265762,-1,0.6262507103814621,1.3021266812478995,1.3021266812478995,False
base__s39__5000K_2.0gcc,39,5.28,inf,1.039629312069451,-1,0.636718755886115,1.8335339897395897,1.8335339897395897,False
base__s39__5000K_2.0gcc,39,5.32,inf,1.0637057826654892,-1,0.6387888603391387,1.309353671655637,1.309353671655637,False
base__s39__5000K_2.0gcc,39,5.36,inf,1.0660297266539993,-1,0.7511776777773232,1.5971022074115053,1.5971022074115053,False
base__s39__5000K_2.0gcc,39,5.4,inf,1.004722789977913,-1,0.9378942134002785,0.9876634207221624,0.9645397115347464,False
base__s39__5000K_2.0gcc,39,5.44,inf,1.0647938247031672,-1,0.6999166609136853,0.9950944543559965,0.9950944543559965,False
base__s39__5000K_2.0gcc,39,5.48,inf,0.9920820084670424,-1,0.9888497590568568,1.1743985951085771,1.1743985951085771,False
base__s39__5000K_2.0gcc,39,5.5200000000000005,inf,1.036701294607564,-1,0.648759415939173,1.3462656782361593,1.3462656782361593,False
base__s39__5000K_2.0gcc,39,5.5600000000000005,inf,1.026033997489361,-1,0.6808722833977441,1.0283254603809335,1.0283254603809335,False
base__s39__5000K_2.0gcc,39,5.6000000000000005,inf,1.040095618612539,-1,0.7135275897729784,1.4117120507485819,1.4117120507485819,False
base__s39__5000K_2.0gcc,39,5.64,inf,1.0433157993948905,-1,0.663356133568312,1.1379498053090031,1.1379498053090031,False
base__s39__5000K_2.0gcc,39,5.68,inf,1.0026260748439566,-1,0.6291185049595259,1.1617771812956934,1.1617771812956934,False
base__s39__5000K_2.0gcc,39,5.72,inf,1.0269033092769746,-1,0.6549299124630965,1.0189620089095406,1.0189620089095406,False
base__s39__5000K_2.0gcc,39,5.76,inf,1.0459310321866366,-1,0.7196680366263287,0.7684643881653244,0.7684643881653244,False
base__s39__5000K_2.0gcc,39,5.8,inf,1.0281791671751572,-1,0.7426507753283053,1.340118372823507,1.340118372823507,False
base__s39__5000K_2.0gcc,39,5.84,inf,1.0241170717066477,-1,0.6653564941525681,1.9785902742294597,1.9785902742294597,False
base__s39__5000K_2.0gcc,39,5.88,inf,1.0495902918124769,-1,0.669285000838056,1.8228362166732925,1.8228362166732925,False
base__s39__5000K_2.0gcc,39,5.92,inf,1.050634799577855,-1,0.6487360304080761,1.740587723668249,1.740587723668249,False
base__s39__5000K_2.0gcc,39,5.96,inf,1.0185201861470397,-1,0.7804630873708273,1.2389001289590464,1.2389001289590464,False
base__s39__5000K_2.0gcc,39,6.0,inf,1.0731690968398218,-1,0.6284801872482346,1.0125933018363662,1.0125933018363662,False
base__s39__5000K_2.0gcc,39,6.04,inf,0.9998390536281316,-1,1.0968027683090136,1.3870521516576786,1.3870521516576786,False
base__s39__5000K_2.0gcc,39,6.08,inf,1.0148098351459744,-1,1.073149238102696,2.5893111420373804,2.5893111420373804,False
base__s39__5000K_2.0gcc,39,6.12,inf,1.0163840142805274,-1,0.6954471797170556,1.7058510979072001,1.7058510979072001,False
base__s39__5000K_2.0gcc,39,6.16,inf,1.007326469701357,-1,0.6136612837734544,0.8233494398189987,0.8233494398189987,False
base__s39__5000K_2.0gcc,39,6.2,inf,1.0554532913753216,-1,0.6227714764581226,1.304953053224284,1.304953053224284,False
base__s39__5000K_2.0gcc,39,6.24,inf,1.0018164474383513,-1,0.7486760506018493,1.259232651605546,1.259232651605546,False
base__s39__5000K_2.0gcc,39,6.28,inf,1.0047607978628543,-1,0.7076331800029732,1.5069227590816099,1.5069227590816099,False
base__s39__5000K_2.0gcc,39,6.32,inf,1.0244632444402288,-1,0.6906264271150503,8.914811823996086,8.914811823996086,False
base__s39__5000K_2.0gcc,39,6.36,inf,1.0146840156846857,-1,0.6557021201949392,1.2160343759451113,1.2160343759451113,False
base__s39__5000K_2.0gcc,39,6.4,inf,1.0436848647072543,-1,0.6763645635138915,1.8293244891308564,1.8293244891308564,False
base__s39__5000K_2.0gcc,39,6.44,inf,1.045355391852455,-1,0.7069745482785676,0.864528549818756,0.864528549818756,False
base__s39__5000K_2.0gcc,39,6.48,inf,1.039246340659422,-1,0.7089619027162218,2.065054986311204,2.065054986311204,False
base__s39__5000K_2.0gcc,39,6.5200000000000005,inf,1.0296711324306418,-1,0.6963017587661344,1.3369966985065491,1.3369966985065491,False
base__s39__5000K_2.0gcc,39,6.5600000000000005,inf,1.023123806593806,-1,0.6255656246770206,1.6051656929828553,1.6051656929828553,False
base__s39__5000K_2.0gcc,39,6.6000000000000005,inf,1.0201673818281,-1,0.6814158169018988,0.8706105318207559,0.8706105318207559,False
base__s39__5000K_2.0gcc,39,6.640000000000001,inf,1.0191108053474855,-1,0.7009206157536234,1.2578448969834302,1.2578448969834302,False
base__s39__5000K_2.0gcc,39,6.68,inf,1.0594527679821315,-1,0.7302947105321668,0.8964942876811497,0.8964942876811497,False
base__s39__5000K_2.0gcc,39,6.72,inf,0.9830409704061168,-1,1.0141616674118885,1.2849810438701463,1.0389748153001086,False
base__s39__5000K_2.0gcc,39,6.76,inf,1.0183945064703563,-1,0.732007281349965,1.5606455111955018,1.5606455111955018,False
base__s39__5000K_2.0gcc,39,6.8,inf,1.0226660493347768,-1,0.6831560939894658,0.9668538206260168,0.9668538206260168,False
base__s39__5000K_2.0gcc,39,6.84,inf,1.0232217280936715,-1,0.628686759253819,0.9002245047127859,0.9002245047127859,False
base__s39__5000K_2.0gcc,39,6.88,inf,0.984835549066442,-1,0.788130022374724,0.9702970837893827,0.788130022374724,False
base__s39__5000K_2.0gcc,39,6.92,inf,1.0459304663332074,-1,0.6507222589402335,0.9513194111319809,0.9513194111319809,False
base__s39__5000K_2.0gcc,39,6.96,inf,1.0150615115986814,-1,0.6272484350608576,1.2923766736518711,1.2923766736518711,False
base__s39__5000K_2.0gcc,39,7.0,inf,0.9887749870273822,-1,0.6787840248200905,1.0723853435095827,1.0723853435095827,False
base__s39__5000K_2.0gcc,39,7.04,inf,1.021526831569293,-1,0.7082628102803668,1.710381549386831,1.710381549386831,False
base__s39__5000K_2.0gcc,39,7.08,inf,0.9824959903704442,-1,0.7652055430582168,1.1051157169890367,1.1051157169890367,False
base__s39__5000K_2.0gcc,39,7.12,inf,0.9918621653405274,-1,0.6279208250688066,1.039242015315769,1.039242015315769,False
base__s39__5000K_2.0gcc,39,7.16,inf,0.9942850376049114,-1,0.7355518727162876,1.2200205090374883,1.2200205090374883,False
base__s39__5000K_2.0gcc,39,7.2,inf,0.942727601688844,-1,2.1365843588176734,3.169497390281534,2.301197944363069,False
base__s39__5000K_2.0gcc,39,7.24,inf,0.995371612635703,-1,1.1688352856410504,3.9903791032272644,3.9903791032272644,False
base__s39__5000K_2.0gcc,39,7.28,inf,1.009903717690949,-1,0.6945194348477497,0.8245777420392273,0.8245777420392273,False
base__s39__5000K_2.0gcc,39,7.32,inf,0.9964754376430962,-1,0.626615848316925,0.7931763136680543,0.7890036403349256,False
base__s39__5000K_2.0gcc,39,7.36,inf,1.0142541118901118,-1,0.8691875363742486,1.2244875177635026,1.2244875177635026,False
base__s39__5000K_2.0gcc,39,7.4,inf,1.011791877461961,-1,0.6646980919682679,0.8220887686582399,0.8220887686582399,False
base__s39__5000K_2.0gcc,39,7.44,inf,1.027800905503104,-1,0.6980924038355474,0.9237084236480844,0.9237084236480844,False
base__s39__5000K_2.0gcc,39,7.48,inf,1.019269870851189,-1,0.7652005049133435,6.214281262686148,6.214281262686148,False
base__s39__5000K_2.0gcc,39,7.52,inf,0.9747318915835264,-1,0.9897342795012681,1.1193037241388855,1.1193037241388855,False
base__s39__5000K_2.0gcc,39,7.56,inf,1.0176444010502883,-1,0.6371677830811511,0.9744191437162634,0.9744191437162634,False
base__s39__5000K_2.0gcc,39,7.6,inf,1.062229809692799,-1,0.6953488532262677,1.3759841773813632,1.3759841773813632,False
base__s39__5000K_2.0gcc,39,7.640000000000001,inf,1.0254414643542549,-1,0.8399314328273038,1.0610899773843803,1.0610899773843803,False
base__s39__5000K_2.0gcc,39,7.68,inf,1.000093268123028,-1,0.712952084454127,1.0091744086632368,1.0091744086632368,False
base__s39__5000K_2.0gcc,39,7.72,inf,1.0178608420447273,-1,0.8916787941884474,1.011416966118779,1.011416966118779,False
base__s39__5000K_2.0gcc,39,7.76,inf,0.9957681053081586,-1,0.7188907389607956,0.8771255553441545,0.8166717784689606,False
base__s39__5000K_2.0gcc,39,7.8,inf,1.0130005305990717,-1,0.7592123434169591,0.7972578327471131,0.7972578327471131,False
base__s39__5000K_2.0gcc,39,7.84,inf,1.035691636163487,-1,0.7795494820267954,0.971375020765221,0.971375020765221,False
base__s39__5000K_2.0gcc,39,7.88,inf,1.0415686473492756,-1,0.7430503363451535,1.4983704637917548,1.4983704637917548,False
base__s39__5000K_2.0gcc,39,7.92,inf,0.9804434449655934,-1,0.8783947717876279,1.053517765055219,1.053517765055219,False
base__s39__5000K_2.0gcc,39,7.96,inf,1.0207572075126388,-1,0.6453843410569173,1.4264512086113814,1.4264512086113814,False
base__s39__5000K_2.0gcc,39,8.0,inf,1.031657042698299,-1,0.73311630470863,1.0851903608836966,1.0851903608836966,False
base__s39__5000K_2.0gcc,39,8.040000000000001,inf,0.9897203917688068,-1,0.6439053589787784,10.535311659069166,10.535311659069166,False
base__s39__5000K_2.0gcc,39,8.08,inf,1.00619821541583,-1,0.7503992719604013,1.138021451147331,1.138021451147331,False
base__s39__5000K_2.0gcc,39,8.120000000000001,inf,1.0366108153135392,-1,0.6010325252312327,1.2892615563190668,1.2892615563190668,False
base__s39__5000K_2.0gcc,39,8.16,inf,1.0204299697059072,-1,0.693150004578315,1.1494400984178088,1.1494400984178088,False
base__s39__5000K_2.0gcc,39,8.2,inf,1.0053027083724582,-1,0.609348049805505,1.0129443884627687,1.0129443884627687,False
base__s39__5000K_2.0gcc,39,8.24,inf,1.0344971752523056,-1,0.6743116689967513,1.787469465597488,1.787469465597488,False
base__s39__5000K_2.0gcc,39,8.28,inf,1.054819191339445,-1,0.7003269477994563,1.0759353124913589,1.0759353124913589,False
base__s39__5000K_2.0gcc,39,8.32,inf,1.034501967910646,-1,0.7817886919659086,1.1344364715985622,1.1344364715985622,False
base__s39__5000K_2.0gcc,39,8.36,inf,1.0690830233508528,-1,0.6714134838883263,1.1005964411962161,1.1005964411962161,False
base__s39__5000K_2.0gcc,39,8.4,inf,1.021658369332429,-1,0.6903052893534605,1.5099923714985104,1.5099923714985104,False
base__s39__5000K_2.0gcc,39,8.44,inf,1.012673894419126,-1,0.6475437561089692,2.2695144250607613,2.2695144250607613,False
base__s39__5000K_2.0gcc,39,8.48,inf,1.0188504137026198,-1,0.7696592918062385,4.67932937840643,4.67932937840643,False
base__s39__5000K_2.0gcc,39,8.52,inf,1.0392975887901414,-1,0.7521779914459329,0.9259562782262669,0.9259562782262669,False
base__s39__5000K_2.0gcc,39,8.56,inf,1.0130049711378517,-1,0.7529184430651226,1.9916784014245557,1.9916784014245557,False
base__s39__5000K_2.0gcc,39,8.6,inf,1.0507748037191416,-1,0.779722148814012,9.918249320990764,9.918249320990764,False
base__s39__5000K_2.0gcc,39,8.64,inf,1.05178710031736,-1,0.7179693945676335,1.4199175498393195,1.4199175498393195,False
base__s39__5000K_2.0gcc,39,8.68,inf,1.02155531203161,-1,0.8155108713665168,1.2866536605890373,1.2866536605890373,False
base__s39__5000K_2.0gcc,39,8.72,inf,1.0428135784530232,-1,0.7908493470944448,1.543497494325238,1.543497494325238,False
base__s39__5000K_2.0gcc,39,8.76,inf,1.0334751913011746,-1,0.7056248072447524,1.3518889479182712,1.3518889479182712,False
base__s39__5000K_2.0gcc,39,8.8,inf,0.9886266106457988,-1,0.9813292250208994,1.2082708696356386,1.1169898074465108,False
base__s39__5000K_2.0gcc,39,8.84,inf,1.0476473408170324,-1,0.6730722780816034,1.1462391792187465,1.1462391792187465,False
base__s39__5000K_2.0gcc,39,8.88,inf,1.017305314990539,-1,0.704699586460717,1.0842843830130549,1.0842843830130549,False
base__s39__5000K_2.0gcc,39,8.92,inf,0.9886237076633352,-1,1.0411900213571534,2.951716879654083,2.951716879654083,False
base__s39__5000K_2.0gcc,39,8.96,inf,1.0371680153171898,-1,0.6699406104578484,1.9480994125954272,1.9480994125954272,False
base__s39__5000K_2.0gcc,39,9.0,inf,1.0007809502948193,-1,0.7942461059200838,4.488052541438913,4.488052541438913,False
base__s39__5000K_2.0gcc,39,9.04,inf,1.0137428964806614,-1,0.620029058873399,1.5431229504493071,1.5431229504493071,False
base__s39__5000K_2.0gcc,39,9.08,inf,1.0554933124795247,-1,0.7525360840229409,0.8692427648558223,0.8692427648558223,False
base__s39__5000K_2.0gcc,39,9.12,inf,1.0407000697799529,-1,0.6465847227063201,0.9302496162303552,0.9302496162303552,False
base__s39__5000K_2.0gcc,39,9.16,inf,1.0511037733321098,-1,0.6728519949892094,1.2623092687426254,1.2623092687426254,False
base__s39__5000K_2.0gcc,39,9.2,inf,0.9808366913446904,-1,0.7545410398818179,1.002066700317374,1.002066700317374,False
base__s39__5000K_2.0gcc,39,9.24,inf,1.0501514340384444,-1,0.6452585250513008,1.1741275542745293,1.1741275542745293,False
base__s39__5000K_2.0gcc,39,9.28,inf,1.0523183276090935,-1,0.786593664662835,0.9486179318409278,0.9486179318409278,False
base__s39__5000K_2.0gcc,39,9.32,inf,1.010960692121113,-1,0.6583921911122862,1.434326914927115,1.434326914927115,False
base__s39__5000K_2.0gcc,39,9.36,inf,0.9904587793956896,-1,0.9360779721264448,4.988540858973459,4.988540858973459,False
base__s39__5000K_2.0gcc,39,9.4,inf,0.9944867500122864,-1,0.7352301483312929,1.2589237716795507,1.2589237716795507,False
base__s39__5000K_2.0gcc,39,9.44,inf,1.0304953080368688,-1,0.6440304638943056,1.0927273453478943,1.0927273453478943,False
base__s39__5000K_2.0gcc,39,9.48,inf,1.024377331575138,-1,0.7442071468918762,1.1646820347045632,1.1646820347045632,False
base__s39__5000K_2.0gcc,39,9.52,inf,1.0176953360028729,-1,0.6290824814172871,1.1431263724873935,1.1431263724873935,False
base__s39__5000K_2.0gcc,39,9.56,inf,1.0118795362284982,-1,0.7145206882121974,8.286572194024263,8.286572194024263,False
base__s39__5000K_2.0gcc,39,9.6,inf,1.049469895767859,-1,0.6975745797250061,1.8577155571560549,1.8577155571560549,False
base__s39__5000K_2.0gcc,39,9.64,inf,1.026862737316921,-1,0.6665098500526228,1.0970817241492843,1.0970817241492843,False
base__s39__5000K_2.0gcc,39,9.68,inf,1.010599290718631,-1,0.6278959375094072,1.3366782638486405,1.3366782638486405,False
base__s39__5000K_2.0gcc,39,9.72,inf,1.0171520074787248,-1,0.6602505424107548,1.0008533125136254,1.0008533125136254,False
base__s39__5000K_2.0gcc,39,9.76,inf,1.0571336718206454,-1,0.6928504044821009,1.097362350791229,1.097362350791229,False
base__s39__5000K_2.0gcc,39,9.8,inf,1.0290489313035611,-1,0.6701014569492143,1.5374963669067392,1.5374963669067392,False
base__s39__5000K_2.0gcc,39,9.84,inf,1.0049618567980585,-1,0.7547506762659799,1.0034550427621014,1.0034550427621014,False
base__s39__5000K_2.0gcc,39,9.88,inf,1.033664469123806,-1,0.8265516715578439,2.324714789105995,2.324714789105995,False
base__s39__5000K_2.0gcc,39,9.92,inf,1.0393081248768332,-1,0.6483808683958465,1.1193159939013737,1.1193159939013737,False
base__s39__5000K_2.0gcc,39,9.96,inf,1.0374783560205003,-1,0.6533333697778063,1.739484644874938,1.739484644874938,False
base__s39__5000K_2.0gcc,39,10.0,inf,1.069199125232059,-1,0.6746985185275817,1.4009176636664147,1.4009176636664147,False
base__s3__5000K_2.0gcc,3,0.0,inf,1.0310702502254634,-1,0.8928044464759279,1.0000000000000064,1.0000000000000064,False
base__s3__5000K_2.0gcc,3,0.04,inf,1.0501914153562673,-1,0.6351761160031668,0.932973310172333,0.932973310172333,False
base__s3__5000K_2.0gcc,3,0.08,inf,1.0314384343595115,-1,0.6858691986008283,2.291719334513445,2.291719334513445,False
base__s3__5000K_2.0gcc,3,0.12,inf,1.055986339170636,-1,0.781629604809961,1.3551529598543173,1.3551529598543173,False
base__s3__5000K_2.0gcc,3,0.16,inf,1.0439256269912152,-1,0.6366705309947572,0.9544174726983468,0.9544174726983468,False
base__s3__5000K_2.0gcc,3,0.2,inf,1.022913458586307,-1,0.6676271167909704,1.2010288213446185,1.2010288213446185,False
base__s3__5000K_2.0gcc,3,0.24,inf,1.0481056237469584,-1,0.6210918441919903,0.7124608140073125,0.7019930393309813,False
base__s3__5000K_2.0gcc,3,0.28,inf,0.9982578961666168,-1,0.7241602136622903,1.2048390803193325,1.2048390803193325,False
base__s3__5000K_2.0gcc,3,0.32,inf,1.045986672034113,-1,0.6829928441157731,1.0818810198440032,1.0818810198440032,False
base__s3__5000K_2.0gcc,3,0.36,inf,1.0220995112130713,-1,0.6792399558825061,0.9936364612449801,0.9936364612449801,False
base__s3__5000K_2.0gcc,3,0.4,inf,0.9719723860300764,-1,0.9071220133701026,0.9460210418581341,0.942689821933193,False
base__s3__5000K_2.0gcc,3,0.44,inf,1.055380253598672,-1,0.6316521523411748,0.8974795817097935,0.8974795817097935,False
base__s3__5000K_2.0gcc,3,0.48,inf,0.9992711988974764,-1,0.7587739594356657,1.1499990152159356,1.1499990152159356,False
base__s3__5000K_2.0gcc,3,0.52,inf,1.033404515132869,-1,0.7444122588508735,1.2925226393097116,1.2925226393097116,False
base__s3__5000K_2.0gcc,3,0.56,inf,1.0228786404549666,-1,0.6704553105584943,1.096777459639539,1.096777459639539,False
base__s3__5000K_2.0gcc,3,0.6,inf,1.0260183672488516,-1,0.6716280511287832,0.8059137743806748,0.8059137743806748,False
base__s3__5000K_2.0gcc,3,0.64,inf,1.003141375161548,-1,0.6411692801915734,0.9111264343098118,0.9111264343098118,False
base__s3__5000K_2.0gcc,3,0.68,inf,1.015953589548755,-1,0.6324382088943223,0.9627154920748116,0.9627154920748116,False
base__s3__5000K_2.0gcc,3,0.72,inf,1.0568507659958428,-1,0.6150538507441323,0.7754210684265266,0.7754210684265266,False
base__s3__5000K_2.0gcc,3,0.76,inf,1.033562334261944,-1,0.7324575236612161,1.182661940761164,1.182661940761164,False
base__s3__5000K_2.0gcc,3,0.8,inf,1.0341253078969683,-1,0.7151968332213965,0.8317725467979533,0.7897810469473241,False
base__s3__5000K_2.0gcc,3,0.84,inf,1.0189754072037265,-1,0.7473322085159377,0.9166092541440058,0.9166092541440058,False
base__s3__5000K_2.0gcc,3,0.88,inf,1.0497546465760468,-1,0.6349771809296794,0.7818286627432525,0.7818286627432525,False
base__s3__5000K_2.0gcc,3,0.92,inf,1.0113238190940632,-1,0.654550879102415,1.084738696416876,1.084738696416876,False
base__s3__5000K_2.0gcc,3,0.96,inf,1.0402312441505492,-1,0.7608601661799812,1.2748275761485615,1.2748275761485615,False
base__s3__5000K_2.0gcc,3,1.0,inf,1.0445887725234275,-1,0.6832598642396588,1.311357509538122,1.311357509538122,False
base__s3__5000K_2.0gcc,3,1.04,inf,1.0317541292396155,-1,0.686370297953697,1.163859354944672,1.163859354944672,False
base__s3__5000K_2.0gcc,3,1.08,inf,1.034384540053166,-1,0.6928203719652519,1.5620830205257854,1.5620830205257854,False
base__s3__5000K_2.0gcc,3,1.12,inf,1.0430792308626409,-1,0.6466769124093572,1.3885831481137998,1.3885831481137998,False
base__s3__5000K_2.0gcc,3,1.16,inf,1.037797978121946,-1,0.669382895573437,2.018403094099141,2.018403094099141,False
base__s3__5000K_2.0gcc,3,1.2,inf,1.0082507578990456,-1,0.833170880376396,0.936535339071989,0.936535339071989,False
base__s3__5000K_2.0gcc,3,1.24,inf,1.0124986390993318,-1,0.6908724599033187,0.7791443164551015,0.7791443164551015,False
base__s3__5000K_2.0gcc,3,1.28,inf,1.017593776318429,-1,0.6998565797244016,0.9093527872807868,0.9093527872807868,False
base__s3__5000K_2.0gcc,3,1.32,inf,1.0166507434542116,-1,0.7263200641248393,1.0555471207872478,1.0555471207872478,False
base__s3__5000K_2.0gcc,3,1.36,inf,1.0273115336517935,-1,0.6739758463552583,0.8765256538581138,0.8765256538581138,False
base__s3__5000K_2.0gcc,3,1.4,inf,1.0445872703163666,-1,0.6641466284356161,1.281630572840333,1.281630572840333,False
base__s3__5000K_2.0gcc,3,1.44,inf,1.0367686487476362,-1,0.6639780225149103,1.170081841122264,1.170081841122264,False
base__s3__5000K_2.0gcc,3,1.48,inf,1.0177678414083444,-1,0.7113101824730681,0.9927650563654229,0.9927650563654229,False
base__s3__5000K_2.0gcc,3,1.52,inf,1.0483734734725978,-1,0.652864121919448,1.0938836156237979,1.0938836156237979,False
base__s3__5000K_2.0gcc,3,1.56,inf,0.998235473331318,-1,0.7868033370862237,0.8664392449202343,0.8664392449202343,False
base__s3__5000K_2.0gcc,3,1.6,inf,0.9973131119332588,-1,0.7237442256888011,0.9715647958334049,0.9715647958334049,False
base__s3__5000K_2.0gcc,3,1.64,inf,1.0567835659537856,-1,0.7795277476829594,3.035907694216327,3.035907694216327,False
base__s3__5000K_2.0gcc,3,1.68,inf,1.021526466988497,-1,0.8197813148765988,3.314844365456073,3.314844365456073,False
base__s3__5000K_2.0gcc,3,1.72,inf,1.0128906878977613,-1,0.7489121202076651,0.9231890287788342,0.9231890287788342,False
base__s3__5000K_2.0gcc,3,1.76,inf,1.0198870439440832,-1,0.7218926326564049,1.142320635364238,1.142320635364238,False
base__s3__5000K_2.0gcc,3,1.8,inf,1.0145649412556106,-1,0.7038224225744928,1.1016031009126477,1.1016031009126477,False
base__s3__5000K_2.0gcc,3,1.84,inf,0.999330094045506,-1,0.6521264774723703,0.9620182153664079,0.9620182153664079,False
base__s3__5000K_2.0gcc,3,1.88,inf,0.99783389682151,-1,0.7156610262875216,7.898079727294018,7.898079727294018,False
base__s3__5000K_2.0gcc,3,1.92,inf,0.9735139725633116,-1,1.006630593082532,1.0699571513517119,0.9940473142584466,False
base__s3__5000K_2.0gcc,3,1.96,inf,1.0297226203114116,-1,0.6296479531493233,0.9647608804167469,0.9647608804167469,False
base__s3__5000K_2.0gcc,3,2.0,inf,1.0016751425267572,-1,0.6477108133729295,1.874450552395373,1.874450552395373,False
base__s3__5000K_2.0gcc,3,2.04,inf,1.0377574044592508,-1,0.6974306989761903,3.6976828257337324,3.6976828257337324,False
base__s3__5000K_2.0gcc,3,2.08,inf,1.0790759747844452,-1,0.5858332151088137,1.3261770527761,1.3261770527761,False
base__s3__5000K_2.0gcc,3,2.12,inf,1.0378499055080173,-1,0.86519436261073,1.920068271671914,1.920068271671914,False
base__s3__5000K_2.0gcc,3,2.16,inf,1.0317497942064249,-1,0.606868825929958,3.1522040889564438,3.1522040889564438,False
base__s3__5000K_2.0gcc,3,2.2,inf,0.9941778351934836,-1,0.8533287718495932,0.8638388584050174,0.8638388584050174,False
base__s3__5000K_2.0gcc,3,2.24,inf,1.012682094154429,-1,0.6793971342741789,2.3803748855841595,2.3803748855841595,False
base__s3__5000K_2.0gcc,3,2.28,inf,1.0468249700542107,-1,0.6117089378657437,1.6291935876585228,1.6291935876585228,False
base__s3__5000K_2.0gcc,3,2.32,inf,1.001474330124343,-1,0.7868449013983334,0.9039931234109562,0.9039931234109562,False
base__s3__5000K_2.0gcc,3,2.36,inf,1.0516978164192412,-1,0.7985220422222591,4.373200094487973,4.373200094487973,False
base__s3__5000K_2.0gcc,3,2.4,inf,1.0007246758279726,-1,0.7709167793532744,1.149903414762351,1.149903414762351,False
base__s3__5000K_2.0gcc,3,2.44,inf,1.0597899628511294,-1,0.8168987831460667,0.899916419619504,0.899916419619504,False
base__s3__5000K_2.0gcc,3,2.48,inf,1.0700213450151357,-1,0.7633004430047389,7.877825359902158,7.877825359902158,False
base__s3__5000K_2.0gcc,3,2.52,inf,1.0180539769211656,-1,1.0079210267411038,4.096818876380808,4.096818876380808,False
base__s3__5000K_2.0gcc,3,2.56,inf,1.0479912992658855,-1,0.6959764640212743,5.107631252646227,5.107631252646227,False
base__s3__5000K_2.0gcc,3,2.6,inf,1.0387753143379943,-1,0.766917008006821,1.263501812902345,1.263501812902345,False
base__s3__5000K_2.0gcc,3,2.64,inf,1.0452190537002282,-1,0.7424216096267775,1.8253668495717137,1.8253668495717137,False
base__s3__5000K_2.0gcc,3,2.68,inf,1.0240654846287902,-1,0.7812868202948542,0.9487083907488211,0.9487083907488211,False
base__s3__5000K_2.0gcc,3,2.72,inf,1.0031984704902612,-1,0.6935881781361638,1.0318675346025863,1.0318675346025863,False
base__s3__5000K_2.0gcc,3,2.76,inf,1.0514650850546583,-1,0.6874114296600353,1.2147264127173432,1.2147264127173432,False
base__s3__5000K_2.0gcc,3,2.8000000000000003,inf,1.0043792312667563,-1,0.707966050686941,0.8798087294587201,0.8798087294587201,False
base__s3__5000K_2.0gcc,3,2.84,inf,1.0608866818911444,-1,0.797730975105144,1.2460250357520646,1.2460250357520646,False
base__s3__5000K_2.0gcc,3,2.88,inf,0.9912639845717184,-1,0.8726283970399482,1.2567238359885542,1.2567238359885542,False
base__s3__5000K_2.0gcc,3,2.92,inf,1.014630886151708,-1,0.6605682438630478,1.7599526628006779,1.7599526628006779,False
base__s3__5000K_2.0gcc,3,2.96,inf,0.9981162933275862,-1,0.7535145513592194,1.2980085344544605,1.2980085344544605,False
base__s3__5000K_2.0gcc,3,3.0,inf,0.9807358506764194,-1,0.862811149634372,0.9126053791618013,0.9357058990422911,False
base__s3__5000K_2.0gcc,3,3.04,inf,1.0178219713830114,-1,0.6599475659935324,1.1558077978160695,1.1558077978160695,False
base__s3__5000K_2.0gcc,3,3.08,inf,0.9681197919653328,-1,0.9365434992646315,1.157337553000154,0.9531401852862867,False
base__s3__5000K_2.0gcc,3,3.12,inf,0.9739852592934866,-1,1.0199061034891044,1.3065529406497487,1.0199061034891044,False
base__s3__5000K_2.0gcc,3,3.16,inf,1.0376561849495234,-1,0.6146214777512198,0.8489690856153604,0.8489690856153604,False
base__s3__5000K_2.0gcc,3,3.2,inf,0.9862307991393306,-1,0.8592999499634851,1.2240037129723937,1.0021277159874529,False
base__s3__5000K_2.0gcc,3,3.24,inf,0.9927726370403244,-1,0.9065127996997588,1.4566501094133995,1.4566501094133995,False
base__s3__5000K_2.0gcc,3,3.28,inf,0.953645237456256,-1,1.20523927265964,2.274013565036717,2.274013565036717,False
base__s3__5000K_2.0gcc,3,3.3200000000000003,inf,0.963880351196143,-1,1.0529598083441656,1.3720057941357706,1.340536433558204,False
base__s3__5000K_2.0gcc,3,3.36,inf,1.0432101092891115,-1,0.6424261896557579,1.0739441230226867,1.0739441230226867,False
base__s3__5000K_2.0gcc,3,3.4,inf,1.0277176971683422,-1,0.6775167279057358,0.9077262108454924,0.9077262108454924,False
base__s3__5000K_2.0gcc,3,3.44,inf,1.031082088438645,-1,0.6011389700604844,0.8340098124713572,0.8340098124713572,False
base__s3__5000K_2.0gcc,3,3.48,inf,1.015662873147385,-1,0.7138124499705933,0.8546978772731715,0.8546978772731715,False
base__s3__5000K_2.0gcc,3,3.52,inf,1.0392537806262725,-1,0.7360500041071523,0.9396313828812088,0.9396313828812088,False
base__s3__5000K_2.0gcc,3,3.56,inf,1.0337168101990015,-1,0.9299177687602933,11.739967291537805,11.739967291537805,False
base__s3__5000K_2.0gcc,3,3.6,inf,1.011151030965206,-1,0.6848749686124744,1.0821884649723037,1.0821884649723037,False
base__s3__5000K_2.0gcc,3,3.64,inf,1.047145333672933,-1,0.659332279969558,0.8019397291523669,0.7669125810756928,False
base__s3__5000K_2.0gcc,3,3.68,inf,1.024173774798984,-1,0.7288312137733464,1.1318288952054296,1.1318288952054296,False
base__s3__5000K_2.0gcc,3,3.72,inf,1.0425307285245846,-1,0.6243035129948644,1.3623229209731087,1.3623229209731087,False
base__s3__5000K_2.0gcc,3,3.76,inf,1.044468241501866,-1,0.7445228760067513,1.0830098904699181,1.0830098904699181,False
base__s3__5000K_2.0gcc,3,3.8,inf,1.0152224242957797,-1,0.7754931601002842,10.293787729399275,10.293787729399275,False
base__s3__5000K_2.0gcc,3,3.84,inf,1.0173475607131517,-1,0.8599300459786537,1.216066363436933,1.216066363436933,False
base__s3__5000K_2.0gcc,3,3.88,inf,1.0197342268169685,-1,0.7461846030647753,1.207107672310706,1.207107672310706,False
base__s3__5000K_2.0gcc,3,3.92,inf,1.0058373818416162,-1,0.662630420470418,0.8876737679660751,0.8876737679660751,False
base__s3__5000K_2.0gcc,3,3.96,inf,1.0375625387517609,-1,0.6521171334841009,1.2041534810456713,1.2041534810456713,False
base__s3__5000K_2.0gcc,3,4.0,inf,1.0676290155166257,-1,1.0022573421428196,1.4678302203431097,1.4678302203431097,False
base__s3__5000K_2.0gcc,3,4.04,inf,1.038423061070487,-1,0.8117775081132124,1.3840348335172372,1.3840348335172372,False
base__s3__5000K_2.0gcc,3,4.08,inf,1.0438820176006482,-1,0.754343856669202,3.8274158242601977,3.8274158242601977,False
base__s3__5000K_2.0gcc,3,4.12,inf,1.054689574466819,-1,0.6310782937542527,0.8324719636171087,0.8324719636171087,False
base__s3__5000K_2.0gcc,3,4.16,inf,1.0502053795643975,-1,0.5907245452093188,0.9333170454380342,0.9333170454380342,False
base__s3__5000K_2.0gcc,3,4.2,inf,0.98244750226208,-1,0.7951858708179872,0.9922154196711889,0.8944771174948972,False
base__s3__5000K_2.0gcc,3,4.24,inf,1.0258635902662692,-1,0.6600518513309486,0.9597004188648824,0.9597004188648824,False
base__s3__5000K_2.0gcc,3,4.28,inf,1.022483964609226,-1,0.7379251593462924,0.892272838282363,0.892272838282363,False
base__s3__5000K_2.0gcc,3,4.32,inf,1.0212223921262205,-1,0.7221065948061789,2.1379016899148007,2.1379016899148007,False
base__s3__5000K_2.0gcc,3,4.36,inf,1.0417375514600586,-1,0.652456344728839,1.169548170453075,1.169548170453075,False
base__s3__5000K_2.0gcc,3,4.4,inf,1.0166546079121466,-1,0.7121199474954942,1.1905157438274752,1.1905157438274752,False
base__s3__5000K_2.0gcc,3,4.44,inf,1.0121187344481872,-1,0.7156993776891004,0.7637942750875759,0.7637942750875759,False
base__s3__5000K_2.0gcc,3,4.48,inf,0.9990071940431664,-1,0.6745077635227457,1.0777009523187886,1.0777009523187886,False
base__s3__5000K_2.0gcc,3,4.5200000000000005,inf,1.0109186243269042,-1,0.6230515738527636,1.5550771938617487,1.5550771938617487,False
base__s3__5000K_2.0gcc,3,4.5600000000000005,inf,1.0356774969989448,-1,0.6737779759234632,0.8592380603496068,0.8585494855221988,False
base__s3__5000K_2.0gcc,3,4.6000000000000005,inf,1.0370536685962786,-1,0.8610455313181168,1.1098105947699206,1.1098105947699206,False
base__s3__5000K_2.0gcc,3,4.64,inf,1.02693237496731,-1,0.719409743547335,0.9207918255670219,0.9207918255670219,False
base__s3__5000K_2.0gcc,3,4.68,inf,1.031680043585704,-1,0.6403422664078454,0.8949463461018329,0.8949463461018329,False
base__s3__5000K_2.0gcc,3,4.72,inf,1.0017897551153134,-1,0.7578101204965102,0.9261482496743241,0.9261482496743241,False
base__s3__5000K_2.0gcc,3,4.76,inf,1.040013548183388,-1,0.6539551652309058,1.0292065336725391,1.0292065336725391,False
base__s3__5000K_2.0gcc,3,4.8,inf,1.0354739234191268,-1,0.6663878031112718,1.2213620978160944,1.2213620978160944,False
base__s3__5000K_2.0gcc,3,4.84,inf,1.0136048274515077,-1,0.617263829909739,1.624797613294912,1.624797613294912,False
base__s3__5000K_2.0gcc,3,4.88,inf,0.9947452443243954,-1,0.7972478756535214,1.0569512763957485,1.0569512763957485,False
base__s3__5000K_2.0gcc,3,4.92,inf,0.9887316309580676,-1,0.6272232053691484,1.4234861176185487,1.4234861176185487,False
base__s3__5000K_2.0gcc,3,4.96,inf,1.0124885717898255,-1,0.7541860767751108,1.3372804799742475,1.3372804799742475,False
base__s3__5000K_2.0gcc,3,5.0,inf,1.0561138039439688,-1,0.7159432310174703,1.5537172324646789,1.5537172324646789,False
base__s3__5000K_2.0gcc,3,5.04,inf,1.0046957960178795,-1,0.8205011858678525,2.1689327876251214,2.1689327876251214,False
base__s3__5000K_2.0gcc,3,5.08,inf,1.0338644986481544,-1,0.7187206272515324,1.00190740408449,1.00190740408449,False
base__s3__5000K_2.0gcc,3,5.12,inf,1.019638081994783,-1,0.6750890095217844,0.8942524395517882,0.8942524395517882,False
base__s3__5000K_2.0gcc,3,5.16,inf,1.0237961799938504,-1,0.6762577725771842,1.054625377933789,1.054625377933789,False
base__s3__5000K_2.0gcc,3,5.2,inf,1.0470133062253797,-1,0.6775240172476199,0.8075770145257403,0.8075770145257403,False
base__s3__5000K_2.0gcc,3,5.24,inf,1.0438699839702263,-1,0.7592810704254314,1.383074355929626,1.383074355929626,False
base__s3__5000K_2.0gcc,3,5.28,inf,1.0247910016286257,-1,0.6691105523745099,1.1268666866828523,1.1268666866828523,False
base__s3__5000K_2.0gcc,3,5.32,inf,1.028696226044404,-1,0.8061073750643011,1.416976492529357,1.416976492529357,False
base__s3__5000K_2.0gcc,3,5.36,inf,1.0163122552709871,-1,0.7321199656648897,0.9148694801681996,0.9148694801681996,False
base__s3__5000K_2.0gcc,3,5.4,inf,1.0517103682164592,-1,0.759302466646434,1.2580711737998436,1.2580711737998436,False
base__s3__5000K_2.0gcc,3,5.44,inf,1.032609231178475,-1,0.6872700219040828,3.880517176270722,3.880517176270722,False
base__s3__5000K_2.0gcc,3,5.48,inf,1.028780348821847,-1,0.6760022610058517,1.4958801356080849,1.4958801356080849,False
base__s3__5000K_2.0gcc,3,5.5200000000000005,inf,1.0251155051549068,-1,0.7101141428729246,1.5930266962918984,1.5930266962918984,False
base__s3__5000K_2.0gcc,3,5.5600000000000005,inf,1.0450621807084015,-1,0.7518270724362176,1.3645180672077408,1.3645180672077408,False
base__s3__5000K_2.0gcc,3,5.6000000000000005,inf,1.037454063746921,-1,0.6328903511155433,1.1156857724294469,1.1156857724294469,False
base__s3__5000K_2.0gcc,3,5.64,inf,1.043285804779304,-1,0.6968233402942526,1.4490572317186752,1.4490572317186752,False
base__s3__5000K_2.0gcc,3,5.68,inf,0.997279956461574,-1,0.784657213979311,0.9566725024757918,0.9566725024757918,False
base__s3__5000K_2.0gcc,3,5.72,inf,1.0161923879335049,-1,0.7161059354453451,3.8986020240325963,3.8986020240325963,False
base__s3__5000K_2.0gcc,3,5.76,inf,1.0089597838506743,-1,0.6660068016169441,0.8661488560335373,0.8661488560335373,False
base__s3__5000K_2.0gcc,3,5.8,inf,1.0427685443174817,-1,0.6909222828005027,3.652953745734302,3.652953745734302,False
base__s3__5000K_2.0gcc,3,5.84,inf,1.041485315894564,-1,0.7061203713986617,0.9084018055150423,0.9084018055150423,False
base__s3__5000K_2.0gcc,3,5.88,inf,1.0443514601335129,-1,0.6652316217371481,0.8612143986201319,0.8612143986201319,False
base__s3__5000K_2.0gcc,3,5.92,inf,1.017689747086508,-1,0.6711702414467362,0.8713295557744363,0.8713295557744363,False
base__s3__5000K_2.0gcc,3,5.96,inf,1.0202983212124774,-1,0.6779000624113461,1.0873893785740167,1.0873893785740167,False
base__s3__5000K_2.0gcc,3,6.0,inf,1.0279367542504745,-1,0.691378382749568,1.3809403378166127,1.3809403378166127,False
base__s3__5000K_2.0gcc,3,6.04,inf,1.0163401337667424,-1,0.7130914092078451,0.9963054965793855,0.9963054965793855,False
base__s3__5000K_2.0gcc,3,6.08,inf,1.0496942297493108,-1,0.7463358828013236,1.1803192425541404,1.1803192425541404,False
base__s3__5000K_2.0gcc,3,6.12,inf,1.0587864017855542,-1,0.6699784209267446,1.0407807541861656,1.0407807541861656,False
base__s3__5000K_2.0gcc,3,6.16,inf,1.0346980227534988,-1,0.767312954477517,4.686669634369692,4.686669634369692,False
base__s3__5000K_2.0gcc,3,6.2,inf,1.0591328926385954,-1,0.6556477285995084,0.8441364711181537,0.8441364711181537,False
base__s3__5000K_2.0gcc,3,6.24,inf,1.0295340522338248,-1,0.7614185212899488,1.0609062811484657,1.0609062811484657,False
base__s3__5000K_2.0gcc,3,6.28,inf,0.9862225769029016,-1,0.6412388861498641,1.3586150240242272,1.3586150240242272,False
base__s3__5000K_2.0gcc,3,6.32,inf,1.0232326464900348,-1,0.6956022615816064,0.8657215475954139,0.8657215475954139,False
base__s3__5000K_2.0gcc,3,6.36,inf,1.0071125593720909,-1,0.7353628447287337,0.9301842884551966,0.9301842884551966,False
base__s3__5000K_2.0gcc,3,6.4,inf,1.051756969304696,-1,0.6137738385612328,1.111506089061383,1.111506089061383,False
base__s3__5000K_2.0gcc,3,6.44,inf,1.0186009275849888,-1,0.6725805592201828,0.9546131638014559,0.9546131638014559,False
base__s3__5000K_2.0gcc,3,6.48,inf,1.023841022640234,-1,0.7144395219901961,1.7706703126867456,1.7706703126867456,False
base__s3__5000K_2.0gcc,3,6.5200000000000005,inf,1.0212799311403316,-1,0.6684339071298167,0.9236286060554484,0.9236286060554484,False
base__s3__5000K_2.0gcc,3,6.5600000000000005,inf,1.0270329478965123,-1,0.7178502637134614,1.042031281077988,1.042031281077988,False
base__s3__5000K_2.0gcc,3,6.6000000000000005,inf,1.0282679797358274,-1,0.6821177683765391,0.9188017827531164,0.9188017827531164,False
base__s3__5000K_2.0gcc,3,6.640000000000001,inf,1.046622676097742,-1,0.7069099067178094,1.1681276669641902,1.1681276669641902,False
base__s3__5000K_2.0gcc,3,6.68,inf,0.9904168974457171,-1,0.749149235030689,1.1807910367250687,1.1807910367250687,False
base__s3__5000K_2.0gcc,3,6.72,inf,1.0112243426193817,-1,0.7331267415219479,1.2351191870155103,1.2351191870155103,False
base__s3__5000K_2.0gcc,3,6.76,inf,1.0246017631343411,-1,0.7017456916927641,1.0515884673399198,1.0515884673399198,False
base__s3__5000K_2.0gcc,3,6.8,inf,1.0071539250943715,-1,0.7466462062524499,3.1671016181433336,3.1671016181433336,False
base__s3__5000K_2.0gcc,3,6.84,inf,1.0405840079085396,-1,0.7328834680832994,4.611779090609213,4.611779090609213,False
base__s3__5000K_2.0gcc,3,6.88,inf,1.0010654253574038,-1,0.8228392716376562,1.7952342369040815,1.7952342369040815,False
base__s3__5000K_2.0gcc,3,6.92,inf,1.0066798418618503,-1,0.8658540606070375,1.4146115569103568,1.4146115569103568,False
base__s3__5000K_2.0gcc,3,6.96,inf,1.0588843105164982,-1,0.6727462375299016,1.1933027302015746,1.1933027302015746,False
base__s3__5000K_2.0gcc,3,7.0,inf,1.0130097607520858,-1,0.705041778096445,0.9675208736736536,0.9675208736736536,False
base__s3__5000K_2.0gcc,3,7.04,inf,0.994723987761932,-1,0.738691211812721,2.0906578809996974,2.0906578809996974,False
base__s3__5000K_2.0gcc,3,7.08,inf,1.0073963008449058,-1,0.6013592428793068,0.9312591628938705,0.9312591628938705,False
base__s3__5000K_2.0gcc,3,7.12,inf,1.0525501016968264,-1,0.6108247592978033,0.8550421593768862,0.8550421593768862,False
base__s3__5000K_2.0gcc,3,7.16,inf,0.9577358827876296,-1,1.3185027320912286,1.4961029925928322,1.4574508087589197,False
base__s3__5000K_2.0gcc,3,7.2,inf,1.016731023949796,-1,0.7666985477996806,1.6686734861970791,1.6686734861970791,False
base__s3__5000K_2.0gcc,3,7.24,inf,1.053475872675308,-1,0.7321238353346391,0.9643602600167709,0.9643602600167709,False
base__s3__5000K_2.0gcc,3,7.28,inf,1.000240375244871,-1,0.6475327980651716,1.1748131761189873,1.1748131761189873,False
base__s3__5000K_2.0gcc,3,7.32,inf,1.0430607392793572,-1,0.67782854783929,0.9466816015717606,0.9466816015717606,False
base__s3__5000K_2.0gcc,3,7.36,inf,1.009389620944262,-1,0.6974875597887931,0.934204252539401,0.934204252539401,False
base__s3__5000K_2.0gcc,3,7.4,inf,1.0056513822697213,-1,0.6991370255334184,1.7579025263673629,1.7579025263673629,False
base__s3__5000K_2.0gcc,3,7.44,inf,1.0484900902316627,-1,0.7621412074203212,1.0534664016723185,1.0534664016723185,False
base__s3__5000K_2.0gcc,3,7.48,inf,1.0529304518637506,-1,0.7474577695054017,4.128590614816423,4.128590614816423,False
base__s3__5000K_2.0gcc,3,7.52,inf,1.037897811546493,-1,0.6819950435301637,1.0833883404988713,1.0833883404988713,False
base__s3__5000K_2.0gcc,3,7.56,inf,1.0390440014676952,-1,0.688655255055838,2.697134810717471,2.697134810717471,False
base__s3__5000K_2.0gcc,3,7.6,inf,1.0056375497792422,-1,0.6543603039568394,0.9945151924359432,0.9945151924359432,False
base__s3__5000K_2.0gcc,3,7.640000000000001,inf,1.026735057590808,-1,0.6597514100109229,0.966612322205757,0.966612322205757,False
base__s3__5000K_2.0gcc,3,7.68,inf,1.0183409246421362,-1,0.7451878749785978,1.2249161685160357,1.2249161685160357,False
base__s3__5000K_2.0gcc,3,7.72,inf,1.041012646769,-1,0.7527076156000007,1.7188893962731147,1.7188893962731147,False
base__s3__5000K_2.0gcc,3,7.76,inf,1.038458552361624,-1,0.7610047325232723,1.0335052818560366,1.0335052818560366,False
base__s3__5000K_2.0gcc,3,7.8,inf,1.0510473672584877,-1,0.6481466441661764,1.5574402768929847,1.5574402768929847,False
base__s3__5000K_2.0gcc,3,7.84,inf,1.045621453322377,-1,0.6331593628218218,1.1026013250778945,1.1026013250778945,False
base__s3__5000K_2.0gcc,3,7.88,inf,1.0231879343414878,-1,0.6951319986777091,1.107063678175778,1.107063678175778,False
base__s3__5000K_2.0gcc,3,7.92,inf,1.0252229090553922,-1,0.657939558396385,0.9140129987901032,0.9140129987901032,False
base__s3__5000K_2.0gcc,3,7.96,inf,1.0231940182076904,-1,0.6211895586278491,1.1019367377049698,1.1019367377049698,False
base__s3__5000K_2.0gcc,3,8.0,inf,1.015167463690597,-1,0.6599223591101707,1.4840595733296853,1.4840595733296853,False
base__s3__5000K_2.0gcc,3,8.040000000000001,inf,1.0127059462924073,-1,0.6704435650986283,1.1599973214877213,1.1599973214877213,False
base__s3__5000K_2.0gcc,3,8.08,inf,1.0122992298619025,-1,0.6522792943557514,3.110522434073612,3.110522434073612,False
base__s3__5000K_2.0gcc,3,8.120000000000001,inf,1.0229612028737942,-1,0.7446709873779893,0.9930883119938125,0.9930883119938125,False
base__s3__5000K_2.0gcc,3,8.16,inf,0.9963581117519936,-1,0.70376251469025,1.0330992753745676,1.0330992753745676,False
base__s3__5000K_2.0gcc,3,8.2,inf,1.0515623150536535,-1,0.6606529050323051,1.0558771448354998,1.0558771448354998,False
base__s3__5000K_2.0gcc,3,8.24,inf,1.0217983238604378,-1,0.7228828164894449,1.0043001087156176,1.0043001087156176,False
base__s3__5000K_2.0gcc,3,8.28,inf,1.0684953599590412,-1,0.7010385014312418,1.0158965479308826,1.0158965479308826,False
base__s3__5000K_2.0gcc,3,8.32,inf,1.0446826987009024,-1,0.6656917820250385,0.9760531483322783,0.9760531483322783,False
base__s3__5000K_2.0gcc,3,8.36,inf,1.015187960059614,-1,0.7038418883385978,0.8879196080539147,0.8879196080539147,False
base__s3__5000K_2.0gcc,3,8.4,inf,1.0174155133798584,-1,0.6397418795230622,0.7967645386352936,0.7967645386352936,False
base__s3__5000K_2.0gcc,3,8.44,inf,1.0433928281433609,-1,0.7374702476359832,1.3044098864908347,1.3044098864908347,False
base__s3__5000K_2.0gcc,3,8.48,inf,1.0296402555674482,-1,0.7179801751215068,2.526982698885689,2.526982698885689,False
base__s3__5000K_2.0gcc,3,8.52,inf,1.0230397165662737,-1,0.7480971529220425,1.49413901739177,1.49413901739177,False
base__s3__5000K_2.0gcc,3,8.56,inf,1.0284784746974531,-1,0.5928543392036757,0.9684701486680194,0.9684701486680194,False
base__s3__5000K_2.0gcc,3,8.6,inf,1.0222492345499703,-1,0.6355263649815803,1.1111517915447624,1.1111517915447624,False
base__s3__5000K_2.0gcc,3,8.64,inf,1.0472656832275178,-1,0.6286830092490805,0.9316483475383374,0.9316483475383374,False
base__s3__5000K_2.0gcc,3,8.68,inf,1.0377691697275455,-1,0.7240909854354228,3.3970581461020357,3.3970581461020357,False
base__s3__5000K_2.0gcc,3,8.72,inf,1.0297174038181545,-1,0.886078319050023,1.8947798076799234,1.8947798076799234,False
base__s3__5000K_2.0gcc,3,8.76,inf,0.96754094616042,-1,1.1430810332079582,1.5683327056661522,1.5683327056661522,False
base__s3__5000K_2.0gcc,3,8.8,inf,0.9785145677259992,-1,0.8838004026369333,1.0716888081165412,1.0709358749279692,False
base__s3__5000K_2.0gcc,3,8.84,inf,1.044580195060676,-1,0.6731945372985093,3.7772783650684487,3.7772783650684487,False
base__s3__5000K_2.0gcc,3,8.88,inf,1.01512210329349,-1,0.6493618174548914,0.8666640691576764,0.8666640691576764,False
base__s3__5000K_2.0gcc,3,8.92,inf,1.0492269250019273,-1,0.9187176303153312,2.9059170876134317,2.9059170876134317,False
base__s3__5000K_2.0gcc,3,8.96,inf,1.0394508370764823,-1,0.7025273114906995,1.3870759499055882,1.3870759499055882,False
base__s3__5000K_2.0gcc,3,9.0,inf,1.026170464387375,-1,0.6261174292690683,1.38699471853435,1.1395689468778651,False
base__s3__5000K_2.0gcc,3,9.04,inf,1.0037917156636629,-1,0.833568670988401,0.9563921307125115,0.9563921307125115,False
base__s3__5000K_2.0gcc,3,9.08,inf,1.0059670362238513,-1,0.6332991292917585,1.2450855940230527,1.2450855940230527,False
base__s3__5000K_2.0gcc,3,9.12,inf,1.0534793708758607,-1,0.7808220015086782,0.8520715652760673,0.8520715652760673,False
base__s3__5000K_2.0gcc,3,9.16,inf,1.0123607290393082,-1,0.6720161771992936,0.7876977104155861,0.7333525788337839,False
base__s3__5000K_2.0gcc,3,9.2,inf,0.9696228547858182,-1,0.9945821814346605,1.0726435242950179,1.0726435242950179,False
base__s3__5000K_2.0gcc,3,9.24,inf,1.0162016545204011,-1,0.7491995539337432,1.6542352820207484,1.6542352820207484,False
base__s3__5000K_2.0gcc,3,9.28,inf,1.0250871449984136,-1,0.7892156227837491,2.0564073325913426,2.0564073325913426,False
base__s3__5000K_2.0gcc,3,9.32,inf,1.0215957533413111,-1,0.6842066957271743,0.816970685629147,0.816970685629147,False
base__s3__5000K_2.0gcc,3,9.36,inf,1.0558126613916885,-1,0.711937893212017,1.0224766423084684,1.0224766423084684,False
base__s3__5000K_2.0gcc,3,9.4,inf,1.0239879898919713,-1,0.7042721319627747,1.4658603975912077,1.4658603975912077,False
base__s3__5000K_2.0gcc,3,9.44,inf,1.0546365277046876,-1,0.713894543005624,3.4751714995273337,3.4751714995273337,False
base__s3__5000K_2.0gcc,3,9.48,inf,1.0234121052762664,-1,0.6934141553042859,2.322837281063671,2.322837281063671,False
base__s3__5000K_2.0gcc,3,9.52,inf,1.015873782796367,-1,0.7852812296599125,1.1632491620274603,1.1632491620274603,False
base__s3__5000K_2.0gcc,3,9.56,inf,1.0215767872857136,-1,0.6852874436040194,1.1970913091783715,1.1970913091783715,False
base__s3__5000K_2.0gcc,3,9.6,inf,1.0352351511207496,-1,0.7065074797995072,0.9240099285509249,0.9240099285509249,False
base__s3__5000K_2.0gcc,3,9.64,inf,0.9937605660927584,-1,0.7974127197324583,0.9325226045516946,0.8972262428056943,False
base__s3__5000K_2.0gcc,3,9.68,inf,1.006397779024278,-1,0.6035123672456226,0.869290049008176,0.869290049008176,False
base__s3__5000K_2.0gcc,3,9.72,inf,1.036223368987112,-1,0.6859326009482226,0.9454819793796542,0.9454819793796542,False
base__s3__5000K_2.0gcc,3,9.76,inf,0.9766949477605584,-1,0.8103187140148431,0.9783012088717771,0.9783012088717771,False
base__s3__5000K_2.0gcc,3,9.8,inf,1.039339845935871,-1,0.7057400697254185,1.1345389602054214,1.1345389602054214,False
base__s3__5000K_2.0gcc,3,9.84,inf,1.028521700542093,-1,0.6949496464133152,0.9662904756078792,0.9662904756078792,False
base__s3__5000K_2.0gcc,3,9.88,inf,1.026211519214241,-1,0.6448300140565197,0.9788948823798778,0.9788948823798778,False
base__s3__5000K_2.0gcc,3,9.92,inf,1.0375484796938412,-1,0.6780742346853896,1.2789416671896037,1.2789416671896037,False
base__s3__5000K_2.0gcc,3,9.96,inf,1.0443716797079474,-1,0.7121119430763854,0.9370498456465219,0.7121119430763854,False
base__s3__5000K_2.0gcc,3,10.0,inf,1.022934115767482,-1,0.6370320302046597,0.7482761262737283,0.7482761262737283,False
base__s40__5000K_2.0gcc,40,0.0,inf,1.0310702502254634,-1,0.8928044464759279,1.0000000000000064,1.0000000000000064,False
base__s40__5000K_2.0gcc,40,0.04,inf,0.9883121372253806,-1,0.7730095796682486,1.0726440681397964,1.0726440681397964,False
base__s40__5000K_2.0gcc,40,0.08,inf,1.0419401699536304,-1,0.7131168856212875,0.9906321969569571,0.9906321969569571,False
base__s40__5000K_2.0gcc,40,0.12,inf,1.0194889653615675,-1,0.7887627765898283,1.0773305014131989,1.0773305014131989,False
base__s40__5000K_2.0gcc,40,0.16,inf,1.0276851904678794,-1,0.7147583518622243,0.7975847579744568,0.7975847579744568,False
base__s40__5000K_2.0gcc,40,0.2,inf,1.000958140412974,-1,0.6152354245205013,0.7785466048935173,0.7785466048935173,False
base__s40__5000K_2.0gcc,40,0.24,inf,0.9919984904434076,-1,0.8133367172693656,0.882407791781001,0.8178695529001507,False
base__s40__5000K_2.0gcc,40,0.28,inf,0.950738169449928,-1,1.3633007965567945,1.5755589188646764,1.3794910552301825,False
base__s40__5000K_2.0gcc,40,0.32,inf,1.0270709364722577,-1,0.7708058088938986,0.8944129636206695,0.8944129636206695,False
base__s40__5000K_2.0gcc,40,0.36,inf,1.0506596460219644,-1,0.6558901310429718,0.9024217737581749,0.9024217737581749,False
base__s40__5000K_2.0gcc,40,0.4,inf,1.0392477566263976,-1,0.6869227615439633,1.3766107709283506,1.3766107709283506,False
base__s40__5000K_2.0gcc,40,0.44,inf,1.0079880516742252,-1,0.7137859596008035,0.8771898320402579,0.8771898320402579,False
base__s40__5000K_2.0gcc,40,0.48,inf,1.004893350883565,-1,0.8120577552603319,0.9079296774338271,0.9079296774338271,False
base__s40__5000K_2.0gcc,40,0.52,inf,1.0347482478308432,-1,0.6594918661356179,0.8883823618933798,0.8883823618933798,False
base__s40__5000K_2.0gcc,40,0.56,inf,1.0305579617134593,-1,0.751781051543741,0.7944045053980495,0.7890926295876646,False
base__s40__5000K_2.0gcc,40,0.6,inf,1.017148688493969,-1,0.753119527280751,1.7031685921484008,1.7031685921484008,False
base__s40__5000K_2.0gcc,40,0.64,inf,1.0072957897986063,-1,0.697467426376296,1.2004467140353445,1.2004467140353445,False
base__s40__5000K_2.0gcc,40,0.68,inf,1.044079665673554,-1,0.7276830020480128,1.302592831432198,1.302592831432198,False
base__s40__5000K_2.0gcc,40,0.72,inf,1.0387030001188975,-1,0.58336582588687,0.9577246517270428,0.9577246517270428,False
base__s40__5000K_2.0gcc,40,0.76,inf,1.0413747951400592,-1,0.7861879764761033,1.4284172448759296,1.4284172448759296,False
base__s40__5000K_2.0gcc,40,0.8,inf,1.0432283594448537,-1,0.895812099894297,3.555674390993971,3.555674390993971,False
base__s40__5000K_2.0gcc,40,0.84,inf,1.030040837713244,-1,0.6604536912416051,1.4861989539234972,1.4861989539234972,False
base__s40__5000K_2.0gcc,40,0.88,inf,1.0662752114632508,-1,0.6736028230483864,1.0182215922212976,1.0182215922212976,False
base__s40__5000K_2.0gcc,40,0.92,inf,1.0089858871842556,-1,0.7027252306159824,0.9162033408401484,0.9162033408401484,False
base__s40__5000K_2.0gcc,40,0.96,inf,1.013872378924488,-1,0.8239318151378212,1.3482070638744605,1.3482070638744605,False
base__s40__5000K_2.0gcc,40,1.0,inf,1.007916138089871,-1,0.6738048682700581,0.7063602002175491,0.6926628097775916,False
base__s40__5000K_2.0gcc,40,1.04,inf,1.037646127820559,-1,0.7026613943079483,0.7692775302897237,0.7692775302897237,False
base__s40__5000K_2.0gcc,40,1.08,inf,1.015831232867448,-1,0.6603446430628959,0.8610286946956036,0.8610286946956036,False
base__s40__5000K_2.0gcc,40,1.12,inf,1.0341757440420856,-1,0.7223719471271023,0.863306715457816,0.863306715457816,False
base__s40__5000K_2.0gcc,40,1.16,inf,1.0218389815792883,-1,0.6531814353198669,1.4671308241028842,1.4671308241028842,False
base__s40__5000K_2.0gcc,40,1.2,inf,1.0431728804225118,-1,0.6511184240872037,1.0331988680930382,1.0331988680930382,False
base__s40__5000K_2.0gcc,40,1.24,inf,1.004654324565918,-1,0.7949626215263614,1.067773022759187,1.067773022759187,False
base__s40__5000K_2.0gcc,40,1.28,inf,1.025174583346173,-1,0.731232922392524,0.7994994604315225,0.7994994604315225,False
base__s40__5000K_2.0gcc,40,1.32,inf,1.0495330143744883,-1,0.6682466216377254,1.306495554707815,1.306495554707815,False
base__s40__5000K_2.0gcc,40,1.36,inf,1.0440400643624743,-1,0.6528321403277662,0.8885614122402552,0.8885614122402552,False
base__s40__5000K_2.0gcc,40,1.4,inf,1.0018718952810284,-1,0.6784394313925824,1.096114178159081,1.096114178159081,False
base__s40__5000K_2.0gcc,40,1.44,inf,1.0329487149413563,-1,0.7414826034536302,1.2799498528846227,1.2799498528846227,False
base__s40__5000K_2.0gcc,40,1.48,inf,1.043457149246197,-1,0.6773105380115261,0.8942244327192557,0.8942244327192557,False
base__s40__5000K_2.0gcc,40,1.52,inf,0.9944076503999766,-1,0.6676487908506574,1.1500647744343726,1.1500647744343726,False
base__s40__5000K_2.0gcc,40,1.56,inf,1.0378204550585806,-1,0.7544126125916308,3.0816543832202377,3.0816543832202377,False
base__s40__5000K_2.0gcc,40,1.6,inf,1.042371929717028,-1,0.6922175649769298,1.1354478395717913,1.1354478395717913,False
base__s40__5000K_2.0gcc,40,1.64,inf,1.0374681761215618,-1,0.7939948361829712,0.9443281294312424,0.9443281294312424,False
base__s40__5000K_2.0gcc,40,1.68,inf,1.0320939735900991,-1,0.7525440293620714,0.9592066075691289,0.9592066075691289,False
base__s40__5000K_2.0gcc,40,1.72,inf,1.03053776612165,-1,0.7102763402308904,0.9583183184474816,0.9583183184474816,False
base__s40__5000K_2.0gcc,40,1.76,inf,0.97589628385705,-1,1.073654592085861,1.4191567844420194,1.365316759245582,False
base__s40__5000K_2.0gcc,40,1.8,inf,1.0277249074825423,-1,0.748470960355799,2.0823448920624905,2.0823448920624905,False
base__s40__5000K_2.0gcc,40,1.84,inf,1.0184457690957338,-1,0.7138237475724684,2.329679999703925,2.329679999703925,False
base__s40__5000K_2.0gcc,40,1.88,inf,1.0307970053187,-1,0.7512537336204226,1.1807223502970914,1.1807223502970914,False
base__s40__5000K_2.0gcc,40,1.92,inf,1.0067589503813714,-1,0.6899224967256303,0.9212916766151704,0.9212916766151704,False
base__s40__5000K_2.0gcc,40,1.96,inf,1.0217157312075609,-1,0.721699458078602,1.6605980143343249,1.6605980143343249,False
base__s40__5000K_2.0gcc,40,2.0,inf,1.0396597252740918,-1,0.6476040742305791,0.8668489935861896,0.8668489935861896,False
base__s40__5000K_2.0gcc,40,2.04,inf,1.0447533616969125,-1,0.7552689476894685,1.6829920629871467,1.6829920629871467,False
base__s40__5000K_2.0gcc,40,2.08,inf,1.0350813725514532,-1,0.7691794617187828,0.8759877030874644,0.8759877030874644,False
base__s40__5000K_2.0gcc,40,2.12,inf,1.0222947120028552,-1,0.7533071064222734,1.1152032695080942,1.1152032695080942,False
base__s40__5000K_2.0gcc,40,2.16,inf,1.0293465906802242,-1,0.6821921934598749,0.8478022266966224,0.8478022266966224,False
base__s40__5000K_2.0gcc,40,2.2,inf,0.9902341500569452,-1,0.6639462076925315,1.064093896749819,1.064093896749819,False
base__s40__5000K_2.0gcc,40,2.24,inf,1.0166615988661123,-1,0.6428398932946804,1.0571053042522267,1.0571053042522267,False
base__s40__5000K_2.0gcc,40,2.28,inf,1.0140981700905485,-1,0.6832729815016265,1.0133198438296684,1.0133198438296684,False
base__s40__5000K_2.0gcc,40,2.32,inf,0.978890394602992,-1,0.745017759783855,0.7366739192430934,0.7663246423417821,False
base__s40__5000K_2.0gcc,40,2.36,inf,1.0487961322559312,-1,0.8840988010610105,0.9356416107148744,0.9356416107148744,False
base__s40__5000K_2.0gcc,40,2.4,inf,1.044383025623263,-1,0.6502023034907538,0.9000108262879918,0.9000108262879918,False
base__s40__5000K_2.0gcc,40,2.44,inf,1.0328618865937491,-1,0.6632064008490556,2.7440304008307788,2.7440304008307788,False
base__s40__5000K_2.0gcc,40,2.48,inf,0.981565196249337,-1,1.0205569143358812,1.8872542023645749,1.8872542023645749,False
base__s40__5000K_2.0gcc,40,2.52,inf,1.0175061945762292,-1,0.6423669474593243,1.191793851494213,1.191793851494213,False
base__s40__5000K_2.0gcc,40,2.56,inf,0.9976708652030488,-1,0.6812457543011032,0.7977366803601462,0.7591017685445058,False
base__s40__5000K_2.0gcc,40,2.6,inf,1.0331790407485055,-1,0.6180034223137477,0.9115383721221979,0.9115383721221979,False
base__s40__5000K_2.0gcc,40,2.64,inf,1.045128151485262,-1,0.6362667056311926,1.0071226688511874,1.0071226688511874,False
base__s40__5000K_2.0gcc,40,2.68,inf,1.051445282305742,-1,0.6131994457555254,0.9102053728578046,0.9102053728578046,False
base__s40__5000K_2.0gcc,40,2.72,inf,1.0129143793964033,-1,0.7449753873221467,1.261841748187111,1.261841748187111,False
base__s40__5000K_2.0gcc,40,2.76,inf,1.0518273211378386,-1,0.7604459934652013,0.8600277065682993,0.8600277065682993,False
base__s40__5000K_2.0gcc,40,2.8000000000000003,inf,1.0314721402786406,-1,0.6504300566039541,0.8479868245603418,0.8479868245603418,False
base__s40__5000K_2.0gcc,40,2.84,inf,1.0024828935842252,-1,0.800621611594886,1.1134628236519832,1.1134628236519832,False
base__s40__5000K_2.0gcc,40,2.88,inf,1.0031222493320535,-1,0.6118989359620561,0.8082227029665099,0.8082227029665099,False
base__s40__5000K_2.0gcc,40,2.92,inf,0.9997900281304072,-1,0.8093098311767857,1.5321471378892593,1.5321471378892593,False
base__s40__5000K_2.0gcc,40,2.96,inf,1.0191321778915627,-1,0.6963466492765015,1.018266203291334,1.018266203291334,False
base__s40__5000K_2.0gcc,40,3.0,inf,1.01917257933875,-1,0.6641325407181332,1.4448238438580228,1.4448238438580228,False
base__s40__5000K_2.0gcc,40,3.04,inf,1.0359571662660572,-1,0.740712560840728,1.1400631114933042,1.1400631114933042,False
base__s40__5000K_2.0gcc,40,3.08,inf,1.0289826173502643,-1,0.6850647867136623,1.2465218458915301,1.2465218458915301,False
base__s40__5000K_2.0gcc,40,3.12,inf,1.0350947299262034,-1,0.6434818207590739,1.1067221339430946,1.1067221339430946,False
base__s40__5000K_2.0gcc,40,3.16,inf,0.984393199003834,-1,0.8760065788437978,1.136747520707954,1.0432244520840972,False
base__s40__5000K_2.0gcc,40,3.2,inf,1.0564676022581103,-1,0.701591203082316,2.532167232964491,2.532167232964491,False
base__s40__5000K_2.0gcc,40,3.24,inf,1.0165098001598405,-1,0.6683259873645521,1.3719147745841334,1.3719147745841334,False
base__s40__5000K_2.0gcc,40,3.28,inf,1.003235639415287,-1,0.7147845488682202,1.179603454942675,1.179603454942675,False
base__s40__5000K_2.0gcc,40,3.3200000000000003,inf,1.027874844891634,-1,0.854577413289069,1.234769903327028,1.234769903327028,False
base__s40__5000K_2.0gcc,40,3.36,inf,1.077502825404184,-1,0.7223853179870822,1.1560125043425082,1.1560125043425082,False
base__s40__5000K_2.0gcc,40,3.4,inf,0.9957007570756392,-1,0.6633064671860787,1.1309679846779275,1.1309679846779275,False
base__s40__5000K_2.0gcc,40,3.44,inf,1.0432865157922822,-1,0.7889515316773574,2.8916809969124206,2.8916809969124206,False
base__s40__5000K_2.0gcc,40,3.48,inf,1.046455517687206,-1,0.7052676452752716,1.5781793097710743,1.5781793097710743,False
base__s40__5000K_2.0gcc,40,3.52,inf,1.0330203429928184,-1,0.6506246857493572,2.6473783216076265,2.6473783216076265,False
base__s40__5000K_2.0gcc,40,3.56,inf,1.0306918937189715,-1,0.6596995767147744,1.4388022282625474,1.4388022282625474,False
base__s40__5000K_2.0gcc,40,3.6,inf,1.0393006627271049,-1,0.783120100427012,1.844433758706753,1.844433758706753,False
base__s40__5000K_2.0gcc,40,3.64,inf,1.059604233213043,-1,0.6760773845862713,1.085389390488464,1.085389390488464,False
base__s40__5000K_2.0gcc,40,3.68,inf,1.023836438689305,-1,0.6738858158485858,0.8403462995959453,0.8403462995959453,False
base__s40__5000K_2.0gcc,40,3.72,inf,1.0351158617188698,-1,0.7182159312208587,3.894020664284254,3.894020664284254,False
base__s40__5000K_2.0gcc,40,3.76,inf,1.0380126266717564,-1,0.6568161514934416,1.2397895509975627,1.2397895509975627,False
base__s40__5000K_2.0gcc,40,3.8,inf,1.036627707705134,-1,0.6328943460543165,0.9214479457258703,0.9214479457258703,False
base__s40__5000K_2.0gcc,40,3.84,inf,1.0339783537584333,-1,0.6923661550425999,0.9248652803452106,0.9248652803452106,False
base__s40__5000K_2.0gcc,40,3.88,inf,1.0695300485624513,-1,0.6826197582671932,1.0430194399414867,1.0430194399414867,False
base__s40__5000K_2.0gcc,40,3.92,inf,1.0474240517125812,-1,0.7351680831732976,1.1780695893242639,1.1780695893242639,False
base__s40__5000K_2.0gcc,40,3.96,inf,1.034555525479904,-1,0.6597031766144832,0.7926082925873926,0.7926082925873926,False
base__s40__5000K_2.0gcc,40,4.0,inf,1.020448093716677,-1,0.8467518384280389,1.0636868292057904,1.0636868292057904,False
base__s40__5000K_2.0gcc,40,4.04,inf,1.0280916287709967,-1,0.617836493905564,0.8033329077335892,0.8033329077335892,False
base__s40__5000K_2.0gcc,40,4.08,inf,1.00927710984199,-1,0.6017850571999341,0.7900352295709452,0.7900352295709452,False
base__s40__5000K_2.0gcc,40,4.12,inf,1.0497703229425943,-1,0.7472780524927612,0.845562693591775,0.845562693591775,False
base__s40__5000K_2.0gcc,40,4.16,inf,1.0091875762364495,-1,0.7806173097657652,0.9812242371921153,0.9812242371921153,False
base__s40__5000K_2.0gcc,40,4.2,inf,1.049309595382126,-1,0.7084747394486879,1.2050724704332627,1.2050724704332627,False
base__s40__5000K_2.0gcc,40,4.24,inf,1.0428184824623128,-1,0.6912189636906393,0.84529580042412,0.84529580042412,False
base__s40__5000K_2.0gcc,40,4.28,inf,1.007262463536689,-1,0.6490094109755855,0.7194068797885348,0.7026574979671698,False
base__s40__5000K_2.0gcc,40,4.32,inf,1.038079639454507,-1,0.7209086845688351,1.1608720510921586,1.1608720510921586,False
base__s40__5000K_2.0gcc,40,4.36,inf,1.01861774227234,-1,0.6888869041855742,0.870160468902027,0.870160468902027,False
base__s40__5000K_2.0gcc,40,4.4,inf,1.0344246971959823,-1,0.7096614459984579,1.2586379312184122,1.2586379312184122,False
base__s40__5000K_2.0gcc,40,4.44,inf,1.0334557019306634,-1,0.6458238903019041,2.5058113511557716,2.5058113511557716,False
base__s40__5000K_2.0gcc,40,4.48,inf,1.0492664411492434,-1,0.6675075982721663,0.9627868504440962,0.9627868504440962,False
base__s40__5000K_2.0gcc,40,4.5200000000000005,inf,1.0236971766660292,-1,0.6301289273508128,1.2168659804325537,1.2168659804325537,False
base__s40__5000K_2.0gcc,40,4.5600000000000005,inf,1.0327003797123349,-1,0.9368630160392908,1.144652472677953,1.1118797011689538,False
base__s40__5000K_2.0gcc,40,4.6000000000000005,inf,0.9813627775731052,-1,0.8462952216507332,1.0315208490083418,1.0315208490083418,False
base__s40__5000K_2.0gcc,40,4.64,inf,1.0366682550092867,-1,0.6300271816397787,0.8802783543604453,0.8802783543604453,False
base__s40__5000K_2.0gcc,40,4.68,inf,1.0206639050392643,-1,0.8109472755187758,1.2156989621726584,1.2156989621726584,False
base__s40__5000K_2.0gcc,40,4.72,inf,1.0431494260248624,-1,0.7779618617853586,1.0072241778730056,1.0072241778730056,False
base__s40__5000K_2.0gcc,40,4.76,inf,0.9825383791353908,-1,0.9312160513835851,1.2077276566856354,1.2077276566856354,False
base__s40__5000K_2.0gcc,40,4.8,inf,1.0072078788283976,-1,0.7299879452145905,0.8481889772763846,0.8481889772763846,False
base__s40__5000K_2.0gcc,40,4.84,inf,1.0172258437888813,-1,0.7574223838416521,1.7373535999775978,1.7373535999775978,False
base__s40__5000K_2.0gcc,40,4.88,inf,1.0500734463307777,-1,0.6743988879777197,1.0527041529713372,1.0527041529713372,False
base__s40__5000K_2.0gcc,40,4.92,inf,0.9857229769671604,-1,0.7536954078580991,0.9217035763564058,0.9217035763564058,False
base__s40__5000K_2.0gcc,40,4.96,inf,1.0509659655574006,-1,0.6863383735634505,0.807460389973952,0.807460389973952,False
base__s40__5000K_2.0gcc,40,5.0,inf,1.0218024811508342,-1,0.6496392999146325,7.177609194778223,7.177609194778223,False
base__s40__5000K_2.0gcc,40,5.04,inf,1.0554911064300827,-1,0.6590774995563503,0.8873602569000216,0.8873602569000216,False
base__s40__5000K_2.0gcc,40,5.08,inf,1.0063364029682116,-1,0.619967356724353,1.158205278642463,1.158205278642463,False
base__s40__5000K_2.0gcc,40,5.12,inf,0.984425813707158,-1,0.7304703276823858,2.240654945856675,2.240654945856675,False
base__s40__5000K_2.0gcc,40,5.16,inf,0.954767055187809,-1,1.6472883878729845,2.0313662068207363,1.6472883878729845,False
base__s40__5000K_2.0gcc,40,5.2,inf,1.025748473181901,-1,0.7024425166472864,1.0272965253850772,1.0272965253850772,False
base__s40__5000K_2.0gcc,40,5.24,inf,1.0162410619282216,-1,0.698831400961314,0.9377581548373065,0.9377581548373065,False
base__s40__5000K_2.0gcc,40,5.28,inf,1.0563036214578645,-1,0.7720450276979498,3.2995478296012513,3.2995478296012513,False
base__s40__5000K_2.0gcc,40,5.32,inf,1.011489569969458,-1,0.7921401025714493,1.1739962540612277,1.1739962540612277,False
base__s40__5000K_2.0gcc,40,5.36,inf,1.0559898173775166,-1,0.685658540329001,1.2350586536104255,1.2350586536104255,False
base__s40__5000K_2.0gcc,40,5.4,inf,1.0234593120754727,-1,0.6964099125000629,0.9043919700013656,0.9043919700013656,False
base__s40__5000K_2.0gcc,40,5.44,inf,1.0254857656476752,-1,0.7000839095790405,1.2471552394802692,1.2471552394802692,False
base__s40__5000K_2.0gcc,40,5.48,inf,1.0448553956959783,-1,0.6551893446645034,1.663984155653004,1.663984155653004,False
base__s40__5000K_2.0gcc,40,5.5200000000000005,inf,1.0456805463787688,-1,0.7002487488885479,1.1275786320883854,1.1275786320883854,False
base__s40__5000K_2.0gcc,40,5.5600000000000005,inf,1.03267726735365,-1,0.6484986994824042,1.2518739865115616,1.2518739865115616,False
base__s40__5000K_2.0gcc,40,5.6000000000000005,inf,1.0328050927304722,-1,0.7641695585688756,2.4219354315815975,2.4219354315815975,False
base__s40__5000K_2.0gcc,40,5.64,inf,1.059065498547187,-1,0.7094488389810036,2.332916036164254,2.332916036164254,False
base__s40__5000K_2.0gcc,40,5.68,inf,1.0302650169252572,-1,0.7222575370855511,1.0713181555487026,1.0713181555487026,False
base__s40__5000K_2.0gcc,40,5.72,inf,0.9810153215913604,-1,0.7882589636595759,1.2433117361663695,1.2433117361663695,False
base__s40__5000K_2.0gcc,40,5.76,inf,1.067009966244927,-1,0.7866720580076919,1.2332958829069969,1.2332958829069969,False
base__s40__5000K_2.0gcc,40,5.8,inf,1.0367873478124627,-1,0.6134784614375761,1.0165252544729042,1.0165252544729042,False
base__s40__5000K_2.0gcc,40,5.84,inf,1.0156862044105943,-1,0.6660288864975403,0.8969327436120939,0.8969327436120939,False
base__s40__5000K_2.0gcc,40,5.88,inf,1.0383141796936994,-1,0.6826480269305947,1.6946411648114732,1.6946411648114732,False
base__s40__5000K_2.0gcc,40,5.92,inf,1.0418814206851943,-1,0.6289925499999856,1.0597753986660625,1.0597753986660625,False
base__s40__5000K_2.0gcc,40,5.96,inf,1.0272473628007035,-1,0.6543946493402116,0.9600667221524848,0.9600667221524848,False
base__s40__5000K_2.0gcc,40,6.0,inf,1.0418353474407562,-1,0.7480697994370205,2.4117541320732654,2.4117541320732654,False
base__s40__5000K_2.0gcc,40,6.04,inf,1.0423013776034256,-1,0.6614901738515586,2.763374243816134,2.763374243816134,False
base__s40__5000K_2.0gcc,40,6.08,inf,1.060774203695584,-1,0.6594076754636549,1.265712459884298,1.265712459884298,False
base__s40__5000K_2.0gcc,40,6.12,inf,0.9724391743908718,-1,0.7769522899088673,0.903070642676029,0.8703174046035427,False
base__s40__5000K_2.0gcc,40,6.16,inf,0.989286190328158,-1,0.8907303879505509,1.048276193851691,0.9445558939477048,False
base__s40__5000K_2.0gcc,40,6.2,inf,1.0150901430134165,-1,0.682777488450872,2.3105297149595962,2.3105297149595962,False
base__s40__5000K_2.0gcc,40,6.24,inf,1.0289452389937963,-1,0.8896677189220057,0.9073574892992763,0.9073574892992763,False
base__s40__5000K_2.0gcc,40,6.28,inf,0.9937034507105224,-1,0.8659831641048885,1.0471765220575262,0.9076195421473988,False
base__s40__5000K_2.0gcc,40,6.32,inf,1.0488679531356653,-1,0.7121586422825507,0.8948649386081773,0.8948649386081773,False
base__s40__5000K_2.0gcc,40,6.36,inf,1.0245078207480895,-1,0.6810567898227987,0.8164184056941416,0.8164184056941416,False
base__s40__5000K_2.0gcc,40,6.4,inf,1.0312064839002906,-1,0.6504529058041393,0.8666345167876175,0.8666345167876175,False
base__s40__5000K_2.0gcc,40,6.44,inf,1.031527506075335,-1,0.6528800991678738,2.3108172917520933,2.3108172917520933,False
base__s40__5000K_2.0gcc,40,6.48,inf,1.0168165007876293,-1,0.6835624011401797,1.852951627800135,1.852951627800135,False
base__s40__5000K_2.0gcc,40,6.5200000000000005,inf,1.0271145418647332,-1,0.6837795188641362,1.1449399193840577,1.1449399193840577,False
base__s40__5000K_2.0gcc,40,6.5600000000000005,inf,1.0351743167534633,-1,0.7409997371062312,7.075600296664335,7.075600296664335,False
base__s40__5000K_2.0gcc,40,6.6000000000000005,inf,1.0371030443991576,-1,0.6499441592530288,0.9858305498710038,0.9858305498710038,False
base__s40__5000K_2.0gcc,40,6.640000000000001,inf,1.04591371470356,-1,0.6635811394775757,4.6170994119927045,4.6170994119927045,False
base__s40__5000K_2.0gcc,40,6.68,inf,1.016444529173137,-1,0.6385991171146007,0.8435095958066917,0.8435095958066917,False
base__s40__5000K_2.0gcc,40,6.72,inf,1.016271818523469,-1,0.6956058744627942,1.0400227026227644,1.0400227026227644,False
base__s40__5000K_2.0gcc,40,6.76,inf,1.0107647653994476,-1,0.742805217559631,0.8954866550850819,0.8954866550850819,False
base__s40__5000K_2.0gcc,40,6.8,inf,1.0264368566380495,-1,0.6741163235470714,1.3486310010404607,1.3486310010404607,False
base__s40__5000K_2.0gcc,40,6.84,inf,1.025155341706807,-1,0.7131068510295322,0.7654577356681151,0.7654577356681151,False
base__s40__5000K_2.0gcc,40,6.88,inf,1.0186942248103694,-1,0.771308871648334,0.9867209775221983,0.9867209775221983,False
base__s40__5000K_2.0gcc,40,6.92,inf,1.0059486913297315,-1,0.7415139903880892,1.2964676521134542,1.2964676521134542,False
base__s40__5000K_2.0gcc,40,6.96,inf,1.029214542339934,-1,0.7635426784769017,0.8960372227587119,0.8739793607115729,False
base__s40__5000K_2.0gcc,40,7.0,inf,1.035660603724019,-1,0.6467627209178017,1.0067907232876148,1.0067907232876148,False
base__s40__5000K_2.0gcc,40,7.04,inf,1.008202728635467,-1,0.771882547648138,0.9239417070727092,0.9239417070727092,False
base__s40__5000K_2.0gcc,40,7.08,inf,1.0188489880119624,-1,0.8002073826677689,0.9505849091152762,0.9505849091152762,False
base__s40__5000K_2.0gcc,40,7.12,inf,1.0401455707519982,-1,0.6830972492423226,0.7966692722673236,0.7966692722673236,False
base__s40__5000K_2.0gcc,40,7.16,inf,1.0383678526471247,-1,0.6741987157441842,1.1910212139658927,1.1910212139658927,False
base__s40__5000K_2.0gcc,40,7.2,inf,1.0135329182463697,-1,0.7456407330833691,1.2883033482858341,1.2883033482858341,False
base__s40__5000K_2.0gcc,40,7.24,inf,1.0323104454116507,-1,0.6775923625081938,1.030669024285693,1.030669024285693,False
base__s40__5000K_2.0gcc,40,7.28,inf,1.021526057658345,-1,0.6171145169779775,1.1896762819984552,1.1896762819984552,False
base__s40__5000K_2.0gcc,40,7.32,inf,1.0010716852983108,-1,0.716770252810844,1.0114656419695276,1.0114656419695276,False
base__s40__5000K_2.0gcc,40,7.36,inf,1.0045524567965578,-1,0.6663679241814642,1.229468517333911,1.229468517333911,False
base__s40__5000K_2.0gcc,40,7.4,inf,1.029726586155277,-1,0.8785881823648106,2.893647801005133,2.893647801005133,False
base__s40__5000K_2.0gcc,40,7.44,inf,1.0713689982298351,-1,0.6090256978533801,1.11554534766269,1.11554534766269,False
base__s40__5000K_2.0gcc,40,7.48,inf,1.0105115395575652,-1,0.7525659804059036,1.6091197622653144,1.6091197622653144,False
base__s40__5000K_2.0gcc,40,7.52,inf,1.009486158419718,-1,0.7916352392246507,0.9787913855374877,0.9787913855374877,False
base__s40__5000K_2.0gcc,40,7.56,inf,1.017850630669353,-1,0.6221522871428532,1.4641574386664697,1.4641574386664697,False
base__s40__5000K_2.0gcc,40,7.6,inf,1.0192916615302017,-1,0.8267133077512593,1.5419348142945122,1.5419348142945122,False
base__s40__5000K_2.0gcc,40,7.640000000000001,inf,1.028606827656223,-1,0.692901092551863,2.0616941905739723,2.0616941905739723,False
base__s40__5000K_2.0gcc,40,7.68,inf,1.012702681827692,-1,0.5971278540738971,0.8745417521515666,0.8745417521515666,False
base__s40__5000K_2.0gcc,40,7.72,inf,1.007977829479895,-1,0.7637242365694104,1.7835344548622882,1.7835344548622882,False
base__s40__5000K_2.0gcc,40,7.76,inf,1.0448012906974231,-1,0.6207052683034556,0.9322610327683682,0.9322610327683682,False
base__s40__5000K_2.0gcc,40,7.8,inf,1.048730122640234,-1,0.6041308167856417,0.7577333860542123,0.7577333860542123,False
base__s40__5000K_2.0gcc,40,7.84,inf,1.035786593283095,-1,0.7023298176735518,0.9101851989636771,0.8284016735455838,False
base__s40__5000K_2.0gcc,40,7.88,inf,0.979565452650306,-1,0.8203905150643296,1.1402945684017374,1.1402945684017374,False
base__s40__5000K_2.0gcc,40,7.92,inf,1.0264873358760933,-1,0.7028199712362799,0.7819034908655068,0.7819034908655068,False
base__s40__5000K_2.0gcc,40,7.96,inf,0.9899805950290138,-1,0.6998217896926919,1.6382637496437187,1.6382637496437187,False
base__s40__5000K_2.0gcc,40,8.0,inf,1.038040179168899,-1,0.7796936507425808,1.2170794456959526,1.2170794456959526,False
base__s40__5000K_2.0gcc,40,8.040000000000001,inf,1.0441126663133624,-1,0.6773461421443907,0.9987887452356254,0.9987887452356254,False
base__s40__5000K_2.0gcc,40,8.08,inf,1.0450917059091034,-1,0.6595416494953589,5.661481116637228,5.661481116637228,False
base__s40__5000K_2.0gcc,40,8.120000000000001,inf,1.0074973966467609,-1,0.6527732397960191,0.8333751906872624,0.8333751906872624,False
base__s40__5000K_2.0gcc,40,8.16,inf,1.0345612789612808,-1,0.6248993731667931,0.761187096111856,0.761187096111856,False
base__s40__5000K_2.0gcc,40,8.2,inf,1.0221437013326449,-1,0.7155061185376488,0.9650008975040917,0.9650008975040917,False
base__s40__5000K_2.0gcc,40,8.24,inf,1.0045812239863934,-1,0.8499116984396478,1.2114363411236293,1.2114363411236293,False
base__s40__5000K_2.0gcc,40,8.28,inf,1.0047687674116872,-1,0.9028949815636537,1.0248315096254026,0.9028949815636537,False
base__s40__5000K_2.0gcc,40,8.32,inf,1.042810584333511,-1,0.6738184028190805,1.5703270393725524,1.5703270393725524,False
base__s40__5000K_2.0gcc,40,8.36,inf,1.0113820926642911,-1,0.7026504021124763,0.9224302973699061,0.9224302973699061,False
base__s40__5000K_2.0gcc,40,8.4,inf,1.011637975745277,-1,0.741428983392238,1.273231588920638,1.273231588920638,False
base__s40__5000K_2.0gcc,40,8.44,inf,1.036878019769442,-1,0.701350033640469,1.0373013917428637,1.0373013917428637,False
base__s40__5000K_2.0gcc,40,8.48,inf,1.0002276351516188,-1,0.7375571352079773,1.0246176981100281,1.0246176981100281,False
base__s40__5000K_2.0gcc,40,8.52,inf,1.046159701366383,-1,0.6929689425247908,0.8942954488220943,0.8942954488220943,False
base__s40__5000K_2.0gcc,40,8.56,inf,1.039080993871508,-1,0.7758920320573557,0.9689949448310594,0.9689949448310594,False
base__s40__5000K_2.0gcc,40,8.6,inf,1.0353440542636054,-1,0.6386084414532177,0.8461644900606842,0.8461644900606842,False
base__s40__5000K_2.0gcc,40,8.64,inf,1.0309802057774913,-1,0.7678486463009975,0.9181774510773233,0.9181774510773233,False
base__s40__5000K_2.0gcc,40,8.68,inf,1.039503948808758,-1,0.7067755519822423,1.2775660652857874,1.2775660652857874,False
base__s40__5000K_2.0gcc,40,8.72,inf,1.0109126550854923,-1,0.7486618449628258,1.4102048171907253,1.4102048171907253,False
base__s40__5000K_2.0gcc,40,8.76,inf,1.0389884342748958,-1,0.6671973691910562,0.9305941559020783,0.9305941559020783,False
base__s40__5000K_2.0gcc,40,8.8,inf,0.9662515563796,-1,1.0656162879147397,1.2697420045775039,1.165263622640777,False
base__s40__5000K_2.0gcc,40,8.84,inf,1.0396968746293318,-1,0.668634263547299,1.0970410432226478,1.0970410432226478,False
base__s40__5000K_2.0gcc,40,8.88,inf,1.0239970421099855,-1,0.6705186304997947,0.8688302084585316,0.8675711961954622,False
base__s40__5000K_2.0gcc,40,8.92,inf,1.0363201806821096,-1,0.6217651228154659,0.8679534678027585,0.8679534678027585,False
base__s40__5000K_2.0gcc,40,8.96,inf,1.016050432485514,-1,0.7177109315789653,1.1773328196918689,1.1773328196918689,False
base__s40__5000K_2.0gcc,40,9.0,inf,1.0405806851912065,-1,0.6974428795627949,1.2156455388911893,1.2156455388911893,False
base__s40__5000K_2.0gcc,40,9.04,inf,0.972724608552184,-1,1.234561767643801,1.394861539151152,1.234561767643801,False
base__s40__5000K_2.0gcc,40,9.08,inf,1.0382657862811429,-1,0.6776748226366978,1.2725816193302264,1.2725816193302264,False
base__s40__5000K_2.0gcc,40,9.12,inf,1.0629899949392752,-1,0.6473952559371063,0.9532762729494232,0.9532762729494232,False
base__s40__5000K_2.0gcc,40,9.16,inf,1.0243648594948964,-1,0.7158206612425724,1.0975882255352754,1.0975882255352754,False
base__s40__5000K_2.0gcc,40,9.2,inf,1.050110830529806,-1,0.7014327956969243,1.370594810836894,1.370594810836894,False
base__s40__5000K_2.0gcc,40,9.24,inf,1.0289744506823288,-1,0.7765592926884824,1.707695858422619,1.707695858422619,False
base__s40__5000K_2.0gcc,40,9.28,inf,1.0129553076686058,-1,0.6644786412390005,1.1453083854599426,1.1453083854599426,False
base__s40__5000K_2.0gcc,40,9.32,inf,1.038532931861576,-1,0.778088223804675,1.0056074533702226,1.0056074533702226,False
base__s40__5000K_2.0gcc,40,9.36,inf,1.03622948977338,-1,0.6372450359361677,0.9053172839272504,0.9053172839272504,False
base__s40__5000K_2.0gcc,40,9.4,inf,1.0193702331096397,-1,0.6225251253117043,1.1771944209374625,1.1771944209374625,False
base__s40__5000K_2.0gcc,40,9.44,inf,0.9991433541159148,-1,0.7204114564839879,2.060529916788677,2.060529916788677,False
base__s40__5000K_2.0gcc,40,9.48,inf,0.982601468633138,-1,0.9688501860710188,1.147691597863319,1.147691597863319,False
base__s40__5000K_2.0gcc,40,9.52,inf,1.0577206255368194,-1,0.647983333536975,1.1774094328761233,1.1774094328761233,False
base__s40__5000K_2.0gcc,40,9.56,inf,1.031433509476012,-1,0.6334059855519472,1.5572488802106168,1.5572488802106168,False
base__s40__5000K_2.0gcc,40,9.6,inf,0.9971864612343068,-1,0.6780850844584675,1.130446046328585,1.130446046328585,False
base__s40__5000K_2.0gcc,40,9.64,inf,1.0214852622417023,-1,0.6751193689534901,1.0235749090958886,1.0235749090958886,False
base__s40__5000K_2.0gcc,40,9.68,inf,1.0404383390797367,-1,0.6668890082186999,0.8108367837915843,0.8108367837915843,False
base__s40__5000K_2.0gcc,40,9.72,inf,1.053686418898431,-1,0.6421119630825978,1.5810141242041365,1.5810141242041365,False
base__s40__5000K_2.0gcc,40,9.76,inf,1.0316825201630584,-1,0.6827111314634429,1.1903545049368383,1.1903545049368383,False
base__s40__5000K_2.0gcc,40,9.8,inf,1.0189949581293318,-1,0.6533173232659487,0.907171741551091,0.907171741551091,False
base__s40__5000K_2.0gcc,40,9.84,inf,1.0385780542607272,-1,0.6803916103481061,1.4532846493863338,1.4532846493863338,False
base__s40__5000K_2.0gcc,40,9.88,inf,1.037620175269352,-1,0.8183210536297112,0.9966036984154492,0.9966036984154492,False
base__s40__5000K_2.0gcc,40,9.92,inf,1.0539465676688735,-1,0.7114807075427423,1.0904368125990487,1.0904368125990487,False
base__s40__5000K_2.0gcc,40,9.96,inf,1.0137804255256662,-1,0.7483928745517356,0.9235978389048396,0.9235978389048396,False
base__s40__5000K_2.0gcc,40,10.0,inf,1.058125961445045,-1,0.7421730566681815,1.6958104794615434,1.6958104794615434,False
base__s4__5000K_2.0gcc,4,0.0,inf,1.0310702502254634,-1,0.8928044464759279,1.0000000000000064,1.0000000000000064,False
base__s4__5000K_2.0gcc,4,0.04,inf,1.0307783385291909,-1,0.7123830296787315,0.9446653911104888,0.9446653911104888,False
base__s4__5000K_2.0gcc,4,0.08,inf,1.0475138980371574,-1,0.6758106550024473,1.4585045105501215,1.4585045105501215,False
base__s4__5000K_2.0gcc,4,0.12,inf,1.025615639961677,-1,0.6206207733216645,0.7952621106600499,0.7185771353309904,False
base__s4__5000K_2.0gcc,4,0.16,inf,1.0067750216095943,-1,0.7439949140651295,0.7829506883755624,0.7829506883755624,False
base__s4__5000K_2.0gcc,4,0.2,inf,1.0234273491640729,-1,0.9751784650136957,1.02246085255593,1.02246085255593,False
base__s4__5000K_2.0gcc,4,0.24,inf,1.0255562761335923,-1,0.6870590547130326,0.756346845683403,0.756346845683403,False
base__s4__5000K_2.0gcc,4,0.28,inf,1.0094058326089663,-1,0.7258745558462744,0.8010037997483213,0.8010037997483213,False
base__s4__5000K_2.0gcc,4,0.32,inf,1.0302648795144864,-1,0.6404732269748211,0.7982326822685348,0.7982326822685348,False
base__s4__5000K_2.0gcc,4,0.36,inf,1.0266287339739726,-1,0.6517655384064253,1.296340506212865,1.296340506212865,False
base__s4__5000K_2.0gcc,4,0.4,inf,1.0047883863028075,-1,0.779205957286461,0.9865261046254619,0.9865261046254619,False
base__s4__5000K_2.0gcc,4,0.44,inf,1.0085556729605956,-1,0.6917086208899232,0.8441566156710147,0.8441566156710147,False
base__s4__5000K_2.0gcc,4,0.48,inf,1.056525052475804,-1,0.6429895404929719,0.9275631715378836,0.9275631715378836,False
base__s4__5000K_2.0gcc,4,0.52,inf,1.0287472274115737,-1,0.5911199281697341,0.8329550499675953,0.8329550499675953,False
base__s4__5000K_2.0gcc,4,0.56,inf,1.030825401860568,-1,0.6406556049104969,0.7505930035514444,0.7505930035514444,False
base__s4__5000K_2.0gcc,4,0.6,inf,1.0381286492790769,-1,0.6962707786240004,1.0822329612691273,1.0822329612691273,False
base__s4__5000K_2.0gcc,4,0.64,inf,1.013706458112012,-1,0.9102343600469185,2.634121117845088,2.634121117845088,False
base__s4__5000K_2.0gcc,4,0.68,inf,1.0401853137422192,-1,0.8608220852370012,1.1281839360965935,1.1281839360965935,False
base__s4__5000K_2.0gcc,4,0.72,inf,1.0270142325284497,-1,0.7401275176070004,1.8146112793504674,1.8146112793504674,False
base__s4__5000K_2.0gcc,4,0.76,inf,1.0228905000951962,-1,0.7886596126855657,2.2223427461958023,2.2223427461958023,False
base__s4__5000K_2.0gcc,4,0.8,inf,1.046791848678141,-1,0.6746002971221656,1.2060519281947348,1.2060519281947348,False
base__s4__5000K_2.0gcc,4,0.84,inf,1.0129402238908274,-1,0.8355770136393584,2.9030823294434365,2.9030823294434365,False
base__s4__5000K_2.0gcc,4,0.88,inf,1.042535481223062,-1,0.7088003908840838,1.1177361026484838,1.1177361026484838,False
base__s4__5000K_2.0gcc,4,0.92,inf,1.0543983574522486,-1,0.705306182151511,0.9355976436748218,0.9355976436748218,False
base__s4__5000K_2.0gcc,4,0.96,inf,1.035785139987054,-1,0.6917784545492821,0.9547718892360129,0.9547718892360129,False
base__s4__5000K_2.0gcc,4,1.0,inf,1.025580760699517,-1,0.6982049585272091,1.7224539754421753,1.7224539754421753,False
base__s4__5000K_2.0gcc,4,1.04,inf,1.0413102771474978,-1,0.6079492533726595,0.8722443597086615,0.8722443597086615,False
base__s4__5000K_2.0gcc,4,1.08,inf,1.0367023179008523,-1,0.6538769582585757,0.7635418885401988,0.7635418885401988,False
base__s4__5000K_2.0gcc,4,1.12,inf,1.0430484728956757,-1,0.8100945962061774,1.6237941457452219,1.6237941457452219,False
base__s4__5000K_2.0gcc,4,1.16,inf,1.0278906530978873,-1,0.776057388059247,1.6082967432979856,1.6082967432979856,False
base__s4__5000K_2.0gcc,4,1.2,inf,1.0190802801143777,-1,0.6573138675517455,1.1734912100101875,1.1734912100101875,False
base__s4__5000K_2.0gcc,4,1.24,inf,1.0469640725034457,-1,0.8352303039137763,2.1886653401419487,2.1886653401419487,False
base__s4__5000K_2.0gcc,4,1.28,inf,1.0318249091250902,-1,0.6169152540810258,0.7179281932298002,0.7059563909950516,False
base__s4__5000K_2.0gcc,4,1.32,inf,1.028274307851266,-1,0.9199876275924155,1.3769104978678868,1.3769104978678868,False
base__s4__5000K_2.0gcc,4,1.36,inf,0.9966603135471986,-1,0.7014555698230349,1.5894970130580883,1.5894970130580883,False
base__s4__5000K_2.0gcc,4,1.4,inf,1.0508350838385632,-1,0.5922669126392128,0.8834041114608375,0.8834041114608375,False
base__s4__5000K_2.0gcc,4,1.44,inf,1.0520723920833586,-1,0.7234947920452035,1.297236781876895,1.297236781876895,False
base__s4__5000K_2.0gcc,4,1.48,inf,0.9380163627554696,-1,2.4622879242659046,3.6166239686997925,2.5578289036336974,False
base__s4__5000K_2.0gcc,4,1.52,inf,1.0283573593731898,-1,0.6554266317772175,0.8104997780331729,0.8104997780331729,False
base__s4__5000K_2.0gcc,4,1.56,inf,1.0262322124641183,-1,0.7004204207158513,0.9550529997696426,0.9550529997696426,False
base__s4__5000K_2.0gcc,4,1.6,inf,0.9666694397098732,-1,1.2750363712597477,1.353186046654669,1.353186046654669,False
base__s4__5000K_2.0gcc,4,1.64,inf,1.0070394178685365,-1,0.717597691913589,1.0046942063158988,1.0046942063158988,False
base__s4__5000K_2.0gcc,4,1.68,inf,0.9886033528372232,-1,0.8232676533180276,1.7572484812136415,1.7572484812136415,False
base__s4__5000K_2.0gcc,4,1.72,inf,1.0403795951103612,-1,0.6769766737569457,5.86551495378105,5.86551495378105,False
base__s4__5000K_2.0gcc,4,1.76,inf,1.0639312577610451,-1,0.62893805586751,1.328514942336064,1.328514942336064,False
base__s4__5000K_2.0gcc,4,1.8,inf,1.0581148874885942,-1,0.6957958066262205,1.17920135865156,1.17920135865156,False
base__s4__5000K_2.0gcc,4,1.84,inf,1.0169712391311765,-1,0.8501535104798436,2.1619599500465467,2.1619599500465467,False
base__s4__5000K_2.0gcc,4,1.88,inf,0.9729634940834108,-1,0.7095171830497616,0.9960440189713158,0.9960440189713158,False
base__s4__5000K_2.0gcc,4,1.92,inf,1.0291677381816824,-1,0.7590441837206241,2.9344043662390695,2.9344043662390695,False
base__s4__5000K_2.0gcc,4,1.96,inf,1.07715563737512,-1,0.6922406537785698,1.1040007572963402,1.1040007572963402,False
base__s4__5000K_2.0gcc,4,2.0,inf,1.0226939349844608,-1,0.7125986845575313,0.9506259797504676,0.9506259797504676,False
base__s4__5000K_2.0gcc,4,2.04,inf,1.007931126361816,-1,0.8547738477137262,9.02150797001298,9.02150797001298,False
base__s4__5000K_2.0gcc,4,2.08,inf,1.0082503384110515,-1,0.6563348492309844,1.7261414215596904,1.7261414215596904,False
base__s4__5000K_2.0gcc,4,2.12,inf,1.0480321360158764,-1,0.6520712291487725,2.9753196804856854,2.9753196804856854,False
base__s4__5000K_2.0gcc,4,2.16,inf,1.021053297722014,-1,0.770243722773069,12.380441679327177,12.380441679327177,False
base__s4__5000K_2.0gcc,4,2.2,inf,0.9872139615559536,-1,0.831613082424664,1.0476613070012557,1.0476613070012557,False
base__s4__5000K_2.0gcc,4,2.24,inf,1.0376413775081446,-1,0.7027068014668154,2.6132612540865408,2.6132612540865408,False
base__s4__5000K_2.0gcc,4,2.28,inf,1.0591620554631855,-1,0.6959855572426465,1.160141211042245,1.160141211042245,False
base__s4__5000K_2.0gcc,4,2.32,inf,1.0204139883209165,-1,0.6828157891481947,1.353188031808962,1.353188031808962,False
base__s4__5000K_2.0gcc,4,2.36,inf,1.022585910842703,-1,0.8923944457400544,1.8110272282161244,1.8110272282161244,False
base__s4__5000K_2.0gcc,4,2.4,inf,1.025209864789156,-1,0.7018332957352881,1.7971048608576254,1.7971048608576254,False
base__s4__5000K_2.0gcc,4,2.44,inf,1.069291082703396,-1,0.8586472305022583,1.1040813638413502,1.1040813638413502,False
base__s4__5000K_2.0gcc,4,2.48,inf,1.0110370427803324,-1,0.6917589127897934,3.5879572159783057,3.5879572159783057,False
base__s4__5000K_2.0gcc,4,2.52,inf,1.003467417040534,-1,0.780220236150136,2.1119300384080075,2.1119300384080075,False
base__s4__5000K_2.0gcc,4,2.56,inf,1.0001424324644963,-1,0.7599660219802802,2.170322233910109,2.170322233910109,False
base__s4__5000K_2.0gcc,4,2.6,inf,1.0376134807210242,-1,0.7678475676371418,0.882842490150485,0.882842490150485,False
base__s4__5000K_2.0gcc,4,2.64,inf,1.011338429202114,-1,0.7487637241699433,3.117707494068049,3.117707494068049,False
base__s4__5000K_2.0gcc,4,2.68,inf,0.9849364765308471,-1,0.8316337876052554,2.560117643999571,2.560117643999571,False
base__s4__5000K_2.0gcc,4,2.72,inf,1.0361530346372592,-1,0.7576412373798955,1.3118350816436049,1.3118350816436049,False
base__s4__5000K_2.0gcc,4,2.76,inf,1.0402602345889227,-1,0.6729171990892872,0.767860125386872,0.767860125386872,False
base__s4__5000K_2.0gcc,4,2.8000000000000003,inf,1.001110386062896,-1,0.7176416985374936,1.3619001941559463,1.3619001941559463,False
base__s4__5000K_2.0gcc,4,2.84,inf,0.9913700955213458,-1,0.6885456584271051,1.0930342320396267,1.0930342320396267,False
base__s4__5000K_2.0gcc,4,2.88,inf,1.0210311585299434,-1,0.8830974456871269,0.8463049860454779,0.8830974456871269,False
base__s4__5000K_2.0gcc,4,2.92,inf,1.002406023232602,-1,0.7360489859463181,1.259000280412113,1.259000280412113,False
base__s4__5000K_2.0gcc,4,2.96,inf,1.0472213251638822,-1,0.6754432813941877,1.5246664618480614,1.5246664618480614,False
base__s4__5000K_2.0gcc,4,3.0,inf,1.015965167408312,-1,0.684872716841862,1.5990451254787674,1.5990451254787674,False
base__s4__5000K_2.0gcc,4,3.04,inf,1.0264959160410725,-1,0.7034958355743199,1.3652749869567389,1.3652749869567389,False
base__s4__5000K_2.0gcc,4,3.08,inf,1.0317928674952173,-1,0.7535090114262488,1.0874945460242476,1.0874945460242476,False
base__s4__5000K_2.0gcc,4,3.12,inf,1.0414678528932129,-1,0.7274899034649357,1.7147916920409814,1.7147916920409814,False
base__s4__5000K_2.0gcc,4,3.16,inf,1.021348097747286,-1,0.7498242539593921,1.2179672263537644,1.2179672263537644,False
base__s4__5000K_2.0gcc,4,3.2,inf,1.0142501101720425,-1,0.6901998125931541,1.523756668734054,1.523756668734054,False
base__s4__5000K_2.0gcc,4,3.24,inf,1.0653307416314428,-1,0.6803903655628881,1.4071626268746094,1.4071626268746094,False
base__s4__5000K_2.0gcc,4,3.28,inf,1.0576052668798508,-1,0.6782708651353837,0.8312998048763592,0.8312998048763592,False
base__s4__5000K_2.0gcc,4,3.3200000000000003,inf,1.0144270309830083,-1,0.690768284518105,1.0003150328930694,1.0003150328930694,False
base__s4__5000K_2.0gcc,4,3.36,inf,1.0471581316673235,-1,0.6940077601597305,1.201971919063595,1.201971919063595,False
base__s4__5000K_2.0gcc,4,3.4,inf,1.0381428690820933,-1,0.7563093615394962,1.4611729835538223,1.4611729835538223,False
base__s4__5000K_2.0gcc,4,3.44,inf,1.041916484381066,-1,0.7023560728742563,1.0194867466172592,1.0194867466172592,False
base__s4__5000K_2.0gcc,4,3.48,inf,1.0119970668756897,-1,0.7936045443631269,1.087683323228139,1.087683323228139,False
base__s4__5000K_2.0gcc,4,3.52,inf,1.017460197779746,-1,0.7084514167170376,1.2555668411852763,1.2555668411852763,False
base__s4__5000K_2.0gcc,4,3.56,inf,0.9978179454038698,-1,0.7098607548706651,2.2035798462718343,2.2035798462718343,False
base__s4__5000K_2.0gcc,4,3.6,inf,0.9983904043559314,-1,0.6337850580337772,1.0182922555173406,1.0182922555173406,False
base__s4__5000K_2.0gcc,4,3.64,inf,1.0607180536344236,-1,0.6926141715077294,2.279488687588959,2.279488687588959,False
base__s4__5000K_2.0gcc,4,3.68,inf,1.0555325373341178,-1,0.6347297391897685,1.1712143119205691,1.1712143119205691,False
base__s4__5000K_2.0gcc,4,3.72,inf,1.015916261104724,-1,0.6917651308496578,0.7981896108572479,0.7981896108572479,False
base__s4__5000K_2.0gcc,4,3.76,inf,1.0443529192964418,-1,0.6602735486886471,1.6723730211107088,1.6723730211107088,False
base__s4__5000K_2.0gcc,4,3.8,inf,1.0025473011768569,-1,0.7360566819500616,1.023749422797445,1.023749422797445,False
base__s4__5000K_2.0gcc,4,3.84,inf,1.0297201328632943,-1,0.6636703159710631,1.0482526142257347,1.0482526142257347,False
base__s4__5000K_2.0gcc,4,3.88,inf,0.976932039870737,-1,0.887415246694591,1.091492088482166,1.0034669731163717,False
base__s4__5000K_2.0gcc,4,3.92,inf,1.0375431450513273,-1,0.8022281968151852,3.2926113851956864,3.2926113851956864,False
base__s4__5000K_2.0gcc,4,3.96,inf,1.0088594160763926,-1,0.692950007543035,1.3090924229013194,1.3090924229013194,False
base__s4__5000K_2.0gcc,4,4.0,inf,1.0130979573891166,-1,0.6208859845036281,2.369869864746493,2.369869864746493,False
base__s4__5000K_2.0gcc,4,4.04,inf,1.021242695799583,-1,0.6331611132844495,1.5728925811880738,1.5728925811880738,False
base__s4__5000K_2.0gcc,4,4.08,inf,1.027911573162304,-1,0.7215200040871277,1.3929758814667417,1.3929758814667417,False
base__s4__5000K_2.0gcc,4,4.12,inf,1.0253896462525844,-1,0.6562932423518956,1.6313316516300809,1.6313316516300809,False
base__s4__5000K_2.0gcc,4,4.16,inf,0.9829314136042252,-1,1.0180186052837943,1.368377311448859,1.0204605200188923,False
base__s4__5000K_2.0gcc,4,4.2,inf,1.023951692047042,-1,0.6984924006671217,5.876106171372898,5.876106171372898,False
base__s4__5000K_2.0gcc,4,4.24,inf,1.027713810102307,-1,0.9211315152833779,2.647276695181361,2.647276695181361,False
base__s4__5000K_2.0gcc,4,4.28,inf,1.041405524027024,-1,0.7241943382216128,0.9818801359903919,0.9818801359903919,False
base__s4__5000K_2.0gcc,4,4.32,inf,1.0454609368929095,-1,0.6970991940481269,3.176272795412353,3.176272795412353,False
base__s4__5000K_2.0gcc,4,4.36,inf,1.0682006196525065,-1,0.7066774295614849,1.0893725586089507,1.0893725586089507,False
base__s4__5000K_2.0gcc,4,4.4,inf,1.0375535338603017,-1,0.6424504209724247,1.5978647909371415,1.5978647909371415,False
base__s4__5000K_2.0gcc,4,4.44,inf,1.0054570099984386,-1,0.5974947052402168,1.6934105393943615,1.6934105393943615,False
base__s4__5000K_2.0gcc,4,4.48,inf,0.9926602123088244,-1,0.6788313299439055,1.0166694577726918,1.0166694577726918,False
base__s4__5000K_2.0gcc,4,4.5200000000000005,inf,0.9890569020966388,-1,0.7436157195554121,1.0882216896981034,1.0882216896981034,False
base__s4__5000K_2.0gcc,4,4.5600000000000005,inf,0.993422632113845,-1,0.9943349848962677,4.1058703003791654,4.1058703003791654,False
base__s4__5000K_2.0gcc,4,4.6000000000000005,inf,1.0540124658755223,-1,0.7723357705232679,1.7596654011579573,1.7596654011579573,False
base__s4__5000K_2.0gcc,4,4.64,inf,1.02918287953988,-1,0.7595317849283779,1.1305205002338865,1.1305205002338865,False
base__s4__5000K_2.0gcc,4,4.68,inf,1.032860733037131,-1,0.7051784847464626,1.4683474091574968,1.4683474091574968,False
base__s4__5000K_2.0gcc,4,4.72,inf,1.017850257836093,-1,0.8082576911678021,1.056633928519123,1.056633928519123,False
base__s4__5000K_2.0gcc,4,4.76,inf,1.0506516661434466,-1,0.7155267756139804,4.9489705228201455,4.9489705228201455,False
base__s4__5000K_2.0gcc,4,4.8,inf,1.029178224643817,-1,0.8920375754498171,18.364458354490914,18.364458354490914,False
base__s4__5000K_2.0gcc,4,4.84,inf,1.0188533359345693,-1,0.6892255837658233,1.060798576217792,1.060798576217792,False
base__s4__5000K_2.0gcc,4,4.88,inf,1.0358945276841651,-1,0.7888533584480769,1.1988270803537682,1.1988270803537682,False
base__s4__5000K_2.0gcc,4,4.92,inf,1.0349470233514375,-1,0.6783636879019734,2.192551071748246,2.192551071748246,False
base__s4__5000K_2.0gcc,4,4.96,inf,1.052105202027345,-1,0.761293360795858,3.4984374918782963,3.4984374918782963,False
base__s4__5000K_2.0gcc,4,5.0,inf,1.0458562424143194,-1,0.7046117571336977,1.1925625015747863,1.1925625015747863,False
base__s4__5000K_2.0gcc,4,5.04,inf,1.015521295788523,-1,0.7199613058961045,0.9344236190149411,0.9344236190149411,False
base__s4__5000K_2.0gcc,4,5.08,inf,1.0248185930524485,-1,0.7267390918611204,2.3593217362853642,2.3593217362853642,False
base__s4__5000K_2.0gcc,4,5.12,inf,1.0117821260992903,-1,0.7980986099162103,1.2274970662331337,1.2274970662331337,False
base__s4__5000K_2.0gcc,4,5.16,inf,1.00704290387699,-1,0.6690282664761252,5.9781158524826346,5.9781158524826346,False
base__s4__5000K_2.0gcc,4,5.2,inf,0.9848552720339168,-1,0.7370390924887309,7.386174897950104,7.386174897950104,False
base__s4__5000K_2.0gcc,4,5.24,inf,0.9909426527625088,-1,0.8039133069265146,0.9982723996306975,0.9982723996306975,False
base__s4__5000K_2.0gcc,4,5.28,inf,1.0281914293719825,-1,0.6383721052709121,1.1883697178217085,1.1883697178217085,False
base__s4__5000K_2.0gcc,4,5.32,inf,1.0112553043727388,-1,0.660954344665736,0.9629892893091089,0.9629892893091089,False
base__s4__5000K_2.0gcc,4,5.36,inf,1.0277864993032353,-1,0.8056064367188274,1.028092666279194,1.028092666279194,False
base__s4__5000K_2.0gcc,4,5.4,inf,0.9755250280736012,-1,1.0038658213189866,2.171791778469025,2.171791778469025,False
base__s4__5000K_2.0gcc,4,5.44,inf,0.9818999260739356,-1,0.8637586040096792,2.9750963362601675,2.9750963362601675,False
base__s4__5000K_2.0gcc,4,5.48,inf,1.073060701877112,-1,0.6900723465574178,19.655836913279387,19.655836913279387,False
base__s4__5000K_2.0gcc,4,5.5200000000000005,inf,1.0209016209268151,-1,0.7558640521437818,4.5654367373955775,4.5654367373955775,False
base__s4__5000K_2.0gcc,4,5.5600000000000005,inf,1.028085976568594,-1,0.6894432309051529,2.008162537436942,2.008162537436942,False
base__s4__5000K_2.0gcc,4,5.6000000000000005,inf,1.007809508225637,-1,0.6602664823550444,2.7715323692000924,2.7715323692000924,False
base__s4__5000K_2.0gcc,4,5.64,inf,1.0189139867692465,-1,0.6114105871647892,0.8337164768203442,0.8337164768203442,False
base__s4__5000K_2.0gcc,4,5.68,inf,0.9832671867854644,-1,0.6035722619324858,1.1648095500174784,1.1648095500174784,False
base__s4__5000K_2.0gcc,4,5.72,inf,1.0060650858413682,-1,0.7140967042240693,1.7617716900361688,1.7617716900361688,False
base__s4__5000K_2.0gcc,4,5.76,inf,1.0382405551629148,-1,0.7308943316821358,1.3385234990542592,1.3385234990542592,False
base__s4__5000K_2.0gcc,4,5.8,inf,1.0421099082121812,-1,0.7613134618166855,1.42595022961865,1.42595022961865,False
base__s4__5000K_2.0gcc,4,5.84,inf,1.024879508943856,-1,0.7127580004236014,1.5197521195388726,1.5197521195388726,False
base__s4__5000K_2.0gcc,4,5.88,inf,1.061248362207924,-1,0.6155271309598893,1.7370011959666722,1.7370011959666722,False
base__s4__5000K_2.0gcc,4,5.92,inf,0.9858777290455444,-1,0.7651119073484213,1.0087817287601957,1.0087817287601957,False
base__s4__5000K_2.0gcc,4,5.96,inf,1.0320890547050676,-1,0.6972570016185018,1.9407539064672612,1.9407539064672612,False
base__s4__5000K_2.0gcc,4,6.0,inf,1.0216942856011286,-1,0.703784165499106,4.773854363659517,4.773854363659517,False
base__s4__5000K_2.0gcc,4,6.04,inf,1.0159979870792066,-1,0.6152604903947452,1.117287124230111,1.117287124230111,False
base__s4__5000K_2.0gcc,4,6.08,inf,1.0062353119593848,-1,0.7104426622644751,1.3468576429461192,1.3468576429461192,False
base__s4__5000K_2.0gcc,4,6.12,inf,0.9854604916372852,-1,0.8328268595747377,1.1993747734405988,1.1993747734405988,False
base__s4__5000K_2.0gcc,4,6.16,inf,1.0418524486754344,-1,0.658176344471048,0.9999338395170174,0.9999338395170174,False
base__s4__5000K_2.0gcc,4,6.2,inf,1.0432066779440206,-1,0.8037348944284026,1.8277826419057135,1.8277826419057135,False
base__s4__5000K_2.0gcc,4,6.24,inf,1.0523477194506576,-1,0.6037575752738238,1.0796491000930188,1.0796491000930188,False
base__s4__5000K_2.0gcc,4,6.28,inf,1.041305601020661,-1,0.828374616378213,2.1235876664511295,2.1235876664511295,False
base__s4__5000K_2.0gcc,4,6.32,inf,1.0181248312800353,-1,0.7278305410066446,1.8156241106032565,1.8156241106032565,False
base__s4__5000K_2.0gcc,4,6.36,inf,1.012243393472143,-1,0.691957766150922,1.124505311966265,1.124505311966265,False
base__s4__5000K_2.0gcc,4,6.4,inf,1.010353618702878,-1,0.7237582128326223,1.6850496419955996,1.6850496419955996,False
base__s4__5000K_2.0gcc,4,6.44,inf,1.0776370932006751,-1,0.6223382319559965,1.075924813835586,1.075924813835586,False
base__s4__5000K_2.0gcc,4,6.48,inf,1.04109087472468,-1,0.7373185164204001,1.0724270436957093,1.0724270436957093,False
base__s4__5000K_2.0gcc,4,6.5200000000000005,inf,1.034317406817172,-1,0.8050606067183497,3.828233082223347,3.828233082223347,False
base__s4__5000K_2.0gcc,4,6.5600000000000005,inf,1.0024269707514857,-1,0.6538159929859296,0.9818909112285125,0.9818909112285125,False
base__s4__5000K_2.0gcc,4,6.6000000000000005,inf,1.050837152499377,-1,0.7876760144804421,1.0487157928451518,1.0487157928451518,False
base__s4__5000K_2.0gcc,4,6.640000000000001,inf,1.0264337458715975,-1,0.7697747930103117,0.9567174977048098,0.9567174977048098,False
base__s4__5000K_2.0gcc,4,6.68,inf,1.0129553588411484,-1,0.6956398726297193,1.0581054270187045,1.0581054270187045,False
base__s4__5000K_2.0gcc,4,6.72,inf,1.0195415250106294,-1,0.7288549807419752,1.1644699913655436,1.1644699913655436,False
base__s4__5000K_2.0gcc,4,6.76,inf,1.0565510416463555,-1,0.8611781204472884,1.2361256688673958,1.2361256688673958,False
base__s4__5000K_2.0gcc,4,6.8,inf,1.0360556799260356,-1,0.72252727019204,1.0412786362066075,1.0412786362066075,False
base__s4__5000K_2.0gcc,4,6.84,inf,1.0405644699719476,-1,0.7823708348074854,1.4496247884025055,1.4496247884025055,False
base__s4__5000K_2.0gcc,4,6.88,inf,1.003131831329761,-1,0.7477154002985265,2.1937165607002993,2.1937165607002993,False
base__s4__5000K_2.0gcc,4,6.92,inf,1.0084482904958492,-1,0.7667434638886952,1.3022601222645092,1.3022601222645092,False
base__s4__5000K_2.0gcc,4,6.96,inf,0.9902083672505496,-1,0.7614088415257443,2.3232553512325156,2.3232553512325156,False
base__s4__5000K_2.0gcc,4,7.0,inf,1.0419303481077795,-1,0.7873085861852245,0.9041499461377379,0.9041499461377379,False
base__s4__5000K_2.0gcc,4,7.04,inf,1.0233798295970071,-1,0.7010141643085588,1.0652596489251038,1.0652596489251038,False
base__s4__5000K_2.0gcc,4,7.08,inf,1.024807247109914,-1,0.7007740160961475,1.000273138474774,1.000273138474774,False
base__s4__5000K_2.0gcc,4,7.12,inf,1.057964446669641,-1,0.7747517182759175,1.9385934539405878,1.9385934539405878,False
base__s4__5000K_2.0gcc,4,7.16,inf,1.0344000970712444,-1,0.6720201774616659,1.6096573433055918,1.6096573433055918,False
base__s4__5000K_2.0gcc,4,7.2,inf,1.040788145066036,-1,0.7281253928922172,4.6179219515745356,4.6179219515745356,False
base__s4__5000K_2.0gcc,4,7.24,inf,1.0368902269353302,-1,0.7035769883439789,3.2330260322718396,3.2330260322718396,False
base__s4__5000K_2.0gcc,4,7.28,inf,1.0380039037585551,-1,0.6854202420191646,2.129821923985014,2.129821923985014,False
base__s4__5000K_2.0gcc,4,7.32,inf,1.0355388765792422,-1,0.745300633905144,1.2942120397437389,1.2942120397437389,False
base__s4__5000K_2.0gcc,4,7.36,inf,1.0139127349358033,-1,0.6907014835581988,0.9316509378189239,0.9316509378189239,False
base__s4__5000K_2.0gcc,4,7.4,inf,1.0553241805251123,-1,0.6356684667778342,1.0440620886691967,1.0440620886691967,False
base__s4__5000K_2.0gcc,4,7.44,inf,1.0066025408178745,-1,0.6562457966254409,1.3731350183472557,1.3731350183472557,False
base__s4__5000K_2.0gcc,4,7.48,inf,1.033905759884816,-1,0.8102988836062888,3.1653024231216635,3.1653024231216635,False
base__s4__5000K_2.0gcc,4,7.52,inf,1.0405270501688075,-1,0.647995884483331,1.1091564511078404,1.1091564511078404,False
base__s4__5000K_2.0gcc,4,7.56,inf,1.0396915998746945,-1,0.7162897760966729,1.2438117327207974,1.2438117327207974,False
base__s4__5000K_2.0gcc,4,7.6,inf,1.0097685638630265,-1,0.6370260021756619,0.9801656744516108,0.9801656744516108,False
base__s4__5000K_2.0gcc,4,7.640000000000001,inf,1.056403798516457,-1,0.8189422742721135,2.0136656854961603,2.0136656854961603,False
base__s4__5000K_2.0gcc,4,7.68,inf,1.0007038740451644,-1,0.8071802311080516,1.2618199470862375,1.2618199470862375,False
base__s4__5000K_2.0gcc,4,7.72,inf,1.0454988075617306,-1,0.734170972206562,4.003591595286771,4.003591595286771,False
base__s4__5000K_2.0gcc,4,7.76,inf,1.042628018710892,-1,0.688967803246129,2.6484243554151563,2.6484243554151563,False
base__s4__5000K_2.0gcc,4,7.8,inf,1.0365321030735135,-1,0.8283950021079864,1.3677888968132925,1.3677888968132925,False
base__s4__5000K_2.0gcc,4,7.84,inf,1.0423846702235218,-1,0.6714220313960703,0.9297258482058357,0.9297258482058357,False
base__s4__5000K_2.0gcc,4,7.88,inf,1.05949616865093,-1,0.7278281028977687,1.0337768050411953,1.0337768050411953,False
base__s4__5000K_2.0gcc,4,7.92,inf,1.0601898037214843,-1,0.6940586496022434,1.5955980842661543,1.5955980842661543,False
base__s4__5000K_2.0gcc,4,7.96,inf,1.0554605638606305,-1,0.6862618506637084,1.4595941310774585,1.4595941310774585,False
base__s4__5000K_2.0gcc,4,8.0,inf,1.0184491163691,-1,0.6776404009618593,1.0819315210828417,1.0819315210828417,False
base__s4__5000K_2.0gcc,4,8.040000000000001,inf,1.0284594656932275,-1,0.7502500741223235,2.0457879151399605,2.0457879151399605,False
base__s4__5000K_2.0gcc,4,8.08,inf,1.0601034368489712,-1,0.7375102555225979,2.2110853504479864,2.2110853504479864,False
base__s4__5000K_2.0gcc,4,8.120000000000001,inf,1.065253070790692,-1,0.6570082724192188,1.025676005843906,1.025676005843906,False
base__s4__5000K_2.0gcc,4,8.16,inf,1.0231227795528737,-1,0.6941904510298234,1.7555080808591896,1.7555080808591896,False
base__s4__5000K_2.0gcc,4,8.2,inf,1.020579508041877,-1,0.638171391075278,1.205902858975627,1.205902858975627,False
base__s4__5000K_2.0gcc,4,8.24,inf,1.0370608494398963,-1,0.6872330724073602,0.941000861592542,0.941000861592542,False
base__s4__5000K_2.0gcc,4,8.28,inf,1.048132504425371,-1,0.681359342193601,4.544664681486547,4.544664681486547,False
base__s4__5000K_2.0gcc,4,8.32,inf,1.0007619950123008,-1,1.0467567876235233,1.2593411894086053,1.0467567876235233,False
base__s4__5000K_2.0gcc,4,8.36,inf,1.0121909965382032,-1,0.6837202296850986,0.9769860573995934,0.9769860573995934,False
base__s4__5000K_2.0gcc,4,8.4,inf,1.0301981962054678,-1,0.732745501673824,1.0572698736197097,1.0572698736197097,False
base__s4__5000K_2.0gcc,4,8.44,inf,1.002537502188322,-1,0.6931279558723163,1.5580897192933096,1.5580897192933096,False
base__s4__5000K_2.0gcc,4,8.48,inf,1.0320171444661177,-1,0.711502474017729,1.375988937376715,1.375988937376715,False
base__s4__5000K_2.0gcc,4,8.52,inf,1.0446862170881746,-1,0.710017877960831,1.2541668925222025,1.2541668925222025,False
base__s4__5000K_2.0gcc,4,8.56,inf,1.062471703089546,-1,0.7405161877444526,3.20526358502513,3.20526358502513,False
base__s4__5000K_2.0gcc,4,8.6,inf,1.024465808453361,-1,0.7318777132320677,1.72863985000556,1.72863985000556,False
base__s4__5000K_2.0gcc,4,8.64,inf,1.0475262009391468,-1,0.6867079357218104,3.3210311466907654,3.3210311466907654,False
base__s4__5000K_2.0gcc,4,8.68,inf,1.0506905944491938,-1,0.6522382183575546,1.1083142087175295,1.1083142087175295,False
base__s4__5000K_2.0gcc,4,8.72,inf,1.0454313863783695,-1,0.6371206237649144,1.5494320263626857,1.5494320263626857,False
base__s4__5000K_2.0gcc,4,8.76,inf,1.0087201820485208,-1,0.7379771146649445,1.0883319670305176,1.0883319670305176,False
base__s4__5000K_2.0gcc,4,8.8,inf,1.0062163526121004,-1,0.6196997954537085,0.9429660242934966,0.9429660242934966,False
base__s4__5000K_2.0gcc,4,8.84,inf,1.0089422792736962,-1,0.6802699492179942,1.1693600710634726,1.1693600710634726,False
base__s4__5000K_2.0gcc,4,8.88,inf,1.060815763219042,-1,0.6621209964950947,1.1105072671629004,1.1105072671629004,False
base__s4__5000K_2.0gcc,4,8.92,inf,1.0013939026462062,-1,0.8042114140740093,1.0563857344741392,0.9089309270065355,False
base__s4__5000K_2.0gcc,4,8.96,inf,1.028090439774148,-1,0.6612557794144983,0.9529911523792165,0.9529911523792165,False
base__s4__5000K_2.0gcc,4,9.0,inf,1.038840485488027,-1,0.7134397108754378,0.8336741292885627,0.8336741292885627,False
base__s4__5000K_2.0gcc,4,9.04,inf,1.004529502725032,-1,0.8859964248688662,1.6453858870512406,1.6453858870512406,False
base__s4__5000K_2.0gcc,4,9.08,inf,1.0459094319916054,-1,0.675239707402302,0.9587683410270073,0.9587683410270073,False
base__s4__5000K_2.0gcc,4,9.12,inf,1.0429808327006782,-1,0.7239702952208994,1.1063868284052938,1.1063868284052938,False
base__s4__5000K_2.0gcc,4,9.16,inf,1.0300768849314113,-1,0.6960469546542273,1.118929132569396,1.118929132569396,False
base__s4__5000K_2.0gcc,4,9.2,inf,1.009092986772279,-1,0.677270251760074,0.9381506536924503,0.9381506536924503,False
base__s4__5000K_2.0gcc,4,9.24,inf,1.0520510457934065,-1,0.6515019448503157,1.0313970181646066,1.0313970181646066,False
base__s4__5000K_2.0gcc,4,9.28,inf,1.0543704931972442,-1,0.8107241746194964,2.804163281079206,2.804163281079206,False
base__s4__5000K_2.0gcc,4,9.32,inf,1.0418225552583311,-1,0.7806968290886476,1.0802923577927925,1.0802923577927925,False
base__s4__5000K_2.0gcc,4,9.36,inf,1.0172374673133115,-1,0.6448614662741832,1.1286216287350883,1.1286216287350883,False
base__s4__5000K_2.0gcc,4,9.4,inf,1.0112203277911298,-1,0.7438627468877239,1.3740464656540863,1.3740464656540863,False
base__s4__5000K_2.0gcc,4,9.44,inf,0.9920096135511992,-1,1.1476530805150158,1.2648304838616322,1.2648304838616322,False
base__s4__5000K_2.0gcc,4,9.48,inf,1.0283437932077972,-1,0.759289960756808,2.2673006557032216,2.2673006557032216,False
base__s4__5000K_2.0gcc,4,9.52,inf,0.9913096594510716,-1,0.742271707314117,1.3384223934480535,1.3384223934480535,False
base__s4__5000K_2.0gcc,4,9.56,inf,1.0059667484037431,-1,0.719746269562491,1.487756377159387,1.487756377159387,False
base__s4__5000K_2.0gcc,4,9.6,inf,1.052597579706983,-1,0.740777692184452,1.1174476937296363,1.1174476937296363,False
base__s4__5000K_2.0gcc,4,9.64,inf,1.002764480676295,-1,0.7577390745197974,1.590248637034731,1.590248637034731,False
base__s4__5000K_2.0gcc,4,9.68,inf,1.0197740271653324,-1,0.7444687875502733,4.651258138896367,4.651258138896367,False
base__s4__5000K_2.0gcc,4,9.72,inf,1.0148190221881928,-1,0.6250453342148493,1.4465898042612015,1.4465898042612015,False
base__s4__5000K_2.0gcc,4,9.76,inf,1.0160022721500184,-1,0.758258861522348,1.0310102465292825,1.0310102465292825,False
base__s4__5000K_2.0gcc,4,9.8,inf,1.0295311408665595,-1,0.5970364848135954,1.7083486924613087,1.7083486924613087,False
base__s4__5000K_2.0gcc,4,9.84,inf,1.0398208010061154,-1,0.7713265868639241,1.2995685569462747,1.2995685569462747,False
base__s4__5000K_2.0gcc,4,9.88,inf,1.0209375519325363,-1,0.7919231538107235,1.1392287513940604,1.1392287513940604,False
base__s4__5000K_2.0gcc,4,9.92,inf,1.033543618908752,-1,0.6901642336464611,4.4810862927557,4.4810862927557,False
base__s4__5000K_2.0gcc,4,9.96,inf,1.0357765202812816,-1,0.6443252408546467,1.5900784061029187,1.5900784061029187,False
base__s4__5000K_2.0gcc,4,10.0,inf,1.0267199371444968,-1,0.6904182964270771,1.7093359378853066,1.7093359378853066,False
base__s5__5000K_2.0gcc,5,0.0,inf,1.0310702502254634,-1,0.8928044464759279,1.0000000000000064,1.0000000000000064,False
base__s5__5000K_2.0gcc,5,0.04,inf,1.024395933454443,-1,0.6976138464376674,0.8278364292690107,0.8278364292690107,False
base__s5__5000K_2.0gcc,5,0.08,inf,1.0378803757148507,-1,0.6119510968708861,0.8289159512091683,0.8289159512091683,False
base__s5__5000K_2.0gcc,5,0.12,inf,1.0527114919544671,-1,0.6408227026310765,0.9268375210514849,0.9268375210514849,False
base__s5__5000K_2.0gcc,5,0.16,inf,1.033585674810753,-1,0.6454974461481451,1.457362849607764,1.457362849607764,False
base__s5__5000K_2.0gcc,5,0.2,inf,1.020408769412043,-1,0.685957350772411,0.9736050943939976,0.9736050943939976,False
base__s5__5000K_2.0gcc,5,0.24,inf,1.0300896561066897,-1,0.6594830826244215,1.1919875992050917,1.1919875992050917,False
base__s5__5000K_2.0gcc,5,0.28,inf,1.0471588149793707,-1,0.6797038306763075,0.8698503816100771,0.8698503816100771,False
base__s5__5000K_2.0gcc,5,0.32,inf,0.9955920648905354,-1,0.7450733175345773,1.4298586597098528,1.4298586597098528,False
base__s5__5000K_2.0gcc,5,0.36,inf,1.0245589605215504,-1,0.7038171746134971,1.2148802709613458,1.2148802709613458,False
base__s5__5000K_2.0gcc,5,0.4,inf,1.004842262019766,-1,0.7980809125371996,0.8085890076569063,0.8085890076569063,False
base__s5__5000K_2.0gcc,5,0.44,inf,1.0270721205708977,-1,0.6719041507412629,0.8808679462180674,0.8808679462180674,False
base__s5__5000K_2.0gcc,5,0.48,inf,1.0170781352064344,-1,0.7058050913489011,0.9101631511865758,0.9101631511865758,False
base__s5__5000K_2.0gcc,5,0.52,inf,1.0346574123549304,-1,0.7991296781024543,0.8107995091353214,0.8107995091353214,False
base__s5__5000K_2.0gcc,5,0.56,inf,1.0287001451773978,-1,0.7224639108079371,1.0825042803976972,1.0825042803976972,False
base__s5__5000K_2.0gcc,5,0.6,inf,0.971510480680471,-1,0.9018792158226783,1.0595611831874068,0.9176822693397744,False
base__s5__5000K_2.0gcc,5,0.64,inf,1.00237357427957,-1,0.7426884697571466,1.1341831814387968,1.1341831814387968,False
base__s5__5000K_2.0gcc,5,0.68,inf,1.0467107429872884,-1,0.6356740054856773,1.1035692402136372,1.1035692402136372,False
base__s5__5000K_2.0gcc,5,0.72,inf,0.999079957726107,-1,0.733222570947843,1.6281245621796068,1.6281245621796068,False
base__s5__5000K_2.0gcc,5,0.76,inf,1.0418126647080088,-1,0.7911845607835726,1.7937808196218312,1.7937808196218312,False
base__s5__5000K_2.0gcc,5,0.8,inf,1.05318789781596,-1,0.76117788069878,1.2765404052349818,1.2765404052349818,False
base__s5__5000K_2.0gcc,5,0.84,inf,1.0471673067370852,-1,0.7651903905688167,0.7549158006091077,0.7651903905688167,False
base__s5__5000K_2.0gcc,5,0.88,inf,1.0206650708974023,-1,0.684402602680603,0.8273418619124102,0.8273418619124102,False
base__s5__5000K_2.0gcc,5,0.92,inf,1.016945862278322,-1,0.6980963634393137,0.9064076757454332,0.9064076757454332,False
base__s5__5000K_2.0gcc,5,0.96,inf,1.0367566907592152,-1,0.6531120749682419,1.2536252117725046,1.2536252117725046,False
base__s5__5000K_2.0gcc,5,1.0,inf,1.0538268162606237,-1,0.6010452643547233,0.7838924083570324,0.7838924083570324,False
base__s5__5000K_2.0gcc,5,1.04,inf,0.9997643589586496,-1,0.7763848967347499,0.8186734206869406,0.8186734206869406,False
base__s5__5000K_2.0gcc,5,1.08,inf,0.9968686062932264,-1,0.7092335576560446,0.9710443588329365,0.9710443588329365,False
base__s5__5000K_2.0gcc,5,1.12,inf,1.038560666394602,-1,1.0051582707032447,1.718192132700984,1.718192132700984,False
base__s5__5000K_2.0gcc,5,1.16,inf,1.0435993296188917,-1,0.6277394270493073,0.8727795252740929,0.8727795252740929,False
base__s5__5000K_2.0gcc,5,1.2,inf,1.0282838320118624,-1,0.6600198984911384,0.8078581341254699,0.8078581341254699,False
base__s5__5000K_2.0gcc,5,1.24,inf,1.0595712897795024,-1,0.616383513997908,0.9635644168735557,0.9635644168735557,False
base__s5__5000K_2.0gcc,5,1.28,inf,1.046497627132522,-1,0.7440407110541158,0.8652109758110139,0.8652109758110139,False
base__s5__5000K_2.0gcc,5,1.32,inf,1.067704263174499,-1,0.6780364913092596,0.9591958311951541,0.9591958311951541,False
base__s5__5000K_2.0gcc,5,1.36,inf,1.0191792534000093,-1,0.6971771977917423,0.9594715950461918,0.9594715950461918,False
base__s5__5000K_2.0gcc,5,1.4,inf,1.0241854121407907,-1,0.7662659408187462,1.1189903995447816,1.1189903995447816,False
base__s5__5000K_2.0gcc,5,1.44,inf,0.986096979702808,-1,0.7078114540184335,0.7447064127905706,0.7530799168344584,False
base__s5__5000K_2.0gcc,5,1.48,inf,1.0098669919563663,-1,0.6602253440240438,1.0903159141210224,1.0903159141210224,False
base__s5__5000K_2.0gcc,5,1.52,inf,1.031704401197843,-1,0.7918309997173776,0.8436970217930396,0.8436970217930396,False
base__s5__5000K_2.0gcc,5,1.56,inf,1.051698909574884,-1,0.7116874969610103,1.3313157643931235,1.3313157643931235,False
base__s5__5000K_2.0gcc,5,1.6,inf,1.0046033482111232,-1,0.700407800158314,0.8202689873958381,0.8202689873958381,False
base__s5__5000K_2.0gcc,5,1.64,inf,1.0225859421334718,-1,0.6371401960266933,0.8761376087380285,0.7831379759856425,False
base__s5__5000K_2.0gcc,5,1.68,inf,0.9745563194079664,-1,1.2015776745780105,1.5512670154106132,1.2619380383139123,False
base__s5__5000K_2.0gcc,5,1.72,inf,1.0140506340622248,-1,0.8111858796347718,1.1046006935615416,1.1046006935615416,False
base__s5__5000K_2.0gcc,5,1.76,inf,1.0374154003160927,-1,0.7168518531834838,2.679921251812557,2.679921251812557,False
base__s5__5000K_2.0gcc,5,1.8,inf,1.030491951453285,-1,0.686437077986881,0.7632652705098215,0.7632652705098215,False
base__s5__5000K_2.0gcc,5,1.84,inf,0.9969527068276614,-1,0.7599144856861768,0.7815456394930289,0.7599144856861768,False
base__s5__5000K_2.0gcc,5,1.88,inf,1.0100130082612797,-1,0.6864551483282624,1.1793304518596703,1.1793304518596703,False
base__s5__5000K_2.0gcc,5,1.92,inf,0.9742120591267588,-1,0.8732314720890164,1.0489527804379777,0.8923377422653596,False
base__s5__5000K_2.0gcc,5,1.96,inf,0.9534354029072972,-1,1.2607985019455312,1.554511742258735,1.2607985019455312,False
base__s5__5000K_2.0gcc,5,2.0,inf,1.0413866647168095,-1,0.7062568231659642,0.7639454990598733,0.7639454990598733,False
base__s5__5000K_2.0gcc,5,2.04,inf,1.031507359501618,-1,0.7604401882817238,0.736214210632087,0.7528680232737097,False
base__s5__5000K_2.0gcc,5,2.08,inf,1.0361701370233554,-1,0.7355317014914661,0.7962538544015464,0.7962538544015464,False
base__s5__5000K_2.0gcc,5,2.12,inf,1.0324141985758424,-1,0.736414719742514,1.2550374526954386,1.2550374526954386,False
base__s5__5000K_2.0gcc,5,2.16,inf,1.0467194567839089,-1,0.7814870944201068,1.1567823422892578,1.1567823422892578,False
base__s5__5000K_2.0gcc,5,2.2,inf,0.9772503825652872,-1,0.830583542341779,1.0485252839901444,0.9367051839159022,False
base__s5__5000K_2.0gcc,5,2.24,inf,1.0280618051041486,-1,0.647643322340049,0.7430479732823914,0.7189441399254817,False
base__s5__5000K_2.0gcc,5,2.28,inf,1.041704150214445,-1,0.6865457875888161,0.8603679789144809,0.8603679789144809,False
base__s5__5000K_2.0gcc,5,2.32,inf,1.020207115638781,-1,0.6669439293458342,0.9320118783380394,0.9320118783380394,False
base__s5__5000K_2.0gcc,5,2.36,inf,1.031859734778909,-1,0.7308744415093944,1.2451317588287936,1.2451317588287936,False
base__s5__5000K_2.0gcc,5,2.4,inf,1.0403220343662818,-1,0.7447327579742916,0.8065315809725695,0.8065315809725695,False
base__s5__5000K_2.0gcc,5,2.44,inf,1.019003646604859,-1,0.6635978964662806,1.2230962859780958,1.2230962859780958,False
base__s5__5000K_2.0gcc,5,2.48,inf,1.0287574699617017,-1,0.7545071262755288,1.5373788078528996,1.5373788078528996,False
base__s5__5000K_2.0gcc,5,2.52,inf,1.0612490868994895,-1,0.7011313495124929,1.3317850157004634,1.3317850157004634,False
base__s5__5000K_2.0gcc,5,2.56,inf,1.018259835343612,-1,0.7219227843996677,2.0304037006698517,2.0304037006698517,False
base__s5__5000K_2.0gcc,5,2.6,inf,1.0271151917798704,-1,0.6389731472118709,0.9949184930097825,0.9949184930097825,False
base__s5__5000K_2.0gcc,5,2.64,inf,1.015441997109633,-1,0.6538927767476416,0.8494395321368087,0.8494395321368087,False
base__s5__5000K_2.0gcc,5,2.68,inf,0.9964309273331494,-1,0.7381743463611306,1.0713550825968923,1.0713550825968923,False
base__s5__5000K_2.0gcc,5,2.72,inf,1.0322569708599694,-1,0.8423340649526627,1.2402022280513119,1.2402022280513119,False
base__s5__5000K_2.0gcc,5,2.76,inf,1.0304224471793113,-1,0.6177650574302558,0.9114455951789138,0.7744118757919453,False
base__s5__5000K_2.0gcc,5,2.8000000000000003,inf,1.0207930485524486,-1,0.6928667011818963,1.3628849504439355,1.3628849504439355,False
base__s5__5000K_2.0gcc,5,2.84,inf,1.041512708094337,-1,0.6684477102998543,0.9951259060119899,0.9951259060119899,False
base__s5__5000K_2.0gcc,5,2.88,inf,0.972429781585281,-1,0.9287661230476424,1.1974285853282243,1.1974285853282243,False
base__s5__5000K_2.0gcc,5,2.92,inf,1.0264303565702837,-1,0.7401431948040954,2.7627040441294475,2.7627040441294475,False
base__s5__5000K_2.0gcc,5,2.96,inf,1.0205014181058252,-1,0.6733267227149164,1.2855336129620092,1.2855336129620092,False
base__s5__5000K_2.0gcc,5,3.0,inf,1.0283457495147243,-1,0.6906930245421042,1.3624016008607223,1.3624016008607223,False
base__s5__5000K_2.0gcc,5,3.04,inf,1.0380177190115782,-1,0.6789771971423677,1.3366671327794823,1.3366671327794823,False
base__s5__5000K_2.0gcc,5,3.08,inf,1.0375350557402871,-1,0.6998678040497721,1.1235275045440343,1.1235275045440343,False
base__s5__5000K_2.0gcc,5,3.12,inf,0.9917496608650798,-1,0.8132140808846623,1.2292359439215386,1.2292359439215386,False
base__s5__5000K_2.0gcc,5,3.16,inf,1.025231142598585,-1,0.6178238263739433,1.3181840060678052,1.3181840060678052,False
base__s5__5000K_2.0gcc,5,3.2,inf,1.0194437287481837,-1,0.7063304745233425,1.382253735198985,1.382253735198985,False
base__s5__5000K_2.0gcc,5,3.24,inf,1.0380815578431206,-1,0.7249323485272271,1.9132974772242677,1.9132974772242677,False
base__s5__5000K_2.0gcc,5,3.28,inf,1.0322548063903596,-1,0.831124792719477,1.2942168231236468,1.2942168231236468,False
base__s5__5000K_2.0gcc,5,3.3200000000000003,inf,1.0487760615202844,-1,0.8220321746179577,1.553383899110356,1.553383899110356,False
base__s5__5000K_2.0gcc,5,3.36,inf,1.0187220384565163,-1,0.7681742504645366,1.1377736340362692,1.1377736340362692,False
base__s5__5000K_2.0gcc,5,3.4,inf,0.9626824900942154,-1,0.8647777526570912,1.503849961377037,1.503849961377037,False
base__s5__5000K_2.0gcc,5,3.44,inf,1.0017364445107306,-1,0.6451775352584299,1.5034070641085342,1.5034070641085342,False
base__s5__5000K_2.0gcc,5,3.48,inf,1.0050660395327278,-1,0.7672601564036361,1.2872378807307765,1.2872378807307765,False
base__s5__5000K_2.0gcc,5,3.52,inf,1.0462747735337024,-1,0.6702591780802816,0.9988553416972822,0.9988553416972822,False
base__s5__5000K_2.0gcc,5,3.56,inf,1.037322855723328,-1,0.6657904770749161,2.943818405563155,2.943818405563155,False
base__s5__5000K_2.0gcc,5,3.6,inf,1.0423317551082287,-1,0.7376061065662609,1.1562873337342048,1.1562873337342048,False
base__s5__5000K_2.0gcc,5,3.64,inf,1.0436469477989194,-1,0.7852936425020174,1.3173735801425477,1.3173735801425477,False
base__s5__5000K_2.0gcc,5,3.68,inf,1.007498511024706,-1,0.7413109228718427,1.494947731589305,1.494947731589305,False
base__s5__5000K_2.0gcc,5,3.72,inf,1.0273721843387624,-1,0.7534934007708499,0.8528611168879963,0.8528611168879963,False
base__s5__5000K_2.0gcc,5,3.76,inf,1.033743191113731,-1,0.6208270413276324,0.8382276826281126,0.8382276826281126,False
base__s5__5000K_2.0gcc,5,3.8,inf,1.0256779275844827,-1,0.6791672470201332,1.3761149935790293,1.3761149935790293,False
base__s5__5000K_2.0gcc,5,3.84,inf,1.0478992597864552,-1,0.7000445022162435,0.8883978569559001,0.8883978569559001,False
base__s5__5000K_2.0gcc,5,3.88,inf,1.00464242116138,-1,0.6903324071787605,2.8493691900341185,2.8493691900341185,False
base__s5__5000K_2.0gcc,5,3.92,inf,1.0388265434566055,-1,0.6493199575852371,1.172210872491958,1.172210872491958,False
base__s5__5000K_2.0gcc,5,3.96,inf,1.007295507618792,-1,1.0722794460394014,1.5422906822156413,1.5422906822156413,False
base__s5__5000K_2.0gcc,5,4.0,inf,1.0063375487628392,-1,0.7838727320524207,0.9057614017924174,0.8300691932244302,False
base__s5__5000K_2.0gcc,5,4.04,inf,1.0139415895735813,-1,0.7450568633646595,0.9368514829617405,0.9368514829617405,False
base__s5__5000K_2.0gcc,5,4.08,inf,1.0589324401306246,-1,0.6845340524246606,0.815556109768566,0.815556109768566,False
base__s5__5000K_2.0gcc,5,4.12,inf,1.0196226116612948,-1,0.675201016496203,1.3288722611099428,1.3288722611099428,False
base__s5__5000K_2.0gcc,5,4.16,inf,1.0305093435219306,-1,0.7569251475928148,1.01090547178507,1.01090547178507,False
base__s5__5000K_2.0gcc,5,4.2,inf,1.0206209952499508,-1,0.7991656632798849,1.9225199140015885,1.9225199140015885,False
base__s5__5000K_2.0gcc,5,4.24,inf,1.0456928133472083,-1,0.7977190045353055,0.9909045123963924,0.9909045123963924,False
base__s5__5000K_2.0gcc,5,4.28,inf,1.037394001454125,-1,0.7232599764068335,2.7707863134668616,2.7707863134668616,False
base__s5__5000K_2.0gcc,5,4.32,inf,1.0597201208951352,-1,0.6336092471571375,0.9572895087586982,0.9572895087586982,False
base__s5__5000K_2.0gcc,5,4.36,inf,1.0357772836280976,-1,0.7007779571000865,1.1676838494859993,1.1676838494859993,False
base__s5__5000K_2.0gcc,5,4.4,inf,1.0202430260295834,-1,0.699155338631374,1.0522766891392425,1.0522766891392425,False
base__s5__5000K_2.0gcc,5,4.44,inf,1.034895973509415,-1,0.7530312598318392,1.4319405520778006,1.4319405520778006,False
base__s5__5000K_2.0gcc,5,4.48,inf,1.020132650692546,-1,0.6292781238526624,4.4936730466101436,4.4936730466101436,False
base__s5__5000K_2.0gcc,5,4.5200000000000005,inf,1.062315570595668,-1,0.6144304071748502,2.1546775037237147,2.1546775037237147,False
base__s5__5000K_2.0gcc,5,4.5600000000000005,inf,1.027282606329437,-1,0.6389916074780173,0.8829419195929502,0.8829419195929502,False
base__s5__5000K_2.0gcc,5,4.6000000000000005,inf,0.9958919767394456,-1,0.8977809569601785,0.9669636531296841,0.8977809569601785,False
base__s5__5000K_2.0gcc,5,4.64,inf,1.03834037915801,-1,0.6981299268855962,0.7848183966298163,0.7848183966298163,False
base__s5__5000K_2.0gcc,5,4.68,inf,1.079359904138096,-1,0.6814153786596634,0.9837566836494798,0.9837566836494798,False
base__s5__5000K_2.0gcc,5,4.72,inf,1.0048093494957135,-1,0.6110377260919762,1.0155970224342379,1.0155970224342379,False
base__s5__5000K_2.0gcc,5,4.76,inf,1.028043809682739,-1,0.6593856258019593,1.4862556547359436,1.4862556547359436,False
base__s5__5000K_2.0gcc,5,4.8,inf,1.00499643746682,-1,0.8457016928721524,0.9635802063423332,0.9635802063423332,False
base__s5__5000K_2.0gcc,5,4.84,inf,1.0333045779347922,-1,0.6265299464004581,1.3928700289284517,1.3928700289284517,False
base__s5__5000K_2.0gcc,5,4.88,inf,0.9972153225607796,-1,0.8593449222509527,1.4237999028692123,1.4237999028692123,False
base__s5__5000K_2.0gcc,5,4.92,inf,1.003147518237472,-1,0.6800540821665324,1.0658334206675801,1.0658334206675801,False
base__s5__5000K_2.0gcc,5,4.96,inf,1.0509808530001867,-1,0.7260711540088568,2.6067942671347755,2.6067942671347755,False
base__s5__5000K_2.0gcc,5,5.0,inf,1.0220793956444871,-1,0.6824670983181191,1.2208515192612175,1.2208515192612175,False
base__s5__5000K_2.0gcc,5,5.04,inf,1.058096695947965,-1,0.6828363459248376,1.74259337488079,1.74259337488079,False
base__s5__5000K_2.0gcc,5,5.08,inf,1.0206091918153597,-1,0.6890630370982742,2.70255231631424,2.70255231631424,False
base__s5__5000K_2.0gcc,5,5.12,inf,1.0228124995198296,-1,0.6198014227872501,4.684239104218614,4.684239104218614,False
base__s5__5000K_2.0gcc,5,5.16,inf,1.0585980970349418,-1,0.6871111202903444,2.3827448690054034,2.3827448690054034,False
base__s5__5000K_2.0gcc,5,5.2,inf,1.0118158442186995,-1,0.742919427686297,0.9485445002119061,0.9485445002119061,False
base__s5__5000K_2.0gcc,5,5.24,inf,1.0150398038091903,-1,0.7706375062214246,2.9687627507096592,2.9687627507096592,False
base__s5__5000K_2.0gcc,5,5.28,inf,1.0282202008704169,-1,0.6920711032526472,1.165703816368117,1.165703816368117,False
base__s5__5000K_2.0gcc,5,5.32,inf,1.0443258957456718,-1,0.7924521717696539,1.5434492872402494,1.5434492872402494,False
base__s5__5000K_2.0gcc,5,5.36,inf,1.0334559892883683,-1,0.6560876699656342,1.1124312077512322,1.1124312077512322,False
base__s5__5000K_2.0gcc,5,5.4,inf,1.047838355191296,-1,0.7131541754411824,0.9225028662288912,0.901270196071537,False
base__s5__5000K_2.0gcc,5,5.44,inf,1.020809349050547,-1,0.6961651344103692,2.2966572014759317,2.2966572014759317,False
base__s5__5000K_2.0gcc,5,5.48,inf,1.010511410600098,-1,0.7161159670379844,1.3875785282277775,1.3875785282277775,False
base__s5__5000K_2.0gcc,5,5.5200000000000005,inf,0.9958381233302928,-1,0.7198869993810456,2.880608447578893,2.880608447578893,False
base__s5__5000K_2.0gcc,5,5.5600000000000005,inf,1.0217993607323317,-1,0.7486376484623685,1.1100650321827705,1.1100650321827705,False
base__s5__5000K_2.0gcc,5,5.6000000000000005,inf,0.9662861208663812,-1,1.5164798136936635,4.819580959426107,4.819580959426107,False
base__s5__5000K_2.0gcc,5,5.64,inf,0.9862046922221576,-1,0.721817963031179,1.6148093876162726,1.6148093876162726,False
base__s5__5000K_2.0gcc,5,5.68,inf,1.0552566017841345,-1,0.846388260656871,2.2782091747682833,2.2782091747682833,False
base__s5__5000K_2.0gcc,5,5.72,inf,1.0305332963053648,-1,0.7535422780257006,1.308280879977678,1.308280879977678,False
base__s5__5000K_2.0gcc,5,5.76,inf,0.9995366793314794,-1,0.7476363954562091,1.3714101126292089,1.3714101126292089,False
base__s5__5000K_2.0gcc,5,5.8,inf,1.0008080841535,-1,1.0594119522558612,4.063097318165025,4.063097318165025,False
base__s5__5000K_2.0gcc,5,5.84,inf,1.0233762334703689,-1,0.6899841493539272,1.1623435838857765,1.1623435838857765,False
base__s5__5000K_2.0gcc,5,5.88,inf,1.0717527506346791,-1,0.6463705627515436,1.0283720142159116,1.0283720142159116,False
base__s5__5000K_2.0gcc,5,5.92,inf,1.008815127818274,-1,0.69438352187147,1.227442076347744,1.227442076347744,False
base__s5__5000K_2.0gcc,5,5.96,inf,1.0454892859847964,-1,0.6782407925064033,1.0934198036603875,1.0934198036603875,False
base__s5__5000K_2.0gcc,5,6.0,inf,1.0281895237425829,-1,0.7045047703477009,0.868931637674865,0.868931637674865,False
base__s5__5000K_2.0gcc,5,6.04,inf,1.0676415430709878,-1,0.6409475202826939,1.1169617571186157,1.1169617571186157,False
base__s5__5000K_2.0gcc,5,6.08,inf,1.0048071308718904,-1,0.7897701632061256,1.6444513807679741,1.6444513807679741,False
base__s5__5000K_2.0gcc,5,6.12,inf,1.045050766817574,-1,0.7127648793034398,2.7461418341609174,2.7461418341609174,False
base__s5__5000K_2.0gcc,5,6.16,inf,1.0211856809532731,-1,0.6386991126069171,1.238323272643129,1.238323272643129,False
base__s5__5000K_2.0gcc,5,6.2,inf,1.03004862756134,-1,0.6836028963847337,2.4790913300717254,2.4790913300717254,False
base__s5__5000K_2.0gcc,5,6.24,inf,1.0275436689630273,-1,0.7210665686818762,1.139169669102928,1.139169669102928,False
base__s5__5000K_2.0gcc,5,6.28,inf,1.0533937910022069,-1,0.716574869299659,1.258073339900047,1.258073339900047,False
base__s5__5000K_2.0gcc,5,6.32,inf,1.030844148043243,-1,0.6396093280930536,0.9754530213130623,0.9754530213130623,False
base__s5__5000K_2.0gcc,5,6.36,inf,0.9874492748268136,-1,0.8716162118867142,2.562800474767667,2.562800474767667,False
base__s5__5000K_2.0gcc,5,6.4,inf,0.9725249449849612,-1,0.838758682295649,1.1450989402429512,1.1450989402429512,False
base__s5__5000K_2.0gcc,5,6.44,inf,1.0328220520902918,-1,0.7593615083315608,1.6171465216409593,1.6171465216409593,False
base__s5__5000K_2.0gcc,5,6.48,inf,1.0314725056602334,-1,0.7971387792170829,1.392213980234245,1.392213980234245,False
base__s5__5000K_2.0gcc,5,6.5200000000000005,inf,1.0002498393806418,-1,0.7267740854922096,1.334669744572033,1.334669744572033,False
base__s5__5000K_2.0gcc,5,6.5600000000000005,inf,1.0554411255399323,-1,0.6107814529006227,1.6449055512644613,1.6449055512644613,False
base__s5__5000K_2.0gcc,5,6.6000000000000005,inf,1.03327551371355,-1,0.6504455436715226,1.6418953322593055,1.6418953322593055,False
base__s5__5000K_2.0gcc,5,6.640000000000001,inf,1.0362776735040662,-1,0.7504273506840136,1.4230812778682538,1.4230812778682538,False
base__s5__5000K_2.0gcc,5,6.68,inf,1.0821268980919014,-1,0.6794818221887062,1.258883409122439,1.258883409122439,False
base__s5__5000K_2.0gcc,5,6.72,inf,0.9876788133502706,-1,0.719048309189857,1.274678476690491,1.274678476690491,False
base__s5__5000K_2.0gcc,5,6.76,inf,1.0254835817408294,-1,0.8080135060392373,1.4796546442930198,1.4796546442930198,False
base__s5__5000K_2.0gcc,5,6.8,inf,1.0305957034497084,-1,0.7023977814955774,1.0535718390242514,1.0535718390242514,False
base__s5__5000K_2.0gcc,5,6.84,inf,1.0229397224563137,-1,0.6493551045492247,1.0920829423790532,1.0920829423790532,False
base__s5__5000K_2.0gcc,5,6.88,inf,1.0267365514531943,-1,0.7121671009366569,1.5693422314624563,1.5693422314624563,False
base__s5__5000K_2.0gcc,5,6.92,inf,1.004971266972842,-1,0.6470892559885871,1.1386126820023559,1.1386126820023559,False
base__s5__5000K_2.0gcc,5,6.96,inf,1.0470938827636231,-1,0.6344564927868822,1.0550701764685846,1.0550701764685846,False
base__s5__5000K_2.0gcc,5,7.0,inf,1.0170602996425526,-1,0.6963919228761453,1.0120095111087961,0.9631319775390441,False
base__s5__5000K_2.0gcc,5,7.04,inf,1.0380159435466303,-1,0.6988416301433721,1.3002076779590444,1.3002076779590444,False
base__s5__5000K_2.0gcc,5,7.08,inf,1.042707064753088,-1,0.6635987875120837,0.969957324376691,0.969957324376691,False
base__s5__5000K_2.0gcc,5,7.12,inf,1.0100791721860225,-1,0.735864223100186,1.0161561947731428,1.0161561947731428,False
base__s5__5000K_2.0gcc,5,7.16,inf,1.0966108976250415,-1,0.7063036412371916,1.2110535481006655,1.2110535481006655,False
base__s5__5000K_2.0gcc,5,7.2,inf,1.0237956174242,-1,0.6612819928434008,1.4846337768397329,1.4846337768397329,False
base__s5__5000K_2.0gcc,5,7.24,inf,1.057489684260324,-1,0.6955009526441307,4.372386709938326,4.372386709938326,False
base__s5__5000K_2.0gcc,5,7.28,inf,1.0012927515132624,-1,0.9166298117367422,2.2923543297385067,2.2923543297385067,False
base__s5__5000K_2.0gcc,5,7.32,inf,1.0356073741056502,-1,0.7241948732626022,1.1486666464425628,1.1486666464425628,False
base__s5__5000K_2.0gcc,5,7.36,inf,1.0320298013129268,-1,0.7418336709611049,1.814929278315839,1.814929278315839,False
base__s5__5000K_2.0gcc,5,7.4,inf,1.0525876851934943,-1,0.6622708321961963,1.2389606591460502,1.2389606591460502,False
base__s5__5000K_2.0gcc,5,7.44,inf,1.0174129510203804,-1,0.6680315105329415,1.004584979262742,1.004584979262742,False
base__s5__5000K_2.0gcc,5,7.48,inf,1.0340941417690177,-1,0.7066615886197024,0.8649041305447778,0.8649041305447778,False
base__s5__5000K_2.0gcc,5,7.52,inf,1.0389838989387656,-1,0.701796828648719,0.9843435908463196,0.9843435908463196,False
base__s5__5000K_2.0gcc,5,7.56,inf,1.0352031303903595,-1,0.7219830807367777,1.8133162033054506,1.8133162033054506,False
base__s5__5000K_2.0gcc,5,7.6,inf,1.017298028414486,-1,0.667073054647023,1.1277554325151498,1.1277554325151498,False
base__s5__5000K_2.0gcc,5,7.640000000000001,inf,1.0181160360440265,-1,0.6738841284146899,1.033114295802823,1.033114295802823,False
base__s5__5000K_2.0gcc,5,7.68,inf,1.0147171806730186,-1,0.7608183697706588,6.263931700976295,6.263931700976295,False
base__s5__5000K_2.0gcc,5,7.72,inf,1.0308313707828258,-1,0.5977556034093197,0.890404262740466,0.890404262740466,False
base__s5__5000K_2.0gcc,5,7.76,inf,0.9739001022173684,-1,0.9159900424105137,1.1076019508482253,1.1076019508482253,False
base__s5__5000K_2.0gcc,5,7.8,inf,1.0094927622940146,-1,0.7088321084823075,3.649159157566456,3.649159157566456,False
base__s5__5000K_2.0gcc,5,7.84,inf,1.0200678470797908,-1,0.6825763352212613,2.089525367507355,2.089525367507355,False
base__s5__5000K_2.0gcc,5,7.88,inf,1.023829917084864,-1,0.7011415274174484,1.971195398134816,1.971195398134816,False
base__s5__5000K_2.0gcc,5,7.92,inf,1.0479190353672372,-1,0.6591708896261033,1.3243710732905138,1.3243710732905138,False
base__s5__5000K_2.0gcc,5,7.96,inf,1.0504324239916627,-1,0.7994578091523418,1.0169937262853623,0.9947087593470094,False
base__s5__5000K_2.0gcc,5,8.0,inf,1.0219981416362751,-1,0.8978700997333504,9.77008433362021,9.77008433362021,False
base__s5__5000K_2.0gcc,5,8.040000000000001,inf,0.9980103222136536,-1,0.811581971783051,1.292026243832411,1.292026243832411,False
base__s5__5000K_2.0gcc,5,8.08,inf,1.017120017098277,-1,0.9094027343157179,2.73299680772826,2.73299680772826,False
base__s5__5000K_2.0gcc,5,8.120000000000001,inf,1.053647522099777,-1,0.7875701184901134,1.1811672739855676,1.1811672739855676,False
base__s5__5000K_2.0gcc,5,8.16,inf,1.027329053375305,-1,0.6912912095328755,1.4704240271407067,1.4704240271407067,False
base__s5__5000K_2.0gcc,5,8.2,inf,1.0441065043045183,-1,0.7089947942001406,1.9216649526005827,1.9216649526005827,False
base__s5__5000K_2.0gcc,5,8.24,inf,1.0170824329669652,-1,0.6932358547549898,1.1150747913903571,1.1150747913903571,False
base__s5__5000K_2.0gcc,5,8.28,inf,1.0246952483475271,-1,0.6434341782173868,0.9789233909996848,0.9789233909996848,False
base__s5__5000K_2.0gcc,5,8.32,inf,0.9543066520594944,-1,1.5849788031179646,1.9822878625241156,1.5849788031179646,False
base__s5__5000K_2.0gcc,5,8.36,inf,1.061540053396479,-1,0.6761658452945178,1.2783855772508537,1.2783855772508537,False
base__s5__5000K_2.0gcc,5,8.4,inf,1.0259258138925054,-1,0.6351857773255242,1.3807548807093388,1.3807548807093388,False
base__s5__5000K_2.0gcc,5,8.44,inf,1.054899714562953,-1,0.7158008565991165,1.2364678505767315,1.2364678505767315,False
base__s5__5000K_2.0gcc,5,8.48,inf,1.014765149438528,-1,0.8390130496166719,1.176710185696289,1.176710185696289,False
base__s5__5000K_2.0gcc,5,8.52,inf,1.0022388260579411,-1,0.9733200467896748,0.9634091785364445,0.9733200467896748,False
base__s5__5000K_2.0gcc,5,8.56,inf,1.0312385427727186,-1,0.6556260350584087,0.9171448685654319,0.9167998169833907,False
base__s5__5000K_2.0gcc,5,8.6,inf,1.0520211266552588,-1,0.6361034197676461,2.0756811476514776,2.0756811476514776,False
base__s5__5000K_2.0gcc,5,8.64,inf,1.0258207214469788,-1,0.7085965093523846,0.964563584444106,0.964563584444106,False
base__s5__5000K_2.0gcc,5,8.68,inf,1.0341649478115182,-1,0.7806740214617939,3.4938053772244215,3.4938053772244215,False
base__s5__5000K_2.0gcc,5,8.72,inf,1.0362305081645675,-1,0.7388518099736157,2.342014923445574,2.342014923445574,False
base__s5__5000K_2.0gcc,5,8.76,inf,1.036242441833473,-1,0.7256271323564001,1.2960901070755657,1.2960901070755657,False
base__s5__5000K_2.0gcc,5,8.8,inf,1.0403275442561348,-1,0.6403084408294114,0.8260020966058758,0.8260020966058758,False
base__s5__5000K_2.0gcc,5,8.84,inf,0.982722868638458,-1,0.7908545784541019,1.7733360310023154,1.7733360310023154,False
base__s5__5000K_2.0gcc,5,8.88,inf,1.0069058444293586,-1,0.7212673182693585,1.1164084189327197,1.1164084189327197,False
base__s5__5000K_2.0gcc,5,8.92,inf,1.029704653089904,-1,0.6319724965208368,1.7241071953966958,1.7241071953966958,False
base__s5__5000K_2.0gcc,5,8.96,inf,1.040624488617292,-1,0.6446923565921503,0.9480231000615295,0.9480231000615295,False
base__s5__5000K_2.0gcc,5,9.0,inf,1.017169865655683,-1,0.7973752542065099,1.0421788817806947,1.0421788817806947,False
base__s5__5000K_2.0gcc,5,9.04,inf,1.014022643949335,-1,0.6144200182969928,1.2923888334865432,1.2923888334865432,False
base__s5__5000K_2.0gcc,5,9.08,inf,1.0071942320630118,-1,0.6696417133698275,1.4400402464261073,1.4400402464261073,False
base__s5__5000K_2.0gcc,5,9.12,inf,1.01043062864355,-1,0.6314185209759947,1.030319491458163,1.030319491458163,False
base__s5__5000K_2.0gcc,5,9.16,inf,1.047098763138416,-1,0.6397905161883867,2.857146371861798,2.857146371861798,False
base__s5__5000K_2.0gcc,5,9.2,inf,1.0401084056318364,-1,0.8204170317501875,2.1232465578663122,2.1232465578663122,False
base__s5__5000K_2.0gcc,5,9.24,inf,1.0548760886160995,-1,0.6660908881913092,1.2130269750109592,1.2130269750109592,False
base__s5__5000K_2.0gcc,5,9.28,inf,1.0354876908998,-1,0.753397389259989,1.2042786008627366,1.2042786008627366,False
base__s5__5000K_2.0gcc,5,9.32,inf,1.0190234326029997,-1,0.623403094772174,9.54910331729489,9.54910331729489,False
base__s5__5000K_2.0gcc,5,9.36,inf,1.0471436601441086,-1,0.7415561593663251,0.984930073632877,0.984930073632877,False
base__s5__5000K_2.0gcc,5,9.4,inf,0.9922295671834214,-1,0.8625607946576348,3.1911306501475147,3.1911306501475147,False
base__s5__5000K_2.0gcc,5,9.44,inf,1.0207868114993457,-1,0.6749150818971295,6.206117794696524,6.206117794696524,False
base__s5__5000K_2.0gcc,5,9.48,inf,1.0601097355509943,-1,0.6957610637271912,1.6524544380188622,1.6524544380188622,False
base__s5__5000K_2.0gcc,5,9.52,inf,1.014713518313913,-1,0.6765644433886178,1.0701899328145188,1.0701899328145188,False
base__s5__5000K_2.0gcc,5,9.56,inf,1.0045116266181289,-1,0.7899007712254625,1.0454347129754493,1.0454347129754493,False
base__s5__5000K_2.0gcc,5,9.6,inf,1.0163761669957634,-1,0.7115091956857703,0.8837008970009025,0.8837008970009025,False
base__s5__5000K_2.0gcc,5,9.64,inf,0.9955114163328308,-1,0.6919678296575941,0.8865930624281047,0.8865930624281047,False
base__s5__5000K_2.0gcc,5,9.68,inf,0.9696017341223148,-1,0.9264047610696415,1.063802060248814,1.0389439396498905,False
base__s5__5000K_2.0gcc,5,9.72,inf,1.0314446165650393,-1,1.0027351132162465,4.307483302153795,4.307483302153795,False
base__s5__5000K_2.0gcc,5,9.76,inf,0.9773705927809576,-1,1.12631327737479,1.3440227869016756,1.3440227869016756,False
base__s5__5000K_2.0gcc,5,9.8,inf,1.0426625084609118,-1,0.6269362507846037,1.3718674662275756,1.3718674662275756,False
base__s5__5000K_2.0gcc,5,9.84,inf,1.015421086953093,-1,0.6952849377793917,1.0822555087529426,1.0822555087529426,False
base__s5__5000K_2.0gcc,5,9.88,inf,1.0572916615745152,-1,0.8037173560195742,5.928692622219077,5.928692622219077,False
base__s5__5000K_2.0gcc,5,9.92,inf,1.0511359991337943,-1,0.6903410776965568,1.677792131175567,1.677792131175567,False
base__s5__5000K_2.0gcc,5,9.96,inf,1.026869369007081,-1,0.7787541838214631,1.2761723605349165,1.2761723605349165,False
base__s5__5000K_2.0gcc,5,10.0,inf,1.02151997968958,-1,0.8054103639616466,1.501975147966857,1.501975147966857,False
base__s6__5000K_2.0gcc,6,0.0,inf,1.0310702502254634,-1,0.8928044464759279,1.0000000000000064,1.0000000000000064,False
base__s6__5000K_2.0gcc,6,0.04,inf,1.0565765365182969,-1,0.7556947967820515,0.7668175893806859,0.7668175893806859,False
base__s6__5000K_2.0gcc,6,0.08,inf,1.0241968346460557,-1,0.676809105020209,2.0958397337333436,2.0958397337333436,False
base__s6__5000K_2.0gcc,6,0.12,inf,1.0318432669146027,-1,0.6948311768180007,0.880492173139922,0.880492173139922,False
base__s6__5000K_2.0gcc,6,0.16,inf,1.0397160000817527,-1,0.8155299008359712,0.9411270460324657,0.9411270460324657,False
base__s6__5000K_2.0gcc,6,0.2,inf,1.0011165166363,-1,0.6012472467119266,1.109367787227105,1.109367787227105,False
base__s6__5000K_2.0gcc,6,0.24,inf,1.0330690029388168,-1,0.617147495814511,1.0246099643670934,1.0246099643670934,False
base__s6__5000K_2.0gcc,6,0.28,inf,1.0374513256828002,-1,0.6427276204803569,1.3462092617402948,1.3462092617402948,False
base__s6__5000K_2.0gcc,6,0.32,inf,1.0531911616154974,-1,0.684424573139952,1.5665414055093594,1.5665414055093594,False
base__s6__5000K_2.0gcc,6,0.36,inf,1.011184636729613,-1,0.6568857921148379,1.0532493970441161,1.0532493970441161,False
base__s6__5000K_2.0gcc,6,0.4,inf,1.012592718268308,-1,0.6990277654568113,1.0211373307863054,1.0211373307863054,False
base__s6__5000K_2.0gcc,6,0.44,inf,1.0472223104871283,-1,0.6985406193708301,1.113625895164546,1.113625895164546,False
base__s6__5000K_2.0gcc,6,0.48,inf,1.0328428185261314,-1,0.8105232247478282,1.6410330018779409,1.6410330018779409,False
base__s6__5000K_2.0gcc,6,0.52,inf,1.0388101511926986,-1,0.7056878411243881,1.4867192594584933,1.4867192594584933,False
base__s6__5000K_2.0gcc,6,0.56,inf,1.0248836736244755,-1,0.7048094666193706,0.8512945062649646,0.8512945062649646,False
base__s6__5000K_2.0gcc,6,0.6,inf,1.0454799869280138,-1,0.6497470351646517,1.0542787823499224,1.0542787823499224,False
base__s6__5000K_2.0gcc,6,0.64,inf,1.023274593986873,-1,0.7562967262790161,0.948819379841012,0.948819379841012,False
base__s6__5000K_2.0gcc,6,0.68,inf,1.0308899209741065,-1,0.7245641708067533,0.8540067957690212,0.8540067957690212,False
base__s6__5000K_2.0gcc,6,0.72,inf,1.0269895048309892,-1,0.703695547569686,0.7415066132912929,0.7313030383921588,False
base__s6__5000K_2.0gcc,6,0.76,inf,1.0564329087495343,-1,0.7155486159169305,1.1558939542404238,1.1558939542404238,False
base__s6__5000K_2.0gcc,6,0.8,inf,1.0295613574012967,-1,0.6568949801492716,1.2221283208857994,1.2221283208857994,False
base__s6__5000K_2.0gcc,6,0.84,inf,1.0179462269869657,-1,0.7427360776065364,1.0748459726988764,1.0748459726988764,False
base__s6__5000K_2.0gcc,6,0.88,inf,1.043682124162812,-1,0.6260625605913785,1.0639157631870142,1.0639157631870142,False
base__s6__5000K_2.0gcc,6,0.92,inf,1.0511024228708636,-1,0.7382619271706583,1.105989370318191,1.105989370318191,False
base__s6__5000K_2.0gcc,6,0.96,inf,1.0380198057460168,-1,0.7225371172670288,0.985088356680615,0.985088356680615,False
base__s6__5000K_2.0gcc,6,1.0,inf,1.0255904293498457,-1,0.7824136346075584,1.3195278758560114,1.3195278758560114,False
base__s6__5000K_2.0gcc,6,1.04,inf,0.988900669123042,-1,1.0048586463005895,1.071775691636763,1.071775691636763,False
base__s6__5000K_2.0gcc,6,1.08,inf,1.0414073491645812,-1,0.8163167123223232,1.1464290612153831,1.1464290612153831,False
base__s6__5000K_2.0gcc,6,1.12,inf,1.0322589308976695,-1,0.688269159098051,1.2468976684911162,1.2468976684911162,False
base__s6__5000K_2.0gcc,6,1.16,inf,0.9992015439594752,-1,0.7172176125680197,1.1128098280981396,1.1128098280981396,False
base__s6__5000K_2.0gcc,6,1.2,inf,1.028000657225471,-1,0.6808054306494408,1.2768012604311259,1.2768012604311259,False
base__s6__5000K_2.0gcc,6,1.24,inf,1.013658557481265,-1,0.8373484879772691,0.9830746157729656,0.9830746157729656,False
base__s6__5000K_2.0gcc,6,1.28,inf,1.023200180551685,-1,0.6243302277744686,1.2364971645277159,1.2364971645277159,False
base__s6__5000K_2.0gcc,6,1.32,inf,1.014878424765252,-1,0.698952037228412,1.2077232076063915,1.2077232076063915,False
base__s6__5000K_2.0gcc,6,1.36,inf,1.042867381749473,-1,0.6424975617022731,2.3780169387443575,2.3780169387443575,False
base__s6__5000K_2.0gcc,6,1.4,inf,1.0341133324017242,-1,0.7413556956444587,4.946700551574617,4.946700551574617,False
base__s6__5000K_2.0gcc,6,1.44,inf,1.0320335810544152,-1,0.7227920818994186,1.2751571304659015,1.2751571304659015,False
base__s6__5000K_2.0gcc,6,1.48,inf,1.0318456248615877,-1,0.7030442519959593,1.0759452783441354,1.0759452783441354,False
base__s6__5000K_2.0gcc,6,1.52,inf,1.0122968456480546,-1,0.758039246901342,2.3515004803508495,2.3515004803508495,False
base__s6__5000K_2.0gcc,6,1.56,inf,1.0452495429427362,-1,0.6364723462817469,1.010137400500161,1.010137400500161,False
base__s6__5000K_2.0gcc,6,1.6,inf,1.0340534996125688,-1,0.7948142498277757,1.9050778638859818,1.9050778638859818,False
base__s6__5000K_2.0gcc,6,1.64,inf,1.0578799485239334,-1,0.6559343156903823,0.8186616471695232,0.8186616471695232,False
base__s6__5000K_2.0gcc,6,1.68,inf,1.0268174042900715,-1,0.6380687331629774,0.9291977634770735,0.9291977634770735,False
base__s6__5000K_2.0gcc,6,1.72,inf,1.0329786042406686,-1,0.69578353389603,1.2110801800622153,1.2110801800622153,False
base__s6__5000K_2.0gcc,6,1.76,inf,1.0085304163534186,-1,0.6638758861377313,4.446761180409712,4.446761180409712,False
base__s6__5000K_2.0gcc,6,1.8,inf,1.005793486804324,-1,0.6479425545085105,0.9365979745597691,0.9365979745597691,False
base__s6__5000K_2.0gcc,6,1.84,inf,1.056999440042425,-1,0.73602084924393,0.8773507945606471,0.8773507945606471,False
base__s6__5000K_2.0gcc,6,1.88,inf,1.012350126855823,-1,0.8400702930690362,1.3385560973147834,1.3385560973147834,False
base__s6__5000K_2.0gcc,6,1.92,inf,0.99943802500055,-1,0.7895170769481709,1.0577313328284936,1.0577313328284936,False
base__s6__5000K_2.0gcc,6,1.96,inf,1.0176622617165287,-1,0.7605884861076635,1.234422929024253,1.234422929024253,False
base__s6__5000K_2.0gcc,6,2.0,inf,1.0600323563089955,-1,0.6440268869255764,0.9122155509939563,0.9122155509939563,False
base__s6__5000K_2.0gcc,6,2.04,inf,0.9648526967620508,-1,1.1301895798121304,1.3095847232769826,1.1301895798121304,False
base__s6__5000K_2.0gcc,6,2.08,inf,1.0388464571196263,-1,0.6396225912602067,1.0422795603494923,1.0422795603494923,False
base__s6__5000K_2.0gcc,6,2.12,inf,1.0594456454467118,-1,0.7548337560304599,1.0264892341392982,1.0264892341392982,False
base__s6__5000K_2.0gcc,6,2.16,inf,1.0081209975027794,-1,0.6812273468954981,1.1264188299904399,1.1264188299904399,False
base__s6__5000K_2.0gcc,6,2.2,inf,0.9749221969495824,-1,0.9916333785772287,1.1670669130339024,1.0524666903325939,False
base__s6__5000K_2.0gcc,6,2.24,inf,1.0102327566467049,-1,0.6665302011948835,1.1913849749533891,1.1913849749533891,False
base__s6__5000K_2.0gcc,6,2.28,inf,1.054333945006988,-1,0.6989640479858312,0.9127649987649787,0.9127649987649787,False
base__s6__5000K_2.0gcc,6,2.32,inf,1.036293390451758,-1,0.6789751789553977,1.1796147430613044,1.1796147430613044,False
base__s6__5000K_2.0gcc,6,2.36,inf,1.0513846806440534,-1,0.6880612872257968,1.0587742221002034,1.0587742221002034,False
base__s6__5000K_2.0gcc,6,2.4,inf,1.0506844297699476,-1,0.6490790846257387,1.0815474322179268,1.0815474322179268,False
base__s6__5000K_2.0gcc,6,2.44,inf,0.9747714083855764,-1,1.008259764299938,2.1495429911995063,2.1495429911995063,False
base__s6__5000K_2.0gcc,6,2.48,inf,1.0044631426294346,-1,0.6853188577325572,1.2596028534945396,1.2596028534945396,False
base__s6__5000K_2.0gcc,6,2.52,inf,1.06195122233839,-1,0.7564682428312188,1.2962330096575403,1.2962330096575403,False
base__s6__5000K_2.0gcc,6,2.56,inf,1.0137064197192402,-1,0.7109289711992648,1.1937870940588675,1.1937870940588675,False
base__s6__5000K_2.0gcc,6,2.6,inf,1.0062823044494027,-1,0.6710918667670087,1.5119097244827784,1.5119097244827784,False
base__s6__5000K_2.0gcc,6,2.64,inf,1.0356851702501104,-1,0.7884312074312672,2.4900663950976667,2.4900663950976667,False
base__s6__5000K_2.0gcc,6,2.68,inf,1.0478461816130265,-1,0.6074346875097347,0.903155182400815,0.903155182400815,False
base__s6__5000K_2.0gcc,6,2.72,inf,1.0216367027838222,-1,0.6968774094642525,1.0711838673179703,1.0711838673179703,False
base__s6__5000K_2.0gcc,6,2.76,inf,1.0274296113471713,-1,0.6433664600553843,2.035915531239057,2.035915531239057,False
base__s6__5000K_2.0gcc,6,2.8000000000000003,inf,1.0364094336583394,-1,0.6820405362366635,1.0113166523020012,1.0113166523020012,False
base__s6__5000K_2.0gcc,6,2.84,inf,1.025993646700602,-1,0.7389722382179567,1.0620401567906188,1.0620401567906188,False
base__s6__5000K_2.0gcc,6,2.88,inf,1.027501254522835,-1,0.6065290328427523,1.0675549947361807,1.0675549947361807,False
base__s6__5000K_2.0gcc,6,2.92,inf,1.031994698405956,-1,0.8397260080516882,0.9733764739392612,0.9733764739392612,False
base__s6__5000K_2.0gcc,6,2.96,inf,1.0383939103504989,-1,0.631931381295363,1.5077208998856029,1.5077208998856029,False
base__s6__5000K_2.0gcc,6,3.0,inf,1.0467333387897797,-1,0.8089633664465941,3.784256108069342,3.784256108069342,False
base__s6__5000K_2.0gcc,6,3.04,inf,0.9889213505082194,-1,0.7829189592132345,0.9358574941923038,0.9358574941923038,False
base__s6__5000K_2.0gcc,6,3.08,inf,1.0371459690405205,-1,0.6749803335749072,1.021644598670345,1.021644598670345,False
base__s6__5000K_2.0gcc,6,3.12,inf,1.040715842665038,-1,0.6746057869163493,0.8168203803143201,0.8168203803143201,False
base__s6__5000K_2.0gcc,6,3.16,inf,1.0401429594382687,-1,0.6226963286258422,1.2101666855542292,1.2101666855542292,False
base__s6__5000K_2.0gcc,6,3.2,inf,1.0067398775716594,-1,0.6737182219183373,1.4776664510306443,1.4776664510306443,False
base__s6__5000K_2.0gcc,6,3.24,inf,1.0203754388292592,-1,0.6668838528522729,1.3434359010698649,1.3434359010698649,False
base__s6__5000K_2.0gcc,6,3.28,inf,1.0220160276698205,-1,0.5965913046912202,4.878322877708497,4.878322877708497,False
base__s6__5000K_2.0gcc,6,3.3200000000000003,inf,1.036951962976588,-1,0.7322262376974955,0.9738756637147951,0.9738756637147951,False
base__s6__5000K_2.0gcc,6,3.36,inf,1.0084332644116818,-1,0.8353504362738899,0.8838830131280876,0.8353504362738899,False
base__s6__5000K_2.0gcc,6,3.4,inf,1.0287823355875625,-1,0.6262839133055962,2.2377224001255334,2.2377224001255334,False
base__s6__5000K_2.0gcc,6,3.44,inf,1.0170811397971158,-1,0.7706535385983775,1.4838100670601977,1.4838100670601977,False
base__s6__5000K_2.0gcc,6,3.48,inf,1.0442710200853034,-1,0.6951709997986739,0.9451988401253157,0.9451988401253157,False
base__s6__5000K_2.0gcc,6,3.52,inf,1.0219255532297846,-1,0.7023368681048243,13.370075350655835,13.370075350655835,False
base__s6__5000K_2.0gcc,6,3.56,inf,1.0022203344085572,-1,0.8148421465972302,0.8921918900720609,0.8921918900720609,False
base__s6__5000K_2.0gcc,6,3.6,inf,1.0462409818077285,-1,0.6165914557435697,1.9406441071476954,1.9406441071476954,False
base__s6__5000K_2.0gcc,6,3.64,inf,1.044413601965237,-1,0.6711530440842238,1.2269293199887161,1.2269293199887161,False
base__s6__5000K_2.0gcc,6,3.68,inf,1.0211724662200794,-1,0.6711077503414401,0.8361866531592504,0.8361866531592504,False
base__s6__5000K_2.0gcc,6,3.72,inf,1.050645911558219,-1,0.6137942341009394,1.147769431271789,1.147769431271789,False
base__s6__5000K_2.0gcc,6,3.76,inf,1.0270970011328049,-1,0.6577343748104384,1.130878610342952,1.130878610342952,False
base__s6__5000K_2.0gcc,6,3.8,inf,1.056547908491612,-1,0.6871254002277718,0.999771614469522,0.999771614469522,False
base__s6__5000K_2.0gcc,6,3.84,inf,1.0018110595766052,-1,0.7335004205393321,1.7515305731776984,1.7515305731776984,False
base__s6__5000K_2.0gcc,6,3.88,inf,1.0490224350880206,-1,0.7195255622430965,1.3049074917375294,1.3049074917375294,False
base__s6__5000K_2.0gcc,6,3.92,inf,1.004596540775948,-1,0.7434950211121955,1.1890652123703742,1.1890652123703742,False
base__s6__5000K_2.0gcc,6,3.96,inf,1.057198711261984,-1,0.6563983092431088,3.49054682877228,3.49054682877228,False
base__s6__5000K_2.0gcc,6,4.0,inf,1.022981148052104,-1,0.6338855170044858,1.235754153852572,1.235754153852572,False
base__s6__5000K_2.0gcc,6,4.04,inf,1.063930182681646,-1,0.6897735833806898,0.9411990403226058,0.9411990403226058,False
base__s6__5000K_2.0gcc,6,4.08,inf,1.041619460306403,-1,0.6848753792289942,1.103875832084643,1.103875832084643,False
base__s6__5000K_2.0gcc,6,4.12,inf,1.037175858930876,-1,0.5832068682902214,1.0804393650978772,1.0804393650978772,False
base__s6__5000K_2.0gcc,6,4.16,inf,1.0522458604960152,-1,0.7140791752346682,1.0165280786589395,1.0165280786589395,False
base__s6__5000K_2.0gcc,6,4.2,inf,1.0157750593527093,-1,0.6201259249635543,0.8596228936238915,0.8596228936238915,False
base__s6__5000K_2.0gcc,6,4.24,inf,1.0520429581281363,-1,0.629405155551247,3.1696248776563576,3.1696248776563576,False
base__s6__5000K_2.0gcc,6,4.28,inf,1.0510580094000517,-1,0.6785125045008943,1.0928347672538874,1.0928347672538874,False
base__s6__5000K_2.0gcc,6,4.32,inf,1.021726168998817,-1,0.6852632162346668,0.8319905032183638,0.8319905032183638,False
base__s6__5000K_2.0gcc,6,4.36,inf,1.015109601563299,-1,0.6856623168857403,4.251201669822162,4.251201669822162,False
base__s6__5000K_2.0gcc,6,4.4,inf,1.008779667325824,-1,0.6443234555514203,0.7982153053980273,0.7982153053980273,False
base__s6__5000K_2.0gcc,6,4.44,inf,0.999028173731352,-1,0.7639885626223303,1.3604841290839327,1.3604841290839327,False
base__s6__5000K_2.0gcc,6,4.48,inf,1.0212708107333728,-1,0.710669862789802,1.8244937051791688,1.8244937051791688,False
base__s6__5000K_2.0gcc,6,4.5200000000000005,inf,1.03146759425345,-1,0.6978448041251586,1.3560207617440976,1.3560207617440976,False
base__s6__5000K_2.0gcc,6,4.5600000000000005,inf,1.0508694582549256,-1,0.6805929882961579,2.614638004068611,2.614638004068611,False
base__s6__5000K_2.0gcc,6,4.6000000000000005,inf,1.0192178840355963,-1,0.7106296204185629,1.285739080295631,1.285739080295631,False
base__s6__5000K_2.0gcc,6,4.64,inf,1.0397755474505064,-1,0.6491492152070321,0.8960294123817102,0.8960294123817102,False
base__s6__5000K_2.0gcc,6,4.68,inf,1.0337042449704847,-1,0.6742073664124271,0.9976464420988223,0.9976464420988223,False
base__s6__5000K_2.0gcc,6,4.72,inf,0.9743323252617668,-1,0.9512705581740051,1.4826990841914585,1.4826990841914585,False
base__s6__5000K_2.0gcc,6,4.76,inf,1.020183463675039,-1,0.6254003421927244,1.626220340284386,1.626220340284386,False
base__s6__5000K_2.0gcc,6,4.8,inf,1.0550088316056887,-1,0.6681492116156585,9.04323529979953,9.04323529979953,False
base__s6__5000K_2.0gcc,6,4.84,inf,1.047240939507714,-1,0.6273405515181484,1.1136699639221512,1.1136699639221512,False
base__s6__5000K_2.0gcc,6,4.88,inf,1.037244779190044,-1,0.8501955058177847,1.45485958791303,1.45485958791303,False
base__s6__5000K_2.0gcc,6,4.92,inf,1.0379655329373894,-1,0.7215122816648922,1.0035800252482132,1.0035800252482132,False
base__s6__5000K_2.0gcc,6,4.96,inf,1.0476849378324578,-1,0.6611727327496882,1.5440389374924623,1.5440389374924623,False
base__s6__5000K_2.0gcc,6,5.0,inf,1.0496179934957284,-1,0.6242148200176714,1.433972006437021,1.433972006437021,False
base__s6__5000K_2.0gcc,6,5.04,inf,1.0478371418331192,-1,0.6435192160166229,1.0386914096571662,1.0386914096571662,False
base__s6__5000K_2.0gcc,6,5.08,inf,1.0379231731375886,-1,0.6929039528902095,0.8831068246963032,0.8137374727949945,False
base__s6__5000K_2.0gcc,6,5.12,inf,1.0140053179101178,-1,0.6095080846590086,0.7972158103312064,0.7972158103312064,False
base__s6__5000K_2.0gcc,6,5.16,inf,1.0292987070792428,-1,0.7550025589788876,0.9438406657187766,0.9438406657187766,False
base__s6__5000K_2.0gcc,6,5.2,inf,1.0316622211213324,-1,0.8554849964798483,0.9921493068673257,0.9921493068673257,False
base__s6__5000K_2.0gcc,6,5.24,inf,1.0552997066928431,-1,0.6489383816263562,1.3996512720598417,1.3996512720598417,False
base__s6__5000K_2.0gcc,6,5.28,inf,1.0299771772388933,-1,0.6786240121137866,0.7762967121427815,0.7585661893793595,False
base__s6__5000K_2.0gcc,6,5.32,inf,1.0064965644735209,-1,0.6883570932142311,1.0730150674853876,1.0730150674853876,False
base__s6__5000K_2.0gcc,6,5.36,inf,1.033451323755986,-1,0.7703868413837694,3.239070425714341,3.239070425714341,False
base__s6__5000K_2.0gcc,6,5.4,inf,1.0391816206462656,-1,0.6608893044697791,0.8087752745472663,0.8087752745472663,False
base__s6__5000K_2.0gcc,6,5.44,inf,1.0214693928669614,-1,0.6417217863907955,0.857715603783444,0.857715603783444,False
base__s6__5000K_2.0gcc,6,5.48,inf,1.036858677454647,-1,0.7083318920392809,1.1846521009378728,1.1846521009378728,False
base__s6__5000K_2.0gcc,6,5.5200000000000005,inf,0.9939850277589698,-1,0.6989801597665704,1.3450480278658115,1.3450480278658115,False
base__s6__5000K_2.0gcc,6,5.5600000000000005,inf,1.0284154240641274,-1,0.7097548720627486,1.3726944186356027,1.3726944186356027,False
base__s6__5000K_2.0gcc,6,5.6000000000000005,inf,1.0416557045377333,-1,0.6655262350827174,6.2420278521322246,6.2420278521322246,False
base__s6__5000K_2.0gcc,6,5.64,inf,0.9842810066444436,-1,0.7755590394640323,1.0570415180572095,1.0570415180572095,False
base__s6__5000K_2.0gcc,6,5.68,inf,0.969777579581009,-1,0.9075001180622593,1.0891053975064953,0.9270864996440213,False
base__s6__5000K_2.0gcc,6,5.72,inf,1.0308699694922725,-1,0.6603134004815551,1.6784838060521934,1.6784838060521934,False
base__s6__5000K_2.0gcc,6,5.76,inf,1.0163976503696768,-1,0.7863505023428831,12.688719661274721,12.688719661274721,False
base__s6__5000K_2.0gcc,6,5.8,inf,1.0241552644013507,-1,0.7094343791795079,2.1514826744699804,2.1514826744699804,False
base__s6__5000K_2.0gcc,6,5.84,inf,1.027717815085445,-1,0.6566604357895172,1.6517777022998683,1.6517777022998683,False
base__s6__5000K_2.0gcc,6,5.88,inf,1.0612160815960143,-1,0.704926336375595,2.0618220532844367,2.0618220532844367,False
base__s6__5000K_2.0gcc,6,5.92,inf,1.0549107006969836,-1,0.6506967212816006,4.007128662883573,4.007128662883573,False
base__s6__5000K_2.0gcc,6,5.96,inf,1.0543708186425682,-1,0.6232214497093361,1.1785710170770236,1.1785710170770236,False
base__s6__5000K_2.0gcc,6,6.0,inf,0.9770608023997276,-1,1.0537006054398859,1.764840111685492,1.764840111685492,False
base__s6__5000K_2.0gcc,6,6.04,inf,0.9719378336647876,-1,0.960050975639615,1.7675685452570704,1.7675685452570704,False
base__s6__5000K_2.0gcc,6,6.08,inf,1.0195627371275393,-1,0.7329768655797259,0.9064501017084877,0.9064501017084877,False
base__s6__5000K_2.0gcc,6,6.12,inf,1.03693265391249,-1,0.7288609857214803,1.9096575736698571,1.9096575736698571,False
base__s6__5000K_2.0gcc,6,6.16,inf,1.000400096027085,-1,0.6856730061564847,0.9237187062707571,0.9237187062707571,False
base__s6__5000K_2.0gcc,6,6.2,inf,1.0252764367983886,-1,0.7493883015786078,0.8994932011203058,0.8019945063075395,False
base__s6__5000K_2.0gcc,6,6.24,inf,1.0219274450982312,-1,0.7104302647344618,1.1189909497569033,1.1189909497569033,False
base__s6__5000K_2.0gcc,6,6.28,inf,1.0117180874324625,-1,0.7402332115915018,1.2175773076084317,1.2175773076084317,False
base__s6__5000K_2.0gcc,6,6.32,inf,1.0040831006047255,-1,0.6879346684892405,1.3105761670742258,1.3105761670742258,False
base__s6__5000K_2.0gcc,6,6.36,inf,1.0263954254857142,-1,0.7334136324101432,1.1037760193211983,1.1037760193211983,False
base__s6__5000K_2.0gcc,6,6.4,inf,0.9909854420908512,-1,0.7509848642723363,1.372332744508951,1.372332744508951,False
base__s6__5000K_2.0gcc,6,6.44,inf,1.025479083574112,-1,0.7834319179038484,2.2274890144991923,2.2274890144991923,False
base__s6__5000K_2.0gcc,6,6.48,inf,1.0562914546762174,-1,0.6670023560665603,1.2118791689171635,1.2118791689171635,False
base__s6__5000K_2.0gcc,6,6.5200000000000005,inf,1.069217408095286,-1,0.74487832963601,4.845879885255512,4.845879885255512,False
base__s6__5000K_2.0gcc,6,6.5600000000000005,inf,0.9992697962182192,-1,0.7309882131647902,1.3228762789773292,1.3228762789773292,False
base__s6__5000K_2.0gcc,6,6.6000000000000005,inf,1.0522655382867958,-1,0.8081236959286182,1.222453329748588,1.222453329748588,False
base__s6__5000K_2.0gcc,6,6.640000000000001,inf,1.0245815123634625,-1,0.7849141628750707,1.047396101488715,1.047396101488715,False
base__s6__5000K_2.0gcc,6,6.68,inf,1.072379489513391,-1,0.7910082414061922,2.319063779689709,2.319063779689709,False
base__s6__5000K_2.0gcc,6,6.72,inf,1.042396448114632,-1,0.6801038951535299,0.9848628787385415,0.9848628787385415,False
base__s6__5000K_2.0gcc,6,6.76,inf,1.0247527073025955,-1,0.7404216824522731,1.3131209087217637,1.3131209087217637,False
base__s6__5000K_2.0gcc,6,6.8,inf,1.01353358769653,-1,0.700849968024839,1.9775927968581537,1.9775927968581537,False
base__s6__5000K_2.0gcc,6,6.84,inf,0.985346085495852,-1,0.7221860462755199,0.9104357103791999,0.9104357103791999,False
base__s6__5000K_2.0gcc,6,6.88,inf,1.012767591837831,-1,0.6753073040263787,4.9279353605424046,4.9279353605424046,False
base__s6__5000K_2.0gcc,6,6.92,inf,1.0097866919533056,-1,0.6576670731402713,1.2554132024599955,1.2554132024599955,False
base__s6__5000K_2.0gcc,6,6.96,inf,1.0199718892636214,-1,0.649776020611311,0.9776814609382536,0.9776814609382536,False
base__s6__5000K_2.0gcc,6,7.0,inf,1.0351883803805944,-1,0.703162577280278,1.0220373348472405,1.0220373348472405,False
base__s6__5000K_2.0gcc,6,7.04,inf,1.0297514281136009,-1,0.6458191706193271,0.9388228419941514,0.9388228419941514,False
base__s6__5000K_2.0gcc,6,7.08,inf,1.0139802391471933,-1,0.736233804530837,1.2715014149283868,1.2715014149283868,False
base__s6__5000K_2.0gcc,6,7.12,inf,1.0446326527928371,-1,0.7347424015503171,2.7671700588785564,2.7671700588785564,False
base__s6__5000K_2.0gcc,6,7.16,inf,0.9957148802167216,-1,0.6829195186686301,1.0659425239609408,1.0659425239609408,False
base__s6__5000K_2.0gcc,6,7.2,inf,1.0034660674033782,-1,0.6940953996187854,1.3591565564971635,1.3591565564971635,False
base__s6__5000K_2.0gcc,6,7.24,inf,1.0311571397168329,-1,0.7087651503982152,1.151471812957166,1.151471812957166,False
base__s6__5000K_2.0gcc,6,7.28,inf,1.0387732322263603,-1,0.7035306977417309,0.9824796447766317,0.9824796447766317,False
base__s6__5000K_2.0gcc,6,7.32,inf,0.9879313672725448,-1,0.7623907352065403,1.4181772219359705,1.4181772219359705,False
base__s6__5000K_2.0gcc,6,7.36,inf,1.0423233206471971,-1,0.6712973342878126,0.9455828163693726,0.9455828163693726,False
base__s6__5000K_2.0gcc,6,7.4,inf,0.97612643717246,-1,0.9352966736033801,1.0823833078297038,0.9352966736033801,False
base__s6__5000K_2.0gcc,6,7.44,inf,0.9983875459089018,-1,0.8901467080039748,1.0364748159001405,1.0364748159001405,False
base__s6__5000K_2.0gcc,6,7.48,inf,1.014478179385343,-1,0.731355355351389,1.2687855672006711,1.2687855672006711,False
base__s6__5000K_2.0gcc,6,7.52,inf,1.0249019746873356,-1,0.7170186145413479,0.9497393323150879,0.9497393323150879,False
base__s6__5000K_2.0gcc,6,7.56,inf,1.0309449897787952,-1,0.7168269719942051,1.3299638967516116,1.3299638967516116,False
base__s6__5000K_2.0gcc,6,7.6,inf,0.9788978258184052,-1,0.7711967755767077,1.122847121822416,1.122847121822416,False
base__s6__5000K_2.0gcc,6,7.640000000000001,inf,1.0296219325971063,-1,0.7014194836628547,0.6918365335529247,0.6918365335529247,False
base__s6__5000K_2.0gcc,6,7.68,inf,1.025505887469204,-1,0.6911082881160056,1.3035108367650046,1.3035108367650046,False
base__s6__5000K_2.0gcc,6,7.72,inf,1.0075641000482307,-1,0.7196992133029684,0.815656305200512,0.815656305200512,False
base__s6__5000K_2.0gcc,6,7.76,inf,1.0236470980616317,-1,0.7110731459318214,1.1496580272772081,1.1496580272772081,False
base__s6__5000K_2.0gcc,6,7.8,inf,1.0305256627362562,-1,0.7646765152198768,1.287966412598229,1.287966412598229,False
base__s6__5000K_2.0gcc,6,7.84,inf,1.027479183827099,-1,0.7055984874612783,1.184486215955671,1.184486215955671,False
base__s6__5000K_2.0gcc,6,7.88,inf,1.075608486575854,-1,0.6917611065695641,1.0696390930808093,1.0696390930808093,False
base__s6__5000K_2.0gcc,6,7.92,inf,1.0327742235329074,-1,0.7573114454288901,6.38318000714848,6.38318000714848,False
base__s6__5000K_2.0gcc,6,7.96,inf,1.027457894224382,-1,0.6726650171553554,1.0473660073563078,1.0473660073563078,False
base__s6__5000K_2.0gcc,6,8.0,inf,0.9404855207763704,-1,2.406516131844631,3.2731166601752713,2.5239018087091916,False
base__s6__5000K_2.0gcc,6,8.040000000000001,inf,1.0273417623575902,-1,0.6936867620229371,1.5129240963612283,1.5129240963612283,False
base__s6__5000K_2.0gcc,6,8.08,inf,1.0277390617535176,-1,0.7470433213502902,0.8496622426107916,0.8496622426107916,False
base__s6__5000K_2.0gcc,6,8.120000000000001,inf,1.041731285882305,-1,0.6216255484716557,2.55723989629898,2.55723989629898,False
base__s6__5000K_2.0gcc,6,8.16,inf,1.0222735593514096,-1,0.7217582868997446,0.8744492954730247,0.8744492954730247,False
base__s6__5000K_2.0gcc,6,8.2,inf,1.026323963930006,-1,0.6423410709505981,0.7865603078196639,0.7865603078196639,False
base__s6__5000K_2.0gcc,6,8.24,inf,1.0209699480244263,-1,0.6226373940725919,1.1172131309373585,1.1172131309373585,False
base__s6__5000K_2.0gcc,6,8.28,inf,1.0269070861017564,-1,0.746686974951231,0.9227482388700574,0.9227482388700574,False
base__s6__5000K_2.0gcc,6,8.32,inf,1.0411049331657205,-1,0.6510506523845191,1.0186244304513603,1.0186244304513603,False
base__s6__5000K_2.0gcc,6,8.36,inf,0.976541312212648,-1,0.879738137528892,0.8903509496747795,0.8903509496747795,False
base__s6__5000K_2.0gcc,6,8.4,inf,0.9693185178144484,-1,0.7555594553162496,0.8953562339622675,0.8953562339622675,False
base__s6__5000K_2.0gcc,6,8.44,inf,1.026518314857558,-1,0.7026111580937427,1.018817193830539,1.018817193830539,False
base__s6__5000K_2.0gcc,6,8.48,inf,1.0395946294835312,-1,0.6982279295629464,1.6335717461016344,1.6335717461016344,False
base__s6__5000K_2.0gcc,6,8.52,inf,1.042636518329374,-1,0.6523842923969996,1.1935767332039762,1.1935767332039762,False
base__s6__5000K_2.0gcc,6,8.56,inf,1.041999306799673,-1,0.6821528478901642,1.1860112050695222,1.1860112050695222,False
base__s6__5000K_2.0gcc,6,8.6,inf,1.0527743631690507,-1,0.6650407547423761,1.1087174722161515,1.1087174722161515,False
base__s6__5000K_2.0gcc,6,8.64,inf,1.0121405232031768,-1,0.7393248020536718,1.16850617902884,1.16850617902884,False
base__s6__5000K_2.0gcc,6,8.68,inf,1.0195232936441423,-1,0.6722574692565526,1.1479516112540638,1.1479516112540638,False
base__s6__5000K_2.0gcc,6,8.72,inf,1.026085709896596,-1,0.6197358697408767,1.3593707453414507,1.3593707453414507,False
base__s6__5000K_2.0gcc,6,8.76,inf,1.0571725242612953,-1,0.7041708472418693,0.8536617158129897,0.8536617158129897,False
base__s6__5000K_2.0gcc,6,8.8,inf,1.0099052430168884,-1,0.6587850651512326,0.7976004858565047,0.7976004858565047,False
base__s6__5000K_2.0gcc,6,8.84,inf,1.0322774051063015,-1,0.7474820688556287,1.2835123277089977,1.2835123277089977,False
base__s6__5000K_2.0gcc,6,8.88,inf,1.0282131403896764,-1,0.793122915641326,1.2212569305175678,1.2212569305175678,False
base__s6__5000K_2.0gcc,6,8.92,inf,1.0613713886684528,-1,0.6898202054186349,1.1349860058003478,1.1349860058003478,False
base__s6__5000K_2.0gcc,6,8.96,inf,1.0364498283298622,-1,0.6352232797989106,0.819925646825855,0.819925646825855,False
base__s6__5000K_2.0gcc,6,9.0,inf,1.061019836512965,-1,0.7093173259709241,1.841922080560149,1.841922080560149,False
base__s6__5000K_2.0gcc,6,9.04,inf,1.0234640665377557,-1,0.6541069477059634,1.257501066737448,1.257501066737448,False
base__s6__5000K_2.0gcc,6,9.08,inf,1.0035544925483622,-1,0.7298246787774866,2.048036355693559,2.048036355693559,False
base__s6__5000K_2.0gcc,6,9.12,inf,1.0456321830873418,-1,0.6171276485868277,1.2548407594845945,1.2548407594845945,False
base__s6__5000K_2.0gcc,6,9.16,inf,0.9947440657661648,-1,0.7548017576177963,3.2518715466979677,3.2518715466979677,False
base__s6__5000K_2.0gcc,6,9.2,inf,1.0307860745198305,-1,0.6468886945609476,1.2772851323189747,1.2772851323189747,False
base__s6__5000K_2.0gcc,6,9.24,inf,1.0392303589931344,-1,0.8624074963160282,1.1034652676627033,1.1034652676627033,False
base__s6__5000K_2.0gcc,6,9.28,inf,1.0269454667259603,-1,0.6744199794909956,1.3191027035123801,1.3191027035123801,False
base__s6__5000K_2.0gcc,6,9.32,inf,1.052954297877168,-1,0.7218610329514579,1.739077934698854,1.739077934698854,False
base__s6__5000K_2.0gcc,6,9.36,inf,1.0652403872464664,-1,0.7250357244829029,1.1824830656346013,1.1824830656346013,False
base__s6__5000K_2.0gcc,6,9.4,inf,1.013536262597447,-1,0.7429539928191519,1.043863324942311,1.043863324942311,False
base__s6__5000K_2.0gcc,6,9.44,inf,1.0457963830244397,-1,0.8027331652821742,1.3044867223605876,1.3044867223605876,False
base__s6__5000K_2.0gcc,6,9.48,inf,1.0545850542146904,-1,0.63828330918693,1.154036912750581,1.154036912750581,False
base__s6__5000K_2.0gcc,6,9.52,inf,1.0610659566492555,-1,0.6335815742841108,2.4095150286017146,2.4095150286017146,False
base__s6__5000K_2.0gcc,6,9.56,inf,1.0273129455453192,-1,0.8398770976395372,3.88878907876817,3.88878907876817,False
base__s6__5000K_2.0gcc,6,9.6,inf,1.0430930263912224,-1,0.705905040735572,1.4218233181652842,1.4218233181652842,False
base__s6__5000K_2.0gcc,6,9.64,inf,1.0120086662687229,-1,0.7691416323171826,1.3882121408111774,1.3882121408111774,False
base__s6__5000K_2.0gcc,6,9.68,inf,1.0316656215004938,-1,0.6647104546235075,3.614674681948634,3.614674681948634,False
base__s6__5000K_2.0gcc,6,9.72,inf,1.04262106479008,-1,0.7487440090843067,1.6326163291083742,1.6326163291083742,False
base__s6__5000K_2.0gcc,6,9.76,inf,1.017470103724429,-1,0.7177577261896664,1.9770030241316163,1.9770030241316163,False
base__s6__5000K_2.0gcc,6,9.8,inf,1.039048383692502,-1,0.6359700607666469,1.2142485602288855,1.2142485602288855,False
base__s6__5000K_2.0gcc,6,9.84,inf,1.0376264527921406,-1,0.6801058465584673,1.3615436631104254,1.3615436631104254,False
base__s6__5000K_2.0gcc,6,9.88,inf,1.0265735500980928,-1,0.7087456540003091,4.730548394279093,4.730548394279093,False
base__s6__5000K_2.0gcc,6,9.92,inf,1.054189247515834,-1,0.6262078152246922,7.34320981874983,7.34320981874983,False
base__s6__5000K_2.0gcc,6,9.96,inf,1.056587932439131,-1,0.81197866053054,0.9903368594100218,0.9903368594100218,False
base__s6__5000K_2.0gcc,6,10.0,inf,1.0321376899256225,-1,0.6835962500822337,1.240879222373,1.240879222373,False
base__s7__5000K_2.0gcc,7,0.0,inf,1.0310702502254634,-1,0.8928044464759279,1.0000000000000064,1.0000000000000064,False
base__s7__5000K_2.0gcc,7,0.04,inf,1.0432909822379377,-1,0.7839830635608143,1.6027175503052287,1.6027175503052287,False
base__s7__5000K_2.0gcc,7,0.08,inf,0.9684228100483802,-1,0.909465291076011,1.0766103681043027,1.0766103681043027,False
base__s7__5000K_2.0gcc,7,0.12,inf,0.9817815646150626,-1,0.9611238349720986,1.111304271988907,1.111304271988907,False
base__s7__5000K_2.0gcc,7,0.16,inf,1.0328096854759852,-1,0.6989892004507385,0.8989247732130383,0.8989247732130383,False
base__s7__5000K_2.0gcc,7,0.2,inf,1.0206440520343023,-1,0.7146993578083201,1.4913215455172584,1.4913215455172584,False
base__s7__5000K_2.0gcc,7,0.24,inf,1.0117470735213427,-1,0.8051796391798153,1.0175719117647697,1.0175719117647697,False
base__s7__5000K_2.0gcc,7,0.28,inf,1.036324631932002,-1,0.740295427363829,1.4740612151689092,1.4740612151689092,False
base__s7__5000K_2.0gcc,7,0.32,inf,1.0159943979653627,-1,0.7019679063854192,0.83039261219838,0.83039261219838,False
base__s7__5000K_2.0gcc,7,0.36,inf,1.0417772088061823,-1,0.6786558995413583,1.0547005883037044,1.0547005883037044,False
base__s7__5000K_2.0gcc,7,0.4,inf,1.0292369788697835,-1,0.6936481214548319,2.5081763070116536,2.5081763070116536,False
base__s7__5000K_2.0gcc,7,0.44,inf,1.0291795583521854,-1,0.6720369094706935,1.5148149050114017,1.5148149050114017,False
base__s7__5000K_2.0gcc,7,0.48,inf,1.055332356999917,-1,0.74060482862215,1.0778769602291203,1.0778769602291203,False
base__s7__5000K_2.0gcc,7,0.52,inf,1.026634767742648,-1,0.6535724246324063,1.034206210278998,1.034206210278998,False
base__s7__5000K_2.0gcc,7,0.56,inf,1.044767254248524,-1,0.687174979176342,1.1463071222337926,1.1463071222337926,False
base__s7__5000K_2.0gcc,7,0.6,inf,1.032323127181601,-1,0.6958726611518042,0.9610642671472576,0.9610642671472576,False
base__s7__5000K_2.0gcc,7,0.64,inf,1.0123116175042146,-1,0.7016869337104458,0.8870654884287301,0.8870654884287301,False
base__s7__5000K_2.0gcc,7,0.68,inf,1.0442757267178049,-1,0.9064450205635433,2.566839956845942,2.566839956845942,False
base__s7__5000K_2.0gcc,7,0.72,inf,1.0110258163053996,-1,0.6323659323711059,0.740036360205069,0.740036360205069,False
base__s7__5000K_2.0gcc,7,0.76,inf,1.0324769907121416,-1,0.6322751021584893,0.8262129686363202,0.8262129686363202,False
base__s7__5000K_2.0gcc,7,0.8,inf,1.0518030844492725,-1,0.6801198402457883,0.7703615737318839,0.7703615737318839,False
base__s7__5000K_2.0gcc,7,0.84,inf,1.023594490829743,-1,0.6244988730057408,0.7349902571091977,0.7349902571091977,False
base__s7__5000K_2.0gcc,7,0.88,inf,1.0020226410446027,-1,0.7088869241416289,0.9574019966433374,0.9574019966433374,False
base__s7__5000K_2.0gcc,7,0.92,inf,1.0062349136831814,-1,0.8587817376927223,1.198610272007468,1.198610272007468,False
base__s7__5000K_2.0gcc,7,0.96,inf,1.0002337222964437,-1,0.8020780834457909,0.9414944827669954,0.9414944827669954,False
base__s7__5000K_2.0gcc,7,1.0,inf,1.007349255744998,-1,0.681374095222064,1.4580202786144076,1.4580202786144076,False
base__s7__5000K_2.0gcc,7,1.04,inf,1.0534816165235157,-1,0.7006496567711586,1.2467109890767145,1.2467109890767145,False
base__s7__5000K_2.0gcc,7,1.08,inf,1.063252803111753,-1,0.7029184762533008,0.9608072097141868,0.9608072097141868,False
base__s7__5000K_2.0gcc,7,1.12,inf,1.0530480403614069,-1,0.7564681974026872,0.9529769909336341,0.9529769909336341,False
base__s7__5000K_2.0gcc,7,1.16,inf,1.0014532798088984,-1,0.7405839152603975,1.0939395235530371,1.0939395235530371,False
base__s7__5000K_2.0gcc,7,1.2,inf,1.021279548434708,-1,0.8311128664178655,1.057194316781067,0.8775179333814632,False
base__s7__5000K_2.0gcc,7,1.24,inf,1.0458400859734724,-1,0.6488654428577659,1.074322652325099,1.074322652325099,False
base__s7__5000K_2.0gcc,7,1.28,inf,0.9707841267969928,-1,0.7666342727479425,1.619995693894861,1.619995693894861,False
base__s7__5000K_2.0gcc,7,1.32,inf,1.0395340992646658,-1,0.7462484914132462,0.9544867618864672,0.9544867618864672,False
base__s7__5000K_2.0gcc,7,1.36,inf,1.0662581332894954,-1,0.6710039965989538,0.911303794742442,0.911303794742442,False
base__s7__5000K_2.0gcc,7,1.4,inf,1.036207867449384,-1,0.7224798196518962,1.2786043534526201,1.2786043534526201,False
base__s7__5000K_2.0gcc,7,1.44,inf,1.071853047840514,-1,0.5892928545940258,1.03159776305831,1.03159776305831,False
base__s7__5000K_2.0gcc,7,1.48,inf,1.0616323769332765,-1,0.6346598724634347,0.8679019525138376,0.8679019525138376,False
base__s7__5000K_2.0gcc,7,1.52,inf,1.021492809456336,-1,0.7163237774960619,1.3405315110025413,1.3405315110025413,False
base__s7__5000K_2.0gcc,7,1.56,inf,1.0476893580627795,-1,0.695916411020259,1.0234674384152482,1.0234674384152482,False
base__s7__5000K_2.0gcc,7,1.6,inf,1.010670505972644,-1,0.8032616630142029,3.315346657426166,3.315346657426166,False
base__s7__5000K_2.0gcc,7,1.64,inf,1.0189105769291047,-1,0.6810292307439771,1.3650478882444523,1.3650478882444523,False
base__s7__5000K_2.0gcc,7,1.68,inf,1.0386978455210156,-1,0.7411926419789375,1.567327513344018,1.567327513344018,False
base__s7__5000K_2.0gcc,7,1.72,inf,1.069338260167006,-1,0.7252201294808924,3.4882082719384955,3.4882082719384955,False
base__s7__5000K_2.0gcc,7,1.76,inf,1.0723566988577071,-1,0.6636386552445919,2.488246185501846,2.488246185501846,False
base__s7__5000K_2.0gcc,7,1.8,inf,1.0158337999638525,-1,0.810848820001809,5.616909172086752,5.616909172086752,False
base__s7__5000K_2.0gcc,7,1.84,inf,1.0367565675962709,-1,0.625244555761464,4.410291773180239,4.410291773180239,False
base__s7__5000K_2.0gcc,7,1.88,inf,1.0034092123406084,-1,0.6164435348517198,1.570934516737161,1.570934516737161,False
base__s7__5000K_2.0gcc,7,1.92,inf,1.0155909589923493,-1,0.7068703747349169,0.9639720069772174,0.9639720069772174,False
base__s7__5000K_2.0gcc,7,1.96,inf,1.001280660749023,-1,0.7589185319145261,5.596137699671331,5.596137699671331,False
base__s7__5000K_2.0gcc,7,2.0,inf,1.013866006640424,-1,0.6645182231471146,1.4337151164449278,1.4337151164449278,False
base__s7__5000K_2.0gcc,7,2.04,inf,0.9994135803284844,-1,0.8302295119855045,1.3155595776966473,1.3155595776966473,False
base__s7__5000K_2.0gcc,7,2.08,inf,1.0128522617879665,-1,0.8414707923437366,1.5037080590695286,1.5037080590695286,False
base__s7__5000K_2.0gcc,7,2.12,inf,1.0325814246155116,-1,0.7087441827476264,1.1844116297591232,1.1844116297591232,False
base__s7__5000K_2.0gcc,7,2.16,inf,1.057531847875988,-1,0.8021565956234312,0.9473414266732988,0.8712586674204564,False
base__s7__5000K_2.0gcc,7,2.2,inf,0.9993698783998846,-1,0.7141714365120603,0.9424375543221485,0.9424375543221485,False
base__s7__5000K_2.0gcc,7,2.24,inf,1.037920407334782,-1,0.6339459593617398,1.1159349158145886,1.1159349158145886,False
base__s7__5000K_2.0gcc,7,2.28,inf,1.0137008190526433,-1,0.6494034680537356,3.3680899383302645,3.3680899383302645,False
base__s7__5000K_2.0gcc,7,2.32,inf,0.9988749018185408,-1,0.817300175623217,3.854404983844174,3.854404983844174,False
base__s7__5000K_2.0gcc,7,2.36,inf,1.054671769917542,-1,0.6505523550637302,1.718690702471229,1.718690702471229,False
base__s7__5000K_2.0gcc,7,2.4,inf,0.997146275092074,-1,0.8340180331698388,1.1749723791251094,1.1749723791251094,False
base__s7__5000K_2.0gcc,7,2.44,inf,1.0299473260152678,-1,0.6491252299818651,0.886313884141592,0.886313884141592,False
base__s7__5000K_2.0gcc,7,2.48,inf,1.0424749305057652,-1,0.6797075922309749,1.1800162134872658,1.1800162134872658,False
base__s7__5000K_2.0gcc,7,2.52,inf,0.9664124269430726,-1,1.0938037194621315,1.3289415222747842,1.3289415222747842,False
base__s7__5000K_2.0gcc,7,2.56,inf,1.024386968633924,-1,0.6607523585314647,0.799846207760481,0.799846207760481,False
base__s7__5000K_2.0gcc,7,2.6,inf,1.0450814360464933,-1,0.7283463475094016,1.3502303341220838,1.3502303341220838,False
base__s7__5000K_2.0gcc,7,2.64,inf,1.0266426204181276,-1,0.6815424267180551,1.3352443237079377,1.3352443237079377,False
base__s7__5000K_2.0gcc,7,2.68,inf,1.030494697713675,-1,0.6911659511202621,1.0049163634633194,1.0049163634633194,False
base__s7__5000K_2.0gcc,7,2.72,inf,1.0362144832639626,-1,0.7238365925232587,1.338270871499056,1.338270871499056,False
base__s7__5000K_2.0gcc,7,2.76,inf,1.0002286961265403,-1,0.7005863871225809,1.2426516136250567,1.2426516136250567,False
base__s7__5000K_2.0gcc,7,2.8000000000000003,inf,1.0163495154443674,-1,0.8115807723839413,1.202898789299116,1.202898789299116,False
base__s7__5000K_2.0gcc,7,2.84,inf,1.0317666287489626,-1,0.6780656873863806,1.4785969628543065,1.4785969628543065,False
base__s7__5000K_2.0gcc,7,2.88,inf,1.0213939189705412,-1,0.6225053495892905,0.8476026905708085,0.715707789258089,False
base__s7__5000K_2.0gcc,7,2.92,inf,0.975113724075812,-1,0.7158759839570011,1.2199694329179351,1.2199694329179351,False
base__s7__5000K_2.0gcc,7,2.96,inf,1.007075662673367,-1,0.7684502290073632,0.9659376800914418,0.9659376800914418,False
base__s7__5000K_2.0gcc,7,3.0,inf,1.0283393049713705,-1,0.7107092760846669,1.243836491636462,1.243836491636462,False
base__s7__5000K_2.0gcc,7,3.04,inf,1.0520640682776867,-1,0.6841289909410289,0.8583131912370773,0.8583131912370773,False
base__s7__5000K_2.0gcc,7,3.08,inf,1.042304258422655,-1,0.7525656323431417,0.9566936219908468,0.9566936219908468,False
base__s7__5000K_2.0gcc,7,3.12,inf,1.0020278403587397,-1,0.6319668243872653,0.8136985664093747,0.8136985664093747,False
base__s7__5000K_2.0gcc,7,3.16,inf,0.964315979793449,-1,0.8781902096608926,1.2294294060252402,0.9544859849333249,False
base__s7__5000K_2.0gcc,7,3.2,inf,0.9952852237469418,-1,0.6538241904242413,0.8337885415978354,0.8337885415978354,False
base__s7__5000K_2.0gcc,7,3.24,inf,1.0398397674593904,-1,0.6702072201784477,1.1505387130265874,1.1505387130265874,False
base__s7__5000K_2.0gcc,7,3.28,inf,1.0087450864088512,-1,0.7465761497929607,1.2760779485930986,1.2760779485930986,False
base__s7__5000K_2.0gcc,7,3.3200000000000003,inf,1.0531613985833312,-1,0.7963680856174377,1.0717084721860988,1.0717084721860988,False
base__s7__5000K_2.0gcc,7,3.36,inf,1.0235658974882855,-1,0.7384483642701836,1.2613433304076995,1.2613433304076995,False
base__s7__5000K_2.0gcc,7,3.4,inf,1.0413045807692385,-1,0.708143664312895,0.774695116076703,0.7427563174860932,False
base__s7__5000K_2.0gcc,7,3.44,inf,1.012402954842586,-1,0.6652646236188614,0.9009939942372901,0.9009939942372901,False
base__s7__5000K_2.0gcc,7,3.48,inf,1.0124323414732463,-1,0.7212171074858993,1.8305657065176184,1.8305657065176184,False
base__s7__5000K_2.0gcc,7,3.52,inf,1.012821202322996,-1,0.6268949042497839,1.345158660402595,1.345158660402595,False
base__s7__5000K_2.0gcc,7,3.56,inf,1.036730424310486,-1,0.6820493610563009,0.859784384283526,0.859784384283526,False
base__s7__5000K_2.0gcc,7,3.6,inf,1.0021912349467046,-1,0.712534491522599,1.800287803718088,1.800287803718088,False
base__s7__5000K_2.0gcc,7,3.64,inf,1.037781768528914,-1,0.7104834658462578,0.9971469793415441,0.9971469793415441,False
base__s7__5000K_2.0gcc,7,3.68,inf,1.0372184964345752,-1,0.6847094114722886,1.0017459029914808,1.0017459029914808,False
base__s7__5000K_2.0gcc,7,3.72,inf,1.0326346548441037,-1,0.6921296464420326,0.8934309894829955,0.8934309894829955,False
base__s7__5000K_2.0gcc,7,3.76,inf,1.0132672148559825,-1,0.7663168787394897,1.4297917960171003,1.4297917960171003,False
base__s7__5000K_2.0gcc,7,3.8,inf,1.0067336957711306,-1,0.7916039491935221,0.9064453982439957,0.8305106564460267,False
base__s7__5000K_2.0gcc,7,3.84,inf,1.046165064280011,-1,0.6570921978466326,1.0133450233748338,1.0133450233748338,False
base__s7__5000K_2.0gcc,7,3.88,inf,1.0325922286028495,-1,0.7453390593541388,1.158186855481769,1.158186855481769,False
base__s7__5000K_2.0gcc,7,3.92,inf,1.0401571827440308,-1,0.737824017156632,0.8682436720493915,0.7442859428523662,False
base__s7__5000K_2.0gcc,7,3.96,inf,1.0657475828905263,-1,0.6714384226584517,0.8130143317063583,0.8130143317063583,False
base__s7__5000K_2.0gcc,7,4.0,inf,1.0118819464413822,-1,0.6637267540136133,0.8438228061903705,0.8438228061903705,False
base__s7__5000K_2.0gcc,7,4.04,inf,0.963758000074188,-1,0.9182520521431797,1.112572749749133,1.0549636657774553,False
base__s7__5000K_2.0gcc,7,4.08,inf,0.9171766347078402,-1,5.310671824967937,6.435364636207848,5.701021329201726,False
base__s7__5000K_2.0gcc,7,4.12,inf,1.0017443612673846,-1,0.656456182088316,0.9761824368577026,0.9761824368577026,False
base__s7__5000K_2.0gcc,7,4.16,inf,1.0151841129115449,-1,0.7757263934462758,1.3614558097470124,1.3614558097470124,False
base__s7__5000K_2.0gcc,7,4.2,inf,1.0119989176758046,-1,0.7630850162564384,0.8752191415078434,0.8571447423442514,False
base__s7__5000K_2.0gcc,7,4.24,inf,1.0324619944898694,-1,0.6624484571121318,1.2238667946621948,1.2238667946621948,False
base__s7__5000K_2.0gcc,7,4.28,inf,1.0203090906137229,-1,0.8359891521134246,0.804968682205365,0.8359891521134246,False
base__s7__5000K_2.0gcc,7,4.32,inf,1.0272348998919378,-1,0.675055013346715,0.916606179707855,0.7377865865225874,False
base__s7__5000K_2.0gcc,7,4.36,inf,0.9981984245935276,-1,0.7436343858744139,0.9348130967213777,0.9348130967213777,False
base__s7__5000K_2.0gcc,7,4.4,inf,0.9971045135315556,-1,0.6764113135200135,1.1323250533275693,1.1323250533275693,False
base__s7__5000K_2.0gcc,7,4.44,inf,1.0103131052554937,-1,0.6534706418568031,1.1941302384976324,1.1941302384976324,False
base__s7__5000K_2.0gcc,7,4.48,inf,1.0356053724450256,-1,0.769184786944399,1.7535513328189651,1.7535513328189651,False
base__s7__5000K_2.0gcc,7,4.5200000000000005,inf,1.0442664238234414,-1,0.6984475015884408,1.4053831995444814,1.4053831995444814,False
base__s7__5000K_2.0gcc,7,4.5600000000000005,inf,1.035611927537048,-1,0.7168978901695447,1.4376941256582283,1.4376941256582283,False
base__s7__5000K_2.0gcc,7,4.6000000000000005,inf,1.0509786765591391,-1,0.6549805253224493,0.9146325178895246,0.9146325178895246,False
base__s7__5000K_2.0gcc,7,4.64,inf,0.9980391576095604,-1,0.6475729177453571,1.1400406406182806,1.1400406406182806,False
base__s7__5000K_2.0gcc,7,4.68,inf,1.035750122684521,-1,0.6730094275945814,1.691633152805841,1.691633152805841,False
base__s7__5000K_2.0gcc,7,4.72,inf,1.0465023215674207,-1,0.6844300913010856,1.6092399526878285,1.6092399526878285,False
base__s7__5000K_2.0gcc,7,4.76,inf,1.0344002849907756,-1,0.6658791864227613,1.0690213543485032,1.0690213543485032,False
base__s7__5000K_2.0gcc,7,4.8,inf,1.042603650066985,-1,0.6383923943391354,1.3952023571092134,1.3952023571092134,False
base__s7__5000K_2.0gcc,7,4.84,inf,1.0349257594257666,-1,0.6587895140968367,1.925568211009678,1.925568211009678,False
base__s7__5000K_2.0gcc,7,4.88,inf,1.035437375354492,-1,0.8072780580646644,1.241129306516207,1.241129306516207,False
base__s7__5000K_2.0gcc,7,4.92,inf,1.0388788676092124,-1,0.690283868720414,1.7454647817306903,1.7454647817306903,False
base__s7__5000K_2.0gcc,7,4.96,inf,1.0532202868982348,-1,0.7660448787624807,1.990840518742156,1.990840518742156,False
base__s7__5000K_2.0gcc,7,5.0,inf,1.0421216647244218,-1,0.7286760535746183,1.140480272385554,1.140480272385554,False
base__s7__5000K_2.0gcc,7,5.04,inf,1.0260484451593892,-1,0.6802883611189958,2.572831113307767,2.572831113307767,False
base__s7__5000K_2.0gcc,7,5.08,inf,1.0025198507171815,-1,0.7225683591624674,1.0249838718271689,1.0249838718271689,False
base__s7__5000K_2.0gcc,7,5.12,inf,1.0194834470446292,-1,0.6758910170423753,2.1124449550178115,2.1124449550178115,False
base__s7__5000K_2.0gcc,7,5.16,inf,1.0428468383871146,-1,0.655647580201828,4.912292751062954,4.912292751062954,False
base__s7__5000K_2.0gcc,7,5.2,inf,1.013532940110483,-1,1.1820677740297683,7.452475553962694,7.452475553962694,False
base__s7__5000K_2.0gcc,7,5.24,inf,1.043993826953972,-1,0.6171500298851054,1.0075502477625697,1.0075502477625697,False
base__s7__5000K_2.0gcc,7,5.28,inf,1.0153282055394703,-1,0.7458070416246343,2.4365339893286175,2.4365339893286175,False
base__s7__5000K_2.0gcc,7,5.32,inf,1.0346765074002595,-1,0.7548913110857731,1.4230583942136885,1.4230583942136885,False
base__s7__5000K_2.0gcc,7,5.36,inf,1.0245016417327009,-1,0.6683428394492414,0.8560872055668117,0.8560872055668117,False
base__s7__5000K_2.0gcc,7,5.4,inf,0.9915970792564888,-1,0.7654969932328052,1.40385884007621,1.40385884007621,False
base__s7__5000K_2.0gcc,7,5.44,inf,0.995431850017368,-1,0.6517840330555639,1.4024347433191422,1.4024347433191422,False
base__s7__5000K_2.0gcc,7,5.48,inf,1.061387071042888,-1,0.6530995217588138,3.1029075162352475,3.1029075162352475,False
base__s7__5000K_2.0gcc,7,5.5200000000000005,inf,1.0288559659378955,-1,0.6786117810193322,1.9428289000349683,1.9428289000349683,False
base__s7__5000K_2.0gcc,7,5.5600000000000005,inf,1.0033212313755744,-1,0.7618549565234551,0.9910707176714709,0.977800863421507,False
base__s7__5000K_2.0gcc,7,5.6000000000000005,inf,0.9863743388480865,-1,0.6412135995923541,1.098915639363466,1.098915639363466,False
base__s7__5000K_2.0gcc,7,5.64,inf,1.0409229754544749,-1,0.6683399590440345,5.888735961518685,5.888735961518685,False
base__s7__5000K_2.0gcc,7,5.68,inf,1.009672784700073,-1,0.7474509153217811,1.0793419830249726,1.0793419830249726,False
base__s7__5000K_2.0gcc,7,5.72,inf,1.0194538296646876,-1,0.8259225388756052,3.1672500947344298,3.1672500947344298,False
base__s7__5000K_2.0gcc,7,5.76,inf,1.0405259507503883,-1,0.6154607464120125,1.0264087796898598,1.0264087796898598,False
base__s7__5000K_2.0gcc,7,5.8,inf,1.0202841487321068,-1,0.7446765992651716,1.73959972279119,1.73959972279119,False
base__s7__5000K_2.0gcc,7,5.84,inf,1.0341331398369356,-1,0.6408139513063299,1.1477649064682318,1.1477649064682318,False
base__s7__5000K_2.0gcc,7,5.88,inf,1.0233802145947524,-1,0.6580130599847831,1.1344081930392462,1.1344081930392462,False
base__s7__5000K_2.0gcc,7,5.92,inf,1.0558611073739763,-1,0.6669796440066561,1.3582663728446687,1.3582663728446687,False
base__s7__5000K_2.0gcc,7,5.96,inf,1.0373095984005931,-1,0.5826991723611059,1.4277580755238806,1.4277580755238806,False
base__s7__5000K_2.0gcc,7,6.0,inf,1.039642167883739,-1,0.6890369417755531,1.661580646538272,1.661580646538272,False
base__s7__5000K_2.0gcc,7,6.04,inf,1.0429632825799766,-1,0.6691495455115131,1.723970475834364,1.723970475834364,False
base__s7__5000K_2.0gcc,7,6.08,inf,1.0357030789922368,-1,0.7945632743519097,2.187064335117529,2.187064335117529,False
base__s7__5000K_2.0gcc,7,6.12,inf,1.0111130413821203,-1,0.6143829799270073,1.0877069042619154,1.0877069042619154,False
base__s7__5000K_2.0gcc,7,6.16,inf,1.0699396506013783,-1,0.658243525841207,0.8817598927140009,0.8817598927140009,False
base__s7__5000K_2.0gcc,7,6.2,inf,1.0535728114582306,-1,0.7032239212468075,1.5437449146986693,1.5437449146986693,False
base__s7__5000K_2.0gcc,7,6.24,inf,1.0213037241697491,-1,0.7532953598960224,1.5106143664282268,1.5106143664282268,False
base__s7__5000K_2.0gcc,7,6.28,inf,0.9759843175077147,-1,0.9822859213321846,3.6479123692289726,3.6479123692289726,False
base__s7__5000K_2.0gcc,7,6.32,inf,1.0251142127924089,-1,0.6755929843134002,0.8876022457119535,0.8876022457119535,False
base__s7__5000K_2.0gcc,7,6.36,inf,1.0069549695701383,-1,0.7356502685219601,4.1618606859336,4.1618606859336,False
base__s7__5000K_2.0gcc,7,6.4,inf,1.009120265059126,-1,0.7044471716971581,1.4491073865856507,1.4491073865856507,False
base__s7__5000K_2.0gcc,7,6.44,inf,1.0704590794402182,-1,0.7252400031266539,1.4667173921076153,1.4667173921076153,False
base__s7__5000K_2.0gcc,7,6.48,inf,1.0389322627067654,-1,0.6656047801713447,2.711124481213706,2.711124481213706,False
base__s7__5000K_2.0gcc,7,6.5200000000000005,inf,1.0366810321704554,-1,0.754917728057951,2.4584514697258166,2.4584514697258166,False
base__s7__5000K_2.0gcc,7,6.5600000000000005,inf,1.0552512567777406,-1,0.6568977494938129,1.874484589363314,1.874484589363314,False
base__s7__5000K_2.0gcc,7,6.6000000000000005,inf,1.032865768557076,-1,0.7075124440159989,1.107540961923235,1.107540961923235,False
base__s7__5000K_2.0gcc,7,6.640000000000001,inf,1.0064914783384906,-1,0.7389346963415654,7.533078148574228,7.533078148574228,False
base__s7__5000K_2.0gcc,7,6.68,inf,1.0406158150374227,-1,0.6973810229439084,1.2965772529564448,1.2965772529564448,False
base__s7__5000K_2.0gcc,7,6.72,inf,1.030071287167058,-1,0.6880550926626035,1.0026333047712708,1.0026333047712708,False
base__s7__5000K_2.0gcc,7,6.76,inf,1.048513914827076,-1,0.6901960210724388,1.1864943639551773,1.1864943639551773,False
base__s7__5000K_2.0gcc,7,6.8,inf,1.0462378092675682,-1,0.6602553084475269,6.958481979602825,6.958481979602825,False
base__s7__5000K_2.0gcc,7,6.84,inf,1.0359671443347036,-1,0.7655798973527801,0.9117631093156658,0.9117631093156658,False
base__s7__5000K_2.0gcc,7,6.88,inf,1.058912509947351,-1,0.65737363364092,1.9745568458736351,1.9745568458736351,False
base__s7__5000K_2.0gcc,7,6.92,inf,1.051607211358404,-1,0.7453587782238404,4.586239563575683,4.586239563575683,False
base__s7__5000K_2.0gcc,7,6.96,inf,1.0719755383295837,-1,0.6466708365330665,1.18879407910223,1.18879407910223,False
base__s7__5000K_2.0gcc,7,7.0,inf,1.0418258879083402,-1,0.7526020700724322,1.3328544132457572,1.3328544132457572,False
base__s7__5000K_2.0gcc,7,7.04,inf,1.0376570030467676,-1,0.6637175629317701,0.8473738594746004,0.8111550323641147,False
base__s7__5000K_2.0gcc,7,7.08,inf,1.0376100277083875,-1,0.7189534658658288,1.446105100564056,1.446105100564056,False
base__s7__5000K_2.0gcc,7,7.12,inf,1.0283939687157837,-1,0.7758029222525683,0.9744552940957361,0.9744552940957361,False
base__s7__5000K_2.0gcc,7,7.16,inf,1.0400953369383974,-1,0.797192370460767,1.2363615870005469,1.2363615870005469,False
base__s7__5000K_2.0gcc,7,7.2,inf,1.0548439531143938,-1,0.7431938109542493,1.3604757234182068,1.3604757234182068,False
base__s7__5000K_2.0gcc,7,7.24,inf,1.0365245561765528,-1,0.5964276290083068,1.5981929254953777,1.5981929254953777,False
base__s7__5000K_2.0gcc,7,7.28,inf,1.0574487333894724,-1,0.6656611240244222,1.4951972616930889,1.4951972616930889,False
base__s7__5000K_2.0gcc,7,7.32,inf,1.030604861177164,-1,0.8081007507639125,1.1500274496342915,1.1500274496342915,False
base__s7__5000K_2.0gcc,7,7.36,inf,1.0208127635110165,-1,0.7137743826254411,0.9261736013511787,0.9261736013511787,False
base__s7__5000K_2.0gcc,7,7.4,inf,1.0221848518633987,-1,0.8792769127695031,1.485900885249237,1.485900885249237,False
base__s7__5000K_2.0gcc,7,7.44,inf,1.019255912437107,-1,0.7240496190876367,2.620960757974427,2.620960757974427,False
base__s7__5000K_2.0gcc,7,7.48,inf,1.0464449964685196,-1,0.7190197929356155,1.1599777444892552,1.1599777444892552,False
base__s7__5000K_2.0gcc,7,7.52,inf,1.0252600039394884,-1,0.7487522617492142,3.9059896112664942,3.9059896112664942,False
base__s7__5000K_2.0gcc,7,7.56,inf,1.041144964640851,-1,0.698900762644401,1.0936857042919892,1.0936857042919892,False
base__s7__5000K_2.0gcc,7,7.6,inf,1.0478453663694844,-1,0.9675245504060179,3.5478088129465646,3.5478088129465646,False
base__s7__5000K_2.0gcc,7,7.640000000000001,inf,1.0312859168111428,-1,0.6738717477367314,1.1312019721314321,1.1312019721314321,False
base__s7__5000K_2.0gcc,7,7.68,inf,1.005654912811547,-1,0.9814005429331207,1.2512480701419426,1.2512480701419426,False
base__s7__5000K_2.0gcc,7,7.72,inf,0.9713491838139368,-1,1.0015192640068122,5.507515435561173,5.507515435561173,False
base__s7__5000K_2.0gcc,7,7.76,inf,1.0491751384573502,-1,0.6803885347996497,1.2951527514310375,1.2951527514310375,False
base__s7__5000K_2.0gcc,7,7.8,inf,1.0296048715002275,-1,0.7075042923102721,1.2670676075305924,1.2670676075305924,False
base__s7__5000K_2.0gcc,7,7.84,inf,1.032941134610293,-1,0.869585721681174,1.508498416958463,1.508498416958463,False
base__s7__5000K_2.0gcc,7,7.88,inf,1.0027015005513844,-1,0.6755715558060551,0.9554693524169997,0.9554693524169997,False
base__s7__5000K_2.0gcc,7,7.92,inf,1.0401335075984233,-1,0.623686686021812,0.875648154588059,0.875648154588059,False
base__s7__5000K_2.0gcc,7,7.96,inf,1.0004070788928876,-1,0.6541378181167862,0.9918505440728971,0.9918505440728971,False
base__s7__5000K_2.0gcc,7,8.0,inf,1.0515915217103071,-1,0.6492733109093229,0.9601682285939012,0.9601682285939012,False
base__s7__5000K_2.0gcc,7,8.040000000000001,inf,1.0353903487540337,-1,0.7907820450152853,1.348258833004315,1.348258833004315,False
base__s7__5000K_2.0gcc,7,8.08,inf,1.0412519391511357,-1,0.729984956489453,1.3756773786474465,1.3756773786474465,False
base__s7__5000K_2.0gcc,7,8.120000000000001,inf,1.0474336722656954,-1,0.6111989541924979,0.8553326770935502,0.755244762368028,False
base__s7__5000K_2.0gcc,7,8.16,inf,1.0426714626750848,-1,0.6957927631435508,1.3551414835261733,1.3551414835261733,False
base__s7__5000K_2.0gcc,7,8.2,inf,1.0126365477924446,-1,0.6748760463896166,1.396872720309062,1.396872720309062,False
base__s7__5000K_2.0gcc,7,8.24,inf,1.0276521841931732,-1,0.6819086475388245,2.3653330429912036,2.3653330429912036,False
base__s7__5000K_2.0gcc,7,8.28,inf,1.0257203391387928,-1,0.7484524342211565,2.1753215232222227,2.1753215232222227,False
base__s7__5000K_2.0gcc,7,8.32,inf,1.0111197161429506,-1,0.7183501170913222,1.897768382275261,1.897768382275261,False
base__s7__5000K_2.0gcc,7,8.36,inf,1.0061863755840668,-1,0.6716045336161474,1.0771724667926872,1.0771724667926872,False
base__s7__5000K_2.0gcc,7,8.4,inf,1.0327964820520057,-1,0.6683664013878096,1.0089842673600788,1.0089842673600788,False
base__s7__5000K_2.0gcc,7,8.44,inf,1.0004480591045195,-1,0.730459712170617,0.9431661781503443,0.9431661781503443,False
base__s7__5000K_2.0gcc,7,8.48,inf,1.053360727457599,-1,0.7235479829433007,1.320620940232123,1.320620940232123,False
base__s7__5000K_2.0gcc,7,8.52,inf,1.014114507517765,-1,0.6203432942665039,1.123294259570018,1.123294259570018,False
base__s7__5000K_2.0gcc,7,8.56,inf,0.9666419542302098,-1,0.8911375907270719,1.337035176803298,0.9409558187663132,False
base__s7__5000K_2.0gcc,7,8.6,inf,0.9439080787031124,-1,1.9051661506736646,2.292171091850535,2.047869079938884,False
base__s7__5000K_2.0gcc,7,8.64,inf,0.9894715069091174,-1,0.794582954215366,1.0720422560426135,1.0720422560426135,False
base__s7__5000K_2.0gcc,7,8.68,inf,1.0066750534790263,-1,0.7625041921653938,1.7848892942877015,1.7848892942877015,False
base__s7__5000K_2.0gcc,7,8.72,inf,1.0229794928159612,-1,0.7390648199865775,1.1739388364393695,1.1739388364393695,False
base__s7__5000K_2.0gcc,7,8.76,inf,1.0294433590761565,-1,0.771713104519668,0.9765976486926405,0.9765976486926405,False
base__s7__5000K_2.0gcc,7,8.8,inf,1.025109637700768,-1,0.6771190651674999,1.0467471608225194,1.0467471608225194,False
base__s7__5000K_2.0gcc,7,8.84,inf,0.9811280392461522,-1,0.7981381504409298,5.748340772505738,5.748340772505738,False
base__s7__5000K_2.0gcc,7,8.88,inf,0.9688386904836112,-1,0.8375605979126608,2.05725602274915,2.05725602274915,False
base__s7__5000K_2.0gcc,7,8.92,inf,0.9973788966546264,-1,0.7356037123928225,1.1137377116277116,1.1137377116277116,False
base__s7__5000K_2.0gcc,7,8.96,inf,1.0156757539077124,-1,0.7055691411404464,0.9872917260518908,0.9872917260518908,False
base__s7__5000K_2.0gcc,7,9.0,inf,1.0184534321710537,-1,0.6403542129345838,1.4427866604204478,1.4427866604204478,False
base__s7__5000K_2.0gcc,7,9.04,inf,1.0158975566246824,-1,0.7592438386941145,1.8326264227279865,1.8326264227279865,False
base__s7__5000K_2.0gcc,7,9.08,inf,1.0247261870982902,-1,0.7018170504314605,2.606885699129916,2.606885699129916,False
base__s7__5000K_2.0gcc,7,9.12,inf,1.020825558465304,-1,0.751089201389553,1.795490692795978,1.795490692795978,False
base__s7__5000K_2.0gcc,7,9.16,inf,1.0348633318327594,-1,0.7176612410014991,2.1997854238784296,2.1997854238784296,False
base__s7__5000K_2.0gcc,7,9.2,inf,1.0065731628734196,-1,0.6900158317330264,1.286917391700973,1.286917391700973,False
base__s7__5000K_2.0gcc,7,9.24,inf,1.0360007190943452,-1,0.6657588830076746,1.1002153550207978,1.1002153550207978,False
base__s7__5000K_2.0gcc,7,9.28,inf,1.056467351606286,-1,0.6870324072190022,1.177772248341311,1.177772248341311,False
base__s7__5000K_2.0gcc,7,9.32,inf,1.013306810789803,-1,0.7433129941391136,1.5522680738867236,1.5522680738867236,False
base__s7__5000K_2.0gcc,7,9.36,inf,1.0310190241358304,-1,0.7083352565238427,0.9606893838639463,0.9606893838639463,False
base__s7__5000K_2.0gcc,7,9.4,inf,1.0319783548166117,-1,0.6290709975219476,1.08933602060463,1.08933602060463,False
base__s7__5000K_2.0gcc,7,9.44,inf,1.0320959967473955,-1,0.6681990431947776,1.3500018814139363,1.3500018814139363,False
base__s7__5000K_2.0gcc,7,9.48,inf,1.0283916640512027,-1,0.6898421835393679,2.9708682191707547,2.9708682191707547,False
base__s7__5000K_2.0gcc,7,9.52,inf,1.0105618713354458,-1,0.7702821673297595,1.0288958384164293,1.0288958384164293,False
base__s7__5000K_2.0gcc,7,9.56,inf,1.0608726487759967,-1,0.639311176246532,0.9900179088596575,0.9900179088596575,False
base__s7__5000K_2.0gcc,7,9.6,inf,1.0443947979806294,-1,0.7434375831333122,3.213695204472489,3.213695204472489,False
base__s7__5000K_2.0gcc,7,9.64,inf,1.0129494902619778,-1,0.718372602288752,1.0108745733908757,1.0108745733908757,False
base__s7__5000K_2.0gcc,7,9.68,inf,1.003242346746787,-1,0.6904927250167269,1.0889465905591529,1.0889465905591529,False
base__s7__5000K_2.0gcc,7,9.72,inf,1.030249658170776,-1,0.7546954581184157,2.569634288245394,2.569634288245394,False
base__s7__5000K_2.0gcc,7,9.76,inf,1.0063422026060518,-1,0.7045625239518152,4.763219837750776,4.763219837750776,False
base__s7__5000K_2.0gcc,7,9.8,inf,1.0001163754483782,-1,0.7737741057797626,1.2756707576899213,1.2756707576899213,False
base__s7__5000K_2.0gcc,7,9.84,inf,1.0636386916434548,-1,0.6349981429538535,1.1303221029363486,1.1303221029363486,False
base__s7__5000K_2.0gcc,7,9.88,inf,1.0086256661933604,-1,0.759371341841127,1.1253152702648932,1.1253152702648932,False
base__s7__5000K_2.0gcc,7,9.92,inf,1.0190434892706983,-1,0.6358116664295741,6.447522058181908,6.447522058181908,False
base__s7__5000K_2.0gcc,7,9.96,inf,1.021596393236586,-1,0.674721149020274,0.8595648961788809,0.8595648961788809,False
base__s7__5000K_2.0gcc,7,10.0,inf,0.9785011111823028,-1,0.7691706458325138,1.263671193177693,1.263671193177693,False
base__s8__5000K_2.0gcc,8,0.0,inf,1.0310702502254634,-1,0.8928044464759279,1.0000000000000064,1.0000000000000064,False
base__s8__5000K_2.0gcc,8,0.04,inf,1.0384241786365531,-1,0.601545147364986,0.8051463301728617,0.8051463301728617,False
base__s8__5000K_2.0gcc,8,0.08,inf,1.0422722452281836,-1,0.6895254008779238,0.8884843037199289,0.8884843037199289,False
base__s8__5000K_2.0gcc,8,0.12,inf,1.0463547985329829,-1,0.7113799020241255,1.0041336173155293,1.0041336173155293,False
base__s8__5000K_2.0gcc,8,0.16,inf,0.9819959940417284,-1,0.7861540457098368,0.747229649164049,0.7861540457098368,False
base__s8__5000K_2.0gcc,8,0.2,inf,1.0633380745586052,-1,0.6349640985637233,1.1462385524140746,1.1462385524140746,False
base__s8__5000K_2.0gcc,8,0.24,inf,1.004716748209166,-1,0.7252820024119144,1.57531112432178,1.57531112432178,False
base__s8__5000K_2.0gcc,8,0.28,inf,1.031477948783201,-1,0.7036463602050491,0.9511802514741483,0.9511802514741483,False
base__s8__5000K_2.0gcc,8,0.32,inf,1.0637326901712667,-1,0.8673220268500529,1.2008053065892434,1.2008053065892434,False
base__s8__5000K_2.0gcc,8,0.36,inf,1.004608147752645,-1,0.9689796035776064,1.0583914007213253,0.9751544331120217,False
base__s8__5000K_2.0gcc,8,0.4,inf,1.0243077742207174,-1,0.6765581889305953,0.7731177884634197,0.7731177884634197,False
base__s8__5000K_2.0gcc,8,0.44,inf,1.0142285998713505,-1,0.7020933317842336,0.8850179410697582,0.8850179410697582,False
base__s8__5000K_2.0gcc,8,0.48,inf,1.0146928327631966,-1,0.6241865291683794,0.8166698953639028,0.8166698953639028,False
base__s8__5000K_2.0gcc,8,0.52,inf,1.0384972544065776,-1,0.7054350974836648,2.0998743481701685,2.0998743481701685,False
base__s8__5000K_2.0gcc,8,0.56,inf,0.9995715519091168,-1,0.770571495203399,1.1401093805156008,1.1401093805156008,False
base__s8__5000K_2.0gcc,8,0.6,inf,1.0484687952681284,-1,0.6276854529080611,0.7681327047449994,0.7681327047449994,False
base__s8__5000K_2.0gcc,8,0.64,inf,1.050253181072069,-1,0.6199335660833584,1.020168511128466,1.020168511128466,False
base__s8__5000K_2.0gcc,8,0.68,inf,1.0428955357378795,-1,0.6606873319477982,2.119484568793868,2.119484568793868,False
base__s8__5000K_2.0gcc,8,0.72,inf,1.025134665757139,-1,0.7208651821777261,1.9032614679735533,1.9032614679735533,False
base__s8__5000K_2.0gcc,8,0.76,inf,1.025371247932181,-1,0.6771840078693261,1.0596152460776689,1.0596152460776689,False
base__s8__5000K_2.0gcc,8,0.8,inf,1.0202582703737326,-1,0.6428153945830335,1.1247520333533716,1.1247520333533716,False
base__s8__5000K_2.0gcc,8,0.84,inf,1.0319505760849208,-1,0.7223263616769797,1.2453240571276134,1.2453240571276134,False
base__s8__5000K_2.0gcc,8,0.88,inf,1.0009867126620613,-1,0.7892677838436388,1.5609808623924213,1.5609808623924213,False
base__s8__5000K_2.0gcc,8,0.92,inf,0.9952309144932148,-1,0.7585881741192279,0.9344757091307351,0.9344757091307351,False
base__s8__5000K_2.0gcc,8,0.96,inf,0.9588407169253924,-1,0.8775536017399819,1.4051132241403255,1.4051132241403255,False
base__s8__5000K_2.0gcc,8,1.0,inf,1.0142482500970855,-1,0.595355006888167,0.8136332456987511,0.8136332456987511,False
base__s8__5000K_2.0gcc,8,1.04,inf,0.9669327610340857,-1,0.9689289403385521,1.137705831830242,1.0895371691027935,False
base__s8__5000K_2.0gcc,8,1.08,inf,0.9976093845072832,-1,0.6736127223879279,1.4127974580181593,1.4127974580181593,False
base__s8__5000K_2.0gcc,8,1.12,inf,0.9931949948529744,-1,0.7564758034680164,1.106097651858224,1.106097651858224,False
base__s8__5000K_2.0gcc,8,1.16,inf,1.0308716634562225,-1,0.7099186524215136,10.127562982006785,10.127562982006785,False
base__s8__5000K_2.0gcc,8,1.2,inf,1.0430834960260853,-1,0.6641904044724696,1.8596425828888243,1.8596425828888243,False
base__s8__5000K_2.0gcc,8,1.24,inf,1.0123337676883055,-1,0.674610035604644,1.2296857455371795,1.2296857455371795,False
base__s8__5000K_2.0gcc,8,1.28,inf,0.9930875481824348,-1,0.6316369554492128,1.2392747147215641,1.2392747147215641,False
base__s8__5000K_2.0gcc,8,1.32,inf,1.0062327239654851,-1,0.7618225765972184,0.960625166694042,0.960625166694042,False
base__s8__5000K_2.0gcc,8,1.36,inf,1.0103221430914997,-1,0.6836351640201542,2.789738051254653,2.789738051254653,False
base__s8__5000K_2.0gcc,8,1.4,inf,1.009333432753022,-1,0.6511588100835513,1.1863919609195415,1.1863919609195415,False
base__s8__5000K_2.0gcc,8,1.44,inf,1.0508289732411265,-1,0.695504674863104,1.3657412744585744,1.3657412744585744,False
base__s8__5000K_2.0gcc,8,1.48,inf,0.9864421330970206,-1,0.7511176876528609,1.2264608620705897,1.2264608620705897,False
base__s8__5000K_2.0gcc,8,1.52,inf,1.0505797295603032,-1,0.6680534335317546,0.8170094924615701,0.8170094924615701,False
base__s8__5000K_2.0gcc,8,1.56,inf,0.9996466128972784,-1,0.7504476918193499,1.1245527334412904,1.1245527334412904,False
base__s8__5000K_2.0gcc,8,1.6,inf,1.0296662636743037,-1,0.6905275398825846,1.0713461149011396,1.0713461149011396,False
base__s8__5000K_2.0gcc,8,1.64,inf,1.0421001153157026,-1,0.7460370885779785,1.2250067462240124,1.2250067462240124,False
base__s8__5000K_2.0gcc,8,1.68,inf,1.0091964490930383,-1,0.6319516365777911,0.9221969956359143,0.9221969956359143,False
base__s8__5000K_2.0gcc,8,1.72,inf,1.04023556053665,-1,0.7463452441572083,1.124348928209523,1.124348928209523,False
base__s8__5000K_2.0gcc,8,1.76,inf,1.00272668098241,-1,0.658381061470969,1.2204179793527374,1.2204179793527374,False
base__s8__5000K_2.0gcc,8,1.8,inf,1.034946845642326,-1,0.7552938373184409,1.7208022985943827,1.7208022985943827,False
base__s8__5000K_2.0gcc,8,1.84,inf,1.0080594684417188,-1,0.7629871262271882,7.012983310137004,7.012983310137004,False
base__s8__5000K_2.0gcc,8,1.88,inf,0.9972855163281984,-1,0.8801149832619858,3.955544777068721,3.955544777068721,False
base__s8__5000K_2.0gcc,8,1.92,inf,1.026286022045512,-1,0.7908932960024797,1.0592233899515962,1.0592233899515962,False
base__s8__5000K_2.0gcc,8,1.96,inf,1.0213201648156174,-1,0.6908211534718498,7.8858911821594235,7.8858911821594235,False
base__s8__5000K_2.0gcc,8,2.0,inf,1.0448659473966024,-1,0.6578131704573799,1.0010985518408062,1.0010985518408062,False
base__s8__5000K_2.0gcc,8,2.04,inf,1.028720872070262,-1,0.7333567520498125,1.7283313763933292,1.7283313763933292,False
base__s8__5000K_2.0gcc,8,2.08,inf,1.010408291148682,-1,0.7847319040259901,4.20537744882617,4.20537744882617,False
base__s8__5000K_2.0gcc,8,2.12,inf,1.0494986473969377,-1,0.6117354019236882,1.1823079155153375,1.1823079155153375,False
base__s8__5000K_2.0gcc,8,2.16,inf,1.0124023132282938,-1,1.0178981725780667,2.9006533124615554,2.9006533124615554,False
base__s8__5000K_2.0gcc,8,2.2,inf,1.0257417437508334,-1,0.62765301338652,0.9609520541708199,0.9609520541708199,False
base__s8__5000K_2.0gcc,8,2.24,inf,1.018179934088764,-1,0.6500518225288581,0.8128891957517036,0.8128891957517036,False
base__s8__5000K_2.0gcc,8,2.28,inf,1.0570036759411008,-1,0.629996669032835,1.082118323643477,1.082118323643477,False
base__s8__5000K_2.0gcc,8,2.32,inf,1.0214472117486055,-1,0.7231994072275928,1.217131804797449,1.217131804797449,False
base__s8__5000K_2.0gcc,8,2.36,inf,1.023634361631633,-1,0.6564889042165449,4.031463421396728,4.031463421396728,False
base__s8__5000K_2.0gcc,8,2.4,inf,1.031684683258407,-1,0.6646019780502159,1.429074518597306,1.429074518597306,False
base__s8__5000K_2.0gcc,8,2.44,inf,1.035590242550594,-1,0.751230205829708,1.243881247988351,1.243881247988351,False
base__s8__5000K_2.0gcc,8,2.48,inf,0.9813730020058632,-1,0.7300545817348288,2.1978539461419837,2.1978539461419837,False
base__s8__5000K_2.0gcc,8,2.52,inf,1.0388564389856765,-1,0.657392780514666,3.5693207625961647,3.5693207625961647,False
base__s8__5000K_2.0gcc,8,2.56,inf,1.012180275900988,-1,0.7666664014019454,1.4030761356479426,1.4030761356479426,False
base__s8__5000K_2.0gcc,8,2.6,inf,1.0240011362835495,-1,0.8756670004693055,1.1117104167113863,1.1117104167113863,False
base__s8__5000K_2.0gcc,8,2.64,inf,0.9934196538316524,-1,0.7894076628495179,0.8850410523401099,0.8850410523401099,False
base__s8__5000K_2.0gcc,8,2.68,inf,1.017553438291572,-1,0.6840627258935422,0.9106145662765666,0.9106145662765666,False
base__s8__5000K_2.0gcc,8,2.72,inf,1.0196736994499762,-1,0.7499362563766365,4.608557852676638,4.608557852676638,False
base__s8__5000K_2.0gcc,8,2.76,inf,1.0098454040381628,-1,0.6661323226710355,1.88800286353938,1.88800286353938,False
base__s8__5000K_2.0gcc,8,2.8000000000000003,inf,0.9966258813265888,-1,0.7766625813437831,1.4143411745423398,1.4143411745423398,False
base__s8__5000K_2.0gcc,8,2.84,inf,1.0141213446141444,-1,0.8307882845566897,2.995161699119115,2.995161699119115,False
base__s8__5000K_2.0gcc,8,2.88,inf,1.0507991449534977,-1,0.7097744134842212,1.0310789764840913,1.0310789764840913,False
base__s8__5000K_2.0gcc,8,2.92,inf,1.022578032553996,-1,0.6382287172655258,1.9832387128898414,1.9832387128898414,False
base__s8__5000K_2.0gcc,8,2.96,inf,1.022903159362605,-1,0.8084976441142917,0.941514089432283,0.941514089432283,False
base__s8__5000K_2.0gcc,8,3.0,inf,1.0231170974145636,-1,0.6988645383765035,0.8131754987383438,0.8131754987383438,False
base__s8__5000K_2.0gcc,8,3.04,inf,1.015064391804284,-1,0.8040384826582399,1.130094200306342,1.130094200306342,False
base__s8__5000K_2.0gcc,8,3.08,inf,1.0305339825517643,-1,0.8346702815401311,2.589093290584792,2.589093290584792,False
base__s8__5000K_2.0gcc,8,3.12,inf,1.038749208320758,-1,0.7727342258121481,1.496403411392515,1.496403411392515,False
base__s8__5000K_2.0gcc,8,3.16,inf,1.0466747837040875,-1,0.7449662616187267,0.7964548553862032,0.7964548553862032,False
base__s8__5000K_2.0gcc,8,3.2,inf,1.0061120435438589,-1,0.7298227060854134,1.0825891123411815,1.0825891123411815,False
base__s8__5000K_2.0gcc,8,3.24,inf,1.038878574784368,-1,0.9608091336135358,3.867345089727519,3.867345089727519,False
base__s8__5000K_2.0gcc,8,3.28,inf,1.0360754146050373,-1,0.704216570815041,1.2214257930368095,1.2214257930368095,False
base__s8__5000K_2.0gcc,8,3.3200000000000003,inf,1.0270067204862874,-1,0.6965540921243436,1.5622014988842063,1.5622014988842063,False
base__s8__5000K_2.0gcc,8,3.36,inf,1.035634772599395,-1,0.7868168084847202,1.941672915555436,1.941672915555436,False
base__s8__5000K_2.0gcc,8,3.4,inf,1.0135309880783123,-1,0.6480879523646796,1.02326374725867,1.02326374725867,False
base__s8__5000K_2.0gcc,8,3.44,inf,0.964419530699166,-1,1.0341094965059128,1.2978204320875295,1.2978204320875295,False
base__s8__5000K_2.0gcc,8,3.48,inf,1.010913109339274,-1,0.6496544127489482,2.1322703875494664,2.1322703875494664,False
base__s8__5000K_2.0gcc,8,3.52,inf,1.037746414594625,-1,0.7020227766255871,1.4710338453530514,1.4710338453530514,False
base__s8__5000K_2.0gcc,8,3.56,inf,1.0023097671533483,-1,0.7247676767537325,1.0795504374522198,1.0795504374522198,False
base__s8__5000K_2.0gcc,8,3.6,inf,1.0344446072207063,-1,0.6178799736892834,0.9678867333895189,0.9678867333895189,False
base__s8__5000K_2.0gcc,8,3.64,inf,1.0028597024509458,-1,0.698492969473428,0.9065189695168785,0.9065189695168785,False
base__s8__5000K_2.0gcc,8,3.68,inf,1.023971346472644,-1,0.7133734019916862,0.9349881147615733,0.9349881147615733,False
base__s8__5000K_2.0gcc,8,3.72,inf,1.039397828661384,-1,0.7026825743740284,0.9737986425035767,0.9737986425035767,False
base__s8__5000K_2.0gcc,8,3.76,inf,1.011483390022298,-1,0.8434726720840893,1.3897119050899331,1.3897119050899331,False
base__s8__5000K_2.0gcc,8,3.8,inf,1.0164773969523375,-1,0.8368936302608935,1.296196454879833,1.296196454879833,False
base__s8__5000K_2.0gcc,8,3.84,inf,1.007814986464282,-1,0.6826522992250161,2.7337292021948785,2.7337292021948785,False
base__s8__5000K_2.0gcc,8,3.88,inf,1.0357228999442856,-1,0.7358804503431128,1.3816876396382187,1.3816876396382187,False
base__s8__5000K_2.0gcc,8,3.92,inf,1.0627893490188918,-1,0.6643013755981614,0.9000040945223586,0.9000040945223586,False
base__s8__5000K_2.0gcc,8,3.96,inf,1.0399130327296606,-1,0.6978720091316039,0.820946854471188,0.820946854471188,False
base__s8__5000K_2.0gcc,8,4.0,inf,1.020113027226885,-1,0.6215851437557669,1.2208410812053736,1.2208410812053736,False
base__s8__5000K_2.0gcc,8,4.04,inf,1.0222055806392376,-1,0.7658490288942337,0.9944651162078955,0.9944651162078955,False
base__s8__5000K_2.0gcc,8,4.08,inf,1.0303840092771237,-1,0.742317553462447,1.0655611746868112,1.0655611746868112,False
base__s8__5000K_2.0gcc,8,4.12,inf,1.0151732904238568,-1,0.6469084974687238,1.4872289013514648,1.4872289013514648,False
base__s8__5000K_2.0gcc,8,4.16,inf,1.029085960026178,-1,0.707326017896139,0.7947507366160136,0.7947507366160136,False
base__s8__5000K_2.0gcc,8,4.2,inf,1.026844146656152,-1,0.8133215551085163,1.2119373989400768,1.2119373989400768,False
base__s8__5000K_2.0gcc,8,4.24,inf,1.0334985635142404,-1,0.6578212560021359,0.9385687063045236,0.9385687063045236,False
base__s8__5000K_2.0gcc,8,4.28,inf,1.0441803965560736,-1,0.7462683330809552,2.3509891183219924,2.3509891183219924,False
base__s8__5000K_2.0gcc,8,4.32,inf,1.007411399804965,-1,0.7614303453973702,2.5380839281323686,2.5380839281323686,False
base__s8__5000K_2.0gcc,8,4.36,inf,1.0208224056411574,-1,0.9121881878200397,2.4521090578899054,2.4521090578899054,False
base__s8__5000K_2.0gcc,8,4.4,inf,0.9715342906614262,-1,0.899031282310918,1.017859647173155,0.9381590444818073,False
base__s8__5000K_2.0gcc,8,4.44,inf,1.0304656438392308,-1,0.6767781731840529,1.6128593218029015,1.6128593218029015,False
base__s8__5000K_2.0gcc,8,4.48,inf,1.0296210700772397,-1,0.6709096205252353,0.9745309082049369,0.9745309082049369,False
base__s8__5000K_2.0gcc,8,4.5200000000000005,inf,1.0111616683369675,-1,0.6491358181706615,1.3262892511499913,1.3262892511499913,False
base__s8__5000K_2.0gcc,8,4.5600000000000005,inf,1.0115078831121382,-1,0.6389049311780827,1.2742644302802528,1.2742644302802528,False
base__s8__5000K_2.0gcc,8,4.6000000000000005,inf,1.0156510521616169,-1,0.7993002844411523,1.0928844535964688,1.0928844535964688,False
base__s8__5000K_2.0gcc,8,4.64,inf,1.0322179687691937,-1,0.6319407500158457,1.190719760827929,1.190719760827929,False
base__s8__5000K_2.0gcc,8,4.68,inf,1.0082753385960608,-1,0.719248216328802,0.9651137530657561,0.9651137530657561,False
base__s8__5000K_2.0gcc,8,4.72,inf,1.0601623036804315,-1,0.6832584911586833,1.1218943125315994,1.1218943125315994,False
base__s8__5000K_2.0gcc,8,4.76,inf,1.0446641278487554,-1,0.6210960379968988,1.296086468912705,1.296086468912705,False
base__s8__5000K_2.0gcc,8,4.8,inf,1.0425409563854071,-1,0.6674179812288652,1.0543938744598866,1.0543938744598866,False
base__s8__5000K_2.0gcc,8,4.84,inf,1.0284282609910134,-1,0.6754092692091809,1.102940097988149,1.102940097988149,False
base__s8__5000K_2.0gcc,8,4.88,inf,1.0353951954925231,-1,0.6890785678226857,1.0057714128350181,1.0057714128350181,False
base__s8__5000K_2.0gcc,8,4.92,inf,1.026158997839029,-1,0.6722668030240442,0.971941641157214,0.971941641157214,False
base__s8__5000K_2.0gcc,8,4.96,inf,1.0040503476863103,-1,0.7138840946488422,0.8594264395088407,0.8594264395088407,False
base__s8__5000K_2.0gcc,8,5.0,inf,1.011810773192794,-1,0.6481943908356038,1.012296767934651,1.012296767934651,False
base__s8__5000K_2.0gcc,8,5.04,inf,1.014435003237763,-1,0.6459449128903751,1.224427167351023,1.224427167351023,False
base__s8__5000K_2.0gcc,8,5.08,inf,1.0395835609800683,-1,0.644809229028185,1.1668853529951955,1.1668853529951955,False
base__s8__5000K_2.0gcc,8,5.12,inf,1.0211820705241557,-1,0.9826622246273503,4.13082356666203,4.13082356666203,False
base__s8__5000K_2.0gcc,8,5.16,inf,1.032182389414294,-1,0.7204107756379129,1.6831615810444263,1.6831615810444263,False
base__s8__5000K_2.0gcc,8,5.2,inf,1.013602313484435,-1,0.7068124671394047,1.3984319526998537,1.3984319526998537,False
base__s8__5000K_2.0gcc,8,5.24,inf,0.994124210692507,-1,1.0092833203534497,1.749524596871376,1.749524596871376,False
base__s8__5000K_2.0gcc,8,5.28,inf,1.0366302733921096,-1,0.7678333149150056,3.2964806555223816,3.2964806555223816,False
base__s8__5000K_2.0gcc,8,5.32,inf,1.0345680517399525,-1,0.7205954610670504,1.8605595962232762,1.8605595962232762,False
base__s8__5000K_2.0gcc,8,5.36,inf,1.054213388928921,-1,0.6402239624225156,0.9720944592651086,0.9720944592651086,False
base__s8__5000K_2.0gcc,8,5.4,inf,1.0125915559716063,-1,0.7061995764922484,0.9741572832083891,0.9741572832083891,False
base__s8__5000K_2.0gcc,8,5.44,inf,1.0282909001197085,-1,0.7295629040232118,1.0313783616231746,1.0313783616231746,False
base__s8__5000K_2.0gcc,8,5.48,inf,1.021351766725353,-1,0.7701301629440652,1.2491366637800325,1.2491366637800325,False
base__s8__5000K_2.0gcc,8,5.5200000000000005,inf,1.009654967776617,-1,0.6440524791704697,1.8848607114306173,1.8848607114306173,False
base__s8__5000K_2.0gcc,8,5.5600000000000005,inf,1.0730441062183786,-1,0.6734470322051045,1.0344308349169964,1.0344308349169964,False
base__s8__5000K_2.0gcc,8,5.6000000000000005,inf,1.0119957105353756,-1,0.7429752696642851,0.9796706745422379,0.9796706745422379,False
base__s8__5000K_2.0gcc,8,5.64,inf,1.0377395817434156,-1,0.6623567532601357,0.9641140379112526,0.9641140379112526,False
base__s8__5000K_2.0gcc,8,5.68,inf,1.0252734364690237,-1,0.7168812531971327,1.3250926620175132,1.3250926620175132,False
base__s8__5000K_2.0gcc,8,5.72,inf,1.049329180807434,-1,0.7975322500550794,1.4401359415597452,1.4401359415597452,False
base__s8__5000K_2.0gcc,8,5.76,inf,1.0488892915632229,-1,0.6595637976143062,1.9846008842424117,1.9846008842424117,False
base__s8__5000K_2.0gcc,8,5.8,inf,1.0496083726209506,-1,0.7608033877338928,0.8349962513632476,0.8349962513632476,False
base__s8__5000K_2.0gcc,8,5.84,inf,0.9727765865737106,-1,0.9677206035665911,1.2561628917224632,1.2561628917224632,False
base__s8__5000K_2.0gcc,8,5.88,inf,1.007435837599596,-1,0.7633795747611506,0.9117925520468997,0.9117925520468997,False
base__s8__5000K_2.0gcc,8,5.92,inf,1.0157225815787494,-1,0.6205367608985696,0.8306368034540089,0.8306368034540089,False
base__s8__5000K_2.0gcc,8,5.96,inf,1.0382775607557932,-1,0.7111718229535368,0.9379018607927383,0.9012007145680162,False
base__s8__5000K_2.0gcc,8,6.0,inf,0.9860683807023732,-1,0.9778296897838687,1.195790600011991,1.195790600011991,False
base__s8__5000K_2.0gcc,8,6.04,inf,1.0400856958895253,-1,0.6972071736370826,1.6045243903185775,1.6045243903185775,False
base__s8__5000K_2.0gcc,8,6.08,inf,0.9969361796093072,-1,0.705544489462874,1.0041816216826436,1.0041816216826436,False
base__s8__5000K_2.0gcc,8,6.12,inf,1.0403425432346791,-1,0.7044655822284193,1.4361364583288962,1.4361364583288962,False
base__s8__5000K_2.0gcc,8,6.16,inf,1.031587420001815,-1,0.7837730707654473,3.5565039765057405,3.5565039765057405,False
base__s8__5000K_2.0gcc,8,6.2,inf,1.0027100939080051,-1,0.7375616175086441,1.1768683735060346,1.1768683735060346,False
base__s8__5000K_2.0gcc,8,6.24,inf,1.0438174581079778,-1,0.7783925535527089,6.174835104885372,6.174835104885372,False
base__s8__5000K_2.0gcc,8,6.28,inf,1.0458673076509275,-1,0.7132584579012725,1.4675764641361382,1.4675764641361382,False
base__s8__5000K_2.0gcc,8,6.32,inf,1.0143051393170597,-1,0.7050769395938972,0.9549099510058439,0.9549099510058439,False
base__s8__5000K_2.0gcc,8,6.36,inf,1.0293713309729395,-1,0.7321312585515178,1.2737022850629263,1.2737022850629263,False
base__s8__5000K_2.0gcc,8,6.4,inf,1.0382485107978727,-1,0.670768166914714,0.8705074937827657,0.8705074937827657,False
base__s8__5000K_2.0gcc,8,6.44,inf,1.005274046182931,-1,0.6574343133428295,1.1207612123363648,1.1207612123363648,False
base__s8__5000K_2.0gcc,8,6.48,inf,1.046983555371812,-1,0.6404176377560562,1.245129281460563,1.245129281460563,False
base__s8__5000K_2.0gcc,8,6.5200000000000005,inf,1.0200418492287462,-1,0.7347514138349341,1.2682952665440088,1.2682952665440088,False
base__s8__5000K_2.0gcc,8,6.5600000000000005,inf,1.0327818666441626,-1,0.6622421644735559,1.0773524980121745,1.0773524980121745,False
base__s8__5000K_2.0gcc,8,6.6000000000000005,inf,1.032386007637163,-1,0.7259516936874171,1.142848268983434,1.142848268983434,False
base__s8__5000K_2.0gcc,8,6.640000000000001,inf,1.013486948079747,-1,0.6502006269284344,1.110211074583402,1.110211074583402,False
base__s8__5000K_2.0gcc,8,6.68,inf,1.026195532714404,-1,0.7817124467655704,2.4350181252349685,2.4350181252349685,False
base__s8__5000K_2.0gcc,8,6.72,inf,1.0144873440659576,-1,0.6715008560258797,1.0591588267335201,1.0591588267335201,False
base__s8__5000K_2.0gcc,8,6.76,inf,1.0183253979494962,-1,0.6701688487772743,1.8151469914682317,1.8151469914682317,False
base__s8__5000K_2.0gcc,8,6.8,inf,1.0115976764667858,-1,0.6440090135774315,1.307776360168003,1.307776360168003,False
base__s8__5000K_2.0gcc,8,6.84,inf,1.0241779465136909,-1,0.8871788309679891,2.1941501989532037,2.1941501989532037,False
base__s8__5000K_2.0gcc,8,6.88,inf,1.025456376043857,-1,0.6750126082638234,5.742452763648383,5.742452763648383,False
base__s8__5000K_2.0gcc,8,6.92,inf,1.0050032877145234,-1,0.8926458422582304,1.4343309963367432,1.4343309963367432,False
base__s8__5000K_2.0gcc,8,6.96,inf,0.9673018890046692,-1,1.12777576177603,1.2759162253542655,1.1205970871773663,False
base__s8__5000K_2.0gcc,8,7.0,inf,1.0372172497297756,-1,0.7238929621290786,1.1701317078614284,1.1701317078614284,False
base__s8__5000K_2.0gcc,8,7.04,inf,1.0059422507405682,-1,0.7225853147409592,1.1555845957903155,1.1555845957903155,False
base__s8__5000K_2.0gcc,8,7.08,inf,1.050322577558914,-1,0.6486378093859905,1.3198627295907763,1.3198627295907763,False
base__s8__5000K_2.0gcc,8,7.12,inf,1.0273989015689102,-1,0.6463260662618845,1.3163224438028758,1.3163224438028758,False
base__s8__5000K_2.0gcc,8,7.16,inf,1.011603812425596,-1,0.6865177615169159,1.0818152918467114,1.0818152918467114,False
base__s8__5000K_2.0gcc,8,7.2,inf,1.035073444872874,-1,0.6281672210718612,0.9989121635720496,0.9989121635720496,False
base__s8__5000K_2.0gcc,8,7.24,inf,1.0026216980441829,-1,0.7110930878882292,1.2376326757695393,1.2376326757695393,False
base__s8__5000K_2.0gcc,8,7.28,inf,1.0168110378044686,-1,0.7308159719306693,1.6560950033847675,1.6560950033847675,False
base__s8__5000K_2.0gcc,8,7.32,inf,0.9845294493929576,-1,0.809384402692114,0.8918535399724373,0.8174260692179038,False
base__s8__5000K_2.0gcc,8,7.36,inf,1.0494039704713338,-1,0.6528924663282683,2.7342151748992682,2.7342151748992682,False
base__s8__5000K_2.0gcc,8,7.4,inf,1.0109825195353277,-1,0.7443124385153801,1.3061640296293178,1.3061640296293178,False
base__s8__5000K_2.0gcc,8,7.44,inf,1.0502702983946564,-1,0.7524744137042775,1.3256620447022196,1.3256620447022196,False
base__s8__5000K_2.0gcc,8,7.48,inf,1.0473551629633568,-1,0.6287139202226917,2.003711367954057,2.003711367954057,False
base__s8__5000K_2.0gcc,8,7.52,inf,1.0426038651693164,-1,0.7535057155229605,5.610520234130536,5.610520234130536,False
base__s8__5000K_2.0gcc,8,7.56,inf,1.0346670402148703,-1,0.7207450884049245,1.2982211431956068,1.2982211431956068,False
base__s8__5000K_2.0gcc,8,7.6,inf,1.009366110925565,-1,0.7317208866282817,2.6284047396178116,2.6284047396178116,False
base__s8__5000K_2.0gcc,8,7.640000000000001,inf,1.002267340270549,-1,0.7531776908202368,0.9744974132656404,0.9744974132656404,False
base__s8__5000K_2.0gcc,8,7.68,inf,1.0535866024485123,-1,0.6469814658833323,1.0824526258634137,1.0824526258634137,False
base__s8__5000K_2.0gcc,8,7.72,inf,1.0507453094265988,-1,0.6841516276581515,1.1573937559071248,1.1573937559071248,False
base__s8__5000K_2.0gcc,8,7.76,inf,1.0221758355728237,-1,0.768678654591036,0.9484640890170049,0.8024394808944745,False
base__s8__5000K_2.0gcc,8,7.8,inf,1.043029034727222,-1,0.683243415804703,1.0326174156915573,1.0326174156915573,False
base__s8__5000K_2.0gcc,8,7.84,inf,1.038356133869781,-1,0.7896434998744268,1.158358023273264,1.158358023273264,False
base__s8__5000K_2.0gcc,8,7.88,inf,1.0248541222813128,-1,0.6466033067866582,1.7188315138142287,1.7188315138142287,False
base__s8__5000K_2.0gcc,8,7.92,inf,1.0478557606149803,-1,0.7588472837955251,1.334332350217837,1.334332350217837,False
base__s8__5000K_2.0gcc,8,7.96,inf,1.0407376761494709,-1,0.8202194298078853,1.2393162828110196,1.2393162828110196,False
base__s8__5000K_2.0gcc,8,8.0,inf,1.04636253318532,-1,0.6787227024490189,3.2994128589300162,3.2994128589300162,False
base__s8__5000K_2.0gcc,8,8.040000000000001,inf,1.0133946802376657,-1,0.5985313620380474,1.1682070508183446,1.1682070508183446,False
base__s8__5000K_2.0gcc,8,8.08,inf,1.0261704897062671,-1,0.6461858530556945,1.035529215502906,1.035529215502906,False
base__s8__5000K_2.0gcc,8,8.120000000000001,inf,1.0501086710759988,-1,0.6876057836064574,2.179784889877097,2.179784889877097,False
base__s8__5000K_2.0gcc,8,8.16,inf,1.0097048318266078,-1,0.7940427307768095,1.3485379813847298,1.3485379813847298,False
base__s8__5000K_2.0gcc,8,8.2,inf,1.0260139773872483,-1,0.692048500185994,1.2694457572964641,1.2694457572964641,False
base__s8__5000K_2.0gcc,8,8.24,inf,0.9636736763183896,-1,1.1572268401179877,1.2732508204386983,1.2510691526667963,False
base__s8__5000K_2.0gcc,8,8.28,inf,1.001397412144648,-1,0.6773427198835336,1.0954957360085267,1.0954957360085267,False
base__s8__5000K_2.0gcc,8,8.32,inf,1.0388440732492052,-1,0.6235885494775327,1.3558728535900935,1.3558728535900935,False
base__s8__5000K_2.0gcc,8,8.36,inf,1.0219267563093746,-1,0.8086316140901537,2.0163573367445347,2.0163573367445347,False
base__s8__5000K_2.0gcc,8,8.4,inf,1.008764081343601,-1,0.7029338135249333,1.24142323305965,1.24142323305965,False
base__s8__5000K_2.0gcc,8,8.44,inf,1.0007805354472064,-1,0.9206151779576288,2.858783028141822,2.858783028141822,False
base__s8__5000K_2.0gcc,8,8.48,inf,1.0324741992907132,-1,0.6548618088447374,0.9620929829629862,0.9620929829629862,False
base__s8__5000K_2.0gcc,8,8.52,inf,1.0457394698953464,-1,0.6738723985931465,5.35803680971856,5.35803680971856,False
base__s8__5000K_2.0gcc,8,8.56,inf,1.0370657352554862,-1,0.6941934097607929,1.440248114017447,1.440248114017447,False
base__s8__5000K_2.0gcc,8,8.6,inf,1.061055256806638,-1,0.6510289741457391,4.69315084360022,4.69315084360022,False
base__s8__5000K_2.0gcc,8,8.64,inf,1.0205919259042766,-1,0.7609063127536994,1.003985047143767,1.003985047143767,False
base__s8__5000K_2.0gcc,8,8.68,inf,0.9992297382469156,-1,0.8662928776951382,3.044595267225548,3.044595267225548,False
base__s8__5000K_2.0gcc,8,8.72,inf,0.9858043889387994,-1,0.8446761640228246,3.807036377963636,3.807036377963636,False
base__s8__5000K_2.0gcc,8,8.76,inf,1.0251307088488772,-1,0.6756819840782018,5.766260985969763,5.766260985969763,False
base__s8__5000K_2.0gcc,8,8.8,inf,1.046906973187685,-1,0.6853979049282237,2.880187731218938,2.880187731218938,False
base__s8__5000K_2.0gcc,8,8.84,inf,1.015403411964919,-1,0.750964787008692,1.953645217428582,1.953645217428582,False
base__s8__5000K_2.0gcc,8,8.88,inf,1.0422008888779557,-1,0.6534251366929317,2.218471447620685,2.218471447620685,False
base__s8__5000K_2.0gcc,8,8.92,inf,0.9711592928968968,-1,0.8784046758670077,2.088110480890569,2.088110480890569,False
base__s8__5000K_2.0gcc,8,8.96,inf,1.0045458375912966,-1,0.7787875035496935,0.9382028200793645,0.9382028200793645,False
base__s8__5000K_2.0gcc,8,9.0,inf,0.9972731135240736,-1,0.7770199486222952,1.1503799001526311,1.1503799001526311,False
base__s8__5000K_2.0gcc,8,9.04,inf,1.0235619266707805,-1,0.768423928416779,1.0214148112446455,1.0214148112446455,False
base__s8__5000K_2.0gcc,8,9.08,inf,1.0237864536293688,-1,0.7331446791087629,0.889987795440953,0.889987795440953,False
base__s8__5000K_2.0gcc,8,9.12,inf,1.0021411827771576,-1,0.795230535573235,1.8650525053778093,1.8650525053778093,False
base__s8__5000K_2.0gcc,8,9.16,inf,1.0189392589580597,-1,0.7127127742019217,1.1004786483988507,1.1004786483988507,False
base__s8__5000K_2.0gcc,8,9.2,inf,1.0331275984252866,-1,0.7059159694987864,1.604299902334816,1.604299902334816,False
base__s8__5000K_2.0gcc,8,9.24,inf,1.046658793530155,-1,0.7842616574546893,2.050922567867446,2.050922567867446,False
base__s8__5000K_2.0gcc,8,9.28,inf,1.042382556217246,-1,0.6841284424991196,1.9105837877976524,1.9105837877976524,False
base__s8__5000K_2.0gcc,8,9.32,inf,1.0496591298159612,-1,0.798811318655416,1.3730012255321795,1.3730012255321795,False
base__s8__5000K_2.0gcc,8,9.36,inf,1.0175542927839285,-1,0.6912000966134417,2.1425073862581065,2.1425073862581065,False
base__s8__5000K_2.0gcc,8,9.4,inf,1.028313382329045,-1,0.6393029283634268,0.9576552362460033,0.9576552362460033,False
base__s8__5000K_2.0gcc,8,9.44,inf,1.0023894674137392,-1,0.789327689474888,1.1976986124643003,1.1976986124643003,False
base__s8__5000K_2.0gcc,8,9.48,inf,0.9942399448065842,-1,0.7144132316830132,1.3482486972605017,1.3482486972605017,False
base__s8__5000K_2.0gcc,8,9.52,inf,1.0365151065126836,-1,0.6863148688969527,0.8226782681615538,0.8226782681615538,False
base__s8__5000K_2.0gcc,8,9.56,inf,1.0400767672864346,-1,0.6688352391265221,0.8688054625854391,0.8688054625854391,False
base__s8__5000K_2.0gcc,8,9.6,inf,1.046056449048521,-1,0.6682855476318338,7.499204460729887,7.499204460729887,False
base__s8__5000K_2.0gcc,8,9.64,inf,1.0260179941253469,-1,0.6628999581427235,1.2826378435738781,1.2826378435738781,False
base__s8__5000K_2.0gcc,8,9.68,inf,1.0299249955166645,-1,0.9668360299781223,3.9721219672546213,3.9721219672546213,False
base__s8__5000K_2.0gcc,8,9.72,inf,1.031314806501875,-1,0.6330977345285187,1.0012464902613405,1.0012464902613405,False
base__s8__5000K_2.0gcc,8,9.76,inf,1.0401859138985683,-1,0.6837939626379914,0.9989538398176308,0.9989538398176308,False
base__s8__5000K_2.0gcc,8,9.8,inf,1.023159088718367,-1,0.9074381739933741,2.771169201341475,2.771169201341475,False
base__s8__5000K_2.0gcc,8,9.84,inf,1.0259793158124582,-1,0.7585863383978485,1.5807156703169218,1.5807156703169218,False
base__s8__5000K_2.0gcc,8,9.88,inf,1.026519884127434,-1,0.8859677889178453,1.5110952340556834,1.5110952340556834,False
base__s8__5000K_2.0gcc,8,9.92,inf,1.0215351020562131,-1,0.6631302433911521,2.8501996631086035,2.8501996631086035,False
base__s8__5000K_2.0gcc,8,9.96,inf,1.0583926386351146,-1,0.7648807406419718,0.8518582237223832,0.8518582237223832,False
base__s8__5000K_2.0gcc,8,10.0,inf,1.0340712756449626,-1,0.6930562323273531,1.0356473771950938,1.0356473771950938,False
base__s9__5000K_2.0gcc,9,0.0,inf,1.0310702502254634,-1,0.8928044464759279,1.0000000000000064,1.0000000000000064,False
base__s9__5000K_2.0gcc,9,0.04,inf,1.0447989472893815,-1,0.7450367625431997,0.8678374534774168,0.8678374534774168,False
base__s9__5000K_2.0gcc,9,0.08,inf,1.0074650378479642,-1,0.6596288711317667,0.7281882527949411,0.7281882527949411,False
base__s9__5000K_2.0gcc,9,0.12,inf,1.0047670863045823,-1,0.6979898267694992,0.9879473451502179,0.9879473451502179,False
base__s9__5000K_2.0gcc,9,0.16,inf,1.0060616894355934,-1,0.6921176554070737,1.2115419655183257,1.2115419655183257,False
base__s9__5000K_2.0gcc,9,0.2,inf,1.000919251500839,-1,0.8707706808834844,2.0761872750586123,2.0761872750586123,False
base__s9__5000K_2.0gcc,9,0.24,inf,1.018490091819258,-1,0.6880177438386051,0.999831603792457,0.999831603792457,False
base__s9__5000K_2.0gcc,9,0.28,inf,1.0040389922592654,-1,0.6787367544947619,1.488430941590931,1.488430941590931,False
base__s9__5000K_2.0gcc,9,0.32,inf,1.036734487784119,-1,0.6986566779309772,0.90877624582066,0.90877624582066,False
base__s9__5000K_2.0gcc,9,0.36,inf,1.0221655432453198,-1,0.701708223900717,1.0626072881527553,1.0626072881527553,False
base__s9__5000K_2.0gcc,9,0.4,inf,1.0433964357256549,-1,0.7443715544139615,0.7978981095396426,0.7443715544139615,False
base__s9__5000K_2.0gcc,9,0.44,inf,1.0275234534461977,-1,0.7674024555607669,0.7625349874884819,0.7674024555607669,False
base__s9__5000K_2.0gcc,9,0.48,inf,1.0353998554225317,-1,0.810408952973285,1.231469749049674,1.231469749049674,False
base__s9__5000K_2.0gcc,9,0.52,inf,1.0157682724337282,-1,0.7682463624549225,1.101436502794202,1.101436502794202,False
base__s9__5000K_2.0gcc,9,0.56,inf,1.0124844294294104,-1,0.6946051869438771,1.0004298390072563,1.0004298390072563,False
base__s9__5000K_2.0gcc,9,0.6,inf,1.0034550852594253,-1,0.7878129939345719,1.0592102186944723,1.0592102186944723,False
base__s9__5000K_2.0gcc,9,0.64,inf,1.0150962642631491,-1,0.8200504365451952,2.9802581547193974,2.9802581547193974,False
base__s9__5000K_2.0gcc,9,0.68,inf,0.9921475995314404,-1,0.771987384977559,0.946647490618018,0.946647490618018,False
base__s9__5000K_2.0gcc,9,0.72,inf,1.04280907288343,-1,0.6529381801407032,1.0179307711519376,1.0179307711519376,False
base__s9__5000K_2.0gcc,9,0.76,inf,1.051127050640882,-1,0.6330765230463937,0.7311201228751367,0.7311201228751367,False
base__s9__5000K_2.0gcc,9,0.8,inf,1.0259391768175152,-1,0.6159612838629321,0.7499400515281607,0.7335018708586142,False
base__s9__5000K_2.0gcc,9,0.84,inf,1.014766975056835,-1,0.7152520469854082,0.789974314159934,0.789974314159934,False
base__s9__5000K_2.0gcc,9,0.88,inf,0.9897701949144558,-1,0.6873215272553601,0.8454736860344276,0.8454736860344276,False
base__s9__5000K_2.0gcc,9,0.92,inf,0.9898313042220884,-1,0.7268899722126906,1.0213361608103648,1.0213361608103648,False
base__s9__5000K_2.0gcc,9,0.96,inf,1.03731588758343,-1,0.7172790961198746,1.1842051025655886,1.1842051025655886,False
base__s9__5000K_2.0gcc,9,1.0,inf,1.007429873413033,-1,0.730308302856792,0.851087870532686,0.851087870532686,False
base__s9__5000K_2.0gcc,9,1.04,inf,1.0487509800395889,-1,0.7961678911177167,1.2479531370745964,1.2479531370745964,False
base__s9__5000K_2.0gcc,9,1.08,inf,1.044441414683466,-1,0.745830795869838,0.9990446903674506,0.9990446903674506,False
base__s9__5000K_2.0gcc,9,1.12,inf,0.9794087967774232,-1,0.769049863979424,0.9120674000000791,0.7869115930215465,False
base__s9__5000K_2.0gcc,9,1.16,inf,1.0175277559403473,-1,0.7329985955007889,1.124789552582552,1.124789552582552,False
base__s9__5000K_2.0gcc,9,1.2,inf,1.0293302683842545,-1,0.6082542647660144,0.9689447955100141,0.9689447955100141,False
base__s9__5000K_2.0gcc,9,1.24,inf,1.0271901373557868,-1,0.6493533814189772,0.8314938767971205,0.8314938767971205,False
base__s9__5000K_2.0gcc,9,1.28,inf,1.047402484317753,-1,0.6927332250137207,0.9571369855239528,0.9571369855239528,False
base__s9__5000K_2.0gcc,9,1.32,inf,1.0237950383006356,-1,0.6756372058344031,1.249428814724915,1.249428814724915,False
base__s9__5000K_2.0gcc,9,1.36,inf,1.0287085825140192,-1,0.8761470941748202,1.0408381262439885,1.0408381262439885,False
base__s9__5000K_2.0gcc,9,1.4,inf,1.01839158131487,-1,0.7062820531423477,9.38317991781528,9.38317991781528,False
base__s9__5000K_2.0gcc,9,1.44,inf,1.0251646875551266,-1,0.6909135082805665,0.7809050435925784,0.7596714469787027,False
base__s9__5000K_2.0gcc,9,1.48,inf,1.0505846800834282,-1,0.7087541349627753,1.5689004473113273,1.5689004473113273,False
base__s9__5000K_2.0gcc,9,1.52,inf,1.002290152674863,-1,0.7141876791392635,0.9004872576884934,0.9004872576884934,False
base__s9__5000K_2.0gcc,9,1.56,inf,1.033326771098572,-1,0.7062897120383048,0.7966593851822594,0.7966593851822594,False
base__s9__5000K_2.0gcc,9,1.6,inf,0.9794891338948076,-1,0.9811204714546573,1.1453040504741872,0.9827764446365597,False
base__s9__5000K_2.0gcc,9,1.64,inf,0.9733740566390696,-1,1.1429350188711946,1.302874546288033,1.2017063802040657,False
base__s9__5000K_2.0gcc,9,1.68,inf,0.9790338590922174,-1,0.7070792235441091,0.800783179361607,0.7070792235441091,False
base__s9__5000K_2.0gcc,9,1.72,inf,1.015687884354244,-1,0.6095493879952654,1.0373838320643618,1.0373838320643618,False
base__s9__5000K_2.0gcc,9,1.76,inf,1.027714796970444,-1,0.6698642263489503,1.5385801248196245,1.5385801248196245,False
base__s9__5000K_2.0gcc,9,1.8,inf,1.019701996983923,-1,0.6990171838770874,1.088211279572038,1.088211279572038,False
base__s9__5000K_2.0gcc,9,1.84,inf,1.0090767410697756,-1,0.8311398997385815,1.1185084966031298,1.1185084966031298,False
base__s9__5000K_2.0gcc,9,1.88,inf,1.045333097976429,-1,0.6875642189295668,0.8198509496795697,0.8198509496795697,False
base__s9__5000K_2.0gcc,9,1.92,inf,0.9912085509614016,-1,1.1862847365065317,1.3699853049541615,1.1862847365065317,False
base__s9__5000K_2.0gcc,9,1.96,inf,1.0222787012972538,-1,0.6212839243920889,1.439132626929959,1.439132626929959,False
base__s9__5000K_2.0gcc,9,2.0,inf,1.0056754544727642,-1,0.6504211382463899,1.8961381141728264,1.8961381141728264,False
base__s9__5000K_2.0gcc,9,2.04,inf,1.0314138158479358,-1,0.6481080659239383,4.678315298517827,4.678315298517827,False
base__s9__5000K_2.0gcc,9,2.08,inf,1.0252323682609716,-1,0.6851225124558085,5.630724189485273,5.630724189485273,False
base__s9__5000K_2.0gcc,9,2.12,inf,1.0150090698240086,-1,0.7388090076114647,6.386564119754302,6.386564119754302,False
base__s9__5000K_2.0gcc,9,2.16,inf,1.014148473300137,-1,0.7385346707641143,0.9296645684208004,0.9296645684208004,False
base__s9__5000K_2.0gcc,9,2.2,inf,1.021021779525784,-1,0.6471921489628877,1.1966838842181824,1.1966838842181824,False
base__s9__5000K_2.0gcc,9,2.24,inf,1.023459161442214,-1,0.6852967963875903,0.9241039535117114,0.9241039535117114,False
base__s9__5000K_2.0gcc,9,2.28,inf,0.9924342578815984,-1,0.7844961181800412,1.8861329918401235,1.8861329918401235,False
base__s9__5000K_2.0gcc,9,2.32,inf,0.9986781562735813,-1,0.7783213923419605,1.1248056502411092,1.1248056502411092,False
base__s9__5000K_2.0gcc,9,2.36,inf,1.0592556083703313,-1,0.7223567526428076,1.2828956578246253,1.2828956578246253,False
base__s9__5000K_2.0gcc,9,2.4,inf,0.9875895194386178,-1,0.7722212998108167,1.2486562846287348,1.2486562846287348,False
base__s9__5000K_2.0gcc,9,2.44,inf,1.031278826299173,-1,0.7895029325710984,1.3260791208910492,1.3260791208910492,False
base__s9__5000K_2.0gcc,9,2.48,inf,1.0429233117319796,-1,0.672556084541719,1.1521826586610926,1.1521826586610926,False
base__s9__5000K_2.0gcc,9,2.52,inf,1.004168694548879,-1,0.6715635346418851,1.6830585929632718,1.6830585929632718,False
base__s9__5000K_2.0gcc,9,2.56,inf,1.0052178812939012,-1,0.625925797448182,1.3794449737060763,1.3794449737060763,False
base__s9__5000K_2.0gcc,9,2.6,inf,0.9983515358935444,-1,0.6870307059769984,1.459669018285148,1.459669018285148,False
base__s9__5000K_2.0gcc,9,2.64,inf,1.0434866124383202,-1,0.6630721058953181,1.470734496251817,1.470734496251817,False
base__s9__5000K_2.0gcc,9,2.68,inf,1.039361625499518,-1,0.6551381548519949,1.7610374896082643,1.7610374896082643,False
base__s9__5000K_2.0gcc,9,2.72,inf,1.034720964823851,-1,0.7078458441068506,1.2409864290279082,1.2409864290279082,False
base__s9__5000K_2.0gcc,9,2.76,inf,1.0647396051129123,-1,0.6805076962624964,0.930625281020171,0.930625281020171,False
base__s9__5000K_2.0gcc,9,2.8000000000000003,inf,1.034161578906314,-1,0.6571946136064593,1.1697833428289053,1.1697833428289053,False
base__s9__5000K_2.0gcc,9,2.84,inf,1.029761003425552,-1,0.7224668909081549,1.373602268093616,1.373602268093616,False
base__s9__5000K_2.0gcc,9,2.88,inf,1.0190698357433603,-1,0.6958812047683677,1.7780304294594438,1.7780304294594438,False
base__s9__5000K_2.0gcc,9,2.92,inf,1.009896367436778,-1,0.6979269869767454,1.0383110015079584,1.0383110015079584,False
base__s9__5000K_2.0gcc,9,2.96,inf,1.032700395600291,-1,0.6714915814751306,1.008799345748924,0.8080390209584916,False
base__s9__5000K_2.0gcc,9,3.0,inf,1.032569167365072,-1,0.748213671254735,1.6599045703417334,1.6599045703417334,False
base__s9__5000K_2.0gcc,9,3.04,inf,1.0642145002488923,-1,0.7014546981567077,1.0358047744499626,1.0358047744499626,False
base__s9__5000K_2.0gcc,9,3.08,inf,1.0216235664299256,-1,0.6522213853385338,5.771279216545478,5.771279216545478,False
base__s9__5000K_2.0gcc,9,3.12,inf,0.9987174191621968,-1,0.8808350715351709,1.24908247539897,1.24908247539897,False
base__s9__5000K_2.0gcc,9,3.16,inf,1.0438710717914357,-1,0.7065538251934843,1.1773361739783585,1.1773361739783585,False
base__s9__5000K_2.0gcc,9,3.2,inf,1.012564119846739,-1,0.7126560601616149,1.125781871682287,1.125781871682287,False
base__s9__5000K_2.0gcc,9,3.24,inf,1.0323996202832504,-1,0.7275128385972576,2.1768495088801654,2.1768495088801654,False
base__s9__5000K_2.0gcc,9,3.28,inf,1.003592127464639,-1,0.6502719326785484,1.1833287750909824,1.1833287750909824,False
base__s9__5000K_2.0gcc,9,3.3200000000000003,inf,0.9802223038831548,-1,1.0889286781228358,1.2144100726716007,1.2123184271927818,False
base__s9__5000K_2.0gcc,9,3.36,inf,1.0052815191198932,-1,0.7426634914101679,1.3900535082999288,1.3900535082999288,False
base__s9__5000K_2.0gcc,9,3.4,inf,1.031263891929704,-1,0.6768778164126649,1.0263003452148545,1.0263003452148545,False
base__s9__5000K_2.0gcc,9,3.44,inf,1.012746150463185,-1,0.7651530293688353,0.9961379169383257,0.9961379169383257,False
base__s9__5000K_2.0gcc,9,3.48,inf,1.0124391524733725,-1,0.8494230869710083,2.076810408179757,2.076810408179757,False
base__s9__5000K_2.0gcc,9,3.52,inf,1.0519272631745975,-1,0.6560384983886235,1.8256770247712766,1.8256770247712766,False
base__s9__5000K_2.0gcc,9,3.56,inf,1.0002936606447124,-1,0.7721960452147089,1.533539899599085,1.533539899599085,False
base__s9__5000K_2.0gcc,9,3.6,inf,0.9679398420439156,-1,0.9684020071417766,2.130798514504665,2.130798514504665,False
base__s9__5000K_2.0gcc,9,3.64,inf,1.008866030809344,-1,0.6468906923893794,0.9099676561590044,0.9099676561590044,False
base__s9__5000K_2.0gcc,9,3.68,inf,1.0083059944391892,-1,0.6922573216046302,1.0783231389079657,1.0783231389079657,False
base__s9__5000K_2.0gcc,9,3.72,inf,1.0560625938428083,-1,0.7087926241809118,1.4667739044903392,1.4667739044903392,False
base__s9__5000K_2.0gcc,9,3.76,inf,1.0317342254883293,-1,0.6096337374749259,0.7287284971439084,0.6841139422712896,False
base__s9__5000K_2.0gcc,9,3.8,inf,1.0320682897458862,-1,0.7826529725798345,1.0308651692280222,1.0308651692280222,False
base__s9__5000K_2.0gcc,9,3.84,inf,1.0460876451263534,-1,0.6896388465958806,3.752254311489395,3.752254311489395,False
base__s9__5000K_2.0gcc,9,3.88,inf,1.029748043006152,-1,0.7299777222602951,1.138796548043119,1.138796548043119,False
base__s9__5000K_2.0gcc,9,3.92,inf,0.9960082486696592,-1,0.7252424961977508,1.142657232116336,1.142657232116336,False
base__s9__5000K_2.0gcc,9,3.96,inf,1.01461818060638,-1,0.7110177124962409,1.5421965644647266,1.5421965644647266,False
base__s9__5000K_2.0gcc,9,4.0,inf,1.0179983878661107,-1,0.752837698374978,1.4588851328858141,1.4588851328858141,False
base__s9__5000K_2.0gcc,9,4.04,inf,1.0248780679515002,-1,0.7195878512115279,1.4048477581034284,1.4048477581034284,False
base__s9__5000K_2.0gcc,9,4.08,inf,1.020450482658516,-1,0.6626061562545889,1.461527416208335,1.461527416208335,False
base__s9__5000K_2.0gcc,9,4.12,inf,1.0395415997082558,-1,0.7412597703773125,0.9868559485273828,0.9868559485273828,False
base__s9__5000K_2.0gcc,9,4.16,inf,1.0321478177315495,-1,0.7706044663694408,4.3119479320259515,4.3119479320259515,False
base__s9__5000K_2.0gcc,9,4.2,inf,1.0303399010705157,-1,0.633317714290596,1.037212857984001,1.037212857984001,False
base__s9__5000K_2.0gcc,9,4.24,inf,1.0168783664096708,-1,0.6385578634677704,2.014027115495502,2.014027115495502,False
base__s9__5000K_2.0gcc,9,4.28,inf,1.0528326482523234,-1,0.6557475439273033,1.165207961756352,1.165207961756352,False
base__s9__5000K_2.0gcc,9,4.32,inf,1.0128138306115295,-1,0.6738225732443668,1.3334804848142847,1.3334804848142847,False
base__s9__5000K_2.0gcc,9,4.36,inf,1.0512357247111603,-1,0.7133102002905044,2.9974383850505104,2.9974383850505104,False
base__s9__5000K_2.0gcc,9,4.4,inf,1.021416597139972,-1,0.6647318653651204,0.847471900290065,0.8330696897949359,False
base__s9__5000K_2.0gcc,9,4.44,inf,1.0460671444539316,-1,0.83195827534767,1.1209911070111642,1.1209911070111642,False
base__s9__5000K_2.0gcc,9,4.48,inf,1.0057650713427069,-1,0.7238193301207658,2.407268316911074,2.407268316911074,False
base__s9__5000K_2.0gcc,9,4.5200000000000005,inf,1.00774085242983,-1,0.7584386804266077,1.1365437044549687,1.1365437044549687,False
base__s9__5000K_2.0gcc,9,4.5600000000000005,inf,1.0369040871739297,-1,0.7174789663672911,0.8811548598164413,0.8811548598164413,False
base__s9__5000K_2.0gcc,9,4.6000000000000005,inf,1.0181856316870703,-1,0.7102792665302837,1.0232875916001467,1.0232875916001467,False
base__s9__5000K_2.0gcc,9,4.64,inf,1.0513920136870925,-1,0.7151893265316878,0.9210251970945332,0.9210251970945332,False
base__s9__5000K_2.0gcc,9,4.68,inf,1.009633280221091,-1,0.9413885754724827,1.3232299469970825,1.3232299469970825,False
base__s9__5000K_2.0gcc,9,4.72,inf,1.038504805167506,-1,0.715045086371606,2.1326613743410405,2.1326613743410405,False
base__s9__5000K_2.0gcc,9,4.76,inf,1.015994941383568,-1,0.6489049051118176,1.2024060689783398,1.2024060689783398,False
base__s9__5000K_2.0gcc,9,4.8,inf,1.0057771580056891,-1,0.6887228013335849,1.0044170946517934,1.0044170946517934,False
base__s9__5000K_2.0gcc,9,4.84,inf,1.009685509121033,-1,0.6305318439680354,1.5779199211976997,1.5779199211976997,False
base__s9__5000K_2.0gcc,9,4.88,inf,1.0263598339339868,-1,0.759861693344517,1.0164548965925841,1.0164548965925841,False
base__s9__5000K_2.0gcc,9,4.92,inf,1.0250928109464037,-1,0.7421804170767732,2.3170457711152483,2.3170457711152483,False
base__s9__5000K_2.0gcc,9,4.96,inf,1.0772647494061056,-1,0.71273007349422,1.231672061503918,1.231672061503918,False
base__s9__5000K_2.0gcc,9,5.0,inf,1.0477553877928762,-1,0.7234845018776219,0.7938861829773745,0.7293490037311103,False
base__s9__5000K_2.0gcc,9,5.04,inf,1.043358745117421,-1,0.7178121127266486,1.064670410706961,1.064670410706961,False
base__s9__5000K_2.0gcc,9,5.08,inf,1.0274150970902658,-1,0.673417567733193,0.8287107804163089,0.8287107804163089,False
base__s9__5000K_2.0gcc,9,5.12,inf,1.023962486258652,-1,0.7113846094520988,2.191609477207452,2.191609477207452,False
base__s9__5000K_2.0gcc,9,5.16,inf,1.0246094203129308,-1,0.7100547596916214,1.1175614730921626,1.1175614730921626,False
base__s9__5000K_2.0gcc,9,5.2,inf,0.9783335006729544,-1,1.097784223060407,1.1078908185597327,1.1078908185597327,False
base__s9__5000K_2.0gcc,9,5.24,inf,1.0513528263818004,-1,0.6816737170881745,0.9186797068053533,0.9186797068053533,False
base__s9__5000K_2.0gcc,9,5.28,inf,1.0318814751811376,-1,0.6775931244198866,1.1686181037008825,1.1686181037008825,False
base__s9__5000K_2.0gcc,9,5.32,inf,1.0473631559521268,-1,0.6480420453638478,0.9806157691349551,0.9806157691349551,False
base__s9__5000K_2.0gcc,9,5.36,inf,1.0163578304740917,-1,0.7477704768301464,2.3159102383318073,2.3159102383318073,False
base__s9__5000K_2.0gcc,9,5.4,inf,1.0248817388025802,-1,0.7069716075576558,1.255759571450227,1.255759571450227,False
base__s9__5000K_2.0gcc,9,5.44,inf,1.026352172659072,-1,0.646050871776344,0.9394504621132068,0.9394504621132068,False
base__s9__5000K_2.0gcc,9,5.48,inf,1.0390239341752432,-1,0.646368880662709,1.7816186997747896,1.7816186997747896,False
base__s9__5000K_2.0gcc,9,5.5200000000000005,inf,1.064980294041162,-1,0.6129903071794469,1.046144606115006,1.046144606115006,False
base__s9__5000K_2.0gcc,9,5.5600000000000005,inf,1.0188349736792506,-1,0.6508923986446039,0.9445456436825943,0.9445456436825943,False
base__s9__5000K_2.0gcc,9,5.6000000000000005,inf,1.005238499212003,-1,0.6852006814197968,4.33476499712201,4.33476499712201,False
base__s9__5000K_2.0gcc,9,5.64,inf,1.0169023792424712,-1,0.6997742876025506,0.9902821227156446,0.9902821227156446,False
base__s9__5000K_2.0gcc,9,5.68,inf,1.0363534574116116,-1,0.6588227683671957,1.0848797632423683,1.0848797632423683,False
base__s9__5000K_2.0gcc,9,5.72,inf,1.0501600273882068,-1,0.7138450638665121,0.9266139347972159,0.9266139347972159,False
base__s9__5000K_2.0gcc,9,5.76,inf,1.0144714815533258,-1,0.6691618881262578,1.3357533699367514,1.3357533699367514,False
base__s9__5000K_2.0gcc,9,5.8,inf,1.012293464487942,-1,0.7416916452785364,1.2317284252872645,1.2317284252872645,False
base__s9__5000K_2.0gcc,9,5.84,inf,1.0293957460763083,-1,0.8278171288255818,1.445353418801463,1.445353418801463,False
base__s9__5000K_2.0gcc,9,5.88,inf,1.048175925900801,-1,0.6921959794975316,1.1924853496357053,1.1924853496357053,False
base__s9__5000K_2.0gcc,9,5.92,inf,1.0247927415463087,-1,0.6651010468545626,2.129496600833098,2.129496600833098,False
base__s9__5000K_2.0gcc,9,5.96,inf,1.0388820618597665,-1,0.6155450178770956,0.7748960968045739,0.7748960968045739,False
base__s9__5000K_2.0gcc,9,6.0,inf,1.017941363043079,-1,0.7483943540716049,9.166823131166586,9.166823131166586,False
base__s9__5000K_2.0gcc,9,6.04,inf,1.0109340549541297,-1,0.6265956899584207,0.9594086190185859,0.9594086190185859,False
base__s9__5000K_2.0gcc,9,6.08,inf,0.9749911611030122,-1,0.8434812747372973,4.490230989809511,4.490230989809511,False
base__s9__5000K_2.0gcc,9,6.12,inf,1.008982456718154,-1,0.7219848299788361,1.023039949184831,1.023039949184831,False
base__s9__5000K_2.0gcc,9,6.16,inf,1.072621150064178,-1,0.7147776108558292,1.5363886223276206,1.5363886223276206,False
base__s9__5000K_2.0gcc,9,6.2,inf,1.0199698352740636,-1,0.7415015519820951,1.2354121941060847,1.2354121941060847,False
base__s9__5000K_2.0gcc,9,6.24,inf,1.0343052163138309,-1,0.8614696440153187,0.9745186577548395,0.9745186577548395,False
base__s9__5000K_2.0gcc,9,6.28,inf,1.0364836442959435,-1,0.878932059398126,6.975302043832802,6.975302043832802,False
base__s9__5000K_2.0gcc,9,6.32,inf,1.020789136937693,-1,0.7351085903522196,1.0906560208920648,1.0906560208920648,False
base__s9__5000K_2.0gcc,9,6.36,inf,1.008872357221666,-1,0.7030723275048125,1.2121977910856425,1.2121977910856425,False
base__s9__5000K_2.0gcc,9,6.4,inf,1.0394012639298646,-1,0.7457653267442431,0.9391510693104308,0.9391510693104308,False
base__s9__5000K_2.0gcc,9,6.44,inf,1.0695916481821466,-1,0.5759458828376804,1.0229981202396805,1.0229981202396805,False
base__s9__5000K_2.0gcc,9,6.48,inf,1.0490537344526256,-1,0.7817936505609878,1.0790937113232122,1.0790937113232122,False
base__s9__5000K_2.0gcc,9,6.5200000000000005,inf,1.017574143351726,-1,0.6463493015809659,3.0500735156438283,3.0500735156438283,False
base__s9__5000K_2.0gcc,9,6.5600000000000005,inf,1.0363515172932405,-1,0.655526260309299,0.9672359435923275,0.9672359435923275,False
base__s9__5000K_2.0gcc,9,6.6000000000000005,inf,1.0273549003051463,-1,0.781439541426781,1.1059732047046196,1.1059732047046196,False
base__s9__5000K_2.0gcc,9,6.640000000000001,inf,1.0280329586321642,-1,0.7042745181196276,2.1573146345531473,2.1573146345531473,False
base__s9__5000K_2.0gcc,9,6.68,inf,1.0254864467948857,-1,0.8842927477216265,1.398102499977866,1.398102499977866,False
base__s9__5000K_2.0gcc,9,6.72,inf,1.0448961999217918,-1,0.6999101475854532,1.5764769030588777,1.5764769030588777,False
base__s9__5000K_2.0gcc,9,6.76,inf,0.998853102159172,-1,0.6095225326083152,1.4332291111048558,1.4332291111048558,False
base__s9__5000K_2.0gcc,9,6.8,inf,1.0065519646371968,-1,0.8624328302387309,0.9959231873024148,0.9959231873024148,False
base__s9__5000K_2.0gcc,9,6.84,inf,1.0264594021791604,-1,0.7247436983348018,1.073967191032183,1.073967191032183,False
base__s9__5000K_2.0gcc,9,6.88,inf,1.0369085168268215,-1,0.7803524887687462,7.632199585231584,7.632199585231584,False
base__s9__5000K_2.0gcc,9,6.92,inf,1.0341903458561197,-1,0.7473406602269593,1.778785837769297,1.778785837769297,False
base__s9__5000K_2.0gcc,9,6.96,inf,0.9988659046138276,-1,0.7903620082627878,1.6320063768294815,1.6320063768294815,False
base__s9__5000K_2.0gcc,9,7.0,inf,1.0359641108885,-1,0.6830734359661085,4.096842366854595,4.096842366854595,False
base__s9__5000K_2.0gcc,9,7.04,inf,1.0490076715410614,-1,0.6555362281673442,0.9448074618547018,0.9448074618547018,False
base__s9__5000K_2.0gcc,9,7.08,inf,1.020865671215856,-1,0.705530329705062,1.5294004852380616,1.5294004852380616,False
base__s9__5000K_2.0gcc,9,7.12,inf,1.0007813579453806,-1,0.7655194680301953,1.2042254239122567,1.2042254239122567,False
base__s9__5000K_2.0gcc,9,7.16,inf,0.9757937493968692,-1,1.0893373748995305,1.1438530584436317,1.1514506050151576,False
base__s9__5000K_2.0gcc,9,7.2,inf,1.0070206610675871,-1,0.8654691117458416,11.743939897686113,11.743939897686113,False
base__s9__5000K_2.0gcc,9,7.24,inf,1.0369363727534104,-1,0.7891335951333701,1.26368076865284,1.26368076865284,False
base__s9__5000K_2.0gcc,9,7.28,inf,1.0293395033330843,-1,0.7048429573555985,1.5109643778602746,1.5109643778602746,False
base__s9__5000K_2.0gcc,9,7.32,inf,1.0274139001658489,-1,0.7141003309763901,1.1420877029366836,1.1420877029366836,False
base__s9__5000K_2.0gcc,9,7.36,inf,1.0055386247976754,-1,0.7673215837489147,0.8961375599484963,0.8961375599484963,False
base__s9__5000K_2.0gcc,9,7.4,inf,1.0707478199847058,-1,0.708355607170859,1.205110393263285,1.205110393263285,False
base__s9__5000K_2.0gcc,9,7.44,inf,1.01565449896163,-1,0.7047645633590596,1.1247397877874887,1.1247397877874887,False
base__s9__5000K_2.0gcc,9,7.48,inf,1.0393656661954922,-1,0.7182748788817604,0.9812622212272173,0.969373786101856,False
base__s9__5000K_2.0gcc,9,7.52,inf,1.0114340954970822,-1,0.6896936459980385,1.130051573650777,1.130051573650777,False
base__s9__5000K_2.0gcc,9,7.56,inf,1.0083242237653525,-1,0.7117177629259575,1.131281653503428,1.131281653503428,False
base__s9__5000K_2.0gcc,9,7.6,inf,1.0471605813804308,-1,0.690775185122764,0.9912059722740405,0.9912059722740405,False
base__s9__5000K_2.0gcc,9,7.640000000000001,inf,1.0320256655054665,-1,0.7023747445521227,5.737923937880784,5.737923937880784,False
base__s9__5000K_2.0gcc,9,7.68,inf,0.9914324914294468,-1,0.7856725671816083,0.8739755693956898,0.7915303900081785,False
base__s9__5000K_2.0gcc,9,7.72,inf,1.0631819807474172,-1,0.6565692611595846,1.037834258709737,1.037834258709737,False
base__s9__5000K_2.0gcc,9,7.76,inf,1.0367634766951426,-1,0.7142254787241413,1.2093590828753011,1.2093590828753011,False
base__s9__5000K_2.0gcc,9,7.8,inf,1.0455178319636638,-1,0.680591316440244,0.9240519440383748,0.9240519440383748,False
base__s9__5000K_2.0gcc,9,7.84,inf,1.0443064465323386,-1,0.7656705623525387,12.736528417538064,12.736528417538064,False
base__s9__5000K_2.0gcc,9,7.88,inf,1.0242732887901551,-1,0.6548979575749093,1.005034415158348,1.005034415158348,False
base__s9__5000K_2.0gcc,9,7.92,inf,1.0012847500196935,-1,0.874022238421363,3.2196855440883887,3.2196855440883887,False
base__s9__5000K_2.0gcc,9,7.96,inf,0.9610630082918586,-1,1.0651076395155994,1.6055617539257423,1.6055617539257423,False
base__s9__5000K_2.0gcc,9,8.0,inf,1.007387232651874,-1,0.6821646332659129,1.1758638162254411,1.1758638162254411,False
base__s9__5000K_2.0gcc,9,8.040000000000001,inf,1.012955120710686,-1,0.6644716214765837,1.2773339790891096,1.2773339790891096,False
base__s9__5000K_2.0gcc,9,8.08,inf,1.0366419013936297,-1,0.853416092608487,1.1544289803487515,1.1544289803487515,False
base__s9__5000K_2.0gcc,9,8.120000000000001,inf,0.9929799119262184,-1,0.7457771793845784,3.5216169431005944,3.5216169431005944,False
base__s9__5000K_2.0gcc,9,8.16,inf,1.0215015253424735,-1,0.9264198904098142,6.178309784730064,6.178309784730064,False
base__s9__5000K_2.0gcc,9,8.2,inf,1.0037633998497857,-1,0.7248713529695473,1.4152937623725983,1.4152937623725983,False
base__s9__5000K_2.0gcc,9,8.24,inf,1.0328434372556172,-1,0.7395124861851448,1.3787252117156104,1.3787252117156104,False
base__s9__5000K_2.0gcc,9,8.28,inf,1.0550517094943734,-1,0.6905451962072844,1.6655213130342035,1.6655213130342035,False
base__s9__5000K_2.0gcc,9,8.32,inf,1.0538936471641718,-1,0.7026051679621286,1.3369884633938287,1.3369884633938287,False
base__s9__5000K_2.0gcc,9,8.36,inf,1.0272980655077668,-1,0.6298999609835576,0.8143205470218897,0.8143205470218897,False
base__s9__5000K_2.0gcc,9,8.4,inf,1.042931567400278,-1,0.7325698741713105,0.903856948961665,0.903856948961665,False
base__s9__5000K_2.0gcc,9,8.44,inf,1.040678633394094,-1,0.6566334157663741,1.0079195634464864,1.0079195634464864,False
base__s9__5000K_2.0gcc,9,8.48,inf,1.0088647066896534,-1,0.9203471853914669,2.4922240042105943,2.4922240042105943,False
base__s9__5000K_2.0gcc,9,8.52,inf,0.9822031158273729,-1,1.156463972684392,1.3767949702810913,1.3767949702810913,False
base__s9__5000K_2.0gcc,9,8.56,inf,1.068587555886274,-1,0.6608874195668902,1.2659757272938341,1.2659757272938341,False
base__s9__5000K_2.0gcc,9,8.6,inf,1.0272151070515854,-1,0.6829665924712041,3.355650531402594,3.355650531402594,False
base__s9__5000K_2.0gcc,9,8.64,inf,1.029631128467375,-1,0.6871185942916975,1.0092713853401638,1.0092713853401638,False
base__s9__5000K_2.0gcc,9,8.68,inf,1.0353971504644968,-1,0.6791414307011672,0.9459789451175393,0.9459789451175393,False
base__s9__5000K_2.0gcc,9,8.72,inf,1.0281703198001777,-1,0.6240252118523064,1.4949562179148406,1.4949562179148406,False
base__s9__5000K_2.0gcc,9,8.76,inf,1.0250273392534457,-1,0.6792799383493422,1.1564159672912684,1.1564159672912684,False
base__s9__5000K_2.0gcc,9,8.8,inf,1.007821989516502,-1,0.6760567593625242,0.8291459385569022,0.8291459385569022,False
base__s9__5000K_2.0gcc,9,8.84,inf,0.9848273530106696,-1,0.7067934613808651,0.9748240805588175,0.9748240805588175,False
base__s9__5000K_2.0gcc,9,8.88,inf,1.0182620051764677,-1,0.7323271078252367,1.0580459940217344,1.0580459940217344,False
base__s9__5000K_2.0gcc,9,8.92,inf,0.994382614277321,-1,0.7381232771521118,1.495038883871944,1.495038883871944,False
base__s9__5000K_2.0gcc,9,8.96,inf,0.9972645648743368,-1,0.7690408966857758,1.015975720289726,1.015975720289726,False
base__s9__5000K_2.0gcc,9,9.0,inf,1.0161228682132886,-1,0.6679495297890359,1.3367531692281578,1.3367531692281578,False
base__s9__5000K_2.0gcc,9,9.04,inf,1.014468106580488,-1,0.6401492078285049,1.0632601095752485,1.0632601095752485,False
base__s9__5000K_2.0gcc,9,9.08,inf,1.049100976869719,-1,0.6617579300212351,1.0922484211449075,1.0922484211449075,False
base__s9__5000K_2.0gcc,9,9.12,inf,0.9848675027926336,-1,0.726255107696727,1.257911918486596,1.257911918486596,False
base__s9__5000K_2.0gcc,9,9.16,inf,0.9915142031070452,-1,0.8654128441543383,1.0242840621618599,0.8654128441543383,False
base__s9__5000K_2.0gcc,9,9.2,inf,0.966327403503078,-1,1.3050224686197671,1.6393478290413999,1.34794650950466,False
base__s9__5000K_2.0gcc,9,9.24,inf,1.065097053966914,-1,0.7084568995311855,1.0100175165695369,1.0100175165695369,False
base__s9__5000K_2.0gcc,9,9.28,inf,1.0432931700346733,-1,0.6005390002333185,0.9069281467386938,0.9069281467386938,False
base__s9__5000K_2.0gcc,9,9.32,inf,1.0154693816624896,-1,0.703705976277936,2.2546665624636186,2.2546665624636186,False
base__s9__5000K_2.0gcc,9,9.36,inf,0.9823908191208832,-1,0.7352713942432597,1.2827725523924343,1.2827725523924343,False
base__s9__5000K_2.0gcc,9,9.4,inf,1.0210692305524642,-1,0.6177268063956405,0.8119165078272012,0.8119165078272012,False
base__s9__5000K_2.0gcc,9,9.44,inf,1.0323370136045689,-1,0.7382286767332464,5.974943488892219,5.974943488892219,False
base__s9__5000K_2.0gcc,9,9.48,inf,1.060687569734839,-1,0.6440123062393308,1.0672357213767527,1.0672357213767527,False
base__s9__5000K_2.0gcc,9,9.52,inf,0.9953693235799452,-1,0.6512635395883054,1.2722969723215143,1.2722969723215143,False
base__s9__5000K_2.0gcc,9,9.56,inf,1.043802733323687,-1,0.8491129958641906,1.2262505528324754,1.2262505528324754,False
base__s9__5000K_2.0gcc,9,9.6,inf,1.006260643900973,-1,0.8760847102795127,1.2003353772657739,1.2003353772657739,False
base__s9__5000K_2.0gcc,9,9.64,inf,0.9884788286625064,-1,1.0324961094872376,1.0611955710051921,1.0611955710051921,False
base__s9__5000K_2.0gcc,9,9.68,inf,1.0460109732259018,-1,0.6941483788742675,1.3007256526185427,1.3007256526185427,False
base__s9__5000K_2.0gcc,9,9.72,inf,0.985391422776249,-1,0.7110176611149708,1.1676296629035015,1.1676296629035015,False
base__s9__5000K_2.0gcc,9,9.76,inf,1.0278249435453486,-1,0.7777786171886719,1.0179694481149617,1.0179694481149617,False
base__s9__5000K_2.0gcc,9,9.8,inf,1.0442204121491785,-1,0.6962170293689018,1.2733713286273813,1.2733713286273813,False
base__s9__5000K_2.0gcc,9,9.84,inf,1.0557842610656771,-1,0.6121456628266977,0.9182012098578818,0.9182012098578818,False
base__s9__5000K_2.0gcc,9,9.88,inf,1.0029539695065772,-1,0.7591340796590702,11.146942903049734,11.146942903049734,False
base__s9__5000K_2.0gcc,9,9.92,inf,1.0235232705053656,-1,0.7513298539870789,1.2809880113233012,1.2809880113233012,False
base__s9__5000K_2.0gcc,9,9.96,inf,1.0041192568061823,-1,0.6221492221233674,1.2845951853622368,1.2845951853622368,False
base__s9__5000K_2.0gcc,9,10.0,inf,1.0358864211876695,-1,0.620145906955242,1.207448045230794,1.207448045230794,False
